# M870 stylized mesh; meters; forward +Z
o Forend
v -0.021 0 -0.095
v -0.02059649088846784 0.004096896762338693 -0.095
v -0.019401470182737024 0.008036352079666886 -0.095
v -0.017460861858353452 0.011666974893411647 -0.095
v -0.0148492424049175 0.014849242404917497 -0.095
v -0.011666974893411649 0.017460861858353452 -0.095
v -0.008036352079666888 0.019401470182737024 -0.095
v -0.004096896762338695 0.02059649088846784 -0.095
v -1.285879139104721e-18 0.021 -0.095
v 0.004096896762338692 0.02059649088846784 -0.095
v 0.008036352079666884 0.019401470182737024 -0.095
v 0.011666974893411642 0.017460861858353452 -0.095
v 0.014849242404917497 0.0148492424049175 -0.095
v 0.017460861858353452 0.011666974893411647 -0.095
v 0.019401470182737024 0.008036352079666888 -0.095
v 0.02059649088846784 0.004096896762338701 -0.095
v 0.021 2.571758278209442e-18 -0.095
v 0.02059649088846784 -0.004096896762338696 -0.095
v 0.019401470182737024 -0.008036352079666884 -0.095
v 0.017460861858353455 -0.011666974893411642 -0.095
v 0.014849242404917503 -0.014849242404917497 -0.095
v 0.011666974893411647 -0.017460861858353452 -0.095
v 0.008036352079666898 -0.019401470182737017 -0.095
v 0.004096896762338703 -0.02059649088846784 -0.095
v 3.8576374173141625e-18 -0.021 -0.095
v -0.004096896762338695 -0.02059649088846784 -0.095
v -0.008036352079666891 -0.01940147018273702 -0.095
v -0.01166697489341164 -0.017460861858353455 -0.095
v -0.014849242404917496 -0.014849242404917503 -0.095
v -0.017460861858353452 -0.011666974893411647 -0.095
v -0.019401470182737017 -0.008036352079666898 -0.095
v -0.02059649088846784 -0.0040968967623387035 -0.095
v -0.026 0 -0.083
v -0.02550041729048399 0.005072348372419334 -0.083
v -0.024020867845293455 0.009949769241492334 -0.083
v -0.021618209919866176 0.014444826058509656 -0.083
v -0.018384776310850236 0.018384776310850233 -0.083
v -0.014444826058509658 0.021618209919866176 -0.083
v -0.009949769241492335 0.024020867845293455 -0.083
v -0.005072348372419337 0.02550041729048399 -0.083
v -1.5920408388915591e-18 0.026 -0.083
v 0.005072348372419333 0.02550041729048399 -0.083
v 0.009949769241492332 0.024020867845293455 -0.083
v 0.01444482605850965 0.02161820991986618 -0.083
v 0.018384776310850233 0.018384776310850236 -0.083
v 0.02161820991986618 0.014444826058509656 -0.083
v 0.024020867845293455 0.009949769241492337 -0.083
v 0.02550041729048399 0.005072348372419344 -0.083
v 0.026 3.1840816777831182e-18 -0.083
v 0.02550041729048399 -0.0050723483724193375 -0.083
v 0.024020867845293458 -0.00994976924149233 -0.083
v 0.021618209919866183 -0.01444482605850965 -0.083
v 0.01838477631085024 -0.018384776310850233 -0.083
v 0.014444826058509656 -0.021618209919866176 -0.083
v 0.009949769241492348 -0.024020867845293448 -0.083
v 0.005072348372419345 -0.02550041729048399 -0.083
v 4.776122516674677e-18 -0.026 -0.083
v -0.005072348372419336 -0.02550041729048399 -0.083
v -0.009949769241492339 -0.02402086784529345 -0.083
v -0.014444826058509648 -0.021618209919866183 -0.083
v -0.01838477631085023 -0.01838477631085024 -0.083
v -0.021618209919866176 -0.014444826058509656 -0.083
v -0.024020867845293448 -0.00994976924149235 -0.083
v -0.02550041729048399 -0.005072348372419346 -0.083
v -0.026 0 0.069
v -0.02550041729048399 0.005072348372419334 0.069
v -0.024020867845293455 0.009949769241492334 0.069
v -0.021618209919866176 0.014444826058509656 0.069
v -0.018384776310850236 0.018384776310850233 0.069
v -0.014444826058509658 0.021618209919866176 0.069
v -0.009949769241492335 0.024020867845293455 0.069
v -0.005072348372419337 0.02550041729048399 0.069
v -1.5920408388915591e-18 0.026 0.069
v 0.005072348372419333 0.02550041729048399 0.069
v 0.009949769241492332 0.024020867845293455 0.069
v 0.01444482605850965 0.02161820991986618 0.069
v 0.018384776310850233 0.018384776310850236 0.069
v 0.02161820991986618 0.014444826058509656 0.069
v 0.024020867845293455 0.009949769241492337 0.069
v 0.02550041729048399 0.005072348372419344 0.069
v 0.026 3.1840816777831182e-18 0.069
v 0.02550041729048399 -0.0050723483724193375 0.069
v 0.024020867845293458 -0.00994976924149233 0.069
v 0.021618209919866183 -0.01444482605850965 0.069
v 0.01838477631085024 -0.018384776310850233 0.069
v 0.014444826058509656 -0.021618209919866176 0.069
v 0.009949769241492348 -0.024020867845293448 0.069
v 0.005072348372419345 -0.02550041729048399 0.069
v 4.776122516674677e-18 -0.026 0.069
v -0.005072348372419336 -0.02550041729048399 0.069
v -0.009949769241492339 -0.02402086784529345 0.069
v -0.014444826058509648 -0.021618209919866183 0.069
v -0.01838477631085023 -0.01838477631085024 0.069
v -0.021618209919866176 -0.014444826058509656 0.069
v -0.024020867845293448 -0.00994976924149235 0.069
v -0.02550041729048399 -0.005072348372419346 0.069
v -0.021 0 0.082
v -0.02059649088846784 0.004096896762338693 0.082
v -0.019401470182737024 0.008036352079666886 0.082
v -0.017460861858353452 0.011666974893411647 0.082
v -0.0148492424049175 0.014849242404917497 0.082
v -0.011666974893411649 0.017460861858353452 0.082
v -0.008036352079666888 0.019401470182737024 0.082
v -0.004096896762338695 0.02059649088846784 0.082
v -1.285879139104721e-18 0.021 0.082
v 0.004096896762338692 0.02059649088846784 0.082
v 0.008036352079666884 0.019401470182737024 0.082
v 0.011666974893411642 0.017460861858353452 0.082
v 0.014849242404917497 0.0148492424049175 0.082
v 0.017460861858353452 0.011666974893411647 0.082
v 0.019401470182737024 0.008036352079666888 0.082
v 0.02059649088846784 0.004096896762338701 0.082
v 0.021 2.571758278209442e-18 0.082
v 0.02059649088846784 -0.004096896762338696 0.082
v 0.019401470182737024 -0.008036352079666884 0.082
v 0.017460861858353455 -0.011666974893411642 0.082
v 0.014849242404917503 -0.014849242404917497 0.082
v 0.011666974893411647 -0.017460861858353452 0.082
v 0.008036352079666898 -0.019401470182737017 0.082
v 0.004096896762338703 -0.02059649088846784 0.082
v 3.8576374173141625e-18 -0.021 0.082
v -0.004096896762338695 -0.02059649088846784 0.082
v -0.008036352079666891 -0.01940147018273702 0.082
v -0.01166697489341164 -0.017460861858353455 0.082
v -0.014849242404917496 -0.014849242404917503 0.082
v -0.017460861858353452 -0.011666974893411647 0.082
v -0.019401470182737017 -0.008036352079666898 0.082
v -0.02059649088846784 -0.0040968967623387035 0.082
v 0 0 -0.095
v 0 0 0.082
v -0.026 0 -0.068
v -0.02550041729048399 0.005072348372419334 -0.068
v -0.024020867845293455 0.009949769241492334 -0.068
v -0.021618209919866176 0.014444826058509656 -0.068
v -0.018384776310850236 0.018384776310850233 -0.068
v -0.014444826058509658 0.021618209919866176 -0.068
v -0.009949769241492335 0.024020867845293455 -0.068
v -0.005072348372419337 0.02550041729048399 -0.068
v -1.5920408388915591e-18 0.026 -0.068
v 0.005072348372419333 0.02550041729048399 -0.068
v 0.009949769241492332 0.024020867845293455 -0.068
v 0.01444482605850965 0.02161820991986618 -0.068
v 0.018384776310850233 0.018384776310850236 -0.068
v 0.02161820991986618 0.014444826058509656 -0.068
v 0.024020867845293455 0.009949769241492337 -0.068
v 0.02550041729048399 0.005072348372419344 -0.068
v 0.026 3.1840816777831182e-18 -0.068
v 0.02550041729048399 -0.0050723483724193375 -0.068
v 0.024020867845293458 -0.00994976924149233 -0.068
v 0.021618209919866183 -0.01444482605850965 -0.068
v 0.01838477631085024 -0.018384776310850233 -0.068
v 0.014444826058509656 -0.021618209919866176 -0.068
v 0.009949769241492348 -0.024020867845293448 -0.068
v 0.005072348372419345 -0.02550041729048399 -0.068
v 4.776122516674677e-18 -0.026 -0.068
v -0.005072348372419336 -0.02550041729048399 -0.068
v -0.009949769241492339 -0.02402086784529345 -0.068
v -0.014444826058509648 -0.021618209919866183 -0.068
v -0.01838477631085023 -0.01838477631085024 -0.068
v -0.021618209919866176 -0.014444826058509656 -0.068
v -0.024020867845293448 -0.00994976924149235 -0.068
v -0.02550041729048399 -0.005072348372419346 -0.068
v -0.028 0 -0.066
v -0.02746198785129045 0.005462529016451591 -0.066
v -0.02586862691031603 0.010715136106222514 -0.066
v -0.023281149144471266 0.015555966524548862 -0.066
v -0.019798989873223333 0.01979898987322333 -0.066
v -0.015555966524548864 0.023281149144471266 -0.066
v -0.010715136106222515 0.02586862691031603 -0.066
v -0.005462529016451593 0.02746198785129045 -0.066
v -1.7145055188062945e-18 0.028 -0.066
v 0.00546252901645159 0.02746198785129045 -0.066
v 0.010715136106222512 0.02586862691031603 -0.066
v 0.015555966524548855 0.02328114914447127 -0.066
v 0.01979898987322333 0.019798989873223333 -0.066
v 0.02328114914447127 0.015555966524548862 -0.066
v 0.02586862691031603 0.010715136106222517 -0.066
v 0.02746198785129045 0.005462529016451601 -0.066
v 0.028 3.429011037612589e-18 -0.066
v 0.02746198785129045 -0.005462529016451594 -0.066
v 0.025868626910316033 -0.010715136106222512 -0.066
v 0.023281149144471273 -0.015555966524548855 -0.066
v 0.019798989873223337 -0.01979898987322333 -0.066
v 0.015555966524548862 -0.023281149144471266 -0.066
v 0.01071513610622253 -0.025868626910316023 -0.066
v 0.005462529016451603 -0.027461987851290448 -0.066
v 5.143516556418883e-18 -0.028 -0.066
v -0.0054625290164515925 -0.02746198785129045 -0.066
v -0.01071513610622252 -0.025868626910316026 -0.066
v -0.015555966524548851 -0.023281149144471273 -0.066
v -0.019798989873223326 -0.019798989873223337 -0.066
v -0.023281149144471266 -0.015555966524548862 -0.066
v -0.025868626910316023 -0.010715136106222531 -0.066
v -0.027461987851290448 -0.005462529016451605 -0.066
v -0.028 0 -0.063
v -0.02746198785129045 0.005462529016451591 -0.063
v -0.02586862691031603 0.010715136106222514 -0.063
v -0.023281149144471266 0.015555966524548862 -0.063
v -0.019798989873223333 0.01979898987322333 -0.063
v -0.015555966524548864 0.023281149144471266 -0.063
v -0.010715136106222515 0.02586862691031603 -0.063
v -0.005462529016451593 0.02746198785129045 -0.063
v -1.7145055188062945e-18 0.028 -0.063
v 0.00546252901645159 0.02746198785129045 -0.063
v 0.010715136106222512 0.02586862691031603 -0.063
v 0.015555966524548855 0.02328114914447127 -0.063
v 0.01979898987322333 0.019798989873223333 -0.063
v 0.02328114914447127 0.015555966524548862 -0.063
v 0.02586862691031603 0.010715136106222517 -0.063
v 0.02746198785129045 0.005462529016451601 -0.063
v 0.028 3.429011037612589e-18 -0.063
v 0.02746198785129045 -0.005462529016451594 -0.063
v 0.025868626910316033 -0.010715136106222512 -0.063
v 0.023281149144471273 -0.015555966524548855 -0.063
v 0.019798989873223337 -0.01979898987322333 -0.063
v 0.015555966524548862 -0.023281149144471266 -0.063
v 0.01071513610622253 -0.025868626910316023 -0.063
v 0.005462529016451603 -0.027461987851290448 -0.063
v 5.143516556418883e-18 -0.028 -0.063
v -0.0054625290164515925 -0.02746198785129045 -0.063
v -0.01071513610622252 -0.025868626910316026 -0.063
v -0.015555966524548851 -0.023281149144471273 -0.063
v -0.019798989873223326 -0.019798989873223337 -0.063
v -0.023281149144471266 -0.015555966524548862 -0.063
v -0.025868626910316023 -0.010715136106222531 -0.063
v -0.027461987851290448 -0.005462529016451605 -0.063
v -0.026 0 -0.061000000000000006
v -0.02550041729048399 0.005072348372419334 -0.061000000000000006
v -0.024020867845293455 0.009949769241492334 -0.061000000000000006
v -0.021618209919866176 0.014444826058509656 -0.061000000000000006
v -0.018384776310850236 0.018384776310850233 -0.061000000000000006
v -0.014444826058509658 0.021618209919866176 -0.061000000000000006
v -0.009949769241492335 0.024020867845293455 -0.061000000000000006
v -0.005072348372419337 0.02550041729048399 -0.061000000000000006
v -1.5920408388915591e-18 0.026 -0.061000000000000006
v 0.005072348372419333 0.02550041729048399 -0.061000000000000006
v 0.009949769241492332 0.024020867845293455 -0.061000000000000006
v 0.01444482605850965 0.02161820991986618 -0.061000000000000006
v 0.018384776310850233 0.018384776310850236 -0.061000000000000006
v 0.02161820991986618 0.014444826058509656 -0.061000000000000006
v 0.024020867845293455 0.009949769241492337 -0.061000000000000006
v 0.02550041729048399 0.005072348372419344 -0.061000000000000006
v 0.026 3.1840816777831182e-18 -0.061000000000000006
v 0.02550041729048399 -0.0050723483724193375 -0.061000000000000006
v 0.024020867845293458 -0.00994976924149233 -0.061000000000000006
v 0.021618209919866183 -0.01444482605850965 -0.061000000000000006
v 0.01838477631085024 -0.018384776310850233 -0.061000000000000006
v 0.014444826058509656 -0.021618209919866176 -0.061000000000000006
v 0.009949769241492348 -0.024020867845293448 -0.061000000000000006
v 0.005072348372419345 -0.02550041729048399 -0.061000000000000006
v 4.776122516674677e-18 -0.026 -0.061000000000000006
v -0.005072348372419336 -0.02550041729048399 -0.061000000000000006
v -0.009949769241492339 -0.02402086784529345 -0.061000000000000006
v -0.014444826058509648 -0.021618209919866183 -0.061000000000000006
v -0.01838477631085023 -0.01838477631085024 -0.061000000000000006
v -0.021618209919866176 -0.014444826058509656 -0.061000000000000006
v -0.024020867845293448 -0.00994976924149235 -0.061000000000000006
v -0.02550041729048399 -0.005072348372419346 -0.061000000000000006
v -0.026 0 -0.05500000000000001
v -0.02550041729048399 0.005072348372419334 -0.05500000000000001
v -0.024020867845293455 0.009949769241492334 -0.05500000000000001
v -0.021618209919866176 0.014444826058509656 -0.05500000000000001
v -0.018384776310850236 0.018384776310850233 -0.05500000000000001
v -0.014444826058509658 0.021618209919866176 -0.05500000000000001
v -0.009949769241492335 0.024020867845293455 -0.05500000000000001
v -0.005072348372419337 0.02550041729048399 -0.05500000000000001
v -1.5920408388915591e-18 0.026 -0.05500000000000001
v 0.005072348372419333 0.02550041729048399 -0.05500000000000001
v 0.009949769241492332 0.024020867845293455 -0.05500000000000001
v 0.01444482605850965 0.02161820991986618 -0.05500000000000001
v 0.018384776310850233 0.018384776310850236 -0.05500000000000001
v 0.02161820991986618 0.014444826058509656 -0.05500000000000001
v 0.024020867845293455 0.009949769241492337 -0.05500000000000001
v 0.02550041729048399 0.005072348372419344 -0.05500000000000001
v 0.026 3.1840816777831182e-18 -0.05500000000000001
v 0.02550041729048399 -0.0050723483724193375 -0.05500000000000001
v 0.024020867845293458 -0.00994976924149233 -0.05500000000000001
v 0.021618209919866183 -0.01444482605850965 -0.05500000000000001
v 0.01838477631085024 -0.018384776310850233 -0.05500000000000001
v 0.014444826058509656 -0.021618209919866176 -0.05500000000000001
v 0.009949769241492348 -0.024020867845293448 -0.05500000000000001
v 0.005072348372419345 -0.02550041729048399 -0.05500000000000001
v 4.776122516674677e-18 -0.026 -0.05500000000000001
v -0.005072348372419336 -0.02550041729048399 -0.05500000000000001
v -0.009949769241492339 -0.02402086784529345 -0.05500000000000001
v -0.014444826058509648 -0.021618209919866183 -0.05500000000000001
v -0.01838477631085023 -0.01838477631085024 -0.05500000000000001
v -0.021618209919866176 -0.014444826058509656 -0.05500000000000001
v -0.024020867845293448 -0.00994976924149235 -0.05500000000000001
v -0.02550041729048399 -0.005072348372419346 -0.05500000000000001
v -0.028 0 -0.053000000000000005
v -0.02746198785129045 0.005462529016451591 -0.053000000000000005
v -0.02586862691031603 0.010715136106222514 -0.053000000000000005
v -0.023281149144471266 0.015555966524548862 -0.053000000000000005
v -0.019798989873223333 0.01979898987322333 -0.053000000000000005
v -0.015555966524548864 0.023281149144471266 -0.053000000000000005
v -0.010715136106222515 0.02586862691031603 -0.053000000000000005
v -0.005462529016451593 0.02746198785129045 -0.053000000000000005
v -1.7145055188062945e-18 0.028 -0.053000000000000005
v 0.00546252901645159 0.02746198785129045 -0.053000000000000005
v 0.010715136106222512 0.02586862691031603 -0.053000000000000005
v 0.015555966524548855 0.02328114914447127 -0.053000000000000005
v 0.01979898987322333 0.019798989873223333 -0.053000000000000005
v 0.02328114914447127 0.015555966524548862 -0.053000000000000005
v 0.02586862691031603 0.010715136106222517 -0.053000000000000005
v 0.02746198785129045 0.005462529016451601 -0.053000000000000005
v 0.028 3.429011037612589e-18 -0.053000000000000005
v 0.02746198785129045 -0.005462529016451594 -0.053000000000000005
v 0.025868626910316033 -0.010715136106222512 -0.053000000000000005
v 0.023281149144471273 -0.015555966524548855 -0.053000000000000005
v 0.019798989873223337 -0.01979898987322333 -0.053000000000000005
v 0.015555966524548862 -0.023281149144471266 -0.053000000000000005
v 0.01071513610622253 -0.025868626910316023 -0.053000000000000005
v 0.005462529016451603 -0.027461987851290448 -0.053000000000000005
v 5.143516556418883e-18 -0.028 -0.053000000000000005
v -0.0054625290164515925 -0.02746198785129045 -0.053000000000000005
v -0.01071513610622252 -0.025868626910316026 -0.053000000000000005
v -0.015555966524548851 -0.023281149144471273 -0.053000000000000005
v -0.019798989873223326 -0.019798989873223337 -0.053000000000000005
v -0.023281149144471266 -0.015555966524548862 -0.053000000000000005
v -0.025868626910316023 -0.010715136106222531 -0.053000000000000005
v -0.027461987851290448 -0.005462529016451605 -0.053000000000000005
v -0.028 0 -0.05000000000000001
v -0.02746198785129045 0.005462529016451591 -0.05000000000000001
v -0.02586862691031603 0.010715136106222514 -0.05000000000000001
v -0.023281149144471266 0.015555966524548862 -0.05000000000000001
v -0.019798989873223333 0.01979898987322333 -0.05000000000000001
v -0.015555966524548864 0.023281149144471266 -0.05000000000000001
v -0.010715136106222515 0.02586862691031603 -0.05000000000000001
v -0.005462529016451593 0.02746198785129045 -0.05000000000000001
v -1.7145055188062945e-18 0.028 -0.05000000000000001
v 0.00546252901645159 0.02746198785129045 -0.05000000000000001
v 0.010715136106222512 0.02586862691031603 -0.05000000000000001
v 0.015555966524548855 0.02328114914447127 -0.05000000000000001
v 0.01979898987322333 0.019798989873223333 -0.05000000000000001
v 0.02328114914447127 0.015555966524548862 -0.05000000000000001
v 0.02586862691031603 0.010715136106222517 -0.05000000000000001
v 0.02746198785129045 0.005462529016451601 -0.05000000000000001
v 0.028 3.429011037612589e-18 -0.05000000000000001
v 0.02746198785129045 -0.005462529016451594 -0.05000000000000001
v 0.025868626910316033 -0.010715136106222512 -0.05000000000000001
v 0.023281149144471273 -0.015555966524548855 -0.05000000000000001
v 0.019798989873223337 -0.01979898987322333 -0.05000000000000001
v 0.015555966524548862 -0.023281149144471266 -0.05000000000000001
v 0.01071513610622253 -0.025868626910316023 -0.05000000000000001
v 0.005462529016451603 -0.027461987851290448 -0.05000000000000001
v 5.143516556418883e-18 -0.028 -0.05000000000000001
v -0.0054625290164515925 -0.02746198785129045 -0.05000000000000001
v -0.01071513610622252 -0.025868626910316026 -0.05000000000000001
v -0.015555966524548851 -0.023281149144471273 -0.05000000000000001
v -0.019798989873223326 -0.019798989873223337 -0.05000000000000001
v -0.023281149144471266 -0.015555966524548862 -0.05000000000000001
v -0.025868626910316023 -0.010715136106222531 -0.05000000000000001
v -0.027461987851290448 -0.005462529016451605 -0.05000000000000001
v -0.026 0 -0.04800000000000001
v -0.02550041729048399 0.005072348372419334 -0.04800000000000001
v -0.024020867845293455 0.009949769241492334 -0.04800000000000001
v -0.021618209919866176 0.014444826058509656 -0.04800000000000001
v -0.018384776310850236 0.018384776310850233 -0.04800000000000001
v -0.014444826058509658 0.021618209919866176 -0.04800000000000001
v -0.009949769241492335 0.024020867845293455 -0.04800000000000001
v -0.005072348372419337 0.02550041729048399 -0.04800000000000001
v -1.5920408388915591e-18 0.026 -0.04800000000000001
v 0.005072348372419333 0.02550041729048399 -0.04800000000000001
v 0.009949769241492332 0.024020867845293455 -0.04800000000000001
v 0.01444482605850965 0.02161820991986618 -0.04800000000000001
v 0.018384776310850233 0.018384776310850236 -0.04800000000000001
v 0.02161820991986618 0.014444826058509656 -0.04800000000000001
v 0.024020867845293455 0.009949769241492337 -0.04800000000000001
v 0.02550041729048399 0.005072348372419344 -0.04800000000000001
v 0.026 3.1840816777831182e-18 -0.04800000000000001
v 0.02550041729048399 -0.0050723483724193375 -0.04800000000000001
v 0.024020867845293458 -0.00994976924149233 -0.04800000000000001
v 0.021618209919866183 -0.01444482605850965 -0.04800000000000001
v 0.01838477631085024 -0.018384776310850233 -0.04800000000000001
v 0.014444826058509656 -0.021618209919866176 -0.04800000000000001
v 0.009949769241492348 -0.024020867845293448 -0.04800000000000001
v 0.005072348372419345 -0.02550041729048399 -0.04800000000000001
v 4.776122516674677e-18 -0.026 -0.04800000000000001
v -0.005072348372419336 -0.02550041729048399 -0.04800000000000001
v -0.009949769241492339 -0.02402086784529345 -0.04800000000000001
v -0.014444826058509648 -0.021618209919866183 -0.04800000000000001
v -0.01838477631085023 -0.01838477631085024 -0.04800000000000001
v -0.021618209919866176 -0.014444826058509656 -0.04800000000000001
v -0.024020867845293448 -0.00994976924149235 -0.04800000000000001
v -0.02550041729048399 -0.005072348372419346 -0.04800000000000001
v -0.026 0 -0.04200000000000001
v -0.02550041729048399 0.005072348372419334 -0.04200000000000001
v -0.024020867845293455 0.009949769241492334 -0.04200000000000001
v -0.021618209919866176 0.014444826058509656 -0.04200000000000001
v -0.018384776310850236 0.018384776310850233 -0.04200000000000001
v -0.014444826058509658 0.021618209919866176 -0.04200000000000001
v -0.009949769241492335 0.024020867845293455 -0.04200000000000001
v -0.005072348372419337 0.02550041729048399 -0.04200000000000001
v -1.5920408388915591e-18 0.026 -0.04200000000000001
v 0.005072348372419333 0.02550041729048399 -0.04200000000000001
v 0.009949769241492332 0.024020867845293455 -0.04200000000000001
v 0.01444482605850965 0.02161820991986618 -0.04200000000000001
v 0.018384776310850233 0.018384776310850236 -0.04200000000000001
v 0.02161820991986618 0.014444826058509656 -0.04200000000000001
v 0.024020867845293455 0.009949769241492337 -0.04200000000000001
v 0.02550041729048399 0.005072348372419344 -0.04200000000000001
v 0.026 3.1840816777831182e-18 -0.04200000000000001
v 0.02550041729048399 -0.0050723483724193375 -0.04200000000000001
v 0.024020867845293458 -0.00994976924149233 -0.04200000000000001
v 0.021618209919866183 -0.01444482605850965 -0.04200000000000001
v 0.01838477631085024 -0.018384776310850233 -0.04200000000000001
v 0.014444826058509656 -0.021618209919866176 -0.04200000000000001
v 0.009949769241492348 -0.024020867845293448 -0.04200000000000001
v 0.005072348372419345 -0.02550041729048399 -0.04200000000000001
v 4.776122516674677e-18 -0.026 -0.04200000000000001
v -0.005072348372419336 -0.02550041729048399 -0.04200000000000001
v -0.009949769241492339 -0.02402086784529345 -0.04200000000000001
v -0.014444826058509648 -0.021618209919866183 -0.04200000000000001
v -0.01838477631085023 -0.01838477631085024 -0.04200000000000001
v -0.021618209919866176 -0.014444826058509656 -0.04200000000000001
v -0.024020867845293448 -0.00994976924149235 -0.04200000000000001
v -0.02550041729048399 -0.005072348372419346 -0.04200000000000001
v -0.028 0 -0.04000000000000001
v -0.02746198785129045 0.005462529016451591 -0.04000000000000001
v -0.02586862691031603 0.010715136106222514 -0.04000000000000001
v -0.023281149144471266 0.015555966524548862 -0.04000000000000001
v -0.019798989873223333 0.01979898987322333 -0.04000000000000001
v -0.015555966524548864 0.023281149144471266 -0.04000000000000001
v -0.010715136106222515 0.02586862691031603 -0.04000000000000001
v -0.005462529016451593 0.02746198785129045 -0.04000000000000001
v -1.7145055188062945e-18 0.028 -0.04000000000000001
v 0.00546252901645159 0.02746198785129045 -0.04000000000000001
v 0.010715136106222512 0.02586862691031603 -0.04000000000000001
v 0.015555966524548855 0.02328114914447127 -0.04000000000000001
v 0.01979898987322333 0.019798989873223333 -0.04000000000000001
v 0.02328114914447127 0.015555966524548862 -0.04000000000000001
v 0.02586862691031603 0.010715136106222517 -0.04000000000000001
v 0.02746198785129045 0.005462529016451601 -0.04000000000000001
v 0.028 3.429011037612589e-18 -0.04000000000000001
v 0.02746198785129045 -0.005462529016451594 -0.04000000000000001
v 0.025868626910316033 -0.010715136106222512 -0.04000000000000001
v 0.023281149144471273 -0.015555966524548855 -0.04000000000000001
v 0.019798989873223337 -0.01979898987322333 -0.04000000000000001
v 0.015555966524548862 -0.023281149144471266 -0.04000000000000001
v 0.01071513610622253 -0.025868626910316023 -0.04000000000000001
v 0.005462529016451603 -0.027461987851290448 -0.04000000000000001
v 5.143516556418883e-18 -0.028 -0.04000000000000001
v -0.0054625290164515925 -0.02746198785129045 -0.04000000000000001
v -0.01071513610622252 -0.025868626910316026 -0.04000000000000001
v -0.015555966524548851 -0.023281149144471273 -0.04000000000000001
v -0.019798989873223326 -0.019798989873223337 -0.04000000000000001
v -0.023281149144471266 -0.015555966524548862 -0.04000000000000001
v -0.025868626910316023 -0.010715136106222531 -0.04000000000000001
v -0.027461987851290448 -0.005462529016451605 -0.04000000000000001
v -0.028 0 -0.03700000000000001
v -0.02746198785129045 0.005462529016451591 -0.03700000000000001
v -0.02586862691031603 0.010715136106222514 -0.03700000000000001
v -0.023281149144471266 0.015555966524548862 -0.03700000000000001
v -0.019798989873223333 0.01979898987322333 -0.03700000000000001
v -0.015555966524548864 0.023281149144471266 -0.03700000000000001
v -0.010715136106222515 0.02586862691031603 -0.03700000000000001
v -0.005462529016451593 0.02746198785129045 -0.03700000000000001
v -1.7145055188062945e-18 0.028 -0.03700000000000001
v 0.00546252901645159 0.02746198785129045 -0.03700000000000001
v 0.010715136106222512 0.02586862691031603 -0.03700000000000001
v 0.015555966524548855 0.02328114914447127 -0.03700000000000001
v 0.01979898987322333 0.019798989873223333 -0.03700000000000001
v 0.02328114914447127 0.015555966524548862 -0.03700000000000001
v 0.02586862691031603 0.010715136106222517 -0.03700000000000001
v 0.02746198785129045 0.005462529016451601 -0.03700000000000001
v 0.028 3.429011037612589e-18 -0.03700000000000001
v 0.02746198785129045 -0.005462529016451594 -0.03700000000000001
v 0.025868626910316033 -0.010715136106222512 -0.03700000000000001
v 0.023281149144471273 -0.015555966524548855 -0.03700000000000001
v 0.019798989873223337 -0.01979898987322333 -0.03700000000000001
v 0.015555966524548862 -0.023281149144471266 -0.03700000000000001
v 0.01071513610622253 -0.025868626910316023 -0.03700000000000001
v 0.005462529016451603 -0.027461987851290448 -0.03700000000000001
v 5.143516556418883e-18 -0.028 -0.03700000000000001
v -0.0054625290164515925 -0.02746198785129045 -0.03700000000000001
v -0.01071513610622252 -0.025868626910316026 -0.03700000000000001
v -0.015555966524548851 -0.023281149144471273 -0.03700000000000001
v -0.019798989873223326 -0.019798989873223337 -0.03700000000000001
v -0.023281149144471266 -0.015555966524548862 -0.03700000000000001
v -0.025868626910316023 -0.010715136106222531 -0.03700000000000001
v -0.027461987851290448 -0.005462529016451605 -0.03700000000000001
v -0.026 0 -0.03500000000000001
v -0.02550041729048399 0.005072348372419334 -0.03500000000000001
v -0.024020867845293455 0.009949769241492334 -0.03500000000000001
v -0.021618209919866176 0.014444826058509656 -0.03500000000000001
v -0.018384776310850236 0.018384776310850233 -0.03500000000000001
v -0.014444826058509658 0.021618209919866176 -0.03500000000000001
v -0.009949769241492335 0.024020867845293455 -0.03500000000000001
v -0.005072348372419337 0.02550041729048399 -0.03500000000000001
v -1.5920408388915591e-18 0.026 -0.03500000000000001
v 0.005072348372419333 0.02550041729048399 -0.03500000000000001
v 0.009949769241492332 0.024020867845293455 -0.03500000000000001
v 0.01444482605850965 0.02161820991986618 -0.03500000000000001
v 0.018384776310850233 0.018384776310850236 -0.03500000000000001
v 0.02161820991986618 0.014444826058509656 -0.03500000000000001
v 0.024020867845293455 0.009949769241492337 -0.03500000000000001
v 0.02550041729048399 0.005072348372419344 -0.03500000000000001
v 0.026 3.1840816777831182e-18 -0.03500000000000001
v 0.02550041729048399 -0.0050723483724193375 -0.03500000000000001
v 0.024020867845293458 -0.00994976924149233 -0.03500000000000001
v 0.021618209919866183 -0.01444482605850965 -0.03500000000000001
v 0.01838477631085024 -0.018384776310850233 -0.03500000000000001
v 0.014444826058509656 -0.021618209919866176 -0.03500000000000001
v 0.009949769241492348 -0.024020867845293448 -0.03500000000000001
v 0.005072348372419345 -0.02550041729048399 -0.03500000000000001
v 4.776122516674677e-18 -0.026 -0.03500000000000001
v -0.005072348372419336 -0.02550041729048399 -0.03500000000000001
v -0.009949769241492339 -0.02402086784529345 -0.03500000000000001
v -0.014444826058509648 -0.021618209919866183 -0.03500000000000001
v -0.01838477631085023 -0.01838477631085024 -0.03500000000000001
v -0.021618209919866176 -0.014444826058509656 -0.03500000000000001
v -0.024020867845293448 -0.00994976924149235 -0.03500000000000001
v -0.02550041729048399 -0.005072348372419346 -0.03500000000000001
v -0.026 0 -0.029000000000000005
v -0.02550041729048399 0.005072348372419334 -0.029000000000000005
v -0.024020867845293455 0.009949769241492334 -0.029000000000000005
v -0.021618209919866176 0.014444826058509656 -0.029000000000000005
v -0.018384776310850236 0.018384776310850233 -0.029000000000000005
v -0.014444826058509658 0.021618209919866176 -0.029000000000000005
v -0.009949769241492335 0.024020867845293455 -0.029000000000000005
v -0.005072348372419337 0.02550041729048399 -0.029000000000000005
v -1.5920408388915591e-18 0.026 -0.029000000000000005
v 0.005072348372419333 0.02550041729048399 -0.029000000000000005
v 0.009949769241492332 0.024020867845293455 -0.029000000000000005
v 0.01444482605850965 0.02161820991986618 -0.029000000000000005
v 0.018384776310850233 0.018384776310850236 -0.029000000000000005
v 0.02161820991986618 0.014444826058509656 -0.029000000000000005
v 0.024020867845293455 0.009949769241492337 -0.029000000000000005
v 0.02550041729048399 0.005072348372419344 -0.029000000000000005
v 0.026 3.1840816777831182e-18 -0.029000000000000005
v 0.02550041729048399 -0.0050723483724193375 -0.029000000000000005
v 0.024020867845293458 -0.00994976924149233 -0.029000000000000005
v 0.021618209919866183 -0.01444482605850965 -0.029000000000000005
v 0.01838477631085024 -0.018384776310850233 -0.029000000000000005
v 0.014444826058509656 -0.021618209919866176 -0.029000000000000005
v 0.009949769241492348 -0.024020867845293448 -0.029000000000000005
v 0.005072348372419345 -0.02550041729048399 -0.029000000000000005
v 4.776122516674677e-18 -0.026 -0.029000000000000005
v -0.005072348372419336 -0.02550041729048399 -0.029000000000000005
v -0.009949769241492339 -0.02402086784529345 -0.029000000000000005
v -0.014444826058509648 -0.021618209919866183 -0.029000000000000005
v -0.01838477631085023 -0.01838477631085024 -0.029000000000000005
v -0.021618209919866176 -0.014444826058509656 -0.029000000000000005
v -0.024020867845293448 -0.00994976924149235 -0.029000000000000005
v -0.02550041729048399 -0.005072348372419346 -0.029000000000000005
v -0.028 0 -0.027000000000000003
v -0.02746198785129045 0.005462529016451591 -0.027000000000000003
v -0.02586862691031603 0.010715136106222514 -0.027000000000000003
v -0.023281149144471266 0.015555966524548862 -0.027000000000000003
v -0.019798989873223333 0.01979898987322333 -0.027000000000000003
v -0.015555966524548864 0.023281149144471266 -0.027000000000000003
v -0.010715136106222515 0.02586862691031603 -0.027000000000000003
v -0.005462529016451593 0.02746198785129045 -0.027000000000000003
v -1.7145055188062945e-18 0.028 -0.027000000000000003
v 0.00546252901645159 0.02746198785129045 -0.027000000000000003
v 0.010715136106222512 0.02586862691031603 -0.027000000000000003
v 0.015555966524548855 0.02328114914447127 -0.027000000000000003
v 0.01979898987322333 0.019798989873223333 -0.027000000000000003
v 0.02328114914447127 0.015555966524548862 -0.027000000000000003
v 0.02586862691031603 0.010715136106222517 -0.027000000000000003
v 0.02746198785129045 0.005462529016451601 -0.027000000000000003
v 0.028 3.429011037612589e-18 -0.027000000000000003
v 0.02746198785129045 -0.005462529016451594 -0.027000000000000003
v 0.025868626910316033 -0.010715136106222512 -0.027000000000000003
v 0.023281149144471273 -0.015555966524548855 -0.027000000000000003
v 0.019798989873223337 -0.01979898987322333 -0.027000000000000003
v 0.015555966524548862 -0.023281149144471266 -0.027000000000000003
v 0.01071513610622253 -0.025868626910316023 -0.027000000000000003
v 0.005462529016451603 -0.027461987851290448 -0.027000000000000003
v 5.143516556418883e-18 -0.028 -0.027000000000000003
v -0.0054625290164515925 -0.02746198785129045 -0.027000000000000003
v -0.01071513610622252 -0.025868626910316026 -0.027000000000000003
v -0.015555966524548851 -0.023281149144471273 -0.027000000000000003
v -0.019798989873223326 -0.019798989873223337 -0.027000000000000003
v -0.023281149144471266 -0.015555966524548862 -0.027000000000000003
v -0.025868626910316023 -0.010715136106222531 -0.027000000000000003
v -0.027461987851290448 -0.005462529016451605 -0.027000000000000003
v -0.028 0 -0.024000000000000004
v -0.02746198785129045 0.005462529016451591 -0.024000000000000004
v -0.02586862691031603 0.010715136106222514 -0.024000000000000004
v -0.023281149144471266 0.015555966524548862 -0.024000000000000004
v -0.019798989873223333 0.01979898987322333 -0.024000000000000004
v -0.015555966524548864 0.023281149144471266 -0.024000000000000004
v -0.010715136106222515 0.02586862691031603 -0.024000000000000004
v -0.005462529016451593 0.02746198785129045 -0.024000000000000004
v -1.7145055188062945e-18 0.028 -0.024000000000000004
v 0.00546252901645159 0.02746198785129045 -0.024000000000000004
v 0.010715136106222512 0.02586862691031603 -0.024000000000000004
v 0.015555966524548855 0.02328114914447127 -0.024000000000000004
v 0.01979898987322333 0.019798989873223333 -0.024000000000000004
v 0.02328114914447127 0.015555966524548862 -0.024000000000000004
v 0.02586862691031603 0.010715136106222517 -0.024000000000000004
v 0.02746198785129045 0.005462529016451601 -0.024000000000000004
v 0.028 3.429011037612589e-18 -0.024000000000000004
v 0.02746198785129045 -0.005462529016451594 -0.024000000000000004
v 0.025868626910316033 -0.010715136106222512 -0.024000000000000004
v 0.023281149144471273 -0.015555966524548855 -0.024000000000000004
v 0.019798989873223337 -0.01979898987322333 -0.024000000000000004
v 0.015555966524548862 -0.023281149144471266 -0.024000000000000004
v 0.01071513610622253 -0.025868626910316023 -0.024000000000000004
v 0.005462529016451603 -0.027461987851290448 -0.024000000000000004
v 5.143516556418883e-18 -0.028 -0.024000000000000004
v -0.0054625290164515925 -0.02746198785129045 -0.024000000000000004
v -0.01071513610622252 -0.025868626910316026 -0.024000000000000004
v -0.015555966524548851 -0.023281149144471273 -0.024000000000000004
v -0.019798989873223326 -0.019798989873223337 -0.024000000000000004
v -0.023281149144471266 -0.015555966524548862 -0.024000000000000004
v -0.025868626910316023 -0.010715136106222531 -0.024000000000000004
v -0.027461987851290448 -0.005462529016451605 -0.024000000000000004
v -0.026 0 -0.022000000000000006
v -0.02550041729048399 0.005072348372419334 -0.022000000000000006
v -0.024020867845293455 0.009949769241492334 -0.022000000000000006
v -0.021618209919866176 0.014444826058509656 -0.022000000000000006
v -0.018384776310850236 0.018384776310850233 -0.022000000000000006
v -0.014444826058509658 0.021618209919866176 -0.022000000000000006
v -0.009949769241492335 0.024020867845293455 -0.022000000000000006
v -0.005072348372419337 0.02550041729048399 -0.022000000000000006
v -1.5920408388915591e-18 0.026 -0.022000000000000006
v 0.005072348372419333 0.02550041729048399 -0.022000000000000006
v 0.009949769241492332 0.024020867845293455 -0.022000000000000006
v 0.01444482605850965 0.02161820991986618 -0.022000000000000006
v 0.018384776310850233 0.018384776310850236 -0.022000000000000006
v 0.02161820991986618 0.014444826058509656 -0.022000000000000006
v 0.024020867845293455 0.009949769241492337 -0.022000000000000006
v 0.02550041729048399 0.005072348372419344 -0.022000000000000006
v 0.026 3.1840816777831182e-18 -0.022000000000000006
v 0.02550041729048399 -0.0050723483724193375 -0.022000000000000006
v 0.024020867845293458 -0.00994976924149233 -0.022000000000000006
v 0.021618209919866183 -0.01444482605850965 -0.022000000000000006
v 0.01838477631085024 -0.018384776310850233 -0.022000000000000006
v 0.014444826058509656 -0.021618209919866176 -0.022000000000000006
v 0.009949769241492348 -0.024020867845293448 -0.022000000000000006
v 0.005072348372419345 -0.02550041729048399 -0.022000000000000006
v 4.776122516674677e-18 -0.026 -0.022000000000000006
v -0.005072348372419336 -0.02550041729048399 -0.022000000000000006
v -0.009949769241492339 -0.02402086784529345 -0.022000000000000006
v -0.014444826058509648 -0.021618209919866183 -0.022000000000000006
v -0.01838477631085023 -0.01838477631085024 -0.022000000000000006
v -0.021618209919866176 -0.014444826058509656 -0.022000000000000006
v -0.024020867845293448 -0.00994976924149235 -0.022000000000000006
v -0.02550041729048399 -0.005072348372419346 -0.022000000000000006
v -0.026 0 -0.016000000000000007
v -0.02550041729048399 0.005072348372419334 -0.016000000000000007
v -0.024020867845293455 0.009949769241492334 -0.016000000000000007
v -0.021618209919866176 0.014444826058509656 -0.016000000000000007
v -0.018384776310850236 0.018384776310850233 -0.016000000000000007
v -0.014444826058509658 0.021618209919866176 -0.016000000000000007
v -0.009949769241492335 0.024020867845293455 -0.016000000000000007
v -0.005072348372419337 0.02550041729048399 -0.016000000000000007
v -1.5920408388915591e-18 0.026 -0.016000000000000007
v 0.005072348372419333 0.02550041729048399 -0.016000000000000007
v 0.009949769241492332 0.024020867845293455 -0.016000000000000007
v 0.01444482605850965 0.02161820991986618 -0.016000000000000007
v 0.018384776310850233 0.018384776310850236 -0.016000000000000007
v 0.02161820991986618 0.014444826058509656 -0.016000000000000007
v 0.024020867845293455 0.009949769241492337 -0.016000000000000007
v 0.02550041729048399 0.005072348372419344 -0.016000000000000007
v 0.026 3.1840816777831182e-18 -0.016000000000000007
v 0.02550041729048399 -0.0050723483724193375 -0.016000000000000007
v 0.024020867845293458 -0.00994976924149233 -0.016000000000000007
v 0.021618209919866183 -0.01444482605850965 -0.016000000000000007
v 0.01838477631085024 -0.018384776310850233 -0.016000000000000007
v 0.014444826058509656 -0.021618209919866176 -0.016000000000000007
v 0.009949769241492348 -0.024020867845293448 -0.016000000000000007
v 0.005072348372419345 -0.02550041729048399 -0.016000000000000007
v 4.776122516674677e-18 -0.026 -0.016000000000000007
v -0.005072348372419336 -0.02550041729048399 -0.016000000000000007
v -0.009949769241492339 -0.02402086784529345 -0.016000000000000007
v -0.014444826058509648 -0.021618209919866183 -0.016000000000000007
v -0.01838477631085023 -0.01838477631085024 -0.016000000000000007
v -0.021618209919866176 -0.014444826058509656 -0.016000000000000007
v -0.024020867845293448 -0.00994976924149235 -0.016000000000000007
v -0.02550041729048399 -0.005072348372419346 -0.016000000000000007
v -0.028 0 -0.014000000000000007
v -0.02746198785129045 0.005462529016451591 -0.014000000000000007
v -0.02586862691031603 0.010715136106222514 -0.014000000000000007
v -0.023281149144471266 0.015555966524548862 -0.014000000000000007
v -0.019798989873223333 0.01979898987322333 -0.014000000000000007
v -0.015555966524548864 0.023281149144471266 -0.014000000000000007
v -0.010715136106222515 0.02586862691031603 -0.014000000000000007
v -0.005462529016451593 0.02746198785129045 -0.014000000000000007
v -1.7145055188062945e-18 0.028 -0.014000000000000007
v 0.00546252901645159 0.02746198785129045 -0.014000000000000007
v 0.010715136106222512 0.02586862691031603 -0.014000000000000007
v 0.015555966524548855 0.02328114914447127 -0.014000000000000007
v 0.01979898987322333 0.019798989873223333 -0.014000000000000007
v 0.02328114914447127 0.015555966524548862 -0.014000000000000007
v 0.02586862691031603 0.010715136106222517 -0.014000000000000007
v 0.02746198785129045 0.005462529016451601 -0.014000000000000007
v 0.028 3.429011037612589e-18 -0.014000000000000007
v 0.02746198785129045 -0.005462529016451594 -0.014000000000000007
v 0.025868626910316033 -0.010715136106222512 -0.014000000000000007
v 0.023281149144471273 -0.015555966524548855 -0.014000000000000007
v 0.019798989873223337 -0.01979898987322333 -0.014000000000000007
v 0.015555966524548862 -0.023281149144471266 -0.014000000000000007
v 0.01071513610622253 -0.025868626910316023 -0.014000000000000007
v 0.005462529016451603 -0.027461987851290448 -0.014000000000000007
v 5.143516556418883e-18 -0.028 -0.014000000000000007
v -0.0054625290164515925 -0.02746198785129045 -0.014000000000000007
v -0.01071513610622252 -0.025868626910316026 -0.014000000000000007
v -0.015555966524548851 -0.023281149144471273 -0.014000000000000007
v -0.019798989873223326 -0.019798989873223337 -0.014000000000000007
v -0.023281149144471266 -0.015555966524548862 -0.014000000000000007
v -0.025868626910316023 -0.010715136106222531 -0.014000000000000007
v -0.027461987851290448 -0.005462529016451605 -0.014000000000000007
v -0.028 0 -0.011000000000000006
v -0.02746198785129045 0.005462529016451591 -0.011000000000000006
v -0.02586862691031603 0.010715136106222514 -0.011000000000000006
v -0.023281149144471266 0.015555966524548862 -0.011000000000000006
v -0.019798989873223333 0.01979898987322333 -0.011000000000000006
v -0.015555966524548864 0.023281149144471266 -0.011000000000000006
v -0.010715136106222515 0.02586862691031603 -0.011000000000000006
v -0.005462529016451593 0.02746198785129045 -0.011000000000000006
v -1.7145055188062945e-18 0.028 -0.011000000000000006
v 0.00546252901645159 0.02746198785129045 -0.011000000000000006
v 0.010715136106222512 0.02586862691031603 -0.011000000000000006
v 0.015555966524548855 0.02328114914447127 -0.011000000000000006
v 0.01979898987322333 0.019798989873223333 -0.011000000000000006
v 0.02328114914447127 0.015555966524548862 -0.011000000000000006
v 0.02586862691031603 0.010715136106222517 -0.011000000000000006
v 0.02746198785129045 0.005462529016451601 -0.011000000000000006
v 0.028 3.429011037612589e-18 -0.011000000000000006
v 0.02746198785129045 -0.005462529016451594 -0.011000000000000006
v 0.025868626910316033 -0.010715136106222512 -0.011000000000000006
v 0.023281149144471273 -0.015555966524548855 -0.011000000000000006
v 0.019798989873223337 -0.01979898987322333 -0.011000000000000006
v 0.015555966524548862 -0.023281149144471266 -0.011000000000000006
v 0.01071513610622253 -0.025868626910316023 -0.011000000000000006
v 0.005462529016451603 -0.027461987851290448 -0.011000000000000006
v 5.143516556418883e-18 -0.028 -0.011000000000000006
v -0.0054625290164515925 -0.02746198785129045 -0.011000000000000006
v -0.01071513610622252 -0.025868626910316026 -0.011000000000000006
v -0.015555966524548851 -0.023281149144471273 -0.011000000000000006
v -0.019798989873223326 -0.019798989873223337 -0.011000000000000006
v -0.023281149144471266 -0.015555966524548862 -0.011000000000000006
v -0.025868626910316023 -0.010715136106222531 -0.011000000000000006
v -0.027461987851290448 -0.005462529016451605 -0.011000000000000006
v -0.026 0 -0.009000000000000008
v -0.02550041729048399 0.005072348372419334 -0.009000000000000008
v -0.024020867845293455 0.009949769241492334 -0.009000000000000008
v -0.021618209919866176 0.014444826058509656 -0.009000000000000008
v -0.018384776310850236 0.018384776310850233 -0.009000000000000008
v -0.014444826058509658 0.021618209919866176 -0.009000000000000008
v -0.009949769241492335 0.024020867845293455 -0.009000000000000008
v -0.005072348372419337 0.02550041729048399 -0.009000000000000008
v -1.5920408388915591e-18 0.026 -0.009000000000000008
v 0.005072348372419333 0.02550041729048399 -0.009000000000000008
v 0.009949769241492332 0.024020867845293455 -0.009000000000000008
v 0.01444482605850965 0.02161820991986618 -0.009000000000000008
v 0.018384776310850233 0.018384776310850236 -0.009000000000000008
v 0.02161820991986618 0.014444826058509656 -0.009000000000000008
v 0.024020867845293455 0.009949769241492337 -0.009000000000000008
v 0.02550041729048399 0.005072348372419344 -0.009000000000000008
v 0.026 3.1840816777831182e-18 -0.009000000000000008
v 0.02550041729048399 -0.0050723483724193375 -0.009000000000000008
v 0.024020867845293458 -0.00994976924149233 -0.009000000000000008
v 0.021618209919866183 -0.01444482605850965 -0.009000000000000008
v 0.01838477631085024 -0.018384776310850233 -0.009000000000000008
v 0.014444826058509656 -0.021618209919866176 -0.009000000000000008
v 0.009949769241492348 -0.024020867845293448 -0.009000000000000008
v 0.005072348372419345 -0.02550041729048399 -0.009000000000000008
v 4.776122516674677e-18 -0.026 -0.009000000000000008
v -0.005072348372419336 -0.02550041729048399 -0.009000000000000008
v -0.009949769241492339 -0.02402086784529345 -0.009000000000000008
v -0.014444826058509648 -0.021618209919866183 -0.009000000000000008
v -0.01838477631085023 -0.01838477631085024 -0.009000000000000008
v -0.021618209919866176 -0.014444826058509656 -0.009000000000000008
v -0.024020867845293448 -0.00994976924149235 -0.009000000000000008
v -0.02550041729048399 -0.005072348372419346 -0.009000000000000008
v -0.026 0 -0.0030000000000000027
v -0.02550041729048399 0.005072348372419334 -0.0030000000000000027
v -0.024020867845293455 0.009949769241492334 -0.0030000000000000027
v -0.021618209919866176 0.014444826058509656 -0.0030000000000000027
v -0.018384776310850236 0.018384776310850233 -0.0030000000000000027
v -0.014444826058509658 0.021618209919866176 -0.0030000000000000027
v -0.009949769241492335 0.024020867845293455 -0.0030000000000000027
v -0.005072348372419337 0.02550041729048399 -0.0030000000000000027
v -1.5920408388915591e-18 0.026 -0.0030000000000000027
v 0.005072348372419333 0.02550041729048399 -0.0030000000000000027
v 0.009949769241492332 0.024020867845293455 -0.0030000000000000027
v 0.01444482605850965 0.02161820991986618 -0.0030000000000000027
v 0.018384776310850233 0.018384776310850236 -0.0030000000000000027
v 0.02161820991986618 0.014444826058509656 -0.0030000000000000027
v 0.024020867845293455 0.009949769241492337 -0.0030000000000000027
v 0.02550041729048399 0.005072348372419344 -0.0030000000000000027
v 0.026 3.1840816777831182e-18 -0.0030000000000000027
v 0.02550041729048399 -0.0050723483724193375 -0.0030000000000000027
v 0.024020867845293458 -0.00994976924149233 -0.0030000000000000027
v 0.021618209919866183 -0.01444482605850965 -0.0030000000000000027
v 0.01838477631085024 -0.018384776310850233 -0.0030000000000000027
v 0.014444826058509656 -0.021618209919866176 -0.0030000000000000027
v 0.009949769241492348 -0.024020867845293448 -0.0030000000000000027
v 0.005072348372419345 -0.02550041729048399 -0.0030000000000000027
v 4.776122516674677e-18 -0.026 -0.0030000000000000027
v -0.005072348372419336 -0.02550041729048399 -0.0030000000000000027
v -0.009949769241492339 -0.02402086784529345 -0.0030000000000000027
v -0.014444826058509648 -0.021618209919866183 -0.0030000000000000027
v -0.01838477631085023 -0.01838477631085024 -0.0030000000000000027
v -0.021618209919866176 -0.014444826058509656 -0.0030000000000000027
v -0.024020867845293448 -0.00994976924149235 -0.0030000000000000027
v -0.02550041729048399 -0.005072348372419346 -0.0030000000000000027
v -0.028 0 -0.0010000000000000026
v -0.02746198785129045 0.005462529016451591 -0.0010000000000000026
v -0.02586862691031603 0.010715136106222514 -0.0010000000000000026
v -0.023281149144471266 0.015555966524548862 -0.0010000000000000026
v -0.019798989873223333 0.01979898987322333 -0.0010000000000000026
v -0.015555966524548864 0.023281149144471266 -0.0010000000000000026
v -0.010715136106222515 0.02586862691031603 -0.0010000000000000026
v -0.005462529016451593 0.02746198785129045 -0.0010000000000000026
v -1.7145055188062945e-18 0.028 -0.0010000000000000026
v 0.00546252901645159 0.02746198785129045 -0.0010000000000000026
v 0.010715136106222512 0.02586862691031603 -0.0010000000000000026
v 0.015555966524548855 0.02328114914447127 -0.0010000000000000026
v 0.01979898987322333 0.019798989873223333 -0.0010000000000000026
v 0.02328114914447127 0.015555966524548862 -0.0010000000000000026
v 0.02586862691031603 0.010715136106222517 -0.0010000000000000026
v 0.02746198785129045 0.005462529016451601 -0.0010000000000000026
v 0.028 3.429011037612589e-18 -0.0010000000000000026
v 0.02746198785129045 -0.005462529016451594 -0.0010000000000000026
v 0.025868626910316033 -0.010715136106222512 -0.0010000000000000026
v 0.023281149144471273 -0.015555966524548855 -0.0010000000000000026
v 0.019798989873223337 -0.01979898987322333 -0.0010000000000000026
v 0.015555966524548862 -0.023281149144471266 -0.0010000000000000026
v 0.01071513610622253 -0.025868626910316023 -0.0010000000000000026
v 0.005462529016451603 -0.027461987851290448 -0.0010000000000000026
v 5.143516556418883e-18 -0.028 -0.0010000000000000026
v -0.0054625290164515925 -0.02746198785129045 -0.0010000000000000026
v -0.01071513610622252 -0.025868626910316026 -0.0010000000000000026
v -0.015555966524548851 -0.023281149144471273 -0.0010000000000000026
v -0.019798989873223326 -0.019798989873223337 -0.0010000000000000026
v -0.023281149144471266 -0.015555966524548862 -0.0010000000000000026
v -0.025868626910316023 -0.010715136106222531 -0.0010000000000000026
v -0.027461987851290448 -0.005462529016451605 -0.0010000000000000026
v -0.028 0 0.0019999999999999974
v -0.02746198785129045 0.005462529016451591 0.0019999999999999974
v -0.02586862691031603 0.010715136106222514 0.0019999999999999974
v -0.023281149144471266 0.015555966524548862 0.0019999999999999974
v -0.019798989873223333 0.01979898987322333 0.0019999999999999974
v -0.015555966524548864 0.023281149144471266 0.0019999999999999974
v -0.010715136106222515 0.02586862691031603 0.0019999999999999974
v -0.005462529016451593 0.02746198785129045 0.0019999999999999974
v -1.7145055188062945e-18 0.028 0.0019999999999999974
v 0.00546252901645159 0.02746198785129045 0.0019999999999999974
v 0.010715136106222512 0.02586862691031603 0.0019999999999999974
v 0.015555966524548855 0.02328114914447127 0.0019999999999999974
v 0.01979898987322333 0.019798989873223333 0.0019999999999999974
v 0.02328114914447127 0.015555966524548862 0.0019999999999999974
v 0.02586862691031603 0.010715136106222517 0.0019999999999999974
v 0.02746198785129045 0.005462529016451601 0.0019999999999999974
v 0.028 3.429011037612589e-18 0.0019999999999999974
v 0.02746198785129045 -0.005462529016451594 0.0019999999999999974
v 0.025868626910316033 -0.010715136106222512 0.0019999999999999974
v 0.023281149144471273 -0.015555966524548855 0.0019999999999999974
v 0.019798989873223337 -0.01979898987322333 0.0019999999999999974
v 0.015555966524548862 -0.023281149144471266 0.0019999999999999974
v 0.01071513610622253 -0.025868626910316023 0.0019999999999999974
v 0.005462529016451603 -0.027461987851290448 0.0019999999999999974
v 5.143516556418883e-18 -0.028 0.0019999999999999974
v -0.0054625290164515925 -0.02746198785129045 0.0019999999999999974
v -0.01071513610622252 -0.025868626910316026 0.0019999999999999974
v -0.015555966524548851 -0.023281149144471273 0.0019999999999999974
v -0.019798989873223326 -0.019798989873223337 0.0019999999999999974
v -0.023281149144471266 -0.015555966524548862 0.0019999999999999974
v -0.025868626910316023 -0.010715136106222531 0.0019999999999999974
v -0.027461987851290448 -0.005462529016451605 0.0019999999999999974
v -0.026 0 0.0039999999999999975
v -0.02550041729048399 0.005072348372419334 0.0039999999999999975
v -0.024020867845293455 0.009949769241492334 0.0039999999999999975
v -0.021618209919866176 0.014444826058509656 0.0039999999999999975
v -0.018384776310850236 0.018384776310850233 0.0039999999999999975
v -0.014444826058509658 0.021618209919866176 0.0039999999999999975
v -0.009949769241492335 0.024020867845293455 0.0039999999999999975
v -0.005072348372419337 0.02550041729048399 0.0039999999999999975
v -1.5920408388915591e-18 0.026 0.0039999999999999975
v 0.005072348372419333 0.02550041729048399 0.0039999999999999975
v 0.009949769241492332 0.024020867845293455 0.0039999999999999975
v 0.01444482605850965 0.02161820991986618 0.0039999999999999975
v 0.018384776310850233 0.018384776310850236 0.0039999999999999975
v 0.02161820991986618 0.014444826058509656 0.0039999999999999975
v 0.024020867845293455 0.009949769241492337 0.0039999999999999975
v 0.02550041729048399 0.005072348372419344 0.0039999999999999975
v 0.026 3.1840816777831182e-18 0.0039999999999999975
v 0.02550041729048399 -0.0050723483724193375 0.0039999999999999975
v 0.024020867845293458 -0.00994976924149233 0.0039999999999999975
v 0.021618209919866183 -0.01444482605850965 0.0039999999999999975
v 0.01838477631085024 -0.018384776310850233 0.0039999999999999975
v 0.014444826058509656 -0.021618209919866176 0.0039999999999999975
v 0.009949769241492348 -0.024020867845293448 0.0039999999999999975
v 0.005072348372419345 -0.02550041729048399 0.0039999999999999975
v 4.776122516674677e-18 -0.026 0.0039999999999999975
v -0.005072348372419336 -0.02550041729048399 0.0039999999999999975
v -0.009949769241492339 -0.02402086784529345 0.0039999999999999975
v -0.014444826058509648 -0.021618209919866183 0.0039999999999999975
v -0.01838477631085023 -0.01838477631085024 0.0039999999999999975
v -0.021618209919866176 -0.014444826058509656 0.0039999999999999975
v -0.024020867845293448 -0.00994976924149235 0.0039999999999999975
v -0.02550041729048399 -0.005072348372419346 0.0039999999999999975
v -0.026 0 0.009999999999999995
v -0.02550041729048399 0.005072348372419334 0.009999999999999995
v -0.024020867845293455 0.009949769241492334 0.009999999999999995
v -0.021618209919866176 0.014444826058509656 0.009999999999999995
v -0.018384776310850236 0.018384776310850233 0.009999999999999995
v -0.014444826058509658 0.021618209919866176 0.009999999999999995
v -0.009949769241492335 0.024020867845293455 0.009999999999999995
v -0.005072348372419337 0.02550041729048399 0.009999999999999995
v -1.5920408388915591e-18 0.026 0.009999999999999995
v 0.005072348372419333 0.02550041729048399 0.009999999999999995
v 0.009949769241492332 0.024020867845293455 0.009999999999999995
v 0.01444482605850965 0.02161820991986618 0.009999999999999995
v 0.018384776310850233 0.018384776310850236 0.009999999999999995
v 0.02161820991986618 0.014444826058509656 0.009999999999999995
v 0.024020867845293455 0.009949769241492337 0.009999999999999995
v 0.02550041729048399 0.005072348372419344 0.009999999999999995
v 0.026 3.1840816777831182e-18 0.009999999999999995
v 0.02550041729048399 -0.0050723483724193375 0.009999999999999995
v 0.024020867845293458 -0.00994976924149233 0.009999999999999995
v 0.021618209919866183 -0.01444482605850965 0.009999999999999995
v 0.01838477631085024 -0.018384776310850233 0.009999999999999995
v 0.014444826058509656 -0.021618209919866176 0.009999999999999995
v 0.009949769241492348 -0.024020867845293448 0.009999999999999995
v 0.005072348372419345 -0.02550041729048399 0.009999999999999995
v 4.776122516674677e-18 -0.026 0.009999999999999995
v -0.005072348372419336 -0.02550041729048399 0.009999999999999995
v -0.009949769241492339 -0.02402086784529345 0.009999999999999995
v -0.014444826058509648 -0.021618209919866183 0.009999999999999995
v -0.01838477631085023 -0.01838477631085024 0.009999999999999995
v -0.021618209919866176 -0.014444826058509656 0.009999999999999995
v -0.024020867845293448 -0.00994976924149235 0.009999999999999995
v -0.02550041729048399 -0.005072348372419346 0.009999999999999995
v -0.028 0 0.011999999999999995
v -0.02746198785129045 0.005462529016451591 0.011999999999999995
v -0.02586862691031603 0.010715136106222514 0.011999999999999995
v -0.023281149144471266 0.015555966524548862 0.011999999999999995
v -0.019798989873223333 0.01979898987322333 0.011999999999999995
v -0.015555966524548864 0.023281149144471266 0.011999999999999995
v -0.010715136106222515 0.02586862691031603 0.011999999999999995
v -0.005462529016451593 0.02746198785129045 0.011999999999999995
v -1.7145055188062945e-18 0.028 0.011999999999999995
v 0.00546252901645159 0.02746198785129045 0.011999999999999995
v 0.010715136106222512 0.02586862691031603 0.011999999999999995
v 0.015555966524548855 0.02328114914447127 0.011999999999999995
v 0.01979898987322333 0.019798989873223333 0.011999999999999995
v 0.02328114914447127 0.015555966524548862 0.011999999999999995
v 0.02586862691031603 0.010715136106222517 0.011999999999999995
v 0.02746198785129045 0.005462529016451601 0.011999999999999995
v 0.028 3.429011037612589e-18 0.011999999999999995
v 0.02746198785129045 -0.005462529016451594 0.011999999999999995
v 0.025868626910316033 -0.010715136106222512 0.011999999999999995
v 0.023281149144471273 -0.015555966524548855 0.011999999999999995
v 0.019798989873223337 -0.01979898987322333 0.011999999999999995
v 0.015555966524548862 -0.023281149144471266 0.011999999999999995
v 0.01071513610622253 -0.025868626910316023 0.011999999999999995
v 0.005462529016451603 -0.027461987851290448 0.011999999999999995
v 5.143516556418883e-18 -0.028 0.011999999999999995
v -0.0054625290164515925 -0.02746198785129045 0.011999999999999995
v -0.01071513610622252 -0.025868626910316026 0.011999999999999995
v -0.015555966524548851 -0.023281149144471273 0.011999999999999995
v -0.019798989873223326 -0.019798989873223337 0.011999999999999995
v -0.023281149144471266 -0.015555966524548862 0.011999999999999995
v -0.025868626910316023 -0.010715136106222531 0.011999999999999995
v -0.027461987851290448 -0.005462529016451605 0.011999999999999995
v -0.028 0 0.014999999999999996
v -0.02746198785129045 0.005462529016451591 0.014999999999999996
v -0.02586862691031603 0.010715136106222514 0.014999999999999996
v -0.023281149144471266 0.015555966524548862 0.014999999999999996
v -0.019798989873223333 0.01979898987322333 0.014999999999999996
v -0.015555966524548864 0.023281149144471266 0.014999999999999996
v -0.010715136106222515 0.02586862691031603 0.014999999999999996
v -0.005462529016451593 0.02746198785129045 0.014999999999999996
v -1.7145055188062945e-18 0.028 0.014999999999999996
v 0.00546252901645159 0.02746198785129045 0.014999999999999996
v 0.010715136106222512 0.02586862691031603 0.014999999999999996
v 0.015555966524548855 0.02328114914447127 0.014999999999999996
v 0.01979898987322333 0.019798989873223333 0.014999999999999996
v 0.02328114914447127 0.015555966524548862 0.014999999999999996
v 0.02586862691031603 0.010715136106222517 0.014999999999999996
v 0.02746198785129045 0.005462529016451601 0.014999999999999996
v 0.028 3.429011037612589e-18 0.014999999999999996
v 0.02746198785129045 -0.005462529016451594 0.014999999999999996
v 0.025868626910316033 -0.010715136106222512 0.014999999999999996
v 0.023281149144471273 -0.015555966524548855 0.014999999999999996
v 0.019798989873223337 -0.01979898987322333 0.014999999999999996
v 0.015555966524548862 -0.023281149144471266 0.014999999999999996
v 0.01071513610622253 -0.025868626910316023 0.014999999999999996
v 0.005462529016451603 -0.027461987851290448 0.014999999999999996
v 5.143516556418883e-18 -0.028 0.014999999999999996
v -0.0054625290164515925 -0.02746198785129045 0.014999999999999996
v -0.01071513610622252 -0.025868626910316026 0.014999999999999996
v -0.015555966524548851 -0.023281149144471273 0.014999999999999996
v -0.019798989873223326 -0.019798989873223337 0.014999999999999996
v -0.023281149144471266 -0.015555966524548862 0.014999999999999996
v -0.025868626910316023 -0.010715136106222531 0.014999999999999996
v -0.027461987851290448 -0.005462529016451605 0.014999999999999996
v -0.026 0 0.016999999999999994
v -0.02550041729048399 0.005072348372419334 0.016999999999999994
v -0.024020867845293455 0.009949769241492334 0.016999999999999994
v -0.021618209919866176 0.014444826058509656 0.016999999999999994
v -0.018384776310850236 0.018384776310850233 0.016999999999999994
v -0.014444826058509658 0.021618209919866176 0.016999999999999994
v -0.009949769241492335 0.024020867845293455 0.016999999999999994
v -0.005072348372419337 0.02550041729048399 0.016999999999999994
v -1.5920408388915591e-18 0.026 0.016999999999999994
v 0.005072348372419333 0.02550041729048399 0.016999999999999994
v 0.009949769241492332 0.024020867845293455 0.016999999999999994
v 0.01444482605850965 0.02161820991986618 0.016999999999999994
v 0.018384776310850233 0.018384776310850236 0.016999999999999994
v 0.02161820991986618 0.014444826058509656 0.016999999999999994
v 0.024020867845293455 0.009949769241492337 0.016999999999999994
v 0.02550041729048399 0.005072348372419344 0.016999999999999994
v 0.026 3.1840816777831182e-18 0.016999999999999994
v 0.02550041729048399 -0.0050723483724193375 0.016999999999999994
v 0.024020867845293458 -0.00994976924149233 0.016999999999999994
v 0.021618209919866183 -0.01444482605850965 0.016999999999999994
v 0.01838477631085024 -0.018384776310850233 0.016999999999999994
v 0.014444826058509656 -0.021618209919866176 0.016999999999999994
v 0.009949769241492348 -0.024020867845293448 0.016999999999999994
v 0.005072348372419345 -0.02550041729048399 0.016999999999999994
v 4.776122516674677e-18 -0.026 0.016999999999999994
v -0.005072348372419336 -0.02550041729048399 0.016999999999999994
v -0.009949769241492339 -0.02402086784529345 0.016999999999999994
v -0.014444826058509648 -0.021618209919866183 0.016999999999999994
v -0.01838477631085023 -0.01838477631085024 0.016999999999999994
v -0.021618209919866176 -0.014444826058509656 0.016999999999999994
v -0.024020867845293448 -0.00994976924149235 0.016999999999999994
v -0.02550041729048399 -0.005072348372419346 0.016999999999999994
v -0.026 0 0.022999999999999993
v -0.02550041729048399 0.005072348372419334 0.022999999999999993
v -0.024020867845293455 0.009949769241492334 0.022999999999999993
v -0.021618209919866176 0.014444826058509656 0.022999999999999993
v -0.018384776310850236 0.018384776310850233 0.022999999999999993
v -0.014444826058509658 0.021618209919866176 0.022999999999999993
v -0.009949769241492335 0.024020867845293455 0.022999999999999993
v -0.005072348372419337 0.02550041729048399 0.022999999999999993
v -1.5920408388915591e-18 0.026 0.022999999999999993
v 0.005072348372419333 0.02550041729048399 0.022999999999999993
v 0.009949769241492332 0.024020867845293455 0.022999999999999993
v 0.01444482605850965 0.02161820991986618 0.022999999999999993
v 0.018384776310850233 0.018384776310850236 0.022999999999999993
v 0.02161820991986618 0.014444826058509656 0.022999999999999993
v 0.024020867845293455 0.009949769241492337 0.022999999999999993
v 0.02550041729048399 0.005072348372419344 0.022999999999999993
v 0.026 3.1840816777831182e-18 0.022999999999999993
v 0.02550041729048399 -0.0050723483724193375 0.022999999999999993
v 0.024020867845293458 -0.00994976924149233 0.022999999999999993
v 0.021618209919866183 -0.01444482605850965 0.022999999999999993
v 0.01838477631085024 -0.018384776310850233 0.022999999999999993
v 0.014444826058509656 -0.021618209919866176 0.022999999999999993
v 0.009949769241492348 -0.024020867845293448 0.022999999999999993
v 0.005072348372419345 -0.02550041729048399 0.022999999999999993
v 4.776122516674677e-18 -0.026 0.022999999999999993
v -0.005072348372419336 -0.02550041729048399 0.022999999999999993
v -0.009949769241492339 -0.02402086784529345 0.022999999999999993
v -0.014444826058509648 -0.021618209919866183 0.022999999999999993
v -0.01838477631085023 -0.01838477631085024 0.022999999999999993
v -0.021618209919866176 -0.014444826058509656 0.022999999999999993
v -0.024020867845293448 -0.00994976924149235 0.022999999999999993
v -0.02550041729048399 -0.005072348372419346 0.022999999999999993
v -0.028 0 0.024999999999999994
v -0.02746198785129045 0.005462529016451591 0.024999999999999994
v -0.02586862691031603 0.010715136106222514 0.024999999999999994
v -0.023281149144471266 0.015555966524548862 0.024999999999999994
v -0.019798989873223333 0.01979898987322333 0.024999999999999994
v -0.015555966524548864 0.023281149144471266 0.024999999999999994
v -0.010715136106222515 0.02586862691031603 0.024999999999999994
v -0.005462529016451593 0.02746198785129045 0.024999999999999994
v -1.7145055188062945e-18 0.028 0.024999999999999994
v 0.00546252901645159 0.02746198785129045 0.024999999999999994
v 0.010715136106222512 0.02586862691031603 0.024999999999999994
v 0.015555966524548855 0.02328114914447127 0.024999999999999994
v 0.01979898987322333 0.019798989873223333 0.024999999999999994
v 0.02328114914447127 0.015555966524548862 0.024999999999999994
v 0.02586862691031603 0.010715136106222517 0.024999999999999994
v 0.02746198785129045 0.005462529016451601 0.024999999999999994
v 0.028 3.429011037612589e-18 0.024999999999999994
v 0.02746198785129045 -0.005462529016451594 0.024999999999999994
v 0.025868626910316033 -0.010715136106222512 0.024999999999999994
v 0.023281149144471273 -0.015555966524548855 0.024999999999999994
v 0.019798989873223337 -0.01979898987322333 0.024999999999999994
v 0.015555966524548862 -0.023281149144471266 0.024999999999999994
v 0.01071513610622253 -0.025868626910316023 0.024999999999999994
v 0.005462529016451603 -0.027461987851290448 0.024999999999999994
v 5.143516556418883e-18 -0.028 0.024999999999999994
v -0.0054625290164515925 -0.02746198785129045 0.024999999999999994
v -0.01071513610622252 -0.025868626910316026 0.024999999999999994
v -0.015555966524548851 -0.023281149144471273 0.024999999999999994
v -0.019798989873223326 -0.019798989873223337 0.024999999999999994
v -0.023281149144471266 -0.015555966524548862 0.024999999999999994
v -0.025868626910316023 -0.010715136106222531 0.024999999999999994
v -0.027461987851290448 -0.005462529016451605 0.024999999999999994
v -0.028 0 0.027999999999999994
v -0.02746198785129045 0.005462529016451591 0.027999999999999994
v -0.02586862691031603 0.010715136106222514 0.027999999999999994
v -0.023281149144471266 0.015555966524548862 0.027999999999999994
v -0.019798989873223333 0.01979898987322333 0.027999999999999994
v -0.015555966524548864 0.023281149144471266 0.027999999999999994
v -0.010715136106222515 0.02586862691031603 0.027999999999999994
v -0.005462529016451593 0.02746198785129045 0.027999999999999994
v -1.7145055188062945e-18 0.028 0.027999999999999994
v 0.00546252901645159 0.02746198785129045 0.027999999999999994
v 0.010715136106222512 0.02586862691031603 0.027999999999999994
v 0.015555966524548855 0.02328114914447127 0.027999999999999994
v 0.01979898987322333 0.019798989873223333 0.027999999999999994
v 0.02328114914447127 0.015555966524548862 0.027999999999999994
v 0.02586862691031603 0.010715136106222517 0.027999999999999994
v 0.02746198785129045 0.005462529016451601 0.027999999999999994
v 0.028 3.429011037612589e-18 0.027999999999999994
v 0.02746198785129045 -0.005462529016451594 0.027999999999999994
v 0.025868626910316033 -0.010715136106222512 0.027999999999999994
v 0.023281149144471273 -0.015555966524548855 0.027999999999999994
v 0.019798989873223337 -0.01979898987322333 0.027999999999999994
v 0.015555966524548862 -0.023281149144471266 0.027999999999999994
v 0.01071513610622253 -0.025868626910316023 0.027999999999999994
v 0.005462529016451603 -0.027461987851290448 0.027999999999999994
v 5.143516556418883e-18 -0.028 0.027999999999999994
v -0.0054625290164515925 -0.02746198785129045 0.027999999999999994
v -0.01071513610622252 -0.025868626910316026 0.027999999999999994
v -0.015555966524548851 -0.023281149144471273 0.027999999999999994
v -0.019798989873223326 -0.019798989873223337 0.027999999999999994
v -0.023281149144471266 -0.015555966524548862 0.027999999999999994
v -0.025868626910316023 -0.010715136106222531 0.027999999999999994
v -0.027461987851290448 -0.005462529016451605 0.027999999999999994
v -0.026 0 0.029999999999999992
v -0.02550041729048399 0.005072348372419334 0.029999999999999992
v -0.024020867845293455 0.009949769241492334 0.029999999999999992
v -0.021618209919866176 0.014444826058509656 0.029999999999999992
v -0.018384776310850236 0.018384776310850233 0.029999999999999992
v -0.014444826058509658 0.021618209919866176 0.029999999999999992
v -0.009949769241492335 0.024020867845293455 0.029999999999999992
v -0.005072348372419337 0.02550041729048399 0.029999999999999992
v -1.5920408388915591e-18 0.026 0.029999999999999992
v 0.005072348372419333 0.02550041729048399 0.029999999999999992
v 0.009949769241492332 0.024020867845293455 0.029999999999999992
v 0.01444482605850965 0.02161820991986618 0.029999999999999992
v 0.018384776310850233 0.018384776310850236 0.029999999999999992
v 0.02161820991986618 0.014444826058509656 0.029999999999999992
v 0.024020867845293455 0.009949769241492337 0.029999999999999992
v 0.02550041729048399 0.005072348372419344 0.029999999999999992
v 0.026 3.1840816777831182e-18 0.029999999999999992
v 0.02550041729048399 -0.0050723483724193375 0.029999999999999992
v 0.024020867845293458 -0.00994976924149233 0.029999999999999992
v 0.021618209919866183 -0.01444482605850965 0.029999999999999992
v 0.01838477631085024 -0.018384776310850233 0.029999999999999992
v 0.014444826058509656 -0.021618209919866176 0.029999999999999992
v 0.009949769241492348 -0.024020867845293448 0.029999999999999992
v 0.005072348372419345 -0.02550041729048399 0.029999999999999992
v 4.776122516674677e-18 -0.026 0.029999999999999992
v -0.005072348372419336 -0.02550041729048399 0.029999999999999992
v -0.009949769241492339 -0.02402086784529345 0.029999999999999992
v -0.014444826058509648 -0.021618209919866183 0.029999999999999992
v -0.01838477631085023 -0.01838477631085024 0.029999999999999992
v -0.021618209919866176 -0.014444826058509656 0.029999999999999992
v -0.024020867845293448 -0.00994976924149235 0.029999999999999992
v -0.02550041729048399 -0.005072348372419346 0.029999999999999992
v -0.026 0 0.03599999999999999
v -0.02550041729048399 0.005072348372419334 0.03599999999999999
v -0.024020867845293455 0.009949769241492334 0.03599999999999999
v -0.021618209919866176 0.014444826058509656 0.03599999999999999
v -0.018384776310850236 0.018384776310850233 0.03599999999999999
v -0.014444826058509658 0.021618209919866176 0.03599999999999999
v -0.009949769241492335 0.024020867845293455 0.03599999999999999
v -0.005072348372419337 0.02550041729048399 0.03599999999999999
v -1.5920408388915591e-18 0.026 0.03599999999999999
v 0.005072348372419333 0.02550041729048399 0.03599999999999999
v 0.009949769241492332 0.024020867845293455 0.03599999999999999
v 0.01444482605850965 0.02161820991986618 0.03599999999999999
v 0.018384776310850233 0.018384776310850236 0.03599999999999999
v 0.02161820991986618 0.014444826058509656 0.03599999999999999
v 0.024020867845293455 0.009949769241492337 0.03599999999999999
v 0.02550041729048399 0.005072348372419344 0.03599999999999999
v 0.026 3.1840816777831182e-18 0.03599999999999999
v 0.02550041729048399 -0.0050723483724193375 0.03599999999999999
v 0.024020867845293458 -0.00994976924149233 0.03599999999999999
v 0.021618209919866183 -0.01444482605850965 0.03599999999999999
v 0.01838477631085024 -0.018384776310850233 0.03599999999999999
v 0.014444826058509656 -0.021618209919866176 0.03599999999999999
v 0.009949769241492348 -0.024020867845293448 0.03599999999999999
v 0.005072348372419345 -0.02550041729048399 0.03599999999999999
v 4.776122516674677e-18 -0.026 0.03599999999999999
v -0.005072348372419336 -0.02550041729048399 0.03599999999999999
v -0.009949769241492339 -0.02402086784529345 0.03599999999999999
v -0.014444826058509648 -0.021618209919866183 0.03599999999999999
v -0.01838477631085023 -0.01838477631085024 0.03599999999999999
v -0.021618209919866176 -0.014444826058509656 0.03599999999999999
v -0.024020867845293448 -0.00994976924149235 0.03599999999999999
v -0.02550041729048399 -0.005072348372419346 0.03599999999999999
v -0.028 0 0.03799999999999999
v -0.02746198785129045 0.005462529016451591 0.03799999999999999
v -0.02586862691031603 0.010715136106222514 0.03799999999999999
v -0.023281149144471266 0.015555966524548862 0.03799999999999999
v -0.019798989873223333 0.01979898987322333 0.03799999999999999
v -0.015555966524548864 0.023281149144471266 0.03799999999999999
v -0.010715136106222515 0.02586862691031603 0.03799999999999999
v -0.005462529016451593 0.02746198785129045 0.03799999999999999
v -1.7145055188062945e-18 0.028 0.03799999999999999
v 0.00546252901645159 0.02746198785129045 0.03799999999999999
v 0.010715136106222512 0.02586862691031603 0.03799999999999999
v 0.015555966524548855 0.02328114914447127 0.03799999999999999
v 0.01979898987322333 0.019798989873223333 0.03799999999999999
v 0.02328114914447127 0.015555966524548862 0.03799999999999999
v 0.02586862691031603 0.010715136106222517 0.03799999999999999
v 0.02746198785129045 0.005462529016451601 0.03799999999999999
v 0.028 3.429011037612589e-18 0.03799999999999999
v 0.02746198785129045 -0.005462529016451594 0.03799999999999999
v 0.025868626910316033 -0.010715136106222512 0.03799999999999999
v 0.023281149144471273 -0.015555966524548855 0.03799999999999999
v 0.019798989873223337 -0.01979898987322333 0.03799999999999999
v 0.015555966524548862 -0.023281149144471266 0.03799999999999999
v 0.01071513610622253 -0.025868626910316023 0.03799999999999999
v 0.005462529016451603 -0.027461987851290448 0.03799999999999999
v 5.143516556418883e-18 -0.028 0.03799999999999999
v -0.0054625290164515925 -0.02746198785129045 0.03799999999999999
v -0.01071513610622252 -0.025868626910316026 0.03799999999999999
v -0.015555966524548851 -0.023281149144471273 0.03799999999999999
v -0.019798989873223326 -0.019798989873223337 0.03799999999999999
v -0.023281149144471266 -0.015555966524548862 0.03799999999999999
v -0.025868626910316023 -0.010715136106222531 0.03799999999999999
v -0.027461987851290448 -0.005462529016451605 0.03799999999999999
v -0.028 0 0.04099999999999999
v -0.02746198785129045 0.005462529016451591 0.04099999999999999
v -0.02586862691031603 0.010715136106222514 0.04099999999999999
v -0.023281149144471266 0.015555966524548862 0.04099999999999999
v -0.019798989873223333 0.01979898987322333 0.04099999999999999
v -0.015555966524548864 0.023281149144471266 0.04099999999999999
v -0.010715136106222515 0.02586862691031603 0.04099999999999999
v -0.005462529016451593 0.02746198785129045 0.04099999999999999
v -1.7145055188062945e-18 0.028 0.04099999999999999
v 0.00546252901645159 0.02746198785129045 0.04099999999999999
v 0.010715136106222512 0.02586862691031603 0.04099999999999999
v 0.015555966524548855 0.02328114914447127 0.04099999999999999
v 0.01979898987322333 0.019798989873223333 0.04099999999999999
v 0.02328114914447127 0.015555966524548862 0.04099999999999999
v 0.02586862691031603 0.010715136106222517 0.04099999999999999
v 0.02746198785129045 0.005462529016451601 0.04099999999999999
v 0.028 3.429011037612589e-18 0.04099999999999999
v 0.02746198785129045 -0.005462529016451594 0.04099999999999999
v 0.025868626910316033 -0.010715136106222512 0.04099999999999999
v 0.023281149144471273 -0.015555966524548855 0.04099999999999999
v 0.019798989873223337 -0.01979898987322333 0.04099999999999999
v 0.015555966524548862 -0.023281149144471266 0.04099999999999999
v 0.01071513610622253 -0.025868626910316023 0.04099999999999999
v 0.005462529016451603 -0.027461987851290448 0.04099999999999999
v 5.143516556418883e-18 -0.028 0.04099999999999999
v -0.0054625290164515925 -0.02746198785129045 0.04099999999999999
v -0.01071513610622252 -0.025868626910316026 0.04099999999999999
v -0.015555966524548851 -0.023281149144471273 0.04099999999999999
v -0.019798989873223326 -0.019798989873223337 0.04099999999999999
v -0.023281149144471266 -0.015555966524548862 0.04099999999999999
v -0.025868626910316023 -0.010715136106222531 0.04099999999999999
v -0.027461987851290448 -0.005462529016451605 0.04099999999999999
v -0.026 0 0.04299999999999999
v -0.02550041729048399 0.005072348372419334 0.04299999999999999
v -0.024020867845293455 0.009949769241492334 0.04299999999999999
v -0.021618209919866176 0.014444826058509656 0.04299999999999999
v -0.018384776310850236 0.018384776310850233 0.04299999999999999
v -0.014444826058509658 0.021618209919866176 0.04299999999999999
v -0.009949769241492335 0.024020867845293455 0.04299999999999999
v -0.005072348372419337 0.02550041729048399 0.04299999999999999
v -1.5920408388915591e-18 0.026 0.04299999999999999
v 0.005072348372419333 0.02550041729048399 0.04299999999999999
v 0.009949769241492332 0.024020867845293455 0.04299999999999999
v 0.01444482605850965 0.02161820991986618 0.04299999999999999
v 0.018384776310850233 0.018384776310850236 0.04299999999999999
v 0.02161820991986618 0.014444826058509656 0.04299999999999999
v 0.024020867845293455 0.009949769241492337 0.04299999999999999
v 0.02550041729048399 0.005072348372419344 0.04299999999999999
v 0.026 3.1840816777831182e-18 0.04299999999999999
v 0.02550041729048399 -0.0050723483724193375 0.04299999999999999
v 0.024020867845293458 -0.00994976924149233 0.04299999999999999
v 0.021618209919866183 -0.01444482605850965 0.04299999999999999
v 0.01838477631085024 -0.018384776310850233 0.04299999999999999
v 0.014444826058509656 -0.021618209919866176 0.04299999999999999
v 0.009949769241492348 -0.024020867845293448 0.04299999999999999
v 0.005072348372419345 -0.02550041729048399 0.04299999999999999
v 4.776122516674677e-18 -0.026 0.04299999999999999
v -0.005072348372419336 -0.02550041729048399 0.04299999999999999
v -0.009949769241492339 -0.02402086784529345 0.04299999999999999
v -0.014444826058509648 -0.021618209919866183 0.04299999999999999
v -0.01838477631085023 -0.01838477631085024 0.04299999999999999
v -0.021618209919866176 -0.014444826058509656 0.04299999999999999
v -0.024020867845293448 -0.00994976924149235 0.04299999999999999
v -0.02550041729048399 -0.005072348372419346 0.04299999999999999
v -0.026 0 0.04899999999999999
v -0.02550041729048399 0.005072348372419334 0.04899999999999999
v -0.024020867845293455 0.009949769241492334 0.04899999999999999
v -0.021618209919866176 0.014444826058509656 0.04899999999999999
v -0.018384776310850236 0.018384776310850233 0.04899999999999999
v -0.014444826058509658 0.021618209919866176 0.04899999999999999
v -0.009949769241492335 0.024020867845293455 0.04899999999999999
v -0.005072348372419337 0.02550041729048399 0.04899999999999999
v -1.5920408388915591e-18 0.026 0.04899999999999999
v 0.005072348372419333 0.02550041729048399 0.04899999999999999
v 0.009949769241492332 0.024020867845293455 0.04899999999999999
v 0.01444482605850965 0.02161820991986618 0.04899999999999999
v 0.018384776310850233 0.018384776310850236 0.04899999999999999
v 0.02161820991986618 0.014444826058509656 0.04899999999999999
v 0.024020867845293455 0.009949769241492337 0.04899999999999999
v 0.02550041729048399 0.005072348372419344 0.04899999999999999
v 0.026 3.1840816777831182e-18 0.04899999999999999
v 0.02550041729048399 -0.0050723483724193375 0.04899999999999999
v 0.024020867845293458 -0.00994976924149233 0.04899999999999999
v 0.021618209919866183 -0.01444482605850965 0.04899999999999999
v 0.01838477631085024 -0.018384776310850233 0.04899999999999999
v 0.014444826058509656 -0.021618209919866176 0.04899999999999999
v 0.009949769241492348 -0.024020867845293448 0.04899999999999999
v 0.005072348372419345 -0.02550041729048399 0.04899999999999999
v 4.776122516674677e-18 -0.026 0.04899999999999999
v -0.005072348372419336 -0.02550041729048399 0.04899999999999999
v -0.009949769241492339 -0.02402086784529345 0.04899999999999999
v -0.014444826058509648 -0.021618209919866183 0.04899999999999999
v -0.01838477631085023 -0.01838477631085024 0.04899999999999999
v -0.021618209919866176 -0.014444826058509656 0.04899999999999999
v -0.024020867845293448 -0.00994976924149235 0.04899999999999999
v -0.02550041729048399 -0.005072348372419346 0.04899999999999999
v -0.028 0 0.05099999999999999
v -0.02746198785129045 0.005462529016451591 0.05099999999999999
v -0.02586862691031603 0.010715136106222514 0.05099999999999999
v -0.023281149144471266 0.015555966524548862 0.05099999999999999
v -0.019798989873223333 0.01979898987322333 0.05099999999999999
v -0.015555966524548864 0.023281149144471266 0.05099999999999999
v -0.010715136106222515 0.02586862691031603 0.05099999999999999
v -0.005462529016451593 0.02746198785129045 0.05099999999999999
v -1.7145055188062945e-18 0.028 0.05099999999999999
v 0.00546252901645159 0.02746198785129045 0.05099999999999999
v 0.010715136106222512 0.02586862691031603 0.05099999999999999
v 0.015555966524548855 0.02328114914447127 0.05099999999999999
v 0.01979898987322333 0.019798989873223333 0.05099999999999999
v 0.02328114914447127 0.015555966524548862 0.05099999999999999
v 0.02586862691031603 0.010715136106222517 0.05099999999999999
v 0.02746198785129045 0.005462529016451601 0.05099999999999999
v 0.028 3.429011037612589e-18 0.05099999999999999
v 0.02746198785129045 -0.005462529016451594 0.05099999999999999
v 0.025868626910316033 -0.010715136106222512 0.05099999999999999
v 0.023281149144471273 -0.015555966524548855 0.05099999999999999
v 0.019798989873223337 -0.01979898987322333 0.05099999999999999
v 0.015555966524548862 -0.023281149144471266 0.05099999999999999
v 0.01071513610622253 -0.025868626910316023 0.05099999999999999
v 0.005462529016451603 -0.027461987851290448 0.05099999999999999
v 5.143516556418883e-18 -0.028 0.05099999999999999
v -0.0054625290164515925 -0.02746198785129045 0.05099999999999999
v -0.01071513610622252 -0.025868626910316026 0.05099999999999999
v -0.015555966524548851 -0.023281149144471273 0.05099999999999999
v -0.019798989873223326 -0.019798989873223337 0.05099999999999999
v -0.023281149144471266 -0.015555966524548862 0.05099999999999999
v -0.025868626910316023 -0.010715136106222531 0.05099999999999999
v -0.027461987851290448 -0.005462529016451605 0.05099999999999999
v -0.028 0 0.053999999999999986
v -0.02746198785129045 0.005462529016451591 0.053999999999999986
v -0.02586862691031603 0.010715136106222514 0.053999999999999986
v -0.023281149144471266 0.015555966524548862 0.053999999999999986
v -0.019798989873223333 0.01979898987322333 0.053999999999999986
v -0.015555966524548864 0.023281149144471266 0.053999999999999986
v -0.010715136106222515 0.02586862691031603 0.053999999999999986
v -0.005462529016451593 0.02746198785129045 0.053999999999999986
v -1.7145055188062945e-18 0.028 0.053999999999999986
v 0.00546252901645159 0.02746198785129045 0.053999999999999986
v 0.010715136106222512 0.02586862691031603 0.053999999999999986
v 0.015555966524548855 0.02328114914447127 0.053999999999999986
v 0.01979898987322333 0.019798989873223333 0.053999999999999986
v 0.02328114914447127 0.015555966524548862 0.053999999999999986
v 0.02586862691031603 0.010715136106222517 0.053999999999999986
v 0.02746198785129045 0.005462529016451601 0.053999999999999986
v 0.028 3.429011037612589e-18 0.053999999999999986
v 0.02746198785129045 -0.005462529016451594 0.053999999999999986
v 0.025868626910316033 -0.010715136106222512 0.053999999999999986
v 0.023281149144471273 -0.015555966524548855 0.053999999999999986
v 0.019798989873223337 -0.01979898987322333 0.053999999999999986
v 0.015555966524548862 -0.023281149144471266 0.053999999999999986
v 0.01071513610622253 -0.025868626910316023 0.053999999999999986
v 0.005462529016451603 -0.027461987851290448 0.053999999999999986
v 5.143516556418883e-18 -0.028 0.053999999999999986
v -0.0054625290164515925 -0.02746198785129045 0.053999999999999986
v -0.01071513610622252 -0.025868626910316026 0.053999999999999986
v -0.015555966524548851 -0.023281149144471273 0.053999999999999986
v -0.019798989873223326 -0.019798989873223337 0.053999999999999986
v -0.023281149144471266 -0.015555966524548862 0.053999999999999986
v -0.025868626910316023 -0.010715136106222531 0.053999999999999986
v -0.027461987851290448 -0.005462529016451605 0.053999999999999986
v -0.026 0 0.05599999999999999
v -0.02550041729048399 0.005072348372419334 0.05599999999999999
v -0.024020867845293455 0.009949769241492334 0.05599999999999999
v -0.021618209919866176 0.014444826058509656 0.05599999999999999
v -0.018384776310850236 0.018384776310850233 0.05599999999999999
v -0.014444826058509658 0.021618209919866176 0.05599999999999999
v -0.009949769241492335 0.024020867845293455 0.05599999999999999
v -0.005072348372419337 0.02550041729048399 0.05599999999999999
v -1.5920408388915591e-18 0.026 0.05599999999999999
v 0.005072348372419333 0.02550041729048399 0.05599999999999999
v 0.009949769241492332 0.024020867845293455 0.05599999999999999
v 0.01444482605850965 0.02161820991986618 0.05599999999999999
v 0.018384776310850233 0.018384776310850236 0.05599999999999999
v 0.02161820991986618 0.014444826058509656 0.05599999999999999
v 0.024020867845293455 0.009949769241492337 0.05599999999999999
v 0.02550041729048399 0.005072348372419344 0.05599999999999999
v 0.026 3.1840816777831182e-18 0.05599999999999999
v 0.02550041729048399 -0.0050723483724193375 0.05599999999999999
v 0.024020867845293458 -0.00994976924149233 0.05599999999999999
v 0.021618209919866183 -0.01444482605850965 0.05599999999999999
v 0.01838477631085024 -0.018384776310850233 0.05599999999999999
v 0.014444826058509656 -0.021618209919866176 0.05599999999999999
v 0.009949769241492348 -0.024020867845293448 0.05599999999999999
v 0.005072348372419345 -0.02550041729048399 0.05599999999999999
v 4.776122516674677e-18 -0.026 0.05599999999999999
v -0.005072348372419336 -0.02550041729048399 0.05599999999999999
v -0.009949769241492339 -0.02402086784529345 0.05599999999999999
v -0.014444826058509648 -0.021618209919866183 0.05599999999999999
v -0.01838477631085023 -0.01838477631085024 0.05599999999999999
v -0.021618209919866176 -0.014444826058509656 0.05599999999999999
v -0.024020867845293448 -0.00994976924149235 0.05599999999999999
v -0.02550041729048399 -0.005072348372419346 0.05599999999999999
v -0.026 0 0.062
v -0.02550041729048399 0.005072348372419334 0.062
v -0.024020867845293455 0.009949769241492334 0.062
v -0.021618209919866176 0.014444826058509656 0.062
v -0.018384776310850236 0.018384776310850233 0.062
v -0.014444826058509658 0.021618209919866176 0.062
v -0.009949769241492335 0.024020867845293455 0.062
v -0.005072348372419337 0.02550041729048399 0.062
v -1.5920408388915591e-18 0.026 0.062
v 0.005072348372419333 0.02550041729048399 0.062
v 0.009949769241492332 0.024020867845293455 0.062
v 0.01444482605850965 0.02161820991986618 0.062
v 0.018384776310850233 0.018384776310850236 0.062
v 0.02161820991986618 0.014444826058509656 0.062
v 0.024020867845293455 0.009949769241492337 0.062
v 0.02550041729048399 0.005072348372419344 0.062
v 0.026 3.1840816777831182e-18 0.062
v 0.02550041729048399 -0.0050723483724193375 0.062
v 0.024020867845293458 -0.00994976924149233 0.062
v 0.021618209919866183 -0.01444482605850965 0.062
v 0.01838477631085024 -0.018384776310850233 0.062
v 0.014444826058509656 -0.021618209919866176 0.062
v 0.009949769241492348 -0.024020867845293448 0.062
v 0.005072348372419345 -0.02550041729048399 0.062
v 4.776122516674677e-18 -0.026 0.062
v -0.005072348372419336 -0.02550041729048399 0.062
v -0.009949769241492339 -0.02402086784529345 0.062
v -0.014444826058509648 -0.021618209919866183 0.062
v -0.01838477631085023 -0.01838477631085024 0.062
v -0.021618209919866176 -0.014444826058509656 0.062
v -0.024020867845293448 -0.00994976924149235 0.062
v -0.02550041729048399 -0.005072348372419346 0.062
v -0.028 0 0.064
v -0.02746198785129045 0.005462529016451591 0.064
v -0.02586862691031603 0.010715136106222514 0.064
v -0.023281149144471266 0.015555966524548862 0.064
v -0.019798989873223333 0.01979898987322333 0.064
v -0.015555966524548864 0.023281149144471266 0.064
v -0.010715136106222515 0.02586862691031603 0.064
v -0.005462529016451593 0.02746198785129045 0.064
v -1.7145055188062945e-18 0.028 0.064
v 0.00546252901645159 0.02746198785129045 0.064
v 0.010715136106222512 0.02586862691031603 0.064
v 0.015555966524548855 0.02328114914447127 0.064
v 0.01979898987322333 0.019798989873223333 0.064
v 0.02328114914447127 0.015555966524548862 0.064
v 0.02586862691031603 0.010715136106222517 0.064
v 0.02746198785129045 0.005462529016451601 0.064
v 0.028 3.429011037612589e-18 0.064
v 0.02746198785129045 -0.005462529016451594 0.064
v 0.025868626910316033 -0.010715136106222512 0.064
v 0.023281149144471273 -0.015555966524548855 0.064
v 0.019798989873223337 -0.01979898987322333 0.064
v 0.015555966524548862 -0.023281149144471266 0.064
v 0.01071513610622253 -0.025868626910316023 0.064
v 0.005462529016451603 -0.027461987851290448 0.064
v 5.143516556418883e-18 -0.028 0.064
v -0.0054625290164515925 -0.02746198785129045 0.064
v -0.01071513610622252 -0.025868626910316026 0.064
v -0.015555966524548851 -0.023281149144471273 0.064
v -0.019798989873223326 -0.019798989873223337 0.064
v -0.023281149144471266 -0.015555966524548862 0.064
v -0.025868626910316023 -0.010715136106222531 0.064
v -0.027461987851290448 -0.005462529016451605 0.064
v -0.028 0 0.067
v -0.02746198785129045 0.005462529016451591 0.067
v -0.02586862691031603 0.010715136106222514 0.067
v -0.023281149144471266 0.015555966524548862 0.067
v -0.019798989873223333 0.01979898987322333 0.067
v -0.015555966524548864 0.023281149144471266 0.067
v -0.010715136106222515 0.02586862691031603 0.067
v -0.005462529016451593 0.02746198785129045 0.067
v -1.7145055188062945e-18 0.028 0.067
v 0.00546252901645159 0.02746198785129045 0.067
v 0.010715136106222512 0.02586862691031603 0.067
v 0.015555966524548855 0.02328114914447127 0.067
v 0.01979898987322333 0.019798989873223333 0.067
v 0.02328114914447127 0.015555966524548862 0.067
v 0.02586862691031603 0.010715136106222517 0.067
v 0.02746198785129045 0.005462529016451601 0.067
v 0.028 3.429011037612589e-18 0.067
v 0.02746198785129045 -0.005462529016451594 0.067
v 0.025868626910316033 -0.010715136106222512 0.067
v 0.023281149144471273 -0.015555966524548855 0.067
v 0.019798989873223337 -0.01979898987322333 0.067
v 0.015555966524548862 -0.023281149144471266 0.067
v 0.01071513610622253 -0.025868626910316023 0.067
v 0.005462529016451603 -0.027461987851290448 0.067
v 5.143516556418883e-18 -0.028 0.067
v -0.0054625290164515925 -0.02746198785129045 0.067
v -0.01071513610622252 -0.025868626910316026 0.067
v -0.015555966524548851 -0.023281149144471273 0.067
v -0.019798989873223326 -0.019798989873223337 0.067
v -0.023281149144471266 -0.015555966524548862 0.067
v -0.025868626910316023 -0.010715136106222531 0.067
v -0.027461987851290448 -0.005462529016451605 0.067
v -0.026 0 0.069
v -0.02550041729048399 0.005072348372419334 0.069
v -0.024020867845293455 0.009949769241492334 0.069
v -0.021618209919866176 0.014444826058509656 0.069
v -0.018384776310850236 0.018384776310850233 0.069
v -0.014444826058509658 0.021618209919866176 0.069
v -0.009949769241492335 0.024020867845293455 0.069
v -0.005072348372419337 0.02550041729048399 0.069
v -1.5920408388915591e-18 0.026 0.069
v 0.005072348372419333 0.02550041729048399 0.069
v 0.009949769241492332 0.024020867845293455 0.069
v 0.01444482605850965 0.02161820991986618 0.069
v 0.018384776310850233 0.018384776310850236 0.069
v 0.02161820991986618 0.014444826058509656 0.069
v 0.024020867845293455 0.009949769241492337 0.069
v 0.02550041729048399 0.005072348372419344 0.069
v 0.026 3.1840816777831182e-18 0.069
v 0.02550041729048399 -0.0050723483724193375 0.069
v 0.024020867845293458 -0.00994976924149233 0.069
v 0.021618209919866183 -0.01444482605850965 0.069
v 0.01838477631085024 -0.018384776310850233 0.069
v 0.014444826058509656 -0.021618209919866176 0.069
v 0.009949769241492348 -0.024020867845293448 0.069
v 0.005072348372419345 -0.02550041729048399 0.069
v 4.776122516674677e-18 -0.026 0.069
v -0.005072348372419336 -0.02550041729048399 0.069
v -0.009949769241492339 -0.02402086784529345 0.069
v -0.014444826058509648 -0.021618209919866183 0.069
v -0.01838477631085023 -0.01838477631085024 0.069
v -0.021618209919866176 -0.014444826058509656 0.069
v -0.024020867845293448 -0.00994976924149235 0.069
v -0.02550041729048399 -0.005072348372419346 0.069
vt 0.31 0.5
vt 0.31 0.5163875870493547
vt 0.31 0.5321454083186675
vt 0.31 0.5466678995736466
vt 0.31 0.55939696961967
vt 0.31 0.5698434474334138
vt 0.31 0.5776058807309481
vt 0.31 0.5823859635538714
vt 0.31 0.584
vt 0.31 0.5823859635538714
vt 0.31 0.5776058807309481
vt 0.31 0.5698434474334138
vt 0.31 0.55939696961967
vt 0.31 0.5466678995736466
vt 0.31 0.5321454083186675
vt 0.31 0.5163875870493548
vt 0.31 0.5
vt 0.31 0.4836124129506452
vt 0.31 0.4678545916813325
vt 0.31 0.4533321004263534
vt 0.31 0.44060303038033
vt 0.31 0.4301565525665862
vt 0.31 0.4223941192690519
vt 0.31 0.41761403644612866
vt 0.31 0.416
vt 0.31 0.41761403644612866
vt 0.31 0.4223941192690519
vt 0.31 0.4301565525665862
vt 0.31 0.44060303038033
vt 0.31 0.4533321004263534
vt 0.31 0.4678545916813324
vt 0.31 0.48361241295064517
vt 0.33399999999999996 0.5
vt 0.33399999999999996 0.5202893934896773
vt 0.33399999999999996 0.5397990769659693
vt 0.33399999999999996 0.5577793042340387
vt 0.33399999999999996 0.5735391052434009
vt 0.33399999999999996 0.5864728396794647
vt 0.33399999999999996 0.5960834713811738
vt 0.33399999999999996 0.602001669161936
vt 0.33399999999999996 0.604
vt 0.33399999999999996 0.602001669161936
vt 0.33399999999999996 0.5960834713811738
vt 0.33399999999999996 0.5864728396794647
vt 0.33399999999999996 0.5735391052434009
vt 0.33399999999999996 0.5577793042340387
vt 0.33399999999999996 0.5397990769659693
vt 0.33399999999999996 0.5202893934896774
vt 0.33399999999999996 0.5
vt 0.33399999999999996 0.47971060651032266
vt 0.33399999999999996 0.4602009230340307
vt 0.33399999999999996 0.4422206957659614
vt 0.33399999999999996 0.4264608947565991
vt 0.33399999999999996 0.41352716032053527
vt 0.33399999999999996 0.4039165286188262
vt 0.33399999999999996 0.397998330838064
vt 0.33399999999999996 0.396
vt 0.33399999999999996 0.397998330838064
vt 0.33399999999999996 0.4039165286188262
vt 0.33399999999999996 0.41352716032053527
vt 0.33399999999999996 0.42646089475659904
vt 0.33399999999999996 0.44222069576596135
vt 0.33399999999999996 0.4602009230340306
vt 0.33399999999999996 0.4797106065103226
vt 0.638 0.5
vt 0.638 0.5202893934896773
vt 0.638 0.5397990769659693
vt 0.638 0.5577793042340387
vt 0.638 0.5735391052434009
vt 0.638 0.5864728396794647
vt 0.638 0.5960834713811738
vt 0.638 0.602001669161936
vt 0.638 0.604
vt 0.638 0.602001669161936
vt 0.638 0.5960834713811738
vt 0.638 0.5864728396794647
vt 0.638 0.5735391052434009
vt 0.638 0.5577793042340387
vt 0.638 0.5397990769659693
vt 0.638 0.5202893934896774
vt 0.638 0.5
vt 0.638 0.47971060651032266
vt 0.638 0.4602009230340307
vt 0.638 0.4422206957659614
vt 0.638 0.4264608947565991
vt 0.638 0.41352716032053527
vt 0.638 0.4039165286188262
vt 0.638 0.397998330838064
vt 0.638 0.396
vt 0.638 0.397998330838064
vt 0.638 0.4039165286188262
vt 0.638 0.41352716032053527
vt 0.638 0.42646089475659904
vt 0.638 0.44222069576596135
vt 0.638 0.4602009230340306
vt 0.638 0.4797106065103226
vt 0.664 0.5
vt 0.664 0.5163875870493547
vt 0.664 0.5321454083186675
vt 0.664 0.5466678995736466
vt 0.664 0.55939696961967
vt 0.664 0.5698434474334138
vt 0.664 0.5776058807309481
vt 0.664 0.5823859635538714
vt 0.664 0.584
vt 0.664 0.5823859635538714
vt 0.664 0.5776058807309481
vt 0.664 0.5698434474334138
vt 0.664 0.55939696961967
vt 0.664 0.5466678995736466
vt 0.664 0.5321454083186675
vt 0.664 0.5163875870493548
vt 0.664 0.5
vt 0.664 0.4836124129506452
vt 0.664 0.4678545916813325
vt 0.664 0.4533321004263534
vt 0.664 0.44060303038033
vt 0.664 0.4301565525665862
vt 0.664 0.4223941192690519
vt 0.664 0.41761403644612866
vt 0.664 0.416
vt 0.664 0.41761403644612866
vt 0.664 0.4223941192690519
vt 0.664 0.4301565525665862
vt 0.664 0.44060303038033
vt 0.664 0.4533321004263534
vt 0.664 0.4678545916813324
vt 0.664 0.48361241295064517
vt 0.31 0.5
vt 0.664 0.5
vt 0.364 0.5
vt 0.364 0.5202893934896773
vt 0.364 0.5397990769659693
vt 0.364 0.5577793042340387
vt 0.364 0.5735391052434009
vt 0.364 0.5864728396794647
vt 0.364 0.5960834713811738
vt 0.364 0.602001669161936
vt 0.364 0.604
vt 0.364 0.602001669161936
vt 0.364 0.5960834713811738
vt 0.364 0.5864728396794647
vt 0.364 0.5735391052434009
vt 0.364 0.5577793042340387
vt 0.364 0.5397990769659693
vt 0.364 0.5202893934896774
vt 0.364 0.5
vt 0.364 0.47971060651032266
vt 0.364 0.4602009230340307
vt 0.364 0.4422206957659614
vt 0.364 0.4264608947565991
vt 0.364 0.41352716032053527
vt 0.364 0.4039165286188262
vt 0.364 0.397998330838064
vt 0.364 0.396
vt 0.364 0.397998330838064
vt 0.364 0.4039165286188262
vt 0.364 0.41352716032053527
vt 0.364 0.42646089475659904
vt 0.364 0.44222069576596135
vt 0.364 0.4602009230340306
vt 0.364 0.4797106065103226
vt 0.368 0.5
vt 0.368 0.5218501160658063
vt 0.368 0.5428605444248901
vt 0.368 0.5622238660981954
vt 0.368 0.5791959594928933
vt 0.368 0.5931245965778851
vt 0.368 0.6034745076412641
vt 0.368 0.6098479514051618
vt 0.368 0.612
vt 0.368 0.6098479514051618
vt 0.368 0.6034745076412641
vt 0.368 0.5931245965778851
vt 0.368 0.5791959594928934
vt 0.368 0.5622238660981954
vt 0.368 0.5428605444248901
vt 0.368 0.5218501160658064
vt 0.368 0.5
vt 0.368 0.4781498839341936
vt 0.368 0.45713945557510993
vt 0.368 0.4377761339018046
vt 0.368 0.4208040405071067
vt 0.368 0.4068754034221149
vt 0.368 0.3965254923587359
vt 0.368 0.3901520485948382
vt 0.368 0.388
vt 0.368 0.3901520485948382
vt 0.368 0.3965254923587359
vt 0.368 0.4068754034221149
vt 0.368 0.4208040405071066
vt 0.368 0.43777613390180453
vt 0.368 0.4571394555751099
vt 0.368 0.47814988393419355
vt 0.374 0.5
vt 0.374 0.5218501160658063
vt 0.374 0.5428605444248901
vt 0.374 0.5622238660981954
vt 0.374 0.5791959594928933
vt 0.374 0.5931245965778851
vt 0.374 0.6034745076412641
vt 0.374 0.6098479514051618
vt 0.374 0.612
vt 0.374 0.6098479514051618
vt 0.374 0.6034745076412641
vt 0.374 0.5931245965778851
vt 0.374 0.5791959594928934
vt 0.374 0.5622238660981954
vt 0.374 0.5428605444248901
vt 0.374 0.5218501160658064
vt 0.374 0.5
vt 0.374 0.4781498839341936
vt 0.374 0.45713945557510993
vt 0.374 0.4377761339018046
vt 0.374 0.4208040405071067
vt 0.374 0.4068754034221149
vt 0.374 0.3965254923587359
vt 0.374 0.3901520485948382
vt 0.374 0.388
vt 0.374 0.3901520485948382
vt 0.374 0.3965254923587359
vt 0.374 0.4068754034221149
vt 0.374 0.4208040405071066
vt 0.374 0.43777613390180453
vt 0.374 0.4571394555751099
vt 0.374 0.47814988393419355
vt 0.378 0.5
vt 0.378 0.5202893934896773
vt 0.378 0.5397990769659693
vt 0.378 0.5577793042340387
vt 0.378 0.5735391052434009
vt 0.378 0.5864728396794647
vt 0.378 0.5960834713811738
vt 0.378 0.602001669161936
vt 0.378 0.604
vt 0.378 0.602001669161936
vt 0.378 0.5960834713811738
vt 0.378 0.5864728396794647
vt 0.378 0.5735391052434009
vt 0.378 0.5577793042340387
vt 0.378 0.5397990769659693
vt 0.378 0.5202893934896774
vt 0.378 0.5
vt 0.378 0.47971060651032266
vt 0.378 0.4602009230340307
vt 0.378 0.4422206957659614
vt 0.378 0.4264608947565991
vt 0.378 0.41352716032053527
vt 0.378 0.4039165286188262
vt 0.378 0.397998330838064
vt 0.378 0.396
vt 0.378 0.397998330838064
vt 0.378 0.4039165286188262
vt 0.378 0.41352716032053527
vt 0.378 0.42646089475659904
vt 0.378 0.44222069576596135
vt 0.378 0.4602009230340306
vt 0.378 0.4797106065103226
vt 0.39 0.5
vt 0.39 0.5202893934896773
vt 0.39 0.5397990769659693
vt 0.39 0.5577793042340387
vt 0.39 0.5735391052434009
vt 0.39 0.5864728396794647
vt 0.39 0.5960834713811738
vt 0.39 0.602001669161936
vt 0.39 0.604
vt 0.39 0.602001669161936
vt 0.39 0.5960834713811738
vt 0.39 0.5864728396794647
vt 0.39 0.5735391052434009
vt 0.39 0.5577793042340387
vt 0.39 0.5397990769659693
vt 0.39 0.5202893934896774
vt 0.39 0.5
vt 0.39 0.47971060651032266
vt 0.39 0.4602009230340307
vt 0.39 0.4422206957659614
vt 0.39 0.4264608947565991
vt 0.39 0.41352716032053527
vt 0.39 0.4039165286188262
vt 0.39 0.397998330838064
vt 0.39 0.396
vt 0.39 0.397998330838064
vt 0.39 0.4039165286188262
vt 0.39 0.41352716032053527
vt 0.39 0.42646089475659904
vt 0.39 0.44222069576596135
vt 0.39 0.4602009230340306
vt 0.39 0.4797106065103226
vt 0.394 0.5
vt 0.394 0.5218501160658063
vt 0.394 0.5428605444248901
vt 0.394 0.5622238660981954
vt 0.394 0.5791959594928933
vt 0.394 0.5931245965778851
vt 0.394 0.6034745076412641
vt 0.394 0.6098479514051618
vt 0.394 0.612
vt 0.394 0.6098479514051618
vt 0.394 0.6034745076412641
vt 0.394 0.5931245965778851
vt 0.394 0.5791959594928934
vt 0.394 0.5622238660981954
vt 0.394 0.5428605444248901
vt 0.394 0.5218501160658064
vt 0.394 0.5
vt 0.394 0.4781498839341936
vt 0.394 0.45713945557510993
vt 0.394 0.4377761339018046
vt 0.394 0.4208040405071067
vt 0.394 0.4068754034221149
vt 0.394 0.3965254923587359
vt 0.394 0.3901520485948382
vt 0.394 0.388
vt 0.394 0.3901520485948382
vt 0.394 0.3965254923587359
vt 0.394 0.4068754034221149
vt 0.394 0.4208040405071066
vt 0.394 0.43777613390180453
vt 0.394 0.4571394555751099
vt 0.394 0.47814988393419355
vt 0.39999999999999997 0.5
vt 0.39999999999999997 0.5218501160658063
vt 0.39999999999999997 0.5428605444248901
vt 0.39999999999999997 0.5622238660981954
vt 0.39999999999999997 0.5791959594928933
vt 0.39999999999999997 0.5931245965778851
vt 0.39999999999999997 0.6034745076412641
vt 0.39999999999999997 0.6098479514051618
vt 0.39999999999999997 0.612
vt 0.39999999999999997 0.6098479514051618
vt 0.39999999999999997 0.6034745076412641
vt 0.39999999999999997 0.5931245965778851
vt 0.39999999999999997 0.5791959594928934
vt 0.39999999999999997 0.5622238660981954
vt 0.39999999999999997 0.5428605444248901
vt 0.39999999999999997 0.5218501160658064
vt 0.39999999999999997 0.5
vt 0.39999999999999997 0.4781498839341936
vt 0.39999999999999997 0.45713945557510993
vt 0.39999999999999997 0.4377761339018046
vt 0.39999999999999997 0.4208040405071067
vt 0.39999999999999997 0.4068754034221149
vt 0.39999999999999997 0.3965254923587359
vt 0.39999999999999997 0.3901520485948382
vt 0.39999999999999997 0.388
vt 0.39999999999999997 0.3901520485948382
vt 0.39999999999999997 0.3965254923587359
vt 0.39999999999999997 0.4068754034221149
vt 0.39999999999999997 0.4208040405071066
vt 0.39999999999999997 0.43777613390180453
vt 0.39999999999999997 0.4571394555751099
vt 0.39999999999999997 0.47814988393419355
vt 0.40399999999999997 0.5
vt 0.40399999999999997 0.5202893934896773
vt 0.40399999999999997 0.5397990769659693
vt 0.40399999999999997 0.5577793042340387
vt 0.40399999999999997 0.5735391052434009
vt 0.40399999999999997 0.5864728396794647
vt 0.40399999999999997 0.5960834713811738
vt 0.40399999999999997 0.602001669161936
vt 0.40399999999999997 0.604
vt 0.40399999999999997 0.602001669161936
vt 0.40399999999999997 0.5960834713811738
vt 0.40399999999999997 0.5864728396794647
vt 0.40399999999999997 0.5735391052434009
vt 0.40399999999999997 0.5577793042340387
vt 0.40399999999999997 0.5397990769659693
vt 0.40399999999999997 0.5202893934896774
vt 0.40399999999999997 0.5
vt 0.40399999999999997 0.47971060651032266
vt 0.40399999999999997 0.4602009230340307
vt 0.40399999999999997 0.4422206957659614
vt 0.40399999999999997 0.4264608947565991
vt 0.40399999999999997 0.41352716032053527
vt 0.40399999999999997 0.4039165286188262
vt 0.40399999999999997 0.397998330838064
vt 0.40399999999999997 0.396
vt 0.40399999999999997 0.397998330838064
vt 0.40399999999999997 0.4039165286188262
vt 0.40399999999999997 0.41352716032053527
vt 0.40399999999999997 0.42646089475659904
vt 0.40399999999999997 0.44222069576596135
vt 0.40399999999999997 0.4602009230340306
vt 0.40399999999999997 0.4797106065103226
vt 0.416 0.5
vt 0.416 0.5202893934896773
vt 0.416 0.5397990769659693
vt 0.416 0.5577793042340387
vt 0.416 0.5735391052434009
vt 0.416 0.5864728396794647
vt 0.416 0.5960834713811738
vt 0.416 0.602001669161936
vt 0.416 0.604
vt 0.416 0.602001669161936
vt 0.416 0.5960834713811738
vt 0.416 0.5864728396794647
vt 0.416 0.5735391052434009
vt 0.416 0.5577793042340387
vt 0.416 0.5397990769659693
vt 0.416 0.5202893934896774
vt 0.416 0.5
vt 0.416 0.47971060651032266
vt 0.416 0.4602009230340307
vt 0.416 0.4422206957659614
vt 0.416 0.4264608947565991
vt 0.416 0.41352716032053527
vt 0.416 0.4039165286188262
vt 0.416 0.397998330838064
vt 0.416 0.396
vt 0.416 0.397998330838064
vt 0.416 0.4039165286188262
vt 0.416 0.41352716032053527
vt 0.416 0.42646089475659904
vt 0.416 0.44222069576596135
vt 0.416 0.4602009230340306
vt 0.416 0.4797106065103226
vt 0.42 0.5
vt 0.42 0.5218501160658063
vt 0.42 0.5428605444248901
vt 0.42 0.5622238660981954
vt 0.42 0.5791959594928933
vt 0.42 0.5931245965778851
vt 0.42 0.6034745076412641
vt 0.42 0.6098479514051618
vt 0.42 0.612
vt 0.42 0.6098479514051618
vt 0.42 0.6034745076412641
vt 0.42 0.5931245965778851
vt 0.42 0.5791959594928934
vt 0.42 0.5622238660981954
vt 0.42 0.5428605444248901
vt 0.42 0.5218501160658064
vt 0.42 0.5
vt 0.42 0.4781498839341936
vt 0.42 0.45713945557510993
vt 0.42 0.4377761339018046
vt 0.42 0.4208040405071067
vt 0.42 0.4068754034221149
vt 0.42 0.3965254923587359
vt 0.42 0.3901520485948382
vt 0.42 0.388
vt 0.42 0.3901520485948382
vt 0.42 0.3965254923587359
vt 0.42 0.4068754034221149
vt 0.42 0.4208040405071066
vt 0.42 0.43777613390180453
vt 0.42 0.4571394555751099
vt 0.42 0.47814988393419355
vt 0.426 0.5
vt 0.426 0.5218501160658063
vt 0.426 0.5428605444248901
vt 0.426 0.5622238660981954
vt 0.426 0.5791959594928933
vt 0.426 0.5931245965778851
vt 0.426 0.6034745076412641
vt 0.426 0.6098479514051618
vt 0.426 0.612
vt 0.426 0.6098479514051618
vt 0.426 0.6034745076412641
vt 0.426 0.5931245965778851
vt 0.426 0.5791959594928934
vt 0.426 0.5622238660981954
vt 0.426 0.5428605444248901
vt 0.426 0.5218501160658064
vt 0.426 0.5
vt 0.426 0.4781498839341936
vt 0.426 0.45713945557510993
vt 0.426 0.4377761339018046
vt 0.426 0.4208040405071067
vt 0.426 0.4068754034221149
vt 0.426 0.3965254923587359
vt 0.426 0.3901520485948382
vt 0.426 0.388
vt 0.426 0.3901520485948382
vt 0.426 0.3965254923587359
vt 0.426 0.4068754034221149
vt 0.426 0.4208040405071066
vt 0.426 0.43777613390180453
vt 0.426 0.4571394555751099
vt 0.426 0.47814988393419355
vt 0.43 0.5
vt 0.43 0.5202893934896773
vt 0.43 0.5397990769659693
vt 0.43 0.5577793042340387
vt 0.43 0.5735391052434009
vt 0.43 0.5864728396794647
vt 0.43 0.5960834713811738
vt 0.43 0.602001669161936
vt 0.43 0.604
vt 0.43 0.602001669161936
vt 0.43 0.5960834713811738
vt 0.43 0.5864728396794647
vt 0.43 0.5735391052434009
vt 0.43 0.5577793042340387
vt 0.43 0.5397990769659693
vt 0.43 0.5202893934896774
vt 0.43 0.5
vt 0.43 0.47971060651032266
vt 0.43 0.4602009230340307
vt 0.43 0.4422206957659614
vt 0.43 0.4264608947565991
vt 0.43 0.41352716032053527
vt 0.43 0.4039165286188262
vt 0.43 0.397998330838064
vt 0.43 0.396
vt 0.43 0.397998330838064
vt 0.43 0.4039165286188262
vt 0.43 0.41352716032053527
vt 0.43 0.42646089475659904
vt 0.43 0.44222069576596135
vt 0.43 0.4602009230340306
vt 0.43 0.4797106065103226
vt 0.442 0.5
vt 0.442 0.5202893934896773
vt 0.442 0.5397990769659693
vt 0.442 0.5577793042340387
vt 0.442 0.5735391052434009
vt 0.442 0.5864728396794647
vt 0.442 0.5960834713811738
vt 0.442 0.602001669161936
vt 0.442 0.604
vt 0.442 0.602001669161936
vt 0.442 0.5960834713811738
vt 0.442 0.5864728396794647
vt 0.442 0.5735391052434009
vt 0.442 0.5577793042340387
vt 0.442 0.5397990769659693
vt 0.442 0.5202893934896774
vt 0.442 0.5
vt 0.442 0.47971060651032266
vt 0.442 0.4602009230340307
vt 0.442 0.4422206957659614
vt 0.442 0.4264608947565991
vt 0.442 0.41352716032053527
vt 0.442 0.4039165286188262
vt 0.442 0.397998330838064
vt 0.442 0.396
vt 0.442 0.397998330838064
vt 0.442 0.4039165286188262
vt 0.442 0.41352716032053527
vt 0.442 0.42646089475659904
vt 0.442 0.44222069576596135
vt 0.442 0.4602009230340306
vt 0.442 0.4797106065103226
vt 0.446 0.5
vt 0.446 0.5218501160658063
vt 0.446 0.5428605444248901
vt 0.446 0.5622238660981954
vt 0.446 0.5791959594928933
vt 0.446 0.5931245965778851
vt 0.446 0.6034745076412641
vt 0.446 0.6098479514051618
vt 0.446 0.612
vt 0.446 0.6098479514051618
vt 0.446 0.6034745076412641
vt 0.446 0.5931245965778851
vt 0.446 0.5791959594928934
vt 0.446 0.5622238660981954
vt 0.446 0.5428605444248901
vt 0.446 0.5218501160658064
vt 0.446 0.5
vt 0.446 0.4781498839341936
vt 0.446 0.45713945557510993
vt 0.446 0.4377761339018046
vt 0.446 0.4208040405071067
vt 0.446 0.4068754034221149
vt 0.446 0.3965254923587359
vt 0.446 0.3901520485948382
vt 0.446 0.388
vt 0.446 0.3901520485948382
vt 0.446 0.3965254923587359
vt 0.446 0.4068754034221149
vt 0.446 0.4208040405071066
vt 0.446 0.43777613390180453
vt 0.446 0.4571394555751099
vt 0.446 0.47814988393419355
vt 0.452 0.5
vt 0.452 0.5218501160658063
vt 0.452 0.5428605444248901
vt 0.452 0.5622238660981954
vt 0.452 0.5791959594928933
vt 0.452 0.5931245965778851
vt 0.452 0.6034745076412641
vt 0.452 0.6098479514051618
vt 0.452 0.612
vt 0.452 0.6098479514051618
vt 0.452 0.6034745076412641
vt 0.452 0.5931245965778851
vt 0.452 0.5791959594928934
vt 0.452 0.5622238660981954
vt 0.452 0.5428605444248901
vt 0.452 0.5218501160658064
vt 0.452 0.5
vt 0.452 0.4781498839341936
vt 0.452 0.45713945557510993
vt 0.452 0.4377761339018046
vt 0.452 0.4208040405071067
vt 0.452 0.4068754034221149
vt 0.452 0.3965254923587359
vt 0.452 0.3901520485948382
vt 0.452 0.388
vt 0.452 0.3901520485948382
vt 0.452 0.3965254923587359
vt 0.452 0.4068754034221149
vt 0.452 0.4208040405071066
vt 0.452 0.43777613390180453
vt 0.452 0.4571394555751099
vt 0.452 0.47814988393419355
vt 0.45599999999999996 0.5
vt 0.45599999999999996 0.5202893934896773
vt 0.45599999999999996 0.5397990769659693
vt 0.45599999999999996 0.5577793042340387
vt 0.45599999999999996 0.5735391052434009
vt 0.45599999999999996 0.5864728396794647
vt 0.45599999999999996 0.5960834713811738
vt 0.45599999999999996 0.602001669161936
vt 0.45599999999999996 0.604
vt 0.45599999999999996 0.602001669161936
vt 0.45599999999999996 0.5960834713811738
vt 0.45599999999999996 0.5864728396794647
vt 0.45599999999999996 0.5735391052434009
vt 0.45599999999999996 0.5577793042340387
vt 0.45599999999999996 0.5397990769659693
vt 0.45599999999999996 0.5202893934896774
vt 0.45599999999999996 0.5
vt 0.45599999999999996 0.47971060651032266
vt 0.45599999999999996 0.4602009230340307
vt 0.45599999999999996 0.4422206957659614
vt 0.45599999999999996 0.4264608947565991
vt 0.45599999999999996 0.41352716032053527
vt 0.45599999999999996 0.4039165286188262
vt 0.45599999999999996 0.397998330838064
vt 0.45599999999999996 0.396
vt 0.45599999999999996 0.397998330838064
vt 0.45599999999999996 0.4039165286188262
vt 0.45599999999999996 0.41352716032053527
vt 0.45599999999999996 0.42646089475659904
vt 0.45599999999999996 0.44222069576596135
vt 0.45599999999999996 0.4602009230340306
vt 0.45599999999999996 0.4797106065103226
vt 0.46799999999999997 0.5
vt 0.46799999999999997 0.5202893934896773
vt 0.46799999999999997 0.5397990769659693
vt 0.46799999999999997 0.5577793042340387
vt 0.46799999999999997 0.5735391052434009
vt 0.46799999999999997 0.5864728396794647
vt 0.46799999999999997 0.5960834713811738
vt 0.46799999999999997 0.602001669161936
vt 0.46799999999999997 0.604
vt 0.46799999999999997 0.602001669161936
vt 0.46799999999999997 0.5960834713811738
vt 0.46799999999999997 0.5864728396794647
vt 0.46799999999999997 0.5735391052434009
vt 0.46799999999999997 0.5577793042340387
vt 0.46799999999999997 0.5397990769659693
vt 0.46799999999999997 0.5202893934896774
vt 0.46799999999999997 0.5
vt 0.46799999999999997 0.47971060651032266
vt 0.46799999999999997 0.4602009230340307
vt 0.46799999999999997 0.4422206957659614
vt 0.46799999999999997 0.4264608947565991
vt 0.46799999999999997 0.41352716032053527
vt 0.46799999999999997 0.4039165286188262
vt 0.46799999999999997 0.397998330838064
vt 0.46799999999999997 0.396
vt 0.46799999999999997 0.397998330838064
vt 0.46799999999999997 0.4039165286188262
vt 0.46799999999999997 0.41352716032053527
vt 0.46799999999999997 0.42646089475659904
vt 0.46799999999999997 0.44222069576596135
vt 0.46799999999999997 0.4602009230340306
vt 0.46799999999999997 0.4797106065103226
vt 0.472 0.5
vt 0.472 0.5218501160658063
vt 0.472 0.5428605444248901
vt 0.472 0.5622238660981954
vt 0.472 0.5791959594928933
vt 0.472 0.5931245965778851
vt 0.472 0.6034745076412641
vt 0.472 0.6098479514051618
vt 0.472 0.612
vt 0.472 0.6098479514051618
vt 0.472 0.6034745076412641
vt 0.472 0.5931245965778851
vt 0.472 0.5791959594928934
vt 0.472 0.5622238660981954
vt 0.472 0.5428605444248901
vt 0.472 0.5218501160658064
vt 0.472 0.5
vt 0.472 0.4781498839341936
vt 0.472 0.45713945557510993
vt 0.472 0.4377761339018046
vt 0.472 0.4208040405071067
vt 0.472 0.4068754034221149
vt 0.472 0.3965254923587359
vt 0.472 0.3901520485948382
vt 0.472 0.388
vt 0.472 0.3901520485948382
vt 0.472 0.3965254923587359
vt 0.472 0.4068754034221149
vt 0.472 0.4208040405071066
vt 0.472 0.43777613390180453
vt 0.472 0.4571394555751099
vt 0.472 0.47814988393419355
vt 0.478 0.5
vt 0.478 0.5218501160658063
vt 0.478 0.5428605444248901
vt 0.478 0.5622238660981954
vt 0.478 0.5791959594928933
vt 0.478 0.5931245965778851
vt 0.478 0.6034745076412641
vt 0.478 0.6098479514051618
vt 0.478 0.612
vt 0.478 0.6098479514051618
vt 0.478 0.6034745076412641
vt 0.478 0.5931245965778851
vt 0.478 0.5791959594928934
vt 0.478 0.5622238660981954
vt 0.478 0.5428605444248901
vt 0.478 0.5218501160658064
vt 0.478 0.5
vt 0.478 0.4781498839341936
vt 0.478 0.45713945557510993
vt 0.478 0.4377761339018046
vt 0.478 0.4208040405071067
vt 0.478 0.4068754034221149
vt 0.478 0.3965254923587359
vt 0.478 0.3901520485948382
vt 0.478 0.388
vt 0.478 0.3901520485948382
vt 0.478 0.3965254923587359
vt 0.478 0.4068754034221149
vt 0.478 0.4208040405071066
vt 0.478 0.43777613390180453
vt 0.478 0.4571394555751099
vt 0.478 0.47814988393419355
vt 0.482 0.5
vt 0.482 0.5202893934896773
vt 0.482 0.5397990769659693
vt 0.482 0.5577793042340387
vt 0.482 0.5735391052434009
vt 0.482 0.5864728396794647
vt 0.482 0.5960834713811738
vt 0.482 0.602001669161936
vt 0.482 0.604
vt 0.482 0.602001669161936
vt 0.482 0.5960834713811738
vt 0.482 0.5864728396794647
vt 0.482 0.5735391052434009
vt 0.482 0.5577793042340387
vt 0.482 0.5397990769659693
vt 0.482 0.5202893934896774
vt 0.482 0.5
vt 0.482 0.47971060651032266
vt 0.482 0.4602009230340307
vt 0.482 0.4422206957659614
vt 0.482 0.4264608947565991
vt 0.482 0.41352716032053527
vt 0.482 0.4039165286188262
vt 0.482 0.397998330838064
vt 0.482 0.396
vt 0.482 0.397998330838064
vt 0.482 0.4039165286188262
vt 0.482 0.41352716032053527
vt 0.482 0.42646089475659904
vt 0.482 0.44222069576596135
vt 0.482 0.4602009230340306
vt 0.482 0.4797106065103226
vt 0.494 0.5
vt 0.494 0.5202893934896773
vt 0.494 0.5397990769659693
vt 0.494 0.5577793042340387
vt 0.494 0.5735391052434009
vt 0.494 0.5864728396794647
vt 0.494 0.5960834713811738
vt 0.494 0.602001669161936
vt 0.494 0.604
vt 0.494 0.602001669161936
vt 0.494 0.5960834713811738
vt 0.494 0.5864728396794647
vt 0.494 0.5735391052434009
vt 0.494 0.5577793042340387
vt 0.494 0.5397990769659693
vt 0.494 0.5202893934896774
vt 0.494 0.5
vt 0.494 0.47971060651032266
vt 0.494 0.4602009230340307
vt 0.494 0.4422206957659614
vt 0.494 0.4264608947565991
vt 0.494 0.41352716032053527
vt 0.494 0.4039165286188262
vt 0.494 0.397998330838064
vt 0.494 0.396
vt 0.494 0.397998330838064
vt 0.494 0.4039165286188262
vt 0.494 0.41352716032053527
vt 0.494 0.42646089475659904
vt 0.494 0.44222069576596135
vt 0.494 0.4602009230340306
vt 0.494 0.4797106065103226
vt 0.498 0.5
vt 0.498 0.5218501160658063
vt 0.498 0.5428605444248901
vt 0.498 0.5622238660981954
vt 0.498 0.5791959594928933
vt 0.498 0.5931245965778851
vt 0.498 0.6034745076412641
vt 0.498 0.6098479514051618
vt 0.498 0.612
vt 0.498 0.6098479514051618
vt 0.498 0.6034745076412641
vt 0.498 0.5931245965778851
vt 0.498 0.5791959594928934
vt 0.498 0.5622238660981954
vt 0.498 0.5428605444248901
vt 0.498 0.5218501160658064
vt 0.498 0.5
vt 0.498 0.4781498839341936
vt 0.498 0.45713945557510993
vt 0.498 0.4377761339018046
vt 0.498 0.4208040405071067
vt 0.498 0.4068754034221149
vt 0.498 0.3965254923587359
vt 0.498 0.3901520485948382
vt 0.498 0.388
vt 0.498 0.3901520485948382
vt 0.498 0.3965254923587359
vt 0.498 0.4068754034221149
vt 0.498 0.4208040405071066
vt 0.498 0.43777613390180453
vt 0.498 0.4571394555751099
vt 0.498 0.47814988393419355
vt 0.504 0.5
vt 0.504 0.5218501160658063
vt 0.504 0.5428605444248901
vt 0.504 0.5622238660981954
vt 0.504 0.5791959594928933
vt 0.504 0.5931245965778851
vt 0.504 0.6034745076412641
vt 0.504 0.6098479514051618
vt 0.504 0.612
vt 0.504 0.6098479514051618
vt 0.504 0.6034745076412641
vt 0.504 0.5931245965778851
vt 0.504 0.5791959594928934
vt 0.504 0.5622238660981954
vt 0.504 0.5428605444248901
vt 0.504 0.5218501160658064
vt 0.504 0.5
vt 0.504 0.4781498839341936
vt 0.504 0.45713945557510993
vt 0.504 0.4377761339018046
vt 0.504 0.4208040405071067
vt 0.504 0.4068754034221149
vt 0.504 0.3965254923587359
vt 0.504 0.3901520485948382
vt 0.504 0.388
vt 0.504 0.3901520485948382
vt 0.504 0.3965254923587359
vt 0.504 0.4068754034221149
vt 0.504 0.4208040405071066
vt 0.504 0.43777613390180453
vt 0.504 0.4571394555751099
vt 0.504 0.47814988393419355
vt 0.508 0.5
vt 0.508 0.5202893934896773
vt 0.508 0.5397990769659693
vt 0.508 0.5577793042340387
vt 0.508 0.5735391052434009
vt 0.508 0.5864728396794647
vt 0.508 0.5960834713811738
vt 0.508 0.602001669161936
vt 0.508 0.604
vt 0.508 0.602001669161936
vt 0.508 0.5960834713811738
vt 0.508 0.5864728396794647
vt 0.508 0.5735391052434009
vt 0.508 0.5577793042340387
vt 0.508 0.5397990769659693
vt 0.508 0.5202893934896774
vt 0.508 0.5
vt 0.508 0.47971060651032266
vt 0.508 0.4602009230340307
vt 0.508 0.4422206957659614
vt 0.508 0.4264608947565991
vt 0.508 0.41352716032053527
vt 0.508 0.4039165286188262
vt 0.508 0.397998330838064
vt 0.508 0.396
vt 0.508 0.397998330838064
vt 0.508 0.4039165286188262
vt 0.508 0.41352716032053527
vt 0.508 0.42646089475659904
vt 0.508 0.44222069576596135
vt 0.508 0.4602009230340306
vt 0.508 0.4797106065103226
vt 0.52 0.5
vt 0.52 0.5202893934896773
vt 0.52 0.5397990769659693
vt 0.52 0.5577793042340387
vt 0.52 0.5735391052434009
vt 0.52 0.5864728396794647
vt 0.52 0.5960834713811738
vt 0.52 0.602001669161936
vt 0.52 0.604
vt 0.52 0.602001669161936
vt 0.52 0.5960834713811738
vt 0.52 0.5864728396794647
vt 0.52 0.5735391052434009
vt 0.52 0.5577793042340387
vt 0.52 0.5397990769659693
vt 0.52 0.5202893934896774
vt 0.52 0.5
vt 0.52 0.47971060651032266
vt 0.52 0.4602009230340307
vt 0.52 0.4422206957659614
vt 0.52 0.4264608947565991
vt 0.52 0.41352716032053527
vt 0.52 0.4039165286188262
vt 0.52 0.397998330838064
vt 0.52 0.396
vt 0.52 0.397998330838064
vt 0.52 0.4039165286188262
vt 0.52 0.41352716032053527
vt 0.52 0.42646089475659904
vt 0.52 0.44222069576596135
vt 0.52 0.4602009230340306
vt 0.52 0.4797106065103226
vt 0.524 0.5
vt 0.524 0.5218501160658063
vt 0.524 0.5428605444248901
vt 0.524 0.5622238660981954
vt 0.524 0.5791959594928933
vt 0.524 0.5931245965778851
vt 0.524 0.6034745076412641
vt 0.524 0.6098479514051618
vt 0.524 0.612
vt 0.524 0.6098479514051618
vt 0.524 0.6034745076412641
vt 0.524 0.5931245965778851
vt 0.524 0.5791959594928934
vt 0.524 0.5622238660981954
vt 0.524 0.5428605444248901
vt 0.524 0.5218501160658064
vt 0.524 0.5
vt 0.524 0.4781498839341936
vt 0.524 0.45713945557510993
vt 0.524 0.4377761339018046
vt 0.524 0.4208040405071067
vt 0.524 0.4068754034221149
vt 0.524 0.3965254923587359
vt 0.524 0.3901520485948382
vt 0.524 0.388
vt 0.524 0.3901520485948382
vt 0.524 0.3965254923587359
vt 0.524 0.4068754034221149
vt 0.524 0.4208040405071066
vt 0.524 0.43777613390180453
vt 0.524 0.4571394555751099
vt 0.524 0.47814988393419355
vt 0.53 0.5
vt 0.53 0.5218501160658063
vt 0.53 0.5428605444248901
vt 0.53 0.5622238660981954
vt 0.53 0.5791959594928933
vt 0.53 0.5931245965778851
vt 0.53 0.6034745076412641
vt 0.53 0.6098479514051618
vt 0.53 0.612
vt 0.53 0.6098479514051618
vt 0.53 0.6034745076412641
vt 0.53 0.5931245965778851
vt 0.53 0.5791959594928934
vt 0.53 0.5622238660981954
vt 0.53 0.5428605444248901
vt 0.53 0.5218501160658064
vt 0.53 0.5
vt 0.53 0.4781498839341936
vt 0.53 0.45713945557510993
vt 0.53 0.4377761339018046
vt 0.53 0.4208040405071067
vt 0.53 0.4068754034221149
vt 0.53 0.3965254923587359
vt 0.53 0.3901520485948382
vt 0.53 0.388
vt 0.53 0.3901520485948382
vt 0.53 0.3965254923587359
vt 0.53 0.4068754034221149
vt 0.53 0.4208040405071066
vt 0.53 0.43777613390180453
vt 0.53 0.4571394555751099
vt 0.53 0.47814988393419355
vt 0.534 0.5
vt 0.534 0.5202893934896773
vt 0.534 0.5397990769659693
vt 0.534 0.5577793042340387
vt 0.534 0.5735391052434009
vt 0.534 0.5864728396794647
vt 0.534 0.5960834713811738
vt 0.534 0.602001669161936
vt 0.534 0.604
vt 0.534 0.602001669161936
vt 0.534 0.5960834713811738
vt 0.534 0.5864728396794647
vt 0.534 0.5735391052434009
vt 0.534 0.5577793042340387
vt 0.534 0.5397990769659693
vt 0.534 0.5202893934896774
vt 0.534 0.5
vt 0.534 0.47971060651032266
vt 0.534 0.4602009230340307
vt 0.534 0.4422206957659614
vt 0.534 0.4264608947565991
vt 0.534 0.41352716032053527
vt 0.534 0.4039165286188262
vt 0.534 0.397998330838064
vt 0.534 0.396
vt 0.534 0.397998330838064
vt 0.534 0.4039165286188262
vt 0.534 0.41352716032053527
vt 0.534 0.42646089475659904
vt 0.534 0.44222069576596135
vt 0.534 0.4602009230340306
vt 0.534 0.4797106065103226
vt 0.546 0.5
vt 0.546 0.5202893934896773
vt 0.546 0.5397990769659693
vt 0.546 0.5577793042340387
vt 0.546 0.5735391052434009
vt 0.546 0.5864728396794647
vt 0.546 0.5960834713811738
vt 0.546 0.602001669161936
vt 0.546 0.604
vt 0.546 0.602001669161936
vt 0.546 0.5960834713811738
vt 0.546 0.5864728396794647
vt 0.546 0.5735391052434009
vt 0.546 0.5577793042340387
vt 0.546 0.5397990769659693
vt 0.546 0.5202893934896774
vt 0.546 0.5
vt 0.546 0.47971060651032266
vt 0.546 0.4602009230340307
vt 0.546 0.4422206957659614
vt 0.546 0.4264608947565991
vt 0.546 0.41352716032053527
vt 0.546 0.4039165286188262
vt 0.546 0.397998330838064
vt 0.546 0.396
vt 0.546 0.397998330838064
vt 0.546 0.4039165286188262
vt 0.546 0.41352716032053527
vt 0.546 0.42646089475659904
vt 0.546 0.44222069576596135
vt 0.546 0.4602009230340306
vt 0.546 0.4797106065103226
vt 0.55 0.5
vt 0.55 0.5218501160658063
vt 0.55 0.5428605444248901
vt 0.55 0.5622238660981954
vt 0.55 0.5791959594928933
vt 0.55 0.5931245965778851
vt 0.55 0.6034745076412641
vt 0.55 0.6098479514051618
vt 0.55 0.612
vt 0.55 0.6098479514051618
vt 0.55 0.6034745076412641
vt 0.55 0.5931245965778851
vt 0.55 0.5791959594928934
vt 0.55 0.5622238660981954
vt 0.55 0.5428605444248901
vt 0.55 0.5218501160658064
vt 0.55 0.5
vt 0.55 0.4781498839341936
vt 0.55 0.45713945557510993
vt 0.55 0.4377761339018046
vt 0.55 0.4208040405071067
vt 0.55 0.4068754034221149
vt 0.55 0.3965254923587359
vt 0.55 0.3901520485948382
vt 0.55 0.388
vt 0.55 0.3901520485948382
vt 0.55 0.3965254923587359
vt 0.55 0.4068754034221149
vt 0.55 0.4208040405071066
vt 0.55 0.43777613390180453
vt 0.55 0.4571394555751099
vt 0.55 0.47814988393419355
vt 0.5559999999999999 0.5
vt 0.5559999999999999 0.5218501160658063
vt 0.5559999999999999 0.5428605444248901
vt 0.5559999999999999 0.5622238660981954
vt 0.5559999999999999 0.5791959594928933
vt 0.5559999999999999 0.5931245965778851
vt 0.5559999999999999 0.6034745076412641
vt 0.5559999999999999 0.6098479514051618
vt 0.5559999999999999 0.612
vt 0.5559999999999999 0.6098479514051618
vt 0.5559999999999999 0.6034745076412641
vt 0.5559999999999999 0.5931245965778851
vt 0.5559999999999999 0.5791959594928934
vt 0.5559999999999999 0.5622238660981954
vt 0.5559999999999999 0.5428605444248901
vt 0.5559999999999999 0.5218501160658064
vt 0.5559999999999999 0.5
vt 0.5559999999999999 0.4781498839341936
vt 0.5559999999999999 0.45713945557510993
vt 0.5559999999999999 0.4377761339018046
vt 0.5559999999999999 0.4208040405071067
vt 0.5559999999999999 0.4068754034221149
vt 0.5559999999999999 0.3965254923587359
vt 0.5559999999999999 0.3901520485948382
vt 0.5559999999999999 0.388
vt 0.5559999999999999 0.3901520485948382
vt 0.5559999999999999 0.3965254923587359
vt 0.5559999999999999 0.4068754034221149
vt 0.5559999999999999 0.4208040405071066
vt 0.5559999999999999 0.43777613390180453
vt 0.5559999999999999 0.4571394555751099
vt 0.5559999999999999 0.47814988393419355
vt 0.5599999999999999 0.5
vt 0.5599999999999999 0.5202893934896773
vt 0.5599999999999999 0.5397990769659693
vt 0.5599999999999999 0.5577793042340387
vt 0.5599999999999999 0.5735391052434009
vt 0.5599999999999999 0.5864728396794647
vt 0.5599999999999999 0.5960834713811738
vt 0.5599999999999999 0.602001669161936
vt 0.5599999999999999 0.604
vt 0.5599999999999999 0.602001669161936
vt 0.5599999999999999 0.5960834713811738
vt 0.5599999999999999 0.5864728396794647
vt 0.5599999999999999 0.5735391052434009
vt 0.5599999999999999 0.5577793042340387
vt 0.5599999999999999 0.5397990769659693
vt 0.5599999999999999 0.5202893934896774
vt 0.5599999999999999 0.5
vt 0.5599999999999999 0.47971060651032266
vt 0.5599999999999999 0.4602009230340307
vt 0.5599999999999999 0.4422206957659614
vt 0.5599999999999999 0.4264608947565991
vt 0.5599999999999999 0.41352716032053527
vt 0.5599999999999999 0.4039165286188262
vt 0.5599999999999999 0.397998330838064
vt 0.5599999999999999 0.396
vt 0.5599999999999999 0.397998330838064
vt 0.5599999999999999 0.4039165286188262
vt 0.5599999999999999 0.41352716032053527
vt 0.5599999999999999 0.42646089475659904
vt 0.5599999999999999 0.44222069576596135
vt 0.5599999999999999 0.4602009230340306
vt 0.5599999999999999 0.4797106065103226
vt 0.572 0.5
vt 0.572 0.5202893934896773
vt 0.572 0.5397990769659693
vt 0.572 0.5577793042340387
vt 0.572 0.5735391052434009
vt 0.572 0.5864728396794647
vt 0.572 0.5960834713811738
vt 0.572 0.602001669161936
vt 0.572 0.604
vt 0.572 0.602001669161936
vt 0.572 0.5960834713811738
vt 0.572 0.5864728396794647
vt 0.572 0.5735391052434009
vt 0.572 0.5577793042340387
vt 0.572 0.5397990769659693
vt 0.572 0.5202893934896774
vt 0.572 0.5
vt 0.572 0.47971060651032266
vt 0.572 0.4602009230340307
vt 0.572 0.4422206957659614
vt 0.572 0.4264608947565991
vt 0.572 0.41352716032053527
vt 0.572 0.4039165286188262
vt 0.572 0.397998330838064
vt 0.572 0.396
vt 0.572 0.397998330838064
vt 0.572 0.4039165286188262
vt 0.572 0.41352716032053527
vt 0.572 0.42646089475659904
vt 0.572 0.44222069576596135
vt 0.572 0.4602009230340306
vt 0.572 0.4797106065103226
vt 0.576 0.5
vt 0.576 0.5218501160658063
vt 0.576 0.5428605444248901
vt 0.576 0.5622238660981954
vt 0.576 0.5791959594928933
vt 0.576 0.5931245965778851
vt 0.576 0.6034745076412641
vt 0.576 0.6098479514051618
vt 0.576 0.612
vt 0.576 0.6098479514051618
vt 0.576 0.6034745076412641
vt 0.576 0.5931245965778851
vt 0.576 0.5791959594928934
vt 0.576 0.5622238660981954
vt 0.576 0.5428605444248901
vt 0.576 0.5218501160658064
vt 0.576 0.5
vt 0.576 0.4781498839341936
vt 0.576 0.45713945557510993
vt 0.576 0.4377761339018046
vt 0.576 0.4208040405071067
vt 0.576 0.4068754034221149
vt 0.576 0.3965254923587359
vt 0.576 0.3901520485948382
vt 0.576 0.388
vt 0.576 0.3901520485948382
vt 0.576 0.3965254923587359
vt 0.576 0.4068754034221149
vt 0.576 0.4208040405071066
vt 0.576 0.43777613390180453
vt 0.576 0.4571394555751099
vt 0.576 0.47814988393419355
vt 0.582 0.5
vt 0.582 0.5218501160658063
vt 0.582 0.5428605444248901
vt 0.582 0.5622238660981954
vt 0.582 0.5791959594928933
vt 0.582 0.5931245965778851
vt 0.582 0.6034745076412641
vt 0.582 0.6098479514051618
vt 0.582 0.612
vt 0.582 0.6098479514051618
vt 0.582 0.6034745076412641
vt 0.582 0.5931245965778851
vt 0.582 0.5791959594928934
vt 0.582 0.5622238660981954
vt 0.582 0.5428605444248901
vt 0.582 0.5218501160658064
vt 0.582 0.5
vt 0.582 0.4781498839341936
vt 0.582 0.45713945557510993
vt 0.582 0.4377761339018046
vt 0.582 0.4208040405071067
vt 0.582 0.4068754034221149
vt 0.582 0.3965254923587359
vt 0.582 0.3901520485948382
vt 0.582 0.388
vt 0.582 0.3901520485948382
vt 0.582 0.3965254923587359
vt 0.582 0.4068754034221149
vt 0.582 0.4208040405071066
vt 0.582 0.43777613390180453
vt 0.582 0.4571394555751099
vt 0.582 0.47814988393419355
vt 0.586 0.5
vt 0.586 0.5202893934896773
vt 0.586 0.5397990769659693
vt 0.586 0.5577793042340387
vt 0.586 0.5735391052434009
vt 0.586 0.5864728396794647
vt 0.586 0.5960834713811738
vt 0.586 0.602001669161936
vt 0.586 0.604
vt 0.586 0.602001669161936
vt 0.586 0.5960834713811738
vt 0.586 0.5864728396794647
vt 0.586 0.5735391052434009
vt 0.586 0.5577793042340387
vt 0.586 0.5397990769659693
vt 0.586 0.5202893934896774
vt 0.586 0.5
vt 0.586 0.47971060651032266
vt 0.586 0.4602009230340307
vt 0.586 0.4422206957659614
vt 0.586 0.4264608947565991
vt 0.586 0.41352716032053527
vt 0.586 0.4039165286188262
vt 0.586 0.397998330838064
vt 0.586 0.396
vt 0.586 0.397998330838064
vt 0.586 0.4039165286188262
vt 0.586 0.41352716032053527
vt 0.586 0.42646089475659904
vt 0.586 0.44222069576596135
vt 0.586 0.4602009230340306
vt 0.586 0.4797106065103226
vt 0.598 0.5
vt 0.598 0.5202893934896773
vt 0.598 0.5397990769659693
vt 0.598 0.5577793042340387
vt 0.598 0.5735391052434009
vt 0.598 0.5864728396794647
vt 0.598 0.5960834713811738
vt 0.598 0.602001669161936
vt 0.598 0.604
vt 0.598 0.602001669161936
vt 0.598 0.5960834713811738
vt 0.598 0.5864728396794647
vt 0.598 0.5735391052434009
vt 0.598 0.5577793042340387
vt 0.598 0.5397990769659693
vt 0.598 0.5202893934896774
vt 0.598 0.5
vt 0.598 0.47971060651032266
vt 0.598 0.4602009230340307
vt 0.598 0.4422206957659614
vt 0.598 0.4264608947565991
vt 0.598 0.41352716032053527
vt 0.598 0.4039165286188262
vt 0.598 0.397998330838064
vt 0.598 0.396
vt 0.598 0.397998330838064
vt 0.598 0.4039165286188262
vt 0.598 0.41352716032053527
vt 0.598 0.42646089475659904
vt 0.598 0.44222069576596135
vt 0.598 0.4602009230340306
vt 0.598 0.4797106065103226
vt 0.602 0.5
vt 0.602 0.5218501160658063
vt 0.602 0.5428605444248901
vt 0.602 0.5622238660981954
vt 0.602 0.5791959594928933
vt 0.602 0.5931245965778851
vt 0.602 0.6034745076412641
vt 0.602 0.6098479514051618
vt 0.602 0.612
vt 0.602 0.6098479514051618
vt 0.602 0.6034745076412641
vt 0.602 0.5931245965778851
vt 0.602 0.5791959594928934
vt 0.602 0.5622238660981954
vt 0.602 0.5428605444248901
vt 0.602 0.5218501160658064
vt 0.602 0.5
vt 0.602 0.4781498839341936
vt 0.602 0.45713945557510993
vt 0.602 0.4377761339018046
vt 0.602 0.4208040405071067
vt 0.602 0.4068754034221149
vt 0.602 0.3965254923587359
vt 0.602 0.3901520485948382
vt 0.602 0.388
vt 0.602 0.3901520485948382
vt 0.602 0.3965254923587359
vt 0.602 0.4068754034221149
vt 0.602 0.4208040405071066
vt 0.602 0.43777613390180453
vt 0.602 0.4571394555751099
vt 0.602 0.47814988393419355
vt 0.608 0.5
vt 0.608 0.5218501160658063
vt 0.608 0.5428605444248901
vt 0.608 0.5622238660981954
vt 0.608 0.5791959594928933
vt 0.608 0.5931245965778851
vt 0.608 0.6034745076412641
vt 0.608 0.6098479514051618
vt 0.608 0.612
vt 0.608 0.6098479514051618
vt 0.608 0.6034745076412641
vt 0.608 0.5931245965778851
vt 0.608 0.5791959594928934
vt 0.608 0.5622238660981954
vt 0.608 0.5428605444248901
vt 0.608 0.5218501160658064
vt 0.608 0.5
vt 0.608 0.4781498839341936
vt 0.608 0.45713945557510993
vt 0.608 0.4377761339018046
vt 0.608 0.4208040405071067
vt 0.608 0.4068754034221149
vt 0.608 0.3965254923587359
vt 0.608 0.3901520485948382
vt 0.608 0.388
vt 0.608 0.3901520485948382
vt 0.608 0.3965254923587359
vt 0.608 0.4068754034221149
vt 0.608 0.4208040405071066
vt 0.608 0.43777613390180453
vt 0.608 0.4571394555751099
vt 0.608 0.47814988393419355
vt 0.612 0.5
vt 0.612 0.5202893934896773
vt 0.612 0.5397990769659693
vt 0.612 0.5577793042340387
vt 0.612 0.5735391052434009
vt 0.612 0.5864728396794647
vt 0.612 0.5960834713811738
vt 0.612 0.602001669161936
vt 0.612 0.604
vt 0.612 0.602001669161936
vt 0.612 0.5960834713811738
vt 0.612 0.5864728396794647
vt 0.612 0.5735391052434009
vt 0.612 0.5577793042340387
vt 0.612 0.5397990769659693
vt 0.612 0.5202893934896774
vt 0.612 0.5
vt 0.612 0.47971060651032266
vt 0.612 0.4602009230340307
vt 0.612 0.4422206957659614
vt 0.612 0.4264608947565991
vt 0.612 0.41352716032053527
vt 0.612 0.4039165286188262
vt 0.612 0.397998330838064
vt 0.612 0.396
vt 0.612 0.397998330838064
vt 0.612 0.4039165286188262
vt 0.612 0.41352716032053527
vt 0.612 0.42646089475659904
vt 0.612 0.44222069576596135
vt 0.612 0.4602009230340306
vt 0.612 0.4797106065103226
vt 0.624 0.5
vt 0.624 0.5202893934896773
vt 0.624 0.5397990769659693
vt 0.624 0.5577793042340387
vt 0.624 0.5735391052434009
vt 0.624 0.5864728396794647
vt 0.624 0.5960834713811738
vt 0.624 0.602001669161936
vt 0.624 0.604
vt 0.624 0.602001669161936
vt 0.624 0.5960834713811738
vt 0.624 0.5864728396794647
vt 0.624 0.5735391052434009
vt 0.624 0.5577793042340387
vt 0.624 0.5397990769659693
vt 0.624 0.5202893934896774
vt 0.624 0.5
vt 0.624 0.47971060651032266
vt 0.624 0.4602009230340307
vt 0.624 0.4422206957659614
vt 0.624 0.4264608947565991
vt 0.624 0.41352716032053527
vt 0.624 0.4039165286188262
vt 0.624 0.397998330838064
vt 0.624 0.396
vt 0.624 0.397998330838064
vt 0.624 0.4039165286188262
vt 0.624 0.41352716032053527
vt 0.624 0.42646089475659904
vt 0.624 0.44222069576596135
vt 0.624 0.4602009230340306
vt 0.624 0.4797106065103226
vt 0.628 0.5
vt 0.628 0.5218501160658063
vt 0.628 0.5428605444248901
vt 0.628 0.5622238660981954
vt 0.628 0.5791959594928933
vt 0.628 0.5931245965778851
vt 0.628 0.6034745076412641
vt 0.628 0.6098479514051618
vt 0.628 0.612
vt 0.628 0.6098479514051618
vt 0.628 0.6034745076412641
vt 0.628 0.5931245965778851
vt 0.628 0.5791959594928934
vt 0.628 0.5622238660981954
vt 0.628 0.5428605444248901
vt 0.628 0.5218501160658064
vt 0.628 0.5
vt 0.628 0.4781498839341936
vt 0.628 0.45713945557510993
vt 0.628 0.4377761339018046
vt 0.628 0.4208040405071067
vt 0.628 0.4068754034221149
vt 0.628 0.3965254923587359
vt 0.628 0.3901520485948382
vt 0.628 0.388
vt 0.628 0.3901520485948382
vt 0.628 0.3965254923587359
vt 0.628 0.4068754034221149
vt 0.628 0.4208040405071066
vt 0.628 0.43777613390180453
vt 0.628 0.4571394555751099
vt 0.628 0.47814988393419355
vt 0.634 0.5
vt 0.634 0.5218501160658063
vt 0.634 0.5428605444248901
vt 0.634 0.5622238660981954
vt 0.634 0.5791959594928933
vt 0.634 0.5931245965778851
vt 0.634 0.6034745076412641
vt 0.634 0.6098479514051618
vt 0.634 0.612
vt 0.634 0.6098479514051618
vt 0.634 0.6034745076412641
vt 0.634 0.5931245965778851
vt 0.634 0.5791959594928934
vt 0.634 0.5622238660981954
vt 0.634 0.5428605444248901
vt 0.634 0.5218501160658064
vt 0.634 0.5
vt 0.634 0.4781498839341936
vt 0.634 0.45713945557510993
vt 0.634 0.4377761339018046
vt 0.634 0.4208040405071067
vt 0.634 0.4068754034221149
vt 0.634 0.3965254923587359
vt 0.634 0.3901520485948382
vt 0.634 0.388
vt 0.634 0.3901520485948382
vt 0.634 0.3965254923587359
vt 0.634 0.4068754034221149
vt 0.634 0.4208040405071066
vt 0.634 0.43777613390180453
vt 0.634 0.4571394555751099
vt 0.634 0.47814988393419355
vt 0.638 0.5
vt 0.638 0.5202893934896773
vt 0.638 0.5397990769659693
vt 0.638 0.5577793042340387
vt 0.638 0.5735391052434009
vt 0.638 0.5864728396794647
vt 0.638 0.5960834713811738
vt 0.638 0.602001669161936
vt 0.638 0.604
vt 0.638 0.602001669161936
vt 0.638 0.5960834713811738
vt 0.638 0.5864728396794647
vt 0.638 0.5735391052434009
vt 0.638 0.5577793042340387
vt 0.638 0.5397990769659693
vt 0.638 0.5202893934896774
vt 0.638 0.5
vt 0.638 0.47971060651032266
vt 0.638 0.4602009230340307
vt 0.638 0.4422206957659614
vt 0.638 0.4264608947565991
vt 0.638 0.41352716032053527
vt 0.638 0.4039165286188262
vt 0.638 0.397998330838064
vt 0.638 0.396
vt 0.638 0.397998330838064
vt 0.638 0.4039165286188262
vt 0.638 0.41352716032053527
vt 0.638 0.42646089475659904
vt 0.638 0.44222069576596135
vt 0.638 0.4602009230340306
vt 0.638 0.4797106065103226
s 1
f 34/34 2/2 1/1
f 33/33 34/34 1/1
f 35/35 3/3 2/2
f 34/34 35/35 2/2
f 36/36 4/4 3/3
f 35/35 36/36 3/3
f 37/37 5/5 4/4
f 36/36 37/37 4/4
f 38/38 6/6 5/5
f 37/37 38/38 5/5
f 39/39 7/7 6/6
f 38/38 39/39 6/6
f 40/40 8/8 7/7
f 39/39 40/40 7/7
f 41/41 9/9 8/8
f 40/40 41/41 8/8
f 42/42 10/10 9/9
f 41/41 42/42 9/9
f 43/43 11/11 10/10
f 42/42 43/43 10/10
f 44/44 12/12 11/11
f 43/43 44/44 11/11
f 45/45 13/13 12/12
f 44/44 45/45 12/12
f 46/46 14/14 13/13
f 45/45 46/46 13/13
f 47/47 15/15 14/14
f 46/46 47/47 14/14
f 48/48 16/16 15/15
f 47/47 48/48 15/15
f 49/49 17/17 16/16
f 48/48 49/49 16/16
f 50/50 18/18 17/17
f 49/49 50/50 17/17
f 51/51 19/19 18/18
f 50/50 51/51 18/18
f 52/52 20/20 19/19
f 51/51 52/52 19/19
f 53/53 21/21 20/20
f 52/52 53/53 20/20
f 54/54 22/22 21/21
f 53/53 54/54 21/21
f 55/55 23/23 22/22
f 54/54 55/55 22/22
f 56/56 24/24 23/23
f 55/55 56/56 23/23
f 57/57 25/25 24/24
f 56/56 57/57 24/24
f 58/58 26/26 25/25
f 57/57 58/58 25/25
f 59/59 27/27 26/26
f 58/58 59/59 26/26
f 60/60 28/28 27/27
f 59/59 60/60 27/27
f 61/61 29/29 28/28
f 60/60 61/61 28/28
f 62/62 30/30 29/29
f 61/61 62/62 29/29
f 63/63 31/31 30/30
f 62/62 63/63 30/30
f 64/64 32/32 31/31
f 63/63 64/64 31/31
f 33/33 1/1 32/32
f 64/64 33/33 32/32
f 66/66 34/34 33/33
f 65/65 66/66 33/33
f 67/67 35/35 34/34
f 66/66 67/67 34/34
f 68/68 36/36 35/35
f 67/67 68/68 35/35
f 69/69 37/37 36/36
f 68/68 69/69 36/36
f 70/70 38/38 37/37
f 69/69 70/70 37/37
f 71/71 39/39 38/38
f 70/70 71/71 38/38
f 72/72 40/40 39/39
f 71/71 72/72 39/39
f 73/73 41/41 40/40
f 72/72 73/73 40/40
f 74/74 42/42 41/41
f 73/73 74/74 41/41
f 75/75 43/43 42/42
f 74/74 75/75 42/42
f 76/76 44/44 43/43
f 75/75 76/76 43/43
f 77/77 45/45 44/44
f 76/76 77/77 44/44
f 78/78 46/46 45/45
f 77/77 78/78 45/45
f 79/79 47/47 46/46
f 78/78 79/79 46/46
f 80/80 48/48 47/47
f 79/79 80/80 47/47
f 81/81 49/49 48/48
f 80/80 81/81 48/48
f 82/82 50/50 49/49
f 81/81 82/82 49/49
f 83/83 51/51 50/50
f 82/82 83/83 50/50
f 84/84 52/52 51/51
f 83/83 84/84 51/51
f 85/85 53/53 52/52
f 84/84 85/85 52/52
f 86/86 54/54 53/53
f 85/85 86/86 53/53
f 87/87 55/55 54/54
f 86/86 87/87 54/54
f 88/88 56/56 55/55
f 87/87 88/88 55/55
f 89/89 57/57 56/56
f 88/88 89/89 56/56
f 90/90 58/58 57/57
f 89/89 90/90 57/57
f 91/91 59/59 58/58
f 90/90 91/91 58/58
f 92/92 60/60 59/59
f 91/91 92/92 59/59
f 93/93 61/61 60/60
f 92/92 93/93 60/60
f 94/94 62/62 61/61
f 93/93 94/94 61/61
f 95/95 63/63 62/62
f 94/94 95/95 62/62
f 96/96 64/64 63/63
f 95/95 96/96 63/63
f 65/65 33/33 64/64
f 96/96 65/65 64/64
f 98/98 66/66 65/65
f 97/97 98/98 65/65
f 99/99 67/67 66/66
f 98/98 99/99 66/66
f 100/100 68/68 67/67
f 99/99 100/100 67/67
f 101/101 69/69 68/68
f 100/100 101/101 68/68
f 102/102 70/70 69/69
f 101/101 102/102 69/69
f 103/103 71/71 70/70
f 102/102 103/103 70/70
f 104/104 72/72 71/71
f 103/103 104/104 71/71
f 105/105 73/73 72/72
f 104/104 105/105 72/72
f 106/106 74/74 73/73
f 105/105 106/106 73/73
f 107/107 75/75 74/74
f 106/106 107/107 74/74
f 108/108 76/76 75/75
f 107/107 108/108 75/75
f 109/109 77/77 76/76
f 108/108 109/109 76/76
f 110/110 78/78 77/77
f 109/109 110/110 77/77
f 111/111 79/79 78/78
f 110/110 111/111 78/78
f 112/112 80/80 79/79
f 111/111 112/112 79/79
f 113/113 81/81 80/80
f 112/112 113/113 80/80
f 114/114 82/82 81/81
f 113/113 114/114 81/81
f 115/115 83/83 82/82
f 114/114 115/115 82/82
f 116/116 84/84 83/83
f 115/115 116/116 83/83
f 117/117 85/85 84/84
f 116/116 117/117 84/84
f 118/118 86/86 85/85
f 117/117 118/118 85/85
f 119/119 87/87 86/86
f 118/118 119/119 86/86
f 120/120 88/88 87/87
f 119/119 120/120 87/87
f 121/121 89/89 88/88
f 120/120 121/121 88/88
f 122/122 90/90 89/89
f 121/121 122/122 89/89
f 123/123 91/91 90/90
f 122/122 123/123 90/90
f 124/124 92/92 91/91
f 123/123 124/124 91/91
f 125/125 93/93 92/92
f 124/124 125/125 92/92
f 126/126 94/94 93/93
f 125/125 126/126 93/93
f 127/127 95/95 94/94
f 126/126 127/127 94/94
f 128/128 96/96 95/95
f 127/127 128/128 95/95
f 97/97 65/65 96/96
f 128/128 97/97 96/96
f 1/1 2/2 129/129
f 98/98 97/97 130/130
f 2/2 3/3 129/129
f 99/99 98/98 130/130
f 3/3 4/4 129/129
f 100/100 99/99 130/130
f 4/4 5/5 129/129
f 101/101 100/100 130/130
f 5/5 6/6 129/129
f 102/102 101/101 130/130
f 6/6 7/7 129/129
f 103/103 102/102 130/130
f 7/7 8/8 129/129
f 104/104 103/103 130/130
f 8/8 9/9 129/129
f 105/105 104/104 130/130
f 9/9 10/10 129/129
f 106/106 105/105 130/130
f 10/10 11/11 129/129
f 107/107 106/106 130/130
f 11/11 12/12 129/129
f 108/108 107/107 130/130
f 12/12 13/13 129/129
f 109/109 108/108 130/130
f 13/13 14/14 129/129
f 110/110 109/109 130/130
f 14/14 15/15 129/129
f 111/111 110/110 130/130
f 15/15 16/16 129/129
f 112/112 111/111 130/130
f 16/16 17/17 129/129
f 113/113 112/112 130/130
f 17/17 18/18 129/129
f 114/114 113/113 130/130
f 18/18 19/19 129/129
f 115/115 114/114 130/130
f 19/19 20/20 129/129
f 116/116 115/115 130/130
f 20/20 21/21 129/129
f 117/117 116/116 130/130
f 21/21 22/22 129/129
f 118/118 117/117 130/130
f 22/22 23/23 129/129
f 119/119 118/118 130/130
f 23/23 24/24 129/129
f 120/120 119/119 130/130
f 24/24 25/25 129/129
f 121/121 120/120 130/130
f 25/25 26/26 129/129
f 122/122 121/121 130/130
f 26/26 27/27 129/129
f 123/123 122/122 130/130
f 27/27 28/28 129/129
f 124/124 123/123 130/130
f 28/28 29/29 129/129
f 125/125 124/124 130/130
f 29/29 30/30 129/129
f 126/126 125/125 130/130
f 30/30 31/31 129/129
f 127/127 126/126 130/130
f 31/31 32/32 129/129
f 128/128 127/127 130/130
f 32/32 1/1 129/129
f 97/97 128/128 130/130
f 164/164 132/132 131/131
f 163/163 164/164 131/131
f 165/165 133/133 132/132
f 164/164 165/165 132/132
f 166/166 134/134 133/133
f 165/165 166/166 133/133
f 167/167 135/135 134/134
f 166/166 167/167 134/134
f 168/168 136/136 135/135
f 167/167 168/168 135/135
f 169/169 137/137 136/136
f 168/168 169/169 136/136
f 170/170 138/138 137/137
f 169/169 170/170 137/137
f 171/171 139/139 138/138
f 170/170 171/171 138/138
f 172/172 140/140 139/139
f 171/171 172/172 139/139
f 173/173 141/141 140/140
f 172/172 173/173 140/140
f 174/174 142/142 141/141
f 173/173 174/174 141/141
f 175/175 143/143 142/142
f 174/174 175/175 142/142
f 176/176 144/144 143/143
f 175/175 176/176 143/143
f 177/177 145/145 144/144
f 176/176 177/177 144/144
f 178/178 146/146 145/145
f 177/177 178/178 145/145
f 179/179 147/147 146/146
f 178/178 179/179 146/146
f 180/180 148/148 147/147
f 179/179 180/180 147/147
f 181/181 149/149 148/148
f 180/180 181/181 148/148
f 182/182 150/150 149/149
f 181/181 182/182 149/149
f 183/183 151/151 150/150
f 182/182 183/183 150/150
f 184/184 152/152 151/151
f 183/183 184/184 151/151
f 185/185 153/153 152/152
f 184/184 185/185 152/152
f 186/186 154/154 153/153
f 185/185 186/186 153/153
f 187/187 155/155 154/154
f 186/186 187/187 154/154
f 188/188 156/156 155/155
f 187/187 188/188 155/155
f 189/189 157/157 156/156
f 188/188 189/189 156/156
f 190/190 158/158 157/157
f 189/189 190/190 157/157
f 191/191 159/159 158/158
f 190/190 191/191 158/158
f 192/192 160/160 159/159
f 191/191 192/192 159/159
f 193/193 161/161 160/160
f 192/192 193/193 160/160
f 194/194 162/162 161/161
f 193/193 194/194 161/161
f 163/163 131/131 162/162
f 194/194 163/163 162/162
f 196/196 164/164 163/163
f 195/195 196/196 163/163
f 197/197 165/165 164/164
f 196/196 197/197 164/164
f 198/198 166/166 165/165
f 197/197 198/198 165/165
f 199/199 167/167 166/166
f 198/198 199/199 166/166
f 200/200 168/168 167/167
f 199/199 200/200 167/167
f 201/201 169/169 168/168
f 200/200 201/201 168/168
f 202/202 170/170 169/169
f 201/201 202/202 169/169
f 203/203 171/171 170/170
f 202/202 203/203 170/170
f 204/204 172/172 171/171
f 203/203 204/204 171/171
f 205/205 173/173 172/172
f 204/204 205/205 172/172
f 206/206 174/174 173/173
f 205/205 206/206 173/173
f 207/207 175/175 174/174
f 206/206 207/207 174/174
f 208/208 176/176 175/175
f 207/207 208/208 175/175
f 209/209 177/177 176/176
f 208/208 209/209 176/176
f 210/210 178/178 177/177
f 209/209 210/210 177/177
f 211/211 179/179 178/178
f 210/210 211/211 178/178
f 212/212 180/180 179/179
f 211/211 212/212 179/179
f 213/213 181/181 180/180
f 212/212 213/213 180/180
f 214/214 182/182 181/181
f 213/213 214/214 181/181
f 215/215 183/183 182/182
f 214/214 215/215 182/182
f 216/216 184/184 183/183
f 215/215 216/216 183/183
f 217/217 185/185 184/184
f 216/216 217/217 184/184
f 218/218 186/186 185/185
f 217/217 218/218 185/185
f 219/219 187/187 186/186
f 218/218 219/219 186/186
f 220/220 188/188 187/187
f 219/219 220/220 187/187
f 221/221 189/189 188/188
f 220/220 221/221 188/188
f 222/222 190/190 189/189
f 221/221 222/222 189/189
f 223/223 191/191 190/190
f 222/222 223/223 190/190
f 224/224 192/192 191/191
f 223/223 224/224 191/191
f 225/225 193/193 192/192
f 224/224 225/225 192/192
f 226/226 194/194 193/193
f 225/225 226/226 193/193
f 195/195 163/163 194/194
f 226/226 195/195 194/194
f 228/228 196/196 195/195
f 227/227 228/228 195/195
f 229/229 197/197 196/196
f 228/228 229/229 196/196
f 230/230 198/198 197/197
f 229/229 230/230 197/197
f 231/231 199/199 198/198
f 230/230 231/231 198/198
f 232/232 200/200 199/199
f 231/231 232/232 199/199
f 233/233 201/201 200/200
f 232/232 233/233 200/200
f 234/234 202/202 201/201
f 233/233 234/234 201/201
f 235/235 203/203 202/202
f 234/234 235/235 202/202
f 236/236 204/204 203/203
f 235/235 236/236 203/203
f 237/237 205/205 204/204
f 236/236 237/237 204/204
f 238/238 206/206 205/205
f 237/237 238/238 205/205
f 239/239 207/207 206/206
f 238/238 239/239 206/206
f 240/240 208/208 207/207
f 239/239 240/240 207/207
f 241/241 209/209 208/208
f 240/240 241/241 208/208
f 242/242 210/210 209/209
f 241/241 242/242 209/209
f 243/243 211/211 210/210
f 242/242 243/243 210/210
f 244/244 212/212 211/211
f 243/243 244/244 211/211
f 245/245 213/213 212/212
f 244/244 245/245 212/212
f 246/246 214/214 213/213
f 245/245 246/246 213/213
f 247/247 215/215 214/214
f 246/246 247/247 214/214
f 248/248 216/216 215/215
f 247/247 248/248 215/215
f 249/249 217/217 216/216
f 248/248 249/249 216/216
f 250/250 218/218 217/217
f 249/249 250/250 217/217
f 251/251 219/219 218/218
f 250/250 251/251 218/218
f 252/252 220/220 219/219
f 251/251 252/252 219/219
f 253/253 221/221 220/220
f 252/252 253/253 220/220
f 254/254 222/222 221/221
f 253/253 254/254 221/221
f 255/255 223/223 222/222
f 254/254 255/255 222/222
f 256/256 224/224 223/223
f 255/255 256/256 223/223
f 257/257 225/225 224/224
f 256/256 257/257 224/224
f 258/258 226/226 225/225
f 257/257 258/258 225/225
f 227/227 195/195 226/226
f 258/258 227/227 226/226
f 292/292 260/260 259/259
f 291/291 292/292 259/259
f 293/293 261/261 260/260
f 292/292 293/293 260/260
f 294/294 262/262 261/261
f 293/293 294/294 261/261
f 295/295 263/263 262/262
f 294/294 295/295 262/262
f 296/296 264/264 263/263
f 295/295 296/296 263/263
f 297/297 265/265 264/264
f 296/296 297/297 264/264
f 298/298 266/266 265/265
f 297/297 298/298 265/265
f 299/299 267/267 266/266
f 298/298 299/299 266/266
f 300/300 268/268 267/267
f 299/299 300/300 267/267
f 301/301 269/269 268/268
f 300/300 301/301 268/268
f 302/302 270/270 269/269
f 301/301 302/302 269/269
f 303/303 271/271 270/270
f 302/302 303/303 270/270
f 304/304 272/272 271/271
f 303/303 304/304 271/271
f 305/305 273/273 272/272
f 304/304 305/305 272/272
f 306/306 274/274 273/273
f 305/305 306/306 273/273
f 307/307 275/275 274/274
f 306/306 307/307 274/274
f 308/308 276/276 275/275
f 307/307 308/308 275/275
f 309/309 277/277 276/276
f 308/308 309/309 276/276
f 310/310 278/278 277/277
f 309/309 310/310 277/277
f 311/311 279/279 278/278
f 310/310 311/311 278/278
f 312/312 280/280 279/279
f 311/311 312/312 279/279
f 313/313 281/281 280/280
f 312/312 313/313 280/280
f 314/314 282/282 281/281
f 313/313 314/314 281/281
f 315/315 283/283 282/282
f 314/314 315/315 282/282
f 316/316 284/284 283/283
f 315/315 316/316 283/283
f 317/317 285/285 284/284
f 316/316 317/317 284/284
f 318/318 286/286 285/285
f 317/317 318/318 285/285
f 319/319 287/287 286/286
f 318/318 319/319 286/286
f 320/320 288/288 287/287
f 319/319 320/320 287/287
f 321/321 289/289 288/288
f 320/320 321/321 288/288
f 322/322 290/290 289/289
f 321/321 322/322 289/289
f 291/291 259/259 290/290
f 322/322 291/291 290/290
f 324/324 292/292 291/291
f 323/323 324/324 291/291
f 325/325 293/293 292/292
f 324/324 325/325 292/292
f 326/326 294/294 293/293
f 325/325 326/326 293/293
f 327/327 295/295 294/294
f 326/326 327/327 294/294
f 328/328 296/296 295/295
f 327/327 328/328 295/295
f 329/329 297/297 296/296
f 328/328 329/329 296/296
f 330/330 298/298 297/297
f 329/329 330/330 297/297
f 331/331 299/299 298/298
f 330/330 331/331 298/298
f 332/332 300/300 299/299
f 331/331 332/332 299/299
f 333/333 301/301 300/300
f 332/332 333/333 300/300
f 334/334 302/302 301/301
f 333/333 334/334 301/301
f 335/335 303/303 302/302
f 334/334 335/335 302/302
f 336/336 304/304 303/303
f 335/335 336/336 303/303
f 337/337 305/305 304/304
f 336/336 337/337 304/304
f 338/338 306/306 305/305
f 337/337 338/338 305/305
f 339/339 307/307 306/306
f 338/338 339/339 306/306
f 340/340 308/308 307/307
f 339/339 340/340 307/307
f 341/341 309/309 308/308
f 340/340 341/341 308/308
f 342/342 310/310 309/309
f 341/341 342/342 309/309
f 343/343 311/311 310/310
f 342/342 343/343 310/310
f 344/344 312/312 311/311
f 343/343 344/344 311/311
f 345/345 313/313 312/312
f 344/344 345/345 312/312
f 346/346 314/314 313/313
f 345/345 346/346 313/313
f 347/347 315/315 314/314
f 346/346 347/347 314/314
f 348/348 316/316 315/315
f 347/347 348/348 315/315
f 349/349 317/317 316/316
f 348/348 349/349 316/316
f 350/350 318/318 317/317
f 349/349 350/350 317/317
f 351/351 319/319 318/318
f 350/350 351/351 318/318
f 352/352 320/320 319/319
f 351/351 352/352 319/319
f 353/353 321/321 320/320
f 352/352 353/353 320/320
f 354/354 322/322 321/321
f 353/353 354/354 321/321
f 323/323 291/291 322/322
f 354/354 323/323 322/322
f 356/356 324/324 323/323
f 355/355 356/356 323/323
f 357/357 325/325 324/324
f 356/356 357/357 324/324
f 358/358 326/326 325/325
f 357/357 358/358 325/325
f 359/359 327/327 326/326
f 358/358 359/359 326/326
f 360/360 328/328 327/327
f 359/359 360/360 327/327
f 361/361 329/329 328/328
f 360/360 361/361 328/328
f 362/362 330/330 329/329
f 361/361 362/362 329/329
f 363/363 331/331 330/330
f 362/362 363/363 330/330
f 364/364 332/332 331/331
f 363/363 364/364 331/331
f 365/365 333/333 332/332
f 364/364 365/365 332/332
f 366/366 334/334 333/333
f 365/365 366/366 333/333
f 367/367 335/335 334/334
f 366/366 367/367 334/334
f 368/368 336/336 335/335
f 367/367 368/368 335/335
f 369/369 337/337 336/336
f 368/368 369/369 336/336
f 370/370 338/338 337/337
f 369/369 370/370 337/337
f 371/371 339/339 338/338
f 370/370 371/371 338/338
f 372/372 340/340 339/339
f 371/371 372/372 339/339
f 373/373 341/341 340/340
f 372/372 373/373 340/340
f 374/374 342/342 341/341
f 373/373 374/374 341/341
f 375/375 343/343 342/342
f 374/374 375/375 342/342
f 376/376 344/344 343/343
f 375/375 376/376 343/343
f 377/377 345/345 344/344
f 376/376 377/377 344/344
f 378/378 346/346 345/345
f 377/377 378/378 345/345
f 379/379 347/347 346/346
f 378/378 379/379 346/346
f 380/380 348/348 347/347
f 379/379 380/380 347/347
f 381/381 349/349 348/348
f 380/380 381/381 348/348
f 382/382 350/350 349/349
f 381/381 382/382 349/349
f 383/383 351/351 350/350
f 382/382 383/383 350/350
f 384/384 352/352 351/351
f 383/383 384/384 351/351
f 385/385 353/353 352/352
f 384/384 385/385 352/352
f 386/386 354/354 353/353
f 385/385 386/386 353/353
f 355/355 323/323 354/354
f 386/386 355/355 354/354
f 420/420 388/388 387/387
f 419/419 420/420 387/387
f 421/421 389/389 388/388
f 420/420 421/421 388/388
f 422/422 390/390 389/389
f 421/421 422/422 389/389
f 423/423 391/391 390/390
f 422/422 423/423 390/390
f 424/424 392/392 391/391
f 423/423 424/424 391/391
f 425/425 393/393 392/392
f 424/424 425/425 392/392
f 426/426 394/394 393/393
f 425/425 426/426 393/393
f 427/427 395/395 394/394
f 426/426 427/427 394/394
f 428/428 396/396 395/395
f 427/427 428/428 395/395
f 429/429 397/397 396/396
f 428/428 429/429 396/396
f 430/430 398/398 397/397
f 429/429 430/430 397/397
f 431/431 399/399 398/398
f 430/430 431/431 398/398
f 432/432 400/400 399/399
f 431/431 432/432 399/399
f 433/433 401/401 400/400
f 432/432 433/433 400/400
f 434/434 402/402 401/401
f 433/433 434/434 401/401
f 435/435 403/403 402/402
f 434/434 435/435 402/402
f 436/436 404/404 403/403
f 435/435 436/436 403/403
f 437/437 405/405 404/404
f 436/436 437/437 404/404
f 438/438 406/406 405/405
f 437/437 438/438 405/405
f 439/439 407/407 406/406
f 438/438 439/439 406/406
f 440/440 408/408 407/407
f 439/439 440/440 407/407
f 441/441 409/409 408/408
f 440/440 441/441 408/408
f 442/442 410/410 409/409
f 441/441 442/442 409/409
f 443/443 411/411 410/410
f 442/442 443/443 410/410
f 444/444 412/412 411/411
f 443/443 444/444 411/411
f 445/445 413/413 412/412
f 444/444 445/445 412/412
f 446/446 414/414 413/413
f 445/445 446/446 413/413
f 447/447 415/415 414/414
f 446/446 447/447 414/414
f 448/448 416/416 415/415
f 447/447 448/448 415/415
f 449/449 417/417 416/416
f 448/448 449/449 416/416
f 450/450 418/418 417/417
f 449/449 450/450 417/417
f 419/419 387/387 418/418
f 450/450 419/419 418/418
f 452/452 420/420 419/419
f 451/451 452/452 419/419
f 453/453 421/421 420/420
f 452/452 453/453 420/420
f 454/454 422/422 421/421
f 453/453 454/454 421/421
f 455/455 423/423 422/422
f 454/454 455/455 422/422
f 456/456 424/424 423/423
f 455/455 456/456 423/423
f 457/457 425/425 424/424
f 456/456 457/457 424/424
f 458/458 426/426 425/425
f 457/457 458/458 425/425
f 459/459 427/427 426/426
f 458/458 459/459 426/426
f 460/460 428/428 427/427
f 459/459 460/460 427/427
f 461/461 429/429 428/428
f 460/460 461/461 428/428
f 462/462 430/430 429/429
f 461/461 462/462 429/429
f 463/463 431/431 430/430
f 462/462 463/463 430/430
f 464/464 432/432 431/431
f 463/463 464/464 431/431
f 465/465 433/433 432/432
f 464/464 465/465 432/432
f 466/466 434/434 433/433
f 465/465 466/466 433/433
f 467/467 435/435 434/434
f 466/466 467/467 434/434
f 468/468 436/436 435/435
f 467/467 468/468 435/435
f 469/469 437/437 436/436
f 468/468 469/469 436/436
f 470/470 438/438 437/437
f 469/469 470/470 437/437
f 471/471 439/439 438/438
f 470/470 471/471 438/438
f 472/472 440/440 439/439
f 471/471 472/472 439/439
f 473/473 441/441 440/440
f 472/472 473/473 440/440
f 474/474 442/442 441/441
f 473/473 474/474 441/441
f 475/475 443/443 442/442
f 474/474 475/475 442/442
f 476/476 444/444 443/443
f 475/475 476/476 443/443
f 477/477 445/445 444/444
f 476/476 477/477 444/444
f 478/478 446/446 445/445
f 477/477 478/478 445/445
f 479/479 447/447 446/446
f 478/478 479/479 446/446
f 480/480 448/448 447/447
f 479/479 480/480 447/447
f 481/481 449/449 448/448
f 480/480 481/481 448/448
f 482/482 450/450 449/449
f 481/481 482/482 449/449
f 451/451 419/419 450/450
f 482/482 451/451 450/450
f 484/484 452/452 451/451
f 483/483 484/484 451/451
f 485/485 453/453 452/452
f 484/484 485/485 452/452
f 486/486 454/454 453/453
f 485/485 486/486 453/453
f 487/487 455/455 454/454
f 486/486 487/487 454/454
f 488/488 456/456 455/455
f 487/487 488/488 455/455
f 489/489 457/457 456/456
f 488/488 489/489 456/456
f 490/490 458/458 457/457
f 489/489 490/490 457/457
f 491/491 459/459 458/458
f 490/490 491/491 458/458
f 492/492 460/460 459/459
f 491/491 492/492 459/459
f 493/493 461/461 460/460
f 492/492 493/493 460/460
f 494/494 462/462 461/461
f 493/493 494/494 461/461
f 495/495 463/463 462/462
f 494/494 495/495 462/462
f 496/496 464/464 463/463
f 495/495 496/496 463/463
f 497/497 465/465 464/464
f 496/496 497/497 464/464
f 498/498 466/466 465/465
f 497/497 498/498 465/465
f 499/499 467/467 466/466
f 498/498 499/499 466/466
f 500/500 468/468 467/467
f 499/499 500/500 467/467
f 501/501 469/469 468/468
f 500/500 501/501 468/468
f 502/502 470/470 469/469
f 501/501 502/502 469/469
f 503/503 471/471 470/470
f 502/502 503/503 470/470
f 504/504 472/472 471/471
f 503/503 504/504 471/471
f 505/505 473/473 472/472
f 504/504 505/505 472/472
f 506/506 474/474 473/473
f 505/505 506/506 473/473
f 507/507 475/475 474/474
f 506/506 507/507 474/474
f 508/508 476/476 475/475
f 507/507 508/508 475/475
f 509/509 477/477 476/476
f 508/508 509/509 476/476
f 510/510 478/478 477/477
f 509/509 510/510 477/477
f 511/511 479/479 478/478
f 510/510 511/511 478/478
f 512/512 480/480 479/479
f 511/511 512/512 479/479
f 513/513 481/481 480/480
f 512/512 513/513 480/480
f 514/514 482/482 481/481
f 513/513 514/514 481/481
f 483/483 451/451 482/482
f 514/514 483/483 482/482
f 548/548 516/516 515/515
f 547/547 548/548 515/515
f 549/549 517/517 516/516
f 548/548 549/549 516/516
f 550/550 518/518 517/517
f 549/549 550/550 517/517
f 551/551 519/519 518/518
f 550/550 551/551 518/518
f 552/552 520/520 519/519
f 551/551 552/552 519/519
f 553/553 521/521 520/520
f 552/552 553/553 520/520
f 554/554 522/522 521/521
f 553/553 554/554 521/521
f 555/555 523/523 522/522
f 554/554 555/555 522/522
f 556/556 524/524 523/523
f 555/555 556/556 523/523
f 557/557 525/525 524/524
f 556/556 557/557 524/524
f 558/558 526/526 525/525
f 557/557 558/558 525/525
f 559/559 527/527 526/526
f 558/558 559/559 526/526
f 560/560 528/528 527/527
f 559/559 560/560 527/527
f 561/561 529/529 528/528
f 560/560 561/561 528/528
f 562/562 530/530 529/529
f 561/561 562/562 529/529
f 563/563 531/531 530/530
f 562/562 563/563 530/530
f 564/564 532/532 531/531
f 563/563 564/564 531/531
f 565/565 533/533 532/532
f 564/564 565/565 532/532
f 566/566 534/534 533/533
f 565/565 566/566 533/533
f 567/567 535/535 534/534
f 566/566 567/567 534/534
f 568/568 536/536 535/535
f 567/567 568/568 535/535
f 569/569 537/537 536/536
f 568/568 569/569 536/536
f 570/570 538/538 537/537
f 569/569 570/570 537/537
f 571/571 539/539 538/538
f 570/570 571/571 538/538
f 572/572 540/540 539/539
f 571/571 572/572 539/539
f 573/573 541/541 540/540
f 572/572 573/573 540/540
f 574/574 542/542 541/541
f 573/573 574/574 541/541
f 575/575 543/543 542/542
f 574/574 575/575 542/542
f 576/576 544/544 543/543
f 575/575 576/576 543/543
f 577/577 545/545 544/544
f 576/576 577/577 544/544
f 578/578 546/546 545/545
f 577/577 578/578 545/545
f 547/547 515/515 546/546
f 578/578 547/547 546/546
f 580/580 548/548 547/547
f 579/579 580/580 547/547
f 581/581 549/549 548/548
f 580/580 581/581 548/548
f 582/582 550/550 549/549
f 581/581 582/582 549/549
f 583/583 551/551 550/550
f 582/582 583/583 550/550
f 584/584 552/552 551/551
f 583/583 584/584 551/551
f 585/585 553/553 552/552
f 584/584 585/585 552/552
f 586/586 554/554 553/553
f 585/585 586/586 553/553
f 587/587 555/555 554/554
f 586/586 587/587 554/554
f 588/588 556/556 555/555
f 587/587 588/588 555/555
f 589/589 557/557 556/556
f 588/588 589/589 556/556
f 590/590 558/558 557/557
f 589/589 590/590 557/557
f 591/591 559/559 558/558
f 590/590 591/591 558/558
f 592/592 560/560 559/559
f 591/591 592/592 559/559
f 593/593 561/561 560/560
f 592/592 593/593 560/560
f 594/594 562/562 561/561
f 593/593 594/594 561/561
f 595/595 563/563 562/562
f 594/594 595/595 562/562
f 596/596 564/564 563/563
f 595/595 596/596 563/563
f 597/597 565/565 564/564
f 596/596 597/597 564/564
f 598/598 566/566 565/565
f 597/597 598/598 565/565
f 599/599 567/567 566/566
f 598/598 599/599 566/566
f 600/600 568/568 567/567
f 599/599 600/600 567/567
f 601/601 569/569 568/568
f 600/600 601/601 568/568
f 602/602 570/570 569/569
f 601/601 602/602 569/569
f 603/603 571/571 570/570
f 602/602 603/603 570/570
f 604/604 572/572 571/571
f 603/603 604/604 571/571
f 605/605 573/573 572/572
f 604/604 605/605 572/572
f 606/606 574/574 573/573
f 605/605 606/606 573/573
f 607/607 575/575 574/574
f 606/606 607/607 574/574
f 608/608 576/576 575/575
f 607/607 608/608 575/575
f 609/609 577/577 576/576
f 608/608 609/609 576/576
f 610/610 578/578 577/577
f 609/609 610/610 577/577
f 579/579 547/547 578/578
f 610/610 579/579 578/578
f 612/612 580/580 579/579
f 611/611 612/612 579/579
f 613/613 581/581 580/580
f 612/612 613/613 580/580
f 614/614 582/582 581/581
f 613/613 614/614 581/581
f 615/615 583/583 582/582
f 614/614 615/615 582/582
f 616/616 584/584 583/583
f 615/615 616/616 583/583
f 617/617 585/585 584/584
f 616/616 617/617 584/584
f 618/618 586/586 585/585
f 617/617 618/618 585/585
f 619/619 587/587 586/586
f 618/618 619/619 586/586
f 620/620 588/588 587/587
f 619/619 620/620 587/587
f 621/621 589/589 588/588
f 620/620 621/621 588/588
f 622/622 590/590 589/589
f 621/621 622/622 589/589
f 623/623 591/591 590/590
f 622/622 623/623 590/590
f 624/624 592/592 591/591
f 623/623 624/624 591/591
f 625/625 593/593 592/592
f 624/624 625/625 592/592
f 626/626 594/594 593/593
f 625/625 626/626 593/593
f 627/627 595/595 594/594
f 626/626 627/627 594/594
f 628/628 596/596 595/595
f 627/627 628/628 595/595
f 629/629 597/597 596/596
f 628/628 629/629 596/596
f 630/630 598/598 597/597
f 629/629 630/630 597/597
f 631/631 599/599 598/598
f 630/630 631/631 598/598
f 632/632 600/600 599/599
f 631/631 632/632 599/599
f 633/633 601/601 600/600
f 632/632 633/633 600/600
f 634/634 602/602 601/601
f 633/633 634/634 601/601
f 635/635 603/603 602/602
f 634/634 635/635 602/602
f 636/636 604/604 603/603
f 635/635 636/636 603/603
f 637/637 605/605 604/604
f 636/636 637/637 604/604
f 638/638 606/606 605/605
f 637/637 638/638 605/605
f 639/639 607/607 606/606
f 638/638 639/639 606/606
f 640/640 608/608 607/607
f 639/639 640/640 607/607
f 641/641 609/609 608/608
f 640/640 641/641 608/608
f 642/642 610/610 609/609
f 641/641 642/642 609/609
f 611/611 579/579 610/610
f 642/642 611/611 610/610
f 676/676 644/644 643/643
f 675/675 676/676 643/643
f 677/677 645/645 644/644
f 676/676 677/677 644/644
f 678/678 646/646 645/645
f 677/677 678/678 645/645
f 679/679 647/647 646/646
f 678/678 679/679 646/646
f 680/680 648/648 647/647
f 679/679 680/680 647/647
f 681/681 649/649 648/648
f 680/680 681/681 648/648
f 682/682 650/650 649/649
f 681/681 682/682 649/649
f 683/683 651/651 650/650
f 682/682 683/683 650/650
f 684/684 652/652 651/651
f 683/683 684/684 651/651
f 685/685 653/653 652/652
f 684/684 685/685 652/652
f 686/686 654/654 653/653
f 685/685 686/686 653/653
f 687/687 655/655 654/654
f 686/686 687/687 654/654
f 688/688 656/656 655/655
f 687/687 688/688 655/655
f 689/689 657/657 656/656
f 688/688 689/689 656/656
f 690/690 658/658 657/657
f 689/689 690/690 657/657
f 691/691 659/659 658/658
f 690/690 691/691 658/658
f 692/692 660/660 659/659
f 691/691 692/692 659/659
f 693/693 661/661 660/660
f 692/692 693/693 660/660
f 694/694 662/662 661/661
f 693/693 694/694 661/661
f 695/695 663/663 662/662
f 694/694 695/695 662/662
f 696/696 664/664 663/663
f 695/695 696/696 663/663
f 697/697 665/665 664/664
f 696/696 697/697 664/664
f 698/698 666/666 665/665
f 697/697 698/698 665/665
f 699/699 667/667 666/666
f 698/698 699/699 666/666
f 700/700 668/668 667/667
f 699/699 700/700 667/667
f 701/701 669/669 668/668
f 700/700 701/701 668/668
f 702/702 670/670 669/669
f 701/701 702/702 669/669
f 703/703 671/671 670/670
f 702/702 703/703 670/670
f 704/704 672/672 671/671
f 703/703 704/704 671/671
f 705/705 673/673 672/672
f 704/704 705/705 672/672
f 706/706 674/674 673/673
f 705/705 706/706 673/673
f 675/675 643/643 674/674
f 706/706 675/675 674/674
f 708/708 676/676 675/675
f 707/707 708/708 675/675
f 709/709 677/677 676/676
f 708/708 709/709 676/676
f 710/710 678/678 677/677
f 709/709 710/710 677/677
f 711/711 679/679 678/678
f 710/710 711/711 678/678
f 712/712 680/680 679/679
f 711/711 712/712 679/679
f 713/713 681/681 680/680
f 712/712 713/713 680/680
f 714/714 682/682 681/681
f 713/713 714/714 681/681
f 715/715 683/683 682/682
f 714/714 715/715 682/682
f 716/716 684/684 683/683
f 715/715 716/716 683/683
f 717/717 685/685 684/684
f 716/716 717/717 684/684
f 718/718 686/686 685/685
f 717/717 718/718 685/685
f 719/719 687/687 686/686
f 718/718 719/719 686/686
f 720/720 688/688 687/687
f 719/719 720/720 687/687
f 721/721 689/689 688/688
f 720/720 721/721 688/688
f 722/722 690/690 689/689
f 721/721 722/722 689/689
f 723/723 691/691 690/690
f 722/722 723/723 690/690
f 724/724 692/692 691/691
f 723/723 724/724 691/691
f 725/725 693/693 692/692
f 724/724 725/725 692/692
f 726/726 694/694 693/693
f 725/725 726/726 693/693
f 727/727 695/695 694/694
f 726/726 727/727 694/694
f 728/728 696/696 695/695
f 727/727 728/728 695/695
f 729/729 697/697 696/696
f 728/728 729/729 696/696
f 730/730 698/698 697/697
f 729/729 730/730 697/697
f 731/731 699/699 698/698
f 730/730 731/731 698/698
f 732/732 700/700 699/699
f 731/731 732/732 699/699
f 733/733 701/701 700/700
f 732/732 733/733 700/700
f 734/734 702/702 701/701
f 733/733 734/734 701/701
f 735/735 703/703 702/702
f 734/734 735/735 702/702
f 736/736 704/704 703/703
f 735/735 736/736 703/703
f 737/737 705/705 704/704
f 736/736 737/737 704/704
f 738/738 706/706 705/705
f 737/737 738/738 705/705
f 707/707 675/675 706/706
f 738/738 707/707 706/706
f 740/740 708/708 707/707
f 739/739 740/740 707/707
f 741/741 709/709 708/708
f 740/740 741/741 708/708
f 742/742 710/710 709/709
f 741/741 742/742 709/709
f 743/743 711/711 710/710
f 742/742 743/743 710/710
f 744/744 712/712 711/711
f 743/743 744/744 711/711
f 745/745 713/713 712/712
f 744/744 745/745 712/712
f 746/746 714/714 713/713
f 745/745 746/746 713/713
f 747/747 715/715 714/714
f 746/746 747/747 714/714
f 748/748 716/716 715/715
f 747/747 748/748 715/715
f 749/749 717/717 716/716
f 748/748 749/749 716/716
f 750/750 718/718 717/717
f 749/749 750/750 717/717
f 751/751 719/719 718/718
f 750/750 751/751 718/718
f 752/752 720/720 719/719
f 751/751 752/752 719/719
f 753/753 721/721 720/720
f 752/752 753/753 720/720
f 754/754 722/722 721/721
f 753/753 754/754 721/721
f 755/755 723/723 722/722
f 754/754 755/755 722/722
f 756/756 724/724 723/723
f 755/755 756/756 723/723
f 757/757 725/725 724/724
f 756/756 757/757 724/724
f 758/758 726/726 725/725
f 757/757 758/758 725/725
f 759/759 727/727 726/726
f 758/758 759/759 726/726
f 760/760 728/728 727/727
f 759/759 760/760 727/727
f 761/761 729/729 728/728
f 760/760 761/761 728/728
f 762/762 730/730 729/729
f 761/761 762/762 729/729
f 763/763 731/731 730/730
f 762/762 763/763 730/730
f 764/764 732/732 731/731
f 763/763 764/764 731/731
f 765/765 733/733 732/732
f 764/764 765/765 732/732
f 766/766 734/734 733/733
f 765/765 766/766 733/733
f 767/767 735/735 734/734
f 766/766 767/767 734/734
f 768/768 736/736 735/735
f 767/767 768/768 735/735
f 769/769 737/737 736/736
f 768/768 769/769 736/736
f 770/770 738/738 737/737
f 769/769 770/770 737/737
f 739/739 707/707 738/738
f 770/770 739/739 738/738
f 804/804 772/772 771/771
f 803/803 804/804 771/771
f 805/805 773/773 772/772
f 804/804 805/805 772/772
f 806/806 774/774 773/773
f 805/805 806/806 773/773
f 807/807 775/775 774/774
f 806/806 807/807 774/774
f 808/808 776/776 775/775
f 807/807 808/808 775/775
f 809/809 777/777 776/776
f 808/808 809/809 776/776
f 810/810 778/778 777/777
f 809/809 810/810 777/777
f 811/811 779/779 778/778
f 810/810 811/811 778/778
f 812/812 780/780 779/779
f 811/811 812/812 779/779
f 813/813 781/781 780/780
f 812/812 813/813 780/780
f 814/814 782/782 781/781
f 813/813 814/814 781/781
f 815/815 783/783 782/782
f 814/814 815/815 782/782
f 816/816 784/784 783/783
f 815/815 816/816 783/783
f 817/817 785/785 784/784
f 816/816 817/817 784/784
f 818/818 786/786 785/785
f 817/817 818/818 785/785
f 819/819 787/787 786/786
f 818/818 819/819 786/786
f 820/820 788/788 787/787
f 819/819 820/820 787/787
f 821/821 789/789 788/788
f 820/820 821/821 788/788
f 822/822 790/790 789/789
f 821/821 822/822 789/789
f 823/823 791/791 790/790
f 822/822 823/823 790/790
f 824/824 792/792 791/791
f 823/823 824/824 791/791
f 825/825 793/793 792/792
f 824/824 825/825 792/792
f 826/826 794/794 793/793
f 825/825 826/826 793/793
f 827/827 795/795 794/794
f 826/826 827/827 794/794
f 828/828 796/796 795/795
f 827/827 828/828 795/795
f 829/829 797/797 796/796
f 828/828 829/829 796/796
f 830/830 798/798 797/797
f 829/829 830/830 797/797
f 831/831 799/799 798/798
f 830/830 831/831 798/798
f 832/832 800/800 799/799
f 831/831 832/832 799/799
f 833/833 801/801 800/800
f 832/832 833/833 800/800
f 834/834 802/802 801/801
f 833/833 834/834 801/801
f 803/803 771/771 802/802
f 834/834 803/803 802/802
f 836/836 804/804 803/803
f 835/835 836/836 803/803
f 837/837 805/805 804/804
f 836/836 837/837 804/804
f 838/838 806/806 805/805
f 837/837 838/838 805/805
f 839/839 807/807 806/806
f 838/838 839/839 806/806
f 840/840 808/808 807/807
f 839/839 840/840 807/807
f 841/841 809/809 808/808
f 840/840 841/841 808/808
f 842/842 810/810 809/809
f 841/841 842/842 809/809
f 843/843 811/811 810/810
f 842/842 843/843 810/810
f 844/844 812/812 811/811
f 843/843 844/844 811/811
f 845/845 813/813 812/812
f 844/844 845/845 812/812
f 846/846 814/814 813/813
f 845/845 846/846 813/813
f 847/847 815/815 814/814
f 846/846 847/847 814/814
f 848/848 816/816 815/815
f 847/847 848/848 815/815
f 849/849 817/817 816/816
f 848/848 849/849 816/816
f 850/850 818/818 817/817
f 849/849 850/850 817/817
f 851/851 819/819 818/818
f 850/850 851/851 818/818
f 852/852 820/820 819/819
f 851/851 852/852 819/819
f 853/853 821/821 820/820
f 852/852 853/853 820/820
f 854/854 822/822 821/821
f 853/853 854/854 821/821
f 855/855 823/823 822/822
f 854/854 855/855 822/822
f 856/856 824/824 823/823
f 855/855 856/856 823/823
f 857/857 825/825 824/824
f 856/856 857/857 824/824
f 858/858 826/826 825/825
f 857/857 858/858 825/825
f 859/859 827/827 826/826
f 858/858 859/859 826/826
f 860/860 828/828 827/827
f 859/859 860/860 827/827
f 861/861 829/829 828/828
f 860/860 861/861 828/828
f 862/862 830/830 829/829
f 861/861 862/862 829/829
f 863/863 831/831 830/830
f 862/862 863/863 830/830
f 864/864 832/832 831/831
f 863/863 864/864 831/831
f 865/865 833/833 832/832
f 864/864 865/865 832/832
f 866/866 834/834 833/833
f 865/865 866/866 833/833
f 835/835 803/803 834/834
f 866/866 835/835 834/834
f 868/868 836/836 835/835
f 867/867 868/868 835/835
f 869/869 837/837 836/836
f 868/868 869/869 836/836
f 870/870 838/838 837/837
f 869/869 870/870 837/837
f 871/871 839/839 838/838
f 870/870 871/871 838/838
f 872/872 840/840 839/839
f 871/871 872/872 839/839
f 873/873 841/841 840/840
f 872/872 873/873 840/840
f 874/874 842/842 841/841
f 873/873 874/874 841/841
f 875/875 843/843 842/842
f 874/874 875/875 842/842
f 876/876 844/844 843/843
f 875/875 876/876 843/843
f 877/877 845/845 844/844
f 876/876 877/877 844/844
f 878/878 846/846 845/845
f 877/877 878/878 845/845
f 879/879 847/847 846/846
f 878/878 879/879 846/846
f 880/880 848/848 847/847
f 879/879 880/880 847/847
f 881/881 849/849 848/848
f 880/880 881/881 848/848
f 882/882 850/850 849/849
f 881/881 882/882 849/849
f 883/883 851/851 850/850
f 882/882 883/883 850/850
f 884/884 852/852 851/851
f 883/883 884/884 851/851
f 885/885 853/853 852/852
f 884/884 885/885 852/852
f 886/886 854/854 853/853
f 885/885 886/886 853/853
f 887/887 855/855 854/854
f 886/886 887/887 854/854
f 888/888 856/856 855/855
f 887/887 888/888 855/855
f 889/889 857/857 856/856
f 888/888 889/889 856/856
f 890/890 858/858 857/857
f 889/889 890/890 857/857
f 891/891 859/859 858/858
f 890/890 891/891 858/858
f 892/892 860/860 859/859
f 891/891 892/892 859/859
f 893/893 861/861 860/860
f 892/892 893/893 860/860
f 894/894 862/862 861/861
f 893/893 894/894 861/861
f 895/895 863/863 862/862
f 894/894 895/895 862/862
f 896/896 864/864 863/863
f 895/895 896/896 863/863
f 897/897 865/865 864/864
f 896/896 897/897 864/864
f 898/898 866/866 865/865
f 897/897 898/898 865/865
f 867/867 835/835 866/866
f 898/898 867/867 866/866
f 932/932 900/900 899/899
f 931/931 932/932 899/899
f 933/933 901/901 900/900
f 932/932 933/933 900/900
f 934/934 902/902 901/901
f 933/933 934/934 901/901
f 935/935 903/903 902/902
f 934/934 935/935 902/902
f 936/936 904/904 903/903
f 935/935 936/936 903/903
f 937/937 905/905 904/904
f 936/936 937/937 904/904
f 938/938 906/906 905/905
f 937/937 938/938 905/905
f 939/939 907/907 906/906
f 938/938 939/939 906/906
f 940/940 908/908 907/907
f 939/939 940/940 907/907
f 941/941 909/909 908/908
f 940/940 941/941 908/908
f 942/942 910/910 909/909
f 941/941 942/942 909/909
f 943/943 911/911 910/910
f 942/942 943/943 910/910
f 944/944 912/912 911/911
f 943/943 944/944 911/911
f 945/945 913/913 912/912
f 944/944 945/945 912/912
f 946/946 914/914 913/913
f 945/945 946/946 913/913
f 947/947 915/915 914/914
f 946/946 947/947 914/914
f 948/948 916/916 915/915
f 947/947 948/948 915/915
f 949/949 917/917 916/916
f 948/948 949/949 916/916
f 950/950 918/918 917/917
f 949/949 950/950 917/917
f 951/951 919/919 918/918
f 950/950 951/951 918/918
f 952/952 920/920 919/919
f 951/951 952/952 919/919
f 953/953 921/921 920/920
f 952/952 953/953 920/920
f 954/954 922/922 921/921
f 953/953 954/954 921/921
f 955/955 923/923 922/922
f 954/954 955/955 922/922
f 956/956 924/924 923/923
f 955/955 956/956 923/923
f 957/957 925/925 924/924
f 956/956 957/957 924/924
f 958/958 926/926 925/925
f 957/957 958/958 925/925
f 959/959 927/927 926/926
f 958/958 959/959 926/926
f 960/960 928/928 927/927
f 959/959 960/960 927/927
f 961/961 929/929 928/928
f 960/960 961/961 928/928
f 962/962 930/930 929/929
f 961/961 962/962 929/929
f 931/931 899/899 930/930
f 962/962 931/931 930/930
f 964/964 932/932 931/931
f 963/963 964/964 931/931
f 965/965 933/933 932/932
f 964/964 965/965 932/932
f 966/966 934/934 933/933
f 965/965 966/966 933/933
f 967/967 935/935 934/934
f 966/966 967/967 934/934
f 968/968 936/936 935/935
f 967/967 968/968 935/935
f 969/969 937/937 936/936
f 968/968 969/969 936/936
f 970/970 938/938 937/937
f 969/969 970/970 937/937
f 971/971 939/939 938/938
f 970/970 971/971 938/938
f 972/972 940/940 939/939
f 971/971 972/972 939/939
f 973/973 941/941 940/940
f 972/972 973/973 940/940
f 974/974 942/942 941/941
f 973/973 974/974 941/941
f 975/975 943/943 942/942
f 974/974 975/975 942/942
f 976/976 944/944 943/943
f 975/975 976/976 943/943
f 977/977 945/945 944/944
f 976/976 977/977 944/944
f 978/978 946/946 945/945
f 977/977 978/978 945/945
f 979/979 947/947 946/946
f 978/978 979/979 946/946
f 980/980 948/948 947/947
f 979/979 980/980 947/947
f 981/981 949/949 948/948
f 980/980 981/981 948/948
f 982/982 950/950 949/949
f 981/981 982/982 949/949
f 983/983 951/951 950/950
f 982/982 983/983 950/950
f 984/984 952/952 951/951
f 983/983 984/984 951/951
f 985/985 953/953 952/952
f 984/984 985/985 952/952
f 986/986 954/954 953/953
f 985/985 986/986 953/953
f 987/987 955/955 954/954
f 986/986 987/987 954/954
f 988/988 956/956 955/955
f 987/987 988/988 955/955
f 989/989 957/957 956/956
f 988/988 989/989 956/956
f 990/990 958/958 957/957
f 989/989 990/990 957/957
f 991/991 959/959 958/958
f 990/990 991/991 958/958
f 992/992 960/960 959/959
f 991/991 992/992 959/959
f 993/993 961/961 960/960
f 992/992 993/993 960/960
f 994/994 962/962 961/961
f 993/993 994/994 961/961
f 963/963 931/931 962/962
f 994/994 963/963 962/962
f 996/996 964/964 963/963
f 995/995 996/996 963/963
f 997/997 965/965 964/964
f 996/996 997/997 964/964
f 998/998 966/966 965/965
f 997/997 998/998 965/965
f 999/999 967/967 966/966
f 998/998 999/999 966/966
f 1000/1000 968/968 967/967
f 999/999 1000/1000 967/967
f 1001/1001 969/969 968/968
f 1000/1000 1001/1001 968/968
f 1002/1002 970/970 969/969
f 1001/1001 1002/1002 969/969
f 1003/1003 971/971 970/970
f 1002/1002 1003/1003 970/970
f 1004/1004 972/972 971/971
f 1003/1003 1004/1004 971/971
f 1005/1005 973/973 972/972
f 1004/1004 1005/1005 972/972
f 1006/1006 974/974 973/973
f 1005/1005 1006/1006 973/973
f 1007/1007 975/975 974/974
f 1006/1006 1007/1007 974/974
f 1008/1008 976/976 975/975
f 1007/1007 1008/1008 975/975
f 1009/1009 977/977 976/976
f 1008/1008 1009/1009 976/976
f 1010/1010 978/978 977/977
f 1009/1009 1010/1010 977/977
f 1011/1011 979/979 978/978
f 1010/1010 1011/1011 978/978
f 1012/1012 980/980 979/979
f 1011/1011 1012/1012 979/979
f 1013/1013 981/981 980/980
f 1012/1012 1013/1013 980/980
f 1014/1014 982/982 981/981
f 1013/1013 1014/1014 981/981
f 1015/1015 983/983 982/982
f 1014/1014 1015/1015 982/982
f 1016/1016 984/984 983/983
f 1015/1015 1016/1016 983/983
f 1017/1017 985/985 984/984
f 1016/1016 1017/1017 984/984
f 1018/1018 986/986 985/985
f 1017/1017 1018/1018 985/985
f 1019/1019 987/987 986/986
f 1018/1018 1019/1019 986/986
f 1020/1020 988/988 987/987
f 1019/1019 1020/1020 987/987
f 1021/1021 989/989 988/988
f 1020/1020 1021/1021 988/988
f 1022/1022 990/990 989/989
f 1021/1021 1022/1022 989/989
f 1023/1023 991/991 990/990
f 1022/1022 1023/1023 990/990
f 1024/1024 992/992 991/991
f 1023/1023 1024/1024 991/991
f 1025/1025 993/993 992/992
f 1024/1024 1025/1025 992/992
f 1026/1026 994/994 993/993
f 1025/1025 1026/1026 993/993
f 995/995 963/963 994/994
f 1026/1026 995/995 994/994
f 1060/1060 1028/1028 1027/1027
f 1059/1059 1060/1060 1027/1027
f 1061/1061 1029/1029 1028/1028
f 1060/1060 1061/1061 1028/1028
f 1062/1062 1030/1030 1029/1029
f 1061/1061 1062/1062 1029/1029
f 1063/1063 1031/1031 1030/1030
f 1062/1062 1063/1063 1030/1030
f 1064/1064 1032/1032 1031/1031
f 1063/1063 1064/1064 1031/1031
f 1065/1065 1033/1033 1032/1032
f 1064/1064 1065/1065 1032/1032
f 1066/1066 1034/1034 1033/1033
f 1065/1065 1066/1066 1033/1033
f 1067/1067 1035/1035 1034/1034
f 1066/1066 1067/1067 1034/1034
f 1068/1068 1036/1036 1035/1035
f 1067/1067 1068/1068 1035/1035
f 1069/1069 1037/1037 1036/1036
f 1068/1068 1069/1069 1036/1036
f 1070/1070 1038/1038 1037/1037
f 1069/1069 1070/1070 1037/1037
f 1071/1071 1039/1039 1038/1038
f 1070/1070 1071/1071 1038/1038
f 1072/1072 1040/1040 1039/1039
f 1071/1071 1072/1072 1039/1039
f 1073/1073 1041/1041 1040/1040
f 1072/1072 1073/1073 1040/1040
f 1074/1074 1042/1042 1041/1041
f 1073/1073 1074/1074 1041/1041
f 1075/1075 1043/1043 1042/1042
f 1074/1074 1075/1075 1042/1042
f 1076/1076 1044/1044 1043/1043
f 1075/1075 1076/1076 1043/1043
f 1077/1077 1045/1045 1044/1044
f 1076/1076 1077/1077 1044/1044
f 1078/1078 1046/1046 1045/1045
f 1077/1077 1078/1078 1045/1045
f 1079/1079 1047/1047 1046/1046
f 1078/1078 1079/1079 1046/1046
f 1080/1080 1048/1048 1047/1047
f 1079/1079 1080/1080 1047/1047
f 1081/1081 1049/1049 1048/1048
f 1080/1080 1081/1081 1048/1048
f 1082/1082 1050/1050 1049/1049
f 1081/1081 1082/1082 1049/1049
f 1083/1083 1051/1051 1050/1050
f 1082/1082 1083/1083 1050/1050
f 1084/1084 1052/1052 1051/1051
f 1083/1083 1084/1084 1051/1051
f 1085/1085 1053/1053 1052/1052
f 1084/1084 1085/1085 1052/1052
f 1086/1086 1054/1054 1053/1053
f 1085/1085 1086/1086 1053/1053
f 1087/1087 1055/1055 1054/1054
f 1086/1086 1087/1087 1054/1054
f 1088/1088 1056/1056 1055/1055
f 1087/1087 1088/1088 1055/1055
f 1089/1089 1057/1057 1056/1056
f 1088/1088 1089/1089 1056/1056
f 1090/1090 1058/1058 1057/1057
f 1089/1089 1090/1090 1057/1057
f 1059/1059 1027/1027 1058/1058
f 1090/1090 1059/1059 1058/1058
f 1092/1092 1060/1060 1059/1059
f 1091/1091 1092/1092 1059/1059
f 1093/1093 1061/1061 1060/1060
f 1092/1092 1093/1093 1060/1060
f 1094/1094 1062/1062 1061/1061
f 1093/1093 1094/1094 1061/1061
f 1095/1095 1063/1063 1062/1062
f 1094/1094 1095/1095 1062/1062
f 1096/1096 1064/1064 1063/1063
f 1095/1095 1096/1096 1063/1063
f 1097/1097 1065/1065 1064/1064
f 1096/1096 1097/1097 1064/1064
f 1098/1098 1066/1066 1065/1065
f 1097/1097 1098/1098 1065/1065
f 1099/1099 1067/1067 1066/1066
f 1098/1098 1099/1099 1066/1066
f 1100/1100 1068/1068 1067/1067
f 1099/1099 1100/1100 1067/1067
f 1101/1101 1069/1069 1068/1068
f 1100/1100 1101/1101 1068/1068
f 1102/1102 1070/1070 1069/1069
f 1101/1101 1102/1102 1069/1069
f 1103/1103 1071/1071 1070/1070
f 1102/1102 1103/1103 1070/1070
f 1104/1104 1072/1072 1071/1071
f 1103/1103 1104/1104 1071/1071
f 1105/1105 1073/1073 1072/1072
f 1104/1104 1105/1105 1072/1072
f 1106/1106 1074/1074 1073/1073
f 1105/1105 1106/1106 1073/1073
f 1107/1107 1075/1075 1074/1074
f 1106/1106 1107/1107 1074/1074
f 1108/1108 1076/1076 1075/1075
f 1107/1107 1108/1108 1075/1075
f 1109/1109 1077/1077 1076/1076
f 1108/1108 1109/1109 1076/1076
f 1110/1110 1078/1078 1077/1077
f 1109/1109 1110/1110 1077/1077
f 1111/1111 1079/1079 1078/1078
f 1110/1110 1111/1111 1078/1078
f 1112/1112 1080/1080 1079/1079
f 1111/1111 1112/1112 1079/1079
f 1113/1113 1081/1081 1080/1080
f 1112/1112 1113/1113 1080/1080
f 1114/1114 1082/1082 1081/1081
f 1113/1113 1114/1114 1081/1081
f 1115/1115 1083/1083 1082/1082
f 1114/1114 1115/1115 1082/1082
f 1116/1116 1084/1084 1083/1083
f 1115/1115 1116/1116 1083/1083
f 1117/1117 1085/1085 1084/1084
f 1116/1116 1117/1117 1084/1084
f 1118/1118 1086/1086 1085/1085
f 1117/1117 1118/1118 1085/1085
f 1119/1119 1087/1087 1086/1086
f 1118/1118 1119/1119 1086/1086
f 1120/1120 1088/1088 1087/1087
f 1119/1119 1120/1120 1087/1087
f 1121/1121 1089/1089 1088/1088
f 1120/1120 1121/1121 1088/1088
f 1122/1122 1090/1090 1089/1089
f 1121/1121 1122/1122 1089/1089
f 1091/1091 1059/1059 1090/1090
f 1122/1122 1091/1091 1090/1090
f 1124/1124 1092/1092 1091/1091
f 1123/1123 1124/1124 1091/1091
f 1125/1125 1093/1093 1092/1092
f 1124/1124 1125/1125 1092/1092
f 1126/1126 1094/1094 1093/1093
f 1125/1125 1126/1126 1093/1093
f 1127/1127 1095/1095 1094/1094
f 1126/1126 1127/1127 1094/1094
f 1128/1128 1096/1096 1095/1095
f 1127/1127 1128/1128 1095/1095
f 1129/1129 1097/1097 1096/1096
f 1128/1128 1129/1129 1096/1096
f 1130/1130 1098/1098 1097/1097
f 1129/1129 1130/1130 1097/1097
f 1131/1131 1099/1099 1098/1098
f 1130/1130 1131/1131 1098/1098
f 1132/1132 1100/1100 1099/1099
f 1131/1131 1132/1132 1099/1099
f 1133/1133 1101/1101 1100/1100
f 1132/1132 1133/1133 1100/1100
f 1134/1134 1102/1102 1101/1101
f 1133/1133 1134/1134 1101/1101
f 1135/1135 1103/1103 1102/1102
f 1134/1134 1135/1135 1102/1102
f 1136/1136 1104/1104 1103/1103
f 1135/1135 1136/1136 1103/1103
f 1137/1137 1105/1105 1104/1104
f 1136/1136 1137/1137 1104/1104
f 1138/1138 1106/1106 1105/1105
f 1137/1137 1138/1138 1105/1105
f 1139/1139 1107/1107 1106/1106
f 1138/1138 1139/1139 1106/1106
f 1140/1140 1108/1108 1107/1107
f 1139/1139 1140/1140 1107/1107
f 1141/1141 1109/1109 1108/1108
f 1140/1140 1141/1141 1108/1108
f 1142/1142 1110/1110 1109/1109
f 1141/1141 1142/1142 1109/1109
f 1143/1143 1111/1111 1110/1110
f 1142/1142 1143/1143 1110/1110
f 1144/1144 1112/1112 1111/1111
f 1143/1143 1144/1144 1111/1111
f 1145/1145 1113/1113 1112/1112
f 1144/1144 1145/1145 1112/1112
f 1146/1146 1114/1114 1113/1113
f 1145/1145 1146/1146 1113/1113
f 1147/1147 1115/1115 1114/1114
f 1146/1146 1147/1147 1114/1114
f 1148/1148 1116/1116 1115/1115
f 1147/1147 1148/1148 1115/1115
f 1149/1149 1117/1117 1116/1116
f 1148/1148 1149/1149 1116/1116
f 1150/1150 1118/1118 1117/1117
f 1149/1149 1150/1150 1117/1117
f 1151/1151 1119/1119 1118/1118
f 1150/1150 1151/1151 1118/1118
f 1152/1152 1120/1120 1119/1119
f 1151/1151 1152/1152 1119/1119
f 1153/1153 1121/1121 1120/1120
f 1152/1152 1153/1153 1120/1120
f 1154/1154 1122/1122 1121/1121
f 1153/1153 1154/1154 1121/1121
f 1123/1123 1091/1091 1122/1122
f 1154/1154 1123/1123 1122/1122
f 1188/1188 1156/1156 1155/1155
f 1187/1187 1188/1188 1155/1155
f 1189/1189 1157/1157 1156/1156
f 1188/1188 1189/1189 1156/1156
f 1190/1190 1158/1158 1157/1157
f 1189/1189 1190/1190 1157/1157
f 1191/1191 1159/1159 1158/1158
f 1190/1190 1191/1191 1158/1158
f 1192/1192 1160/1160 1159/1159
f 1191/1191 1192/1192 1159/1159
f 1193/1193 1161/1161 1160/1160
f 1192/1192 1193/1193 1160/1160
f 1194/1194 1162/1162 1161/1161
f 1193/1193 1194/1194 1161/1161
f 1195/1195 1163/1163 1162/1162
f 1194/1194 1195/1195 1162/1162
f 1196/1196 1164/1164 1163/1163
f 1195/1195 1196/1196 1163/1163
f 1197/1197 1165/1165 1164/1164
f 1196/1196 1197/1197 1164/1164
f 1198/1198 1166/1166 1165/1165
f 1197/1197 1198/1198 1165/1165
f 1199/1199 1167/1167 1166/1166
f 1198/1198 1199/1199 1166/1166
f 1200/1200 1168/1168 1167/1167
f 1199/1199 1200/1200 1167/1167
f 1201/1201 1169/1169 1168/1168
f 1200/1200 1201/1201 1168/1168
f 1202/1202 1170/1170 1169/1169
f 1201/1201 1202/1202 1169/1169
f 1203/1203 1171/1171 1170/1170
f 1202/1202 1203/1203 1170/1170
f 1204/1204 1172/1172 1171/1171
f 1203/1203 1204/1204 1171/1171
f 1205/1205 1173/1173 1172/1172
f 1204/1204 1205/1205 1172/1172
f 1206/1206 1174/1174 1173/1173
f 1205/1205 1206/1206 1173/1173
f 1207/1207 1175/1175 1174/1174
f 1206/1206 1207/1207 1174/1174
f 1208/1208 1176/1176 1175/1175
f 1207/1207 1208/1208 1175/1175
f 1209/1209 1177/1177 1176/1176
f 1208/1208 1209/1209 1176/1176
f 1210/1210 1178/1178 1177/1177
f 1209/1209 1210/1210 1177/1177
f 1211/1211 1179/1179 1178/1178
f 1210/1210 1211/1211 1178/1178
f 1212/1212 1180/1180 1179/1179
f 1211/1211 1212/1212 1179/1179
f 1213/1213 1181/1181 1180/1180
f 1212/1212 1213/1213 1180/1180
f 1214/1214 1182/1182 1181/1181
f 1213/1213 1214/1214 1181/1181
f 1215/1215 1183/1183 1182/1182
f 1214/1214 1215/1215 1182/1182
f 1216/1216 1184/1184 1183/1183
f 1215/1215 1216/1216 1183/1183
f 1217/1217 1185/1185 1184/1184
f 1216/1216 1217/1217 1184/1184
f 1218/1218 1186/1186 1185/1185
f 1217/1217 1218/1218 1185/1185
f 1187/1187 1155/1155 1186/1186
f 1218/1218 1187/1187 1186/1186
f 1220/1220 1188/1188 1187/1187
f 1219/1219 1220/1220 1187/1187
f 1221/1221 1189/1189 1188/1188
f 1220/1220 1221/1221 1188/1188
f 1222/1222 1190/1190 1189/1189
f 1221/1221 1222/1222 1189/1189
f 1223/1223 1191/1191 1190/1190
f 1222/1222 1223/1223 1190/1190
f 1224/1224 1192/1192 1191/1191
f 1223/1223 1224/1224 1191/1191
f 1225/1225 1193/1193 1192/1192
f 1224/1224 1225/1225 1192/1192
f 1226/1226 1194/1194 1193/1193
f 1225/1225 1226/1226 1193/1193
f 1227/1227 1195/1195 1194/1194
f 1226/1226 1227/1227 1194/1194
f 1228/1228 1196/1196 1195/1195
f 1227/1227 1228/1228 1195/1195
f 1229/1229 1197/1197 1196/1196
f 1228/1228 1229/1229 1196/1196
f 1230/1230 1198/1198 1197/1197
f 1229/1229 1230/1230 1197/1197
f 1231/1231 1199/1199 1198/1198
f 1230/1230 1231/1231 1198/1198
f 1232/1232 1200/1200 1199/1199
f 1231/1231 1232/1232 1199/1199
f 1233/1233 1201/1201 1200/1200
f 1232/1232 1233/1233 1200/1200
f 1234/1234 1202/1202 1201/1201
f 1233/1233 1234/1234 1201/1201
f 1235/1235 1203/1203 1202/1202
f 1234/1234 1235/1235 1202/1202
f 1236/1236 1204/1204 1203/1203
f 1235/1235 1236/1236 1203/1203
f 1237/1237 1205/1205 1204/1204
f 1236/1236 1237/1237 1204/1204
f 1238/1238 1206/1206 1205/1205
f 1237/1237 1238/1238 1205/1205
f 1239/1239 1207/1207 1206/1206
f 1238/1238 1239/1239 1206/1206
f 1240/1240 1208/1208 1207/1207
f 1239/1239 1240/1240 1207/1207
f 1241/1241 1209/1209 1208/1208
f 1240/1240 1241/1241 1208/1208
f 1242/1242 1210/1210 1209/1209
f 1241/1241 1242/1242 1209/1209
f 1243/1243 1211/1211 1210/1210
f 1242/1242 1243/1243 1210/1210
f 1244/1244 1212/1212 1211/1211
f 1243/1243 1244/1244 1211/1211
f 1245/1245 1213/1213 1212/1212
f 1244/1244 1245/1245 1212/1212
f 1246/1246 1214/1214 1213/1213
f 1245/1245 1246/1246 1213/1213
f 1247/1247 1215/1215 1214/1214
f 1246/1246 1247/1247 1214/1214
f 1248/1248 1216/1216 1215/1215
f 1247/1247 1248/1248 1215/1215
f 1249/1249 1217/1217 1216/1216
f 1248/1248 1249/1249 1216/1216
f 1250/1250 1218/1218 1217/1217
f 1249/1249 1250/1250 1217/1217
f 1219/1219 1187/1187 1218/1218
f 1250/1250 1219/1219 1218/1218
f 1252/1252 1220/1220 1219/1219
f 1251/1251 1252/1252 1219/1219
f 1253/1253 1221/1221 1220/1220
f 1252/1252 1253/1253 1220/1220
f 1254/1254 1222/1222 1221/1221
f 1253/1253 1254/1254 1221/1221
f 1255/1255 1223/1223 1222/1222
f 1254/1254 1255/1255 1222/1222
f 1256/1256 1224/1224 1223/1223
f 1255/1255 1256/1256 1223/1223
f 1257/1257 1225/1225 1224/1224
f 1256/1256 1257/1257 1224/1224
f 1258/1258 1226/1226 1225/1225
f 1257/1257 1258/1258 1225/1225
f 1259/1259 1227/1227 1226/1226
f 1258/1258 1259/1259 1226/1226
f 1260/1260 1228/1228 1227/1227
f 1259/1259 1260/1260 1227/1227
f 1261/1261 1229/1229 1228/1228
f 1260/1260 1261/1261 1228/1228
f 1262/1262 1230/1230 1229/1229
f 1261/1261 1262/1262 1229/1229
f 1263/1263 1231/1231 1230/1230
f 1262/1262 1263/1263 1230/1230
f 1264/1264 1232/1232 1231/1231
f 1263/1263 1264/1264 1231/1231
f 1265/1265 1233/1233 1232/1232
f 1264/1264 1265/1265 1232/1232
f 1266/1266 1234/1234 1233/1233
f 1265/1265 1266/1266 1233/1233
f 1267/1267 1235/1235 1234/1234
f 1266/1266 1267/1267 1234/1234
f 1268/1268 1236/1236 1235/1235
f 1267/1267 1268/1268 1235/1235
f 1269/1269 1237/1237 1236/1236
f 1268/1268 1269/1269 1236/1236
f 1270/1270 1238/1238 1237/1237
f 1269/1269 1270/1270 1237/1237
f 1271/1271 1239/1239 1238/1238
f 1270/1270 1271/1271 1238/1238
f 1272/1272 1240/1240 1239/1239
f 1271/1271 1272/1272 1239/1239
f 1273/1273 1241/1241 1240/1240
f 1272/1272 1273/1273 1240/1240
f 1274/1274 1242/1242 1241/1241
f 1273/1273 1274/1274 1241/1241
f 1275/1275 1243/1243 1242/1242
f 1274/1274 1275/1275 1242/1242
f 1276/1276 1244/1244 1243/1243
f 1275/1275 1276/1276 1243/1243
f 1277/1277 1245/1245 1244/1244
f 1276/1276 1277/1277 1244/1244
f 1278/1278 1246/1246 1245/1245
f 1277/1277 1278/1278 1245/1245
f 1279/1279 1247/1247 1246/1246
f 1278/1278 1279/1279 1246/1246
f 1280/1280 1248/1248 1247/1247
f 1279/1279 1280/1280 1247/1247
f 1281/1281 1249/1249 1248/1248
f 1280/1280 1281/1281 1248/1248
f 1282/1282 1250/1250 1249/1249
f 1281/1281 1282/1282 1249/1249
f 1251/1251 1219/1219 1250/1250
f 1282/1282 1251/1251 1250/1250
f 1316/1316 1284/1284 1283/1283
f 1315/1315 1316/1316 1283/1283
f 1317/1317 1285/1285 1284/1284
f 1316/1316 1317/1317 1284/1284
f 1318/1318 1286/1286 1285/1285
f 1317/1317 1318/1318 1285/1285
f 1319/1319 1287/1287 1286/1286
f 1318/1318 1319/1319 1286/1286
f 1320/1320 1288/1288 1287/1287
f 1319/1319 1320/1320 1287/1287
f 1321/1321 1289/1289 1288/1288
f 1320/1320 1321/1321 1288/1288
f 1322/1322 1290/1290 1289/1289
f 1321/1321 1322/1322 1289/1289
f 1323/1323 1291/1291 1290/1290
f 1322/1322 1323/1323 1290/1290
f 1324/1324 1292/1292 1291/1291
f 1323/1323 1324/1324 1291/1291
f 1325/1325 1293/1293 1292/1292
f 1324/1324 1325/1325 1292/1292
f 1326/1326 1294/1294 1293/1293
f 1325/1325 1326/1326 1293/1293
f 1327/1327 1295/1295 1294/1294
f 1326/1326 1327/1327 1294/1294
f 1328/1328 1296/1296 1295/1295
f 1327/1327 1328/1328 1295/1295
f 1329/1329 1297/1297 1296/1296
f 1328/1328 1329/1329 1296/1296
f 1330/1330 1298/1298 1297/1297
f 1329/1329 1330/1330 1297/1297
f 1331/1331 1299/1299 1298/1298
f 1330/1330 1331/1331 1298/1298
f 1332/1332 1300/1300 1299/1299
f 1331/1331 1332/1332 1299/1299
f 1333/1333 1301/1301 1300/1300
f 1332/1332 1333/1333 1300/1300
f 1334/1334 1302/1302 1301/1301
f 1333/1333 1334/1334 1301/1301
f 1335/1335 1303/1303 1302/1302
f 1334/1334 1335/1335 1302/1302
f 1336/1336 1304/1304 1303/1303
f 1335/1335 1336/1336 1303/1303
f 1337/1337 1305/1305 1304/1304
f 1336/1336 1337/1337 1304/1304
f 1338/1338 1306/1306 1305/1305
f 1337/1337 1338/1338 1305/1305
f 1339/1339 1307/1307 1306/1306
f 1338/1338 1339/1339 1306/1306
f 1340/1340 1308/1308 1307/1307
f 1339/1339 1340/1340 1307/1307
f 1341/1341 1309/1309 1308/1308
f 1340/1340 1341/1341 1308/1308
f 1342/1342 1310/1310 1309/1309
f 1341/1341 1342/1342 1309/1309
f 1343/1343 1311/1311 1310/1310
f 1342/1342 1343/1343 1310/1310
f 1344/1344 1312/1312 1311/1311
f 1343/1343 1344/1344 1311/1311
f 1345/1345 1313/1313 1312/1312
f 1344/1344 1345/1345 1312/1312
f 1346/1346 1314/1314 1313/1313
f 1345/1345 1346/1346 1313/1313
f 1315/1315 1283/1283 1314/1314
f 1346/1346 1315/1315 1314/1314
f 1348/1348 1316/1316 1315/1315
f 1347/1347 1348/1348 1315/1315
f 1349/1349 1317/1317 1316/1316
f 1348/1348 1349/1349 1316/1316
f 1350/1350 1318/1318 1317/1317
f 1349/1349 1350/1350 1317/1317
f 1351/1351 1319/1319 1318/1318
f 1350/1350 1351/1351 1318/1318
f 1352/1352 1320/1320 1319/1319
f 1351/1351 1352/1352 1319/1319
f 1353/1353 1321/1321 1320/1320
f 1352/1352 1353/1353 1320/1320
f 1354/1354 1322/1322 1321/1321
f 1353/1353 1354/1354 1321/1321
f 1355/1355 1323/1323 1322/1322
f 1354/1354 1355/1355 1322/1322
f 1356/1356 1324/1324 1323/1323
f 1355/1355 1356/1356 1323/1323
f 1357/1357 1325/1325 1324/1324
f 1356/1356 1357/1357 1324/1324
f 1358/1358 1326/1326 1325/1325
f 1357/1357 1358/1358 1325/1325
f 1359/1359 1327/1327 1326/1326
f 1358/1358 1359/1359 1326/1326
f 1360/1360 1328/1328 1327/1327
f 1359/1359 1360/1360 1327/1327
f 1361/1361 1329/1329 1328/1328
f 1360/1360 1361/1361 1328/1328
f 1362/1362 1330/1330 1329/1329
f 1361/1361 1362/1362 1329/1329
f 1363/1363 1331/1331 1330/1330
f 1362/1362 1363/1363 1330/1330
f 1364/1364 1332/1332 1331/1331
f 1363/1363 1364/1364 1331/1331
f 1365/1365 1333/1333 1332/1332
f 1364/1364 1365/1365 1332/1332
f 1366/1366 1334/1334 1333/1333
f 1365/1365 1366/1366 1333/1333
f 1367/1367 1335/1335 1334/1334
f 1366/1366 1367/1367 1334/1334
f 1368/1368 1336/1336 1335/1335
f 1367/1367 1368/1368 1335/1335
f 1369/1369 1337/1337 1336/1336
f 1368/1368 1369/1369 1336/1336
f 1370/1370 1338/1338 1337/1337
f 1369/1369 1370/1370 1337/1337
f 1371/1371 1339/1339 1338/1338
f 1370/1370 1371/1371 1338/1338
f 1372/1372 1340/1340 1339/1339
f 1371/1371 1372/1372 1339/1339
f 1373/1373 1341/1341 1340/1340
f 1372/1372 1373/1373 1340/1340
f 1374/1374 1342/1342 1341/1341
f 1373/1373 1374/1374 1341/1341
f 1375/1375 1343/1343 1342/1342
f 1374/1374 1375/1375 1342/1342
f 1376/1376 1344/1344 1343/1343
f 1375/1375 1376/1376 1343/1343
f 1377/1377 1345/1345 1344/1344
f 1376/1376 1377/1377 1344/1344
f 1378/1378 1346/1346 1345/1345
f 1377/1377 1378/1378 1345/1345
f 1347/1347 1315/1315 1346/1346
f 1378/1378 1347/1347 1346/1346
f 1380/1380 1348/1348 1347/1347
f 1379/1379 1380/1380 1347/1347
f 1381/1381 1349/1349 1348/1348
f 1380/1380 1381/1381 1348/1348
f 1382/1382 1350/1350 1349/1349
f 1381/1381 1382/1382 1349/1349
f 1383/1383 1351/1351 1350/1350
f 1382/1382 1383/1383 1350/1350
f 1384/1384 1352/1352 1351/1351
f 1383/1383 1384/1384 1351/1351
f 1385/1385 1353/1353 1352/1352
f 1384/1384 1385/1385 1352/1352
f 1386/1386 1354/1354 1353/1353
f 1385/1385 1386/1386 1353/1353
f 1387/1387 1355/1355 1354/1354
f 1386/1386 1387/1387 1354/1354
f 1388/1388 1356/1356 1355/1355
f 1387/1387 1388/1388 1355/1355
f 1389/1389 1357/1357 1356/1356
f 1388/1388 1389/1389 1356/1356
f 1390/1390 1358/1358 1357/1357
f 1389/1389 1390/1390 1357/1357
f 1391/1391 1359/1359 1358/1358
f 1390/1390 1391/1391 1358/1358
f 1392/1392 1360/1360 1359/1359
f 1391/1391 1392/1392 1359/1359
f 1393/1393 1361/1361 1360/1360
f 1392/1392 1393/1393 1360/1360
f 1394/1394 1362/1362 1361/1361
f 1393/1393 1394/1394 1361/1361
f 1395/1395 1363/1363 1362/1362
f 1394/1394 1395/1395 1362/1362
f 1396/1396 1364/1364 1363/1363
f 1395/1395 1396/1396 1363/1363
f 1397/1397 1365/1365 1364/1364
f 1396/1396 1397/1397 1364/1364
f 1398/1398 1366/1366 1365/1365
f 1397/1397 1398/1398 1365/1365
f 1399/1399 1367/1367 1366/1366
f 1398/1398 1399/1399 1366/1366
f 1400/1400 1368/1368 1367/1367
f 1399/1399 1400/1400 1367/1367
f 1401/1401 1369/1369 1368/1368
f 1400/1400 1401/1401 1368/1368
f 1402/1402 1370/1370 1369/1369
f 1401/1401 1402/1402 1369/1369
f 1403/1403 1371/1371 1370/1370
f 1402/1402 1403/1403 1370/1370
f 1404/1404 1372/1372 1371/1371
f 1403/1403 1404/1404 1371/1371
f 1405/1405 1373/1373 1372/1372
f 1404/1404 1405/1405 1372/1372
f 1406/1406 1374/1374 1373/1373
f 1405/1405 1406/1406 1373/1373
f 1407/1407 1375/1375 1374/1374
f 1406/1406 1407/1407 1374/1374
f 1408/1408 1376/1376 1375/1375
f 1407/1407 1408/1408 1375/1375
f 1409/1409 1377/1377 1376/1376
f 1408/1408 1409/1409 1376/1376
f 1410/1410 1378/1378 1377/1377
f 1409/1409 1410/1410 1377/1377
f 1379/1379 1347/1347 1378/1378
f 1410/1410 1379/1379 1378/1378
f 1444/1444 1412/1412 1411/1411
f 1443/1443 1444/1444 1411/1411
f 1445/1445 1413/1413 1412/1412
f 1444/1444 1445/1445 1412/1412
f 1446/1446 1414/1414 1413/1413
f 1445/1445 1446/1446 1413/1413
f 1447/1447 1415/1415 1414/1414
f 1446/1446 1447/1447 1414/1414
f 1448/1448 1416/1416 1415/1415
f 1447/1447 1448/1448 1415/1415
f 1449/1449 1417/1417 1416/1416
f 1448/1448 1449/1449 1416/1416
f 1450/1450 1418/1418 1417/1417
f 1449/1449 1450/1450 1417/1417
f 1451/1451 1419/1419 1418/1418
f 1450/1450 1451/1451 1418/1418
f 1452/1452 1420/1420 1419/1419
f 1451/1451 1452/1452 1419/1419
f 1453/1453 1421/1421 1420/1420
f 1452/1452 1453/1453 1420/1420
f 1454/1454 1422/1422 1421/1421
f 1453/1453 1454/1454 1421/1421
f 1455/1455 1423/1423 1422/1422
f 1454/1454 1455/1455 1422/1422
f 1456/1456 1424/1424 1423/1423
f 1455/1455 1456/1456 1423/1423
f 1457/1457 1425/1425 1424/1424
f 1456/1456 1457/1457 1424/1424
f 1458/1458 1426/1426 1425/1425
f 1457/1457 1458/1458 1425/1425
f 1459/1459 1427/1427 1426/1426
f 1458/1458 1459/1459 1426/1426
f 1460/1460 1428/1428 1427/1427
f 1459/1459 1460/1460 1427/1427
f 1461/1461 1429/1429 1428/1428
f 1460/1460 1461/1461 1428/1428
f 1462/1462 1430/1430 1429/1429
f 1461/1461 1462/1462 1429/1429
f 1463/1463 1431/1431 1430/1430
f 1462/1462 1463/1463 1430/1430
f 1464/1464 1432/1432 1431/1431
f 1463/1463 1464/1464 1431/1431
f 1465/1465 1433/1433 1432/1432
f 1464/1464 1465/1465 1432/1432
f 1466/1466 1434/1434 1433/1433
f 1465/1465 1466/1466 1433/1433
f 1467/1467 1435/1435 1434/1434
f 1466/1466 1467/1467 1434/1434
f 1468/1468 1436/1436 1435/1435
f 1467/1467 1468/1468 1435/1435
f 1469/1469 1437/1437 1436/1436
f 1468/1468 1469/1469 1436/1436
f 1470/1470 1438/1438 1437/1437
f 1469/1469 1470/1470 1437/1437
f 1471/1471 1439/1439 1438/1438
f 1470/1470 1471/1471 1438/1438
f 1472/1472 1440/1440 1439/1439
f 1471/1471 1472/1472 1439/1439
f 1473/1473 1441/1441 1440/1440
f 1472/1472 1473/1473 1440/1440
f 1474/1474 1442/1442 1441/1441
f 1473/1473 1474/1474 1441/1441
f 1443/1443 1411/1411 1442/1442
f 1474/1474 1443/1443 1442/1442
f 1476/1476 1444/1444 1443/1443
f 1475/1475 1476/1476 1443/1443
f 1477/1477 1445/1445 1444/1444
f 1476/1476 1477/1477 1444/1444
f 1478/1478 1446/1446 1445/1445
f 1477/1477 1478/1478 1445/1445
f 1479/1479 1447/1447 1446/1446
f 1478/1478 1479/1479 1446/1446
f 1480/1480 1448/1448 1447/1447
f 1479/1479 1480/1480 1447/1447
f 1481/1481 1449/1449 1448/1448
f 1480/1480 1481/1481 1448/1448
f 1482/1482 1450/1450 1449/1449
f 1481/1481 1482/1482 1449/1449
f 1483/1483 1451/1451 1450/1450
f 1482/1482 1483/1483 1450/1450
f 1484/1484 1452/1452 1451/1451
f 1483/1483 1484/1484 1451/1451
f 1485/1485 1453/1453 1452/1452
f 1484/1484 1485/1485 1452/1452
f 1486/1486 1454/1454 1453/1453
f 1485/1485 1486/1486 1453/1453
f 1487/1487 1455/1455 1454/1454
f 1486/1486 1487/1487 1454/1454
f 1488/1488 1456/1456 1455/1455
f 1487/1487 1488/1488 1455/1455
f 1489/1489 1457/1457 1456/1456
f 1488/1488 1489/1489 1456/1456
f 1490/1490 1458/1458 1457/1457
f 1489/1489 1490/1490 1457/1457
f 1491/1491 1459/1459 1458/1458
f 1490/1490 1491/1491 1458/1458
f 1492/1492 1460/1460 1459/1459
f 1491/1491 1492/1492 1459/1459
f 1493/1493 1461/1461 1460/1460
f 1492/1492 1493/1493 1460/1460
f 1494/1494 1462/1462 1461/1461
f 1493/1493 1494/1494 1461/1461
f 1495/1495 1463/1463 1462/1462
f 1494/1494 1495/1495 1462/1462
f 1496/1496 1464/1464 1463/1463
f 1495/1495 1496/1496 1463/1463
f 1497/1497 1465/1465 1464/1464
f 1496/1496 1497/1497 1464/1464
f 1498/1498 1466/1466 1465/1465
f 1497/1497 1498/1498 1465/1465
f 1499/1499 1467/1467 1466/1466
f 1498/1498 1499/1499 1466/1466
f 1500/1500 1468/1468 1467/1467
f 1499/1499 1500/1500 1467/1467
f 1501/1501 1469/1469 1468/1468
f 1500/1500 1501/1501 1468/1468
f 1502/1502 1470/1470 1469/1469
f 1501/1501 1502/1502 1469/1469
f 1503/1503 1471/1471 1470/1470
f 1502/1502 1503/1503 1470/1470
f 1504/1504 1472/1472 1471/1471
f 1503/1503 1504/1504 1471/1471
f 1505/1505 1473/1473 1472/1472
f 1504/1504 1505/1505 1472/1472
f 1506/1506 1474/1474 1473/1473
f 1505/1505 1506/1506 1473/1473
f 1475/1475 1443/1443 1474/1474
f 1506/1506 1475/1475 1474/1474
f 1508/1508 1476/1476 1475/1475
f 1507/1507 1508/1508 1475/1475
f 1509/1509 1477/1477 1476/1476
f 1508/1508 1509/1509 1476/1476
f 1510/1510 1478/1478 1477/1477
f 1509/1509 1510/1510 1477/1477
f 1511/1511 1479/1479 1478/1478
f 1510/1510 1511/1511 1478/1478
f 1512/1512 1480/1480 1479/1479
f 1511/1511 1512/1512 1479/1479
f 1513/1513 1481/1481 1480/1480
f 1512/1512 1513/1513 1480/1480
f 1514/1514 1482/1482 1481/1481
f 1513/1513 1514/1514 1481/1481
f 1515/1515 1483/1483 1482/1482
f 1514/1514 1515/1515 1482/1482
f 1516/1516 1484/1484 1483/1483
f 1515/1515 1516/1516 1483/1483
f 1517/1517 1485/1485 1484/1484
f 1516/1516 1517/1517 1484/1484
f 1518/1518 1486/1486 1485/1485
f 1517/1517 1518/1518 1485/1485
f 1519/1519 1487/1487 1486/1486
f 1518/1518 1519/1519 1486/1486
f 1520/1520 1488/1488 1487/1487
f 1519/1519 1520/1520 1487/1487
f 1521/1521 1489/1489 1488/1488
f 1520/1520 1521/1521 1488/1488
f 1522/1522 1490/1490 1489/1489
f 1521/1521 1522/1522 1489/1489
f 1523/1523 1491/1491 1490/1490
f 1522/1522 1523/1523 1490/1490
f 1524/1524 1492/1492 1491/1491
f 1523/1523 1524/1524 1491/1491
f 1525/1525 1493/1493 1492/1492
f 1524/1524 1525/1525 1492/1492
f 1526/1526 1494/1494 1493/1493
f 1525/1525 1526/1526 1493/1493
f 1527/1527 1495/1495 1494/1494
f 1526/1526 1527/1527 1494/1494
f 1528/1528 1496/1496 1495/1495
f 1527/1527 1528/1528 1495/1495
f 1529/1529 1497/1497 1496/1496
f 1528/1528 1529/1529 1496/1496
f 1530/1530 1498/1498 1497/1497
f 1529/1529 1530/1530 1497/1497
f 1531/1531 1499/1499 1498/1498
f 1530/1530 1531/1531 1498/1498
f 1532/1532 1500/1500 1499/1499
f 1531/1531 1532/1532 1499/1499
f 1533/1533 1501/1501 1500/1500
f 1532/1532 1533/1533 1500/1500
f 1534/1534 1502/1502 1501/1501
f 1533/1533 1534/1534 1501/1501
f 1535/1535 1503/1503 1502/1502
f 1534/1534 1535/1535 1502/1502
f 1536/1536 1504/1504 1503/1503
f 1535/1535 1536/1536 1503/1503
f 1537/1537 1505/1505 1504/1504
f 1536/1536 1537/1537 1504/1504
f 1538/1538 1506/1506 1505/1505
f 1537/1537 1538/1538 1505/1505
f 1507/1507 1475/1475 1506/1506
f 1538/1538 1507/1507 1506/1506
