# M870 FPS art asset, meters, +Z forward
o Barrel
v -0.017 0.032 0.104
v -0.016947594673463177 0.03333380462737336 0.104
v -0.016790701790117345 0.034659385905683925 0.104
v -0.016530288646760503 0.03596857118555039 0.104
v -0.016167960777017612 0.037253288904374106 0.104
v -0.015705952052691877 0.03850561835020653 0.104
v -0.015147110911202256 0.0397178384955723 0.104
v -0.01449488279401957 0.04088247560017113 0.104
v -0.013753288904374108 0.041992349288972046 0.104
v -0.012926901415200526 0.04304061682161312 0.104
v -0.01202081528017131 0.04402081528017131 0.104
v -0.011040616821613121 0.04492690141520053 0.104
v -0.009992349288972044 0.045753288904374106 0.104
v -0.008882475600171132 0.04649488279401957 0.104
v -0.007717838495572297 0.04714711091120225 0.104
v -0.006505618350206527 0.047705952052691875 0.104
v -0.005253288904374107 0.04816796077701761 0.104
v -0.003968571185550393 0.048530288646760504 0.104
v -0.002659385905683926 0.048790701790117345 0.104
v -0.0013338046273733651 0.04894759467346318 0.104
v -1.0409497792752502e-18 0.049 0.104
v 0.001333804627373363 0.04894759467346318 0.104
v 0.002659385905683928 0.04879070179011734 0.104
v 0.003968571185550387 0.048530288646760504 0.104
v 0.005253288904374105 0.04816796077701761 0.104
v 0.006505618350206526 0.047705952052691875 0.104
v 0.007717838495572295 0.04714711091120226 0.104
v 0.00888247560017113 0.046494882794019574 0.104
v 0.009992349288972042 0.045753288904374106 0.104
v 0.011040616821613121 0.04492690141520053 0.104
v 0.012020815280171307 0.04402081528017131 0.104
v 0.012926901415200524 0.04304061682161313 0.104
v 0.013753288904374106 0.041992349288972046 0.104
v 0.014494882794019568 0.040882475600171136 0.104
v 0.015147110911202253 0.0397178384955723 0.104
v 0.015705952052691877 0.03850561835020653 0.104
v 0.016167960777017612 0.037253288904374106 0.104
v 0.016530288646760503 0.03596857118555039 0.104
v 0.01679070179011734 0.034659385905683925 0.104
v 0.016947594673463177 0.03333380462737337 0.104
v 0.017 0.032 0.104
v 0.016947594673463177 0.030666195372626645 0.104
v 0.016790701790117345 0.029340614094316077 0.104
v 0.016530288646760503 0.02803142881444961 0.104
v 0.016167960777017612 0.02674671109562589 0.104
v 0.015705952052691877 0.025494381649793476 0.104
v 0.01514711091120226 0.024282161504427715 0.104
v 0.01449488279401957 0.023117524399828872 0.104
v 0.013753288904374108 0.02200765071102796 0.104
v 0.012926901415200523 0.020959383178386873 0.104
v 0.012020815280171312 0.019979184719828694 0.104
v 0.011040616821613131 0.01907309858479948 0.104
v 0.009992349288972045 0.018246711095625895 0.104
v 0.00888247560017114 0.017505117205980438 0.104
v 0.007717838495572298 0.01685288908879775 0.104
v 0.006505618350206536 0.01629404794730813 0.104
v 0.005253288904374109 0.01583203922298239 0.104
v 0.003968571185550387 0.015469711353239497 0.104
v 0.002659385905683928 0.01520929820988266 0.104
v 0.0013338046273733597 0.015052405326536823 0.104
v 3.1228493378257507e-18 0.015 0.104
v -0.0013338046273733534 0.015052405326536823 0.104
v -0.0026593859056839217 0.015209298209882656 0.104
v -0.003968571185550381 0.015469711353239494 0.104
v -0.0052532889043741034 0.01583203922298239 0.104
v -0.006505618350206531 0.016294047947308127 0.104
v -0.007717838495572294 0.016852889088797743 0.104
v -0.008882475600171134 0.017505117205980435 0.104
v -0.00999234928897204 0.01824671109562589 0.104
v -0.011040616821613126 0.019073098584799476 0.104
v -0.012020815280171305 0.019979184719828687 0.104
v -0.012926901415200519 0.02095938317838687 0.104
v -0.013753288904374106 0.022007650711027955 0.104
v -0.014494882794019563 0.023117524399828858 0.104
v -0.015147110911202253 0.0242821615044277 0.104
v -0.01570595205269187 0.025494381649793466 0.104
v -0.016167960777017612 0.026746711095625892 0.104
v -0.016530288646760503 0.028031428814449613 0.104
v -0.01679070179011734 0.02934061409431607 0.104
v -0.016947594673463177 0.030666195372626638 0.104
v -0.017 0.031999999999999994 0.104
v -0.017 0.032 0.119
v -0.016947594673463177 0.03333380462737336 0.119
v -0.016790701790117345 0.034659385905683925 0.119
v -0.016530288646760503 0.03596857118555039 0.119
v -0.016167960777017612 0.037253288904374106 0.119
v -0.015705952052691877 0.03850561835020653 0.119
v -0.015147110911202256 0.0397178384955723 0.119
v -0.01449488279401957 0.04088247560017113 0.119
v -0.013753288904374108 0.041992349288972046 0.119
v -0.012926901415200526 0.04304061682161312 0.119
v -0.01202081528017131 0.04402081528017131 0.119
v -0.011040616821613121 0.04492690141520053 0.119
v -0.009992349288972044 0.045753288904374106 0.119
v -0.008882475600171132 0.04649488279401957 0.119
v -0.007717838495572297 0.04714711091120225 0.119
v -0.006505618350206527 0.047705952052691875 0.119
v -0.005253288904374107 0.04816796077701761 0.119
v -0.003968571185550393 0.048530288646760504 0.119
v -0.002659385905683926 0.048790701790117345 0.119
v -0.0013338046273733651 0.04894759467346318 0.119
v -1.0409497792752502e-18 0.049 0.119
v 0.001333804627373363 0.04894759467346318 0.119
v 0.002659385905683928 0.04879070179011734 0.119
v 0.003968571185550387 0.048530288646760504 0.119
v 0.005253288904374105 0.04816796077701761 0.119
v 0.006505618350206526 0.047705952052691875 0.119
v 0.007717838495572295 0.04714711091120226 0.119
v 0.00888247560017113 0.046494882794019574 0.119
v 0.009992349288972042 0.045753288904374106 0.119
v 0.011040616821613121 0.04492690141520053 0.119
v 0.012020815280171307 0.04402081528017131 0.119
v 0.012926901415200524 0.04304061682161313 0.119
v 0.013753288904374106 0.041992349288972046 0.119
v 0.014494882794019568 0.040882475600171136 0.119
v 0.015147110911202253 0.0397178384955723 0.119
v 0.015705952052691877 0.03850561835020653 0.119
v 0.016167960777017612 0.037253288904374106 0.119
v 0.016530288646760503 0.03596857118555039 0.119
v 0.01679070179011734 0.034659385905683925 0.119
v 0.016947594673463177 0.03333380462737337 0.119
v 0.017 0.032 0.119
v 0.016947594673463177 0.030666195372626645 0.119
v 0.016790701790117345 0.029340614094316077 0.119
v 0.016530288646760503 0.02803142881444961 0.119
v 0.016167960777017612 0.02674671109562589 0.119
v 0.015705952052691877 0.025494381649793476 0.119
v 0.01514711091120226 0.024282161504427715 0.119
v 0.01449488279401957 0.023117524399828872 0.119
v 0.013753288904374108 0.02200765071102796 0.119
v 0.012926901415200523 0.020959383178386873 0.119
v 0.012020815280171312 0.019979184719828694 0.119
v 0.011040616821613131 0.01907309858479948 0.119
v 0.009992349288972045 0.018246711095625895 0.119
v 0.00888247560017114 0.017505117205980438 0.119
v 0.007717838495572298 0.01685288908879775 0.119
v 0.006505618350206536 0.01629404794730813 0.119
v 0.005253288904374109 0.01583203922298239 0.119
v 0.003968571185550387 0.015469711353239497 0.119
v 0.002659385905683928 0.01520929820988266 0.119
v 0.0013338046273733597 0.015052405326536823 0.119
v 3.1228493378257507e-18 0.015 0.119
v -0.0013338046273733534 0.015052405326536823 0.119
v -0.0026593859056839217 0.015209298209882656 0.119
v -0.003968571185550381 0.015469711353239494 0.119
v -0.0052532889043741034 0.01583203922298239 0.119
v -0.006505618350206531 0.016294047947308127 0.119
v -0.007717838495572294 0.016852889088797743 0.119
v -0.008882475600171134 0.017505117205980435 0.119
v -0.00999234928897204 0.01824671109562589 0.119
v -0.011040616821613126 0.019073098584799476 0.119
v -0.012020815280171305 0.019979184719828687 0.119
v -0.012926901415200519 0.02095938317838687 0.119
v -0.013753288904374106 0.022007650711027955 0.119
v -0.014494882794019563 0.023117524399828858 0.119
v -0.015147110911202253 0.0242821615044277 0.119
v -0.01570595205269187 0.025494381649793466 0.119
v -0.016167960777017612 0.026746711095625892 0.119
v -0.016530288646760503 0.028031428814449613 0.119
v -0.01679070179011734 0.02934061409431607 0.119
v -0.016947594673463177 0.030666195372626638 0.119
v -0.017 0.031999999999999994 0.119
v -0.0158 0.032 0.137
v -0.015751293872983425 0.03323965371249995 0.137
v -0.015605475781403179 0.03447166454763565 0.137
v -0.01536344474228329 0.03568843674892331 0.137
v -0.015026692957463427 0.03688246851112417 0.137
v -0.014597296613678331 0.03804639823136842 0.137
v -0.014077903082176215 0.03917304989588484 0.137
v -0.01347171459679466 0.040255477322511994 0.137
v -0.01278246851112417 0.04128700698622108 0.137
v -0.01201441425648049 0.042261279163616904 0.137
v -0.011172287142747452 0.04317228714274745 0.137
v -0.010261279163616901 0.04401441425648049 0.137
v -0.009287006986221076 0.04478246851112417 0.137
v -0.008255477322511993 0.04547171459679466 0.137
v -0.007173049895884841 0.046077903082176214 0.137
v -0.00604639823136842 0.046597296613678334 0.137
v -0.00488246851112417 0.04702669295746343 0.137
v -0.003688436748923307 0.047363444742283295 0.137
v -0.002471664547635649 0.04760547578140318 0.137
v -0.001239653712499951 0.04775129387298342 0.137
v -9.67470971326409e-19 0.0478 0.137
v 0.001239653712499949 0.04775129387298342 0.137
v 0.0024716645476356505 0.04760547578140318 0.137
v 0.0036884367489233016 0.047363444742283295 0.137
v 0.004882468511124168 0.04702669295746343 0.137
v 0.006046398231368418 0.046597296613678334 0.137
v 0.007173049895884839 0.046077903082176214 0.137
v 0.008255477322511992 0.04547171459679466 0.137
v 0.009287006986221074 0.04478246851112417 0.137
v 0.010261279163616901 0.04401441425648049 0.137
v 0.01117228714274745 0.043172287142747456 0.137
v 0.012014414256480489 0.042261279163616904 0.137
v 0.012782468511124169 0.04128700698622108 0.137
v 0.013471714596794658 0.040255477322511994 0.137
v 0.014077903082176213 0.03917304989588484 0.137
v 0.014597296613678331 0.03804639823136842 0.137
v 0.015026692957463427 0.03688246851112417 0.137
v 0.01536344474228329 0.03568843674892331 0.137
v 0.015605475781403177 0.03447166454763565 0.137
v 0.015751293872983425 0.033239653712499956 0.137
v 0.0158 0.032 0.137
v 0.015751293872983425 0.03076034628750006 0.137
v 0.015605475781403179 0.029528335452364354 0.137
v 0.015363444742283293 0.028311563251076696 0.137
v 0.015026692957463427 0.027117531488875826 0.137
v 0.014597296613678333 0.025953601768631582 0.137
v 0.014077903082176218 0.02482695010411517 0.137
v 0.01347171459679466 0.02374452267748801 0.137
v 0.01278246851112417 0.022712993013778927 0.137
v 0.012014414256480487 0.021738720836383094 0.137
v 0.011172287142747454 0.020827712857252552 0.137
v 0.01026127916361691 0.019985585743519517 0.137
v 0.009287006986221077 0.01921753148887583 0.137
v 0.008255477322512 0.01852828540320535 0.137
v 0.007173049895884842 0.017922096917823788 0.137
v 0.006046398231368428 0.017402703386321675 0.137
v 0.004882468511124172 0.01697330704253657 0.137
v 0.0036884367489233016 0.016636555257716706 0.137
v 0.0024716645476356505 0.016394524218596822 0.137
v 0.001239653712499946 0.016248706127016576 0.137
v 2.902412913979227e-18 0.0162 0.137
v -0.0012396537124999404 0.016248706127016576 0.137
v -0.002471664547635645 0.016394524218596822 0.137
v -0.003688436748923296 0.016636555257716706 0.137
v -0.0048824685111241665 0.01697330704253657 0.137
v -0.006046398231368422 0.01740270338632167 0.137
v -0.007173049895884838 0.017922096917823784 0.137
v -0.008255477322511995 0.018528285403205343 0.137
v -0.009287006986221072 0.019217531488875828 0.137
v -0.010261279163616906 0.01998558574351951 0.137
v -0.011172287142747449 0.020827712857252545 0.137
v -0.012014414256480484 0.02173872083638309 0.137
v -0.012782468511124169 0.022712993013778923 0.137
v -0.013471714596794653 0.023744522677488 0.137
v -0.014077903082176213 0.024826950104115158 0.137
v -0.014597296613678328 0.02595360176863157 0.137
v -0.015026692957463427 0.02711753148887583 0.137
v -0.015363444742283293 0.0283115632510767 0.137
v -0.015605475781403177 0.02952833545236435 0.137
v -0.015751293872983425 0.030760346287500052 0.137
v -0.0158 0.031999999999999994 0.137
v -0.0152 0.032 0.179
v -0.015153143472743545 0.03319257825506324 0.179
v -0.015012862777046094 0.03437780386861151 0.179
v -0.014780022790044684 0.03554836953060976 0.179
v -0.014456059047686334 0.0366970583144992 0.179
v -0.01404296889417156 0.03781678817194936 0.179
v -0.013543299167663192 0.03890065559604111 0.179
v -0.012960130498182202 0.03994197818368242 0.179
v -0.0122970583144992 0.04093433583484559 0.179
v -0.01155817067712047 0.041871610334618795 0.179
v -0.010748023074035523 0.042748023074035524 0.179
v -0.00987161033461879 0.04355817067712047 0.179
v -0.008934335834845592 0.044297058314499205 0.179
v -0.007941978183682424 0.044960130498182205 0.179
v -0.006900655596041113 0.04554329916766319 0.179
v -0.005816788171949365 0.04604296889417156 0.179
v -0.0046970583144992015 0.046456059047686335 0.179
v -0.003548369530609763 0.04678002279004469 0.179
v -0.00237780386861151 0.0470128627770461 0.179
v -0.001192578255063244 0.04715314347274355 0.179
v -9.307315673519885e-19 0.0472 0.179
v 0.0011925782550632421 0.04715314347274355 0.179
v 0.0023778038686115117 0.0470128627770461 0.179
v 0.003548369530609758 0.04678002279004469 0.179
v 0.0046970583144992 0.046456059047686335 0.179
v 0.005816788171949363 0.04604296889417156 0.179
v 0.006900655596041111 0.04554329916766319 0.179
v 0.007941978183682422 0.044960130498182205 0.179
v 0.00893433583484559 0.044297058314499205 0.179
v 0.00987161033461879 0.04355817067712047 0.179
v 0.010748023074035521 0.042748023074035524 0.179
v 0.011558170677120469 0.041871610334618795 0.179
v 0.012297058314499199 0.0409343358348456 0.179
v 0.0129601304981822 0.039941978183682426 0.179
v 0.01354329916766319 0.03890065559604111 0.179
v 0.01404296889417156 0.03781678817194937 0.179
v 0.014456059047686334 0.0366970583144992 0.179
v 0.014780022790044684 0.03554836953060977 0.179
v 0.015012862777046092 0.034377803868611514 0.179
v 0.015153143472743545 0.03319257825506325 0.179
v 0.0152 0.032 0.179
v 0.015153143472743547 0.030807421744936767 0.179
v 0.015012862777046094 0.029622196131388494 0.179
v 0.014780022790044684 0.02845163046939024 0.179
v 0.014456059047686334 0.027302941685500796 0.179
v 0.014042968894171561 0.02618321182805064 0.179
v 0.013543299167663196 0.025099344403958897 0.179
v 0.012960130498182202 0.024058021816317582 0.179
v 0.0122970583144992 0.02306566416515441 0.179
v 0.011558170677120467 0.022128389665381207 0.179
v 0.010748023074035525 0.021251976925964478 0.179
v 0.009871610334618799 0.020441829322879537 0.179
v 0.008934335834845594 0.019702941685500804 0.179
v 0.007941978183682431 0.019039869501817804 0.179
v 0.0069006555960411135 0.01845670083233681 0.179
v 0.005816788171949373 0.017957031105828445 0.179
v 0.004697058314499203 0.017543940952313666 0.179
v 0.003548369530609758 0.017219977209955314 0.179
v 0.0023778038686115117 0.016987137222953908 0.179
v 0.001192578255063239 0.016846856527256454 0.179
v 2.792194702055965e-18 0.016800000000000002 0.179
v -0.0011925782550632337 0.016846856527256454 0.179
v -0.0023778038686115065 0.016987137222953905 0.179
v -0.0035483695306097528 0.017219977209955314 0.179
v -0.004697058314499198 0.017543940952313666 0.179
v -0.005816788171949368 0.01795703110582844 0.179
v -0.006900655596041109 0.018456700832336807 0.179
v -0.007941978183682426 0.019039869501817804 0.179
v -0.008934335834845588 0.019702941685500797 0.179
v -0.009871610334618796 0.02044182932287953 0.179
v -0.01074802307403552 0.021251976925964478 0.179
v -0.011558170677120463 0.0221283896653812 0.179
v -0.012297058314499199 0.023065664165154404 0.179
v -0.012960130498182195 0.024058021816317568 0.179
v -0.01354329916766319 0.025099344403958886 0.179
v -0.014042968894171556 0.026183211828050626 0.179
v -0.014456059047686334 0.027302941685500796 0.179
v -0.014780022790044684 0.02845163046939024 0.179
v -0.015012862777046092 0.029622196131388487 0.179
v -0.015153143472743545 0.03080742174493676 0.179
v -0.0152 0.031999999999999994 0.179
v -0.0134 0.032 0.4
v -0.013358692272023916 0.03305135188275312 0.4
v -0.013235023763974847 0.0340962218315391 0.4
v -0.013029756933328866 0.035128167875669136 0.4
v -0.012744157318355058 0.0361408277246243 0.4
v -0.012379985735651243 0.0371279579936922 0.4
v -0.01193948742412413 0.038083472696509926 0.4
v -0.011425378202344837 0.039001480767193716 0.4
v -0.010840827724624295 0.03987632238071914 0.4
v -0.010189439939040415 0.04070260384762446 0.4
v -0.009475230867899738 0.04147523086789974 0.4
v -0.00870260384762446 0.04218943993904042 0.4
v -0.00787632238071914 0.042840827724624296 0.4
v -0.007001480767193716 0.043425378202344836 0.4
v -0.006083472696509928 0.04393948742412413 0.4
v -0.005127957993692204 0.044379985735651245 0.4
v -0.004140827724624296 0.04474415731835506 0.4
v -0.0031281678756691334 0.04502975693332886 0.4
v -0.0020962218315390946 0.04523502376397485 0.4
v -0.001051351882753123 0.045358692272023916 0.4
v -8.205133554287267e-19 0.0454 0.4
v 0.0010513518827531213 0.045358692272023916 0.4
v 0.002096221831539096 0.04523502376397485 0.4
v 0.003128167875669129 0.04502975693332887 0.4
v 0.004140827724624294 0.04474415731835506 0.4
v 0.005127957993692202 0.044379985735651245 0.4
v 0.0060834726965099265 0.04393948742412413 0.4
v 0.007001480767193714 0.043425378202344836 0.4
v 0.007876322380719138 0.042840827724624296 0.4
v 0.00870260384762446 0.04218943993904042 0.4
v 0.009475230867899736 0.04147523086789974 0.4
v 0.010189439939040413 0.04070260384762446 0.4
v 0.010840827724624295 0.03987632238071914 0.4
v 0.011425378202344835 0.039001480767193716 0.4
v 0.011939487424124129 0.038083472696509926 0.4
v 0.012379985735651243 0.03712795799369221 0.4
v 0.012744157318355058 0.0361408277246243 0.4
v 0.013029756933328866 0.035128167875669136 0.4
v 0.013235023763974845 0.0340962218315391 0.4
v 0.013358692272023916 0.03305135188275313 0.4
v 0.0134 0.032 0.4
v 0.013358692272023917 0.030948648117246885 0.4
v 0.013235023763974847 0.029903778168460907 0.4
v 0.013029756933328867 0.02887183212433087 0.4
v 0.012744157318355058 0.027859172275375703 0.4
v 0.012379985735651244 0.0268720420063078 0.4
v 0.011939487424124134 0.025916527303490082 0.4
v 0.011425378202344837 0.02499851923280629 0.4
v 0.010840827724624295 0.024123677619280862 0.4
v 0.010189439939040411 0.023297396152375534 0.4
v 0.00947523086789974 0.022524769132100265 0.4
v 0.008702603847624467 0.02181056006095959 0.4
v 0.007876322380719142 0.021159172275375705 0.4
v 0.007001480767193722 0.02057462179765517 0.4
v 0.006083472696509929 0.02006051257587587 0.4
v 0.005127957993692211 0.019620014264348763 0.4
v 0.004140827724624298 0.019255842681644944 0.4
v 0.003128167875669129 0.01897024306667113 0.4
v 0.002096221831539096 0.018764976236025153 0.4
v 0.0010513518827531187 0.018641307727976085 0.4
v 2.46154006628618e-18 0.0186 0.4
v -0.001051351882753114 0.018641307727976085 0.4
v -0.002096221831539091 0.018764976236025153 0.4
v -0.0031281678756691243 0.01897024306667113 0.4
v -0.004140827724624293 0.01925584268164494 0.4
v -0.0051279579936922065 0.01962001426434876 0.4
v -0.006083472696509925 0.02006051257587587 0.4
v -0.0070014807671937174 0.020574621797655165 0.4
v -0.007876322380719137 0.021159172275375705 0.4
v -0.008702603847624465 0.021810560060959588 0.4
v -0.009475230867899734 0.02252476913210026 0.4
v -0.01018943993904041 0.023297396152375534 0.4
v -0.010840827724624295 0.02412367761928086 0.4
v -0.011425378202344832 0.024998519232806278 0.4
v -0.011939487424124129 0.02591652730349007 0.4
v -0.01237998573565124 0.02687204200630779 0.4
v -0.012744157318355058 0.027859172275375703 0.4
v -0.013029756933328867 0.028871832124330872 0.4
v -0.013235023763974845 0.029903778168460904 0.4
v -0.013358692272023916 0.03094864811724688 0.4
v -0.0134 0.032 0.4
v -0.0128 0.032 0.583
v -0.01276054187178404 0.03300427642531641 0.583
v -0.012642410759617764 0.034002361152514954 0.583
v -0.012446334981090261 0.03498810065735559 0.583
v -0.012173523408577965 0.03595541752799933 0.583
v -0.01182565801614447 0.03689834793427315 0.583
v -0.01140488350961111 0.0378110783966662 0.583
v -0.010913794103732381 0.03868798162836415 0.583
v -0.010355417527999329 0.039523651229343655 0.583
v -0.009733196359680396 0.04031293501862635 0.583
v -0.009050966799187809 0.04105096679918781 0.583
v -0.00831293501862635 0.0417331963596804 0.583
v -0.007523651229343656 0.04235541752799933 0.583
v -0.006687981628364146 0.04291379410373238 0.583
v -0.0058110783966662 0.04340488350961111 0.583
v -0.00489834793427315 0.04382565801614447 0.583
v -0.0039554175279993276 0.04417352340857797 0.583
v -0.00298810065735559 0.04444633498109026 0.583
v -0.0020023611525149558 0.044642410759617765 0.583
v -0.0010042764253164161 0.04476054187178404 0.583
v -7.837739514543061e-19 0.0448 0.583
v 0.0010042764253164144 0.04476054187178404 0.583
v 0.0020023611525149575 0.044642410759617765 0.583
v 0.002988100657355586 0.04444633498109026 0.583
v 0.003955417527999326 0.04417352340857797 0.583
v 0.004898347934273148 0.04382565801614447 0.583
v 0.005811078396666199 0.04340488350961111 0.583
v 0.0066879816283641445 0.04291379410373238 0.583
v 0.007523651229343655 0.04235541752799933 0.583
v 0.00831293501862635 0.0417331963596804 0.583
v 0.009050966799187809 0.04105096679918781 0.583
v 0.009733196359680394 0.04031293501862635 0.583
v 0.010355417527999327 0.03952365122934366 0.583
v 0.01091379410373238 0.03868798162836415 0.583
v 0.011404883509611108 0.0378110783966662 0.583
v 0.01182565801614447 0.03689834793427315 0.583
v 0.012173523408577965 0.03595541752799933 0.583
v 0.012446334981090261 0.034988100657355595 0.583
v 0.012642410759617763 0.034002361152514954 0.583
v 0.01276054187178404 0.03300427642531642 0.583
v 0.0128 0.032 0.583
v 0.01276054187178404 0.03099572357468359 0.583
v 0.012642410759617764 0.029997638847485047 0.583
v 0.012446334981090263 0.029011899342644414 0.583
v 0.012173523408577965 0.02804458247200067 0.583
v 0.011825658016144472 0.02710165206572685 0.583
v 0.011404883509611113 0.02618892160333381 0.583
v 0.010913794103732381 0.025312018371635856 0.583
v 0.010355417527999329 0.024476348770656346 0.583
v 0.009733196359680394 0.023687064981373646 0.583
v 0.00905096679918781 0.022949033200812194 0.583
v 0.008312935018626356 0.022266803640319608 0.583
v 0.007523651229343658 0.021644582472000674 0.583
v 0.006687981628364152 0.021086205896267626 0.583
v 0.005811078396666201 0.020595116490388893 0.583
v 0.004898347934273156 0.02017434198385553 0.583
v 0.003955417527999329 0.019826476591422035 0.583
v 0.002988100657355586 0.01955366501890974 0.583
v 0.0020023611525149575 0.019357589240382236 0.583
v 0.001004276425316412 0.01923945812821596 0.583
v 2.3513218543629183e-18 0.019200000000000002 0.583
v -0.0010042764253164074 0.01923945812821596 0.583
v -0.0020023611525149527 0.019357589240382236 0.583
v -0.0029881006573555815 0.01955366501890974 0.583
v -0.003955417527999325 0.019826476591422032 0.583
v -0.004898347934273153 0.02017434198385553 0.583
v -0.005811078396666197 0.02059511649038889 0.583
v -0.006687981628364148 0.02108620589626762 0.583
v -0.007523651229343654 0.02164458247200067 0.583
v -0.008312935018626354 0.022266803640319605 0.583
v -0.009050966799187807 0.02294903320081219 0.583
v -0.009733196359680391 0.023687064981373643 0.583
v -0.010355417527999327 0.02447634877065634 0.583
v -0.010913794103732376 0.025312018371635846 0.583
v -0.011404883509611108 0.0261889216033338 0.583
v -0.011825658016144469 0.027101652065726844 0.583
v -0.012173523408577965 0.028044582472000673 0.583
v -0.012446334981090263 0.029011899342644414 0.583
v -0.012642410759617763 0.02999763884748504 0.583
v -0.01276054187178404 0.030995723574683588 0.583
v -0.0128 0.032 0.583
v -0.0128 0.032 0.594
v -0.01276054187178404 0.03300427642531641 0.594
v -0.012642410759617764 0.034002361152514954 0.594
v -0.012446334981090261 0.03498810065735559 0.594
v -0.012173523408577965 0.03595541752799933 0.594
v -0.01182565801614447 0.03689834793427315 0.594
v -0.01140488350961111 0.0378110783966662 0.594
v -0.010913794103732381 0.03868798162836415 0.594
v -0.010355417527999329 0.039523651229343655 0.594
v -0.009733196359680396 0.04031293501862635 0.594
v -0.009050966799187809 0.04105096679918781 0.594
v -0.00831293501862635 0.0417331963596804 0.594
v -0.007523651229343656 0.04235541752799933 0.594
v -0.006687981628364146 0.04291379410373238 0.594
v -0.0058110783966662 0.04340488350961111 0.594
v -0.00489834793427315 0.04382565801614447 0.594
v -0.0039554175279993276 0.04417352340857797 0.594
v -0.00298810065735559 0.04444633498109026 0.594
v -0.0020023611525149558 0.044642410759617765 0.594
v -0.0010042764253164161 0.04476054187178404 0.594
v -7.837739514543061e-19 0.0448 0.594
v 0.0010042764253164144 0.04476054187178404 0.594
v 0.0020023611525149575 0.044642410759617765 0.594
v 0.002988100657355586 0.04444633498109026 0.594
v 0.003955417527999326 0.04417352340857797 0.594
v 0.004898347934273148 0.04382565801614447 0.594
v 0.005811078396666199 0.04340488350961111 0.594
v 0.0066879816283641445 0.04291379410373238 0.594
v 0.007523651229343655 0.04235541752799933 0.594
v 0.00831293501862635 0.0417331963596804 0.594
v 0.009050966799187809 0.04105096679918781 0.594
v 0.009733196359680394 0.04031293501862635 0.594
v 0.010355417527999327 0.03952365122934366 0.594
v 0.01091379410373238 0.03868798162836415 0.594
v 0.011404883509611108 0.0378110783966662 0.594
v 0.01182565801614447 0.03689834793427315 0.594
v 0.012173523408577965 0.03595541752799933 0.594
v 0.012446334981090261 0.034988100657355595 0.594
v 0.012642410759617763 0.034002361152514954 0.594
v 0.01276054187178404 0.03300427642531642 0.594
v 0.0128 0.032 0.594
v 0.01276054187178404 0.03099572357468359 0.594
v 0.012642410759617764 0.029997638847485047 0.594
v 0.012446334981090263 0.029011899342644414 0.594
v 0.012173523408577965 0.02804458247200067 0.594
v 0.011825658016144472 0.02710165206572685 0.594
v 0.011404883509611113 0.02618892160333381 0.594
v 0.010913794103732381 0.025312018371635856 0.594
v 0.010355417527999329 0.024476348770656346 0.594
v 0.009733196359680394 0.023687064981373646 0.594
v 0.00905096679918781 0.022949033200812194 0.594
v 0.008312935018626356 0.022266803640319608 0.594
v 0.007523651229343658 0.021644582472000674 0.594
v 0.006687981628364152 0.021086205896267626 0.594
v 0.005811078396666201 0.020595116490388893 0.594
v 0.004898347934273156 0.02017434198385553 0.594
v 0.003955417527999329 0.019826476591422035 0.594
v 0.002988100657355586 0.01955366501890974 0.594
v 0.0020023611525149575 0.019357589240382236 0.594
v 0.001004276425316412 0.01923945812821596 0.594
v 2.3513218543629183e-18 0.019200000000000002 0.594
v -0.0010042764253164074 0.01923945812821596 0.594
v -0.0020023611525149527 0.019357589240382236 0.594
v -0.0029881006573555815 0.01955366501890974 0.594
v -0.003955417527999325 0.019826476591422032 0.594
v -0.004898347934273153 0.02017434198385553 0.594
v -0.005811078396666197 0.02059511649038889 0.594
v -0.006687981628364148 0.02108620589626762 0.594
v -0.007523651229343654 0.02164458247200067 0.594
v -0.008312935018626354 0.022266803640319605 0.594
v -0.009050966799187807 0.02294903320081219 0.594
v -0.009733196359680391 0.023687064981373643 0.594
v -0.010355417527999327 0.02447634877065634 0.594
v -0.010913794103732376 0.025312018371635846 0.594
v -0.011404883509611108 0.0261889216033338 0.594
v -0.011825658016144469 0.027101652065726844 0.594
v -0.012173523408577965 0.028044582472000673 0.594
v -0.012446334981090263 0.029011899342644414 0.594
v -0.012642410759617763 0.02999763884748504 0.594
v -0.01276054187178404 0.030995723574683588 0.594
v -0.0128 0.032 0.594
v -0.0122 0.032 0.596
v -0.012162391471544161 0.032957200967879706 0.596
v -0.012049797755260681 0.03390850047349082 0.596
v -0.011862913028851655 0.034848033439042046 0.596
v -0.011602889498800874 0.03577000733137436 0.596
v -0.011271330296637698 0.0366687378748541 0.596
v -0.010870279595098089 0.03753868409682247 0.596
v -0.010402210005119927 0.038374482489534574 0.596
v -0.00987000733137436 0.039170980077968175 0.596
v -0.009276952780320378 0.03992326618962824 0.596
v -0.008626702730475881 0.04062670273047588 0.596
v -0.00792326618962824 0.04127695278032038 0.596
v -0.007170980077968173 0.04187000733137436 0.596
v -0.006374482489534577 0.04240221000511993 0.596
v -0.005538684096822472 0.042870279595098086 0.596
v -0.004668737874854096 0.0432713302966377 0.596
v -0.003770007331374359 0.043602889498800874 0.596
v -0.002848033439042047 0.043862913028851654 0.596
v -0.0019085004734908173 0.04404979775526068 0.596
v -0.0009572009678797091 0.04416239147154416 0.596
v -7.470345474798855e-19 0.0442 0.596
v 0.0009572009678797075 0.04416239147154416 0.596
v 0.0019085004734908189 0.04404979775526068 0.596
v 0.002848033439042043 0.04386291302885166 0.596
v 0.0037700073313743578 0.043602889498800874 0.596
v 0.004668737874854095 0.0432713302966377 0.596
v 0.0055386840968224705 0.04287027959509809 0.596
v 0.006374482489534576 0.04240221000511993 0.596
v 0.007170980077968171 0.04187000733137436 0.596
v 0.00792326618962824 0.04127695278032038 0.596
v 0.00862670273047588 0.04062670273047588 0.596
v 0.009276952780320376 0.03992326618962824 0.596
v 0.009870007331374359 0.039170980077968175 0.596
v 0.010402210005119926 0.03837448248953458 0.596
v 0.010870279595098087 0.03753868409682247 0.596
v 0.011271330296637698 0.0366687378748541 0.596
v 0.011602889498800874 0.03577000733137436 0.596
v 0.011862913028851655 0.034848033439042046 0.596
v 0.01204979775526068 0.03390850047349082 0.596
v 0.012162391471544161 0.03295720096787971 0.596
v 0.0122 0.032 0.596
v 0.012162391471544163 0.0310427990321203 0.596
v 0.012049797755260681 0.030091499526509184 0.596
v 0.011862913028851656 0.029151966560957955 0.596
v 0.011602889498800874 0.028229992668625636 0.596
v 0.0112713302966377 0.027331262125145906 0.596
v 0.010870279595098092 0.026461315903177535 0.596
v 0.010402210005119927 0.025625517510465427 0.596
v 0.00987000733137436 0.02482901992203183 0.596
v 0.009276952780320376 0.02407673381037176 0.596
v 0.008626702730475883 0.02337329726952412 0.596
v 0.007923266189628247 0.022723047219679625 0.596
v 0.007170980077968174 0.022129992668625642 0.596
v 0.006374482489534583 0.02159778999488008 0.596
v 0.005538684096822473 0.021129720404901915 0.596
v 0.004668737874854102 0.020728669703362304 0.596
v 0.0037700073313743604 0.020397110501199127 0.596
v 0.002848033439042043 0.020137086971148344 0.596
v 0.0019085004734908189 0.01995020224473932 0.596
v 0.0009572009678797052 0.01983760852845584 0.596
v 2.2411036424396565e-18 0.019799999999999998 0.596
v -0.0009572009678797007 0.019837608528455838 0.596
v -0.0019085004734908143 0.01995020224473932 0.596
v -0.0028480334390420387 0.02013708697114834 0.596
v -0.0037700073313743565 0.020397110501199127 0.596
v -0.004668737874854098 0.020728669703362304 0.596
v -0.00553868409682247 0.02112972040490191 0.596
v -0.0063744824895345786 0.021597789994880077 0.596
v -0.00717098007796817 0.022129992668625642 0.596
v -0.007923266189628244 0.022723047219679625 0.596
v -0.008626702730475878 0.02337329726952412 0.596
v -0.009276952780320372 0.024076733810371752 0.596
v -0.009870007331374359 0.024829019922031827 0.596
v -0.01040221000511992 0.025625517510465417 0.596
v -0.010870279595098087 0.02646131590317753 0.596
v -0.011271330296637697 0.027331262125145896 0.596
v -0.011602889498800874 0.02822999266862564 0.596
v -0.011862913028851656 0.02915196656095796 0.596
v -0.01204979775526068 0.03009149952650918 0.596
v -0.012162391471544161 0.031042799032120295 0.596
v -0.0122 0.032 0.596
v -0.0093 0.032 0.596
v -0.00927133120371809 0.03272966959026896 0.596
v -0.00918550156753478 0.03345484052487415 0.596
v -0.009043040259698392 0.03417104188385992 0.596
v -0.008844825601544927 0.034873858047687015 0.596
v -0.008592079652354966 0.03555895592099534 0.596
v -0.008286360674951821 0.036222111647577784 0.596
v -0.007929553528493057 0.03685923665185832 0.596
v -0.007523858047687011 0.03746640284632 0.596
v -0.007071775480080287 0.03803986684947071 0.596
v -0.006576093065034892 0.03857609306503489 0.596
v -0.006039866849470706 0.03907177548008029 0.596
v -0.00546640284632 0.03952385804768701 0.596
v -0.0048592366518583245 0.03992955352849306 0.596
v -0.004222111647577785 0.040286360674951824 0.596
v -0.003558955920995335 0.040592079652354965 0.596
v -0.002873858047687011 0.040844825601544926 0.596
v -0.002171041883859921 0.04104304025969839 0.596
v -0.0014548405248741474 0.04118550156753478 0.596
v -0.0007296695902689584 0.04127133120371809 0.596
v -5.694607616035192e-19 0.0413 0.596
v 0.0007296695902689573 0.04127133120371809 0.596
v 0.0014548405248741485 0.04118550156753478 0.596
v 0.002171041883859918 0.04104304025969839 0.596
v 0.00287385804768701 0.040844825601544926 0.596
v 0.003558955920995334 0.040592079652354965 0.596
v 0.0042221116475777845 0.040286360674951824 0.596
v 0.004859236651858324 0.03992955352849306 0.596
v 0.005466402846319999 0.03952385804768701 0.596
v 0.006039866849470706 0.03907177548008029 0.596
v 0.0065760930650348905 0.03857609306503489 0.596
v 0.007071775480080286 0.03803986684947071 0.596
v 0.007523858047687009 0.03746640284632 0.596
v 0.007929553528493057 0.03685923665185833 0.596
v 0.00828636067495182 0.036222111647577784 0.596
v 0.008592079652354966 0.03555895592099534 0.596
v 0.008844825601544927 0.034873858047687015 0.596
v 0.009043040259698392 0.03417104188385992 0.596
v 0.00918550156753478 0.03345484052487415 0.596
v 0.00927133120371809 0.03272966959026896 0.596
v 0.0093 0.032 0.596
v 0.00927133120371809 0.03127033040973105 0.596
v 0.00918550156753478 0.030545159475125854 0.596
v 0.009043040259698392 0.029828958116140083 0.596
v 0.008844825601544927 0.029126141952312987 0.596
v 0.008592079652354968 0.028441044079004666 0.596
v 0.008286360674951823 0.02777788835242222 0.596
v 0.007929553528493057 0.027140763348141677 0.596
v 0.007523858047687011 0.026533597153680002 0.596
v 0.007071775480080285 0.02596013315052929 0.596
v 0.006576093065034893 0.02542390693496511 0.596
v 0.006039866849470711 0.024928224519919717 0.596
v 0.005466402846320001 0.024476141952312992 0.596
v 0.004859236651858329 0.024070446471506947 0.596
v 0.004222111647577786 0.02371363932504818 0.596
v 0.00355895592099534 0.023407920347645036 0.596
v 0.0028738580476870123 0.023155174398455075 0.596
v 0.002171041883859918 0.02295695974030161 0.596
v 0.0014548405248741485 0.02281449843246522 0.596
v 0.0007296695902689554 0.02272866879628191 0.596
v 1.7083822848105575e-18 0.0227 0.596
v -0.0007296695902689522 0.02272866879628191 0.596
v -0.0014548405248741452 0.02281449843246522 0.596
v -0.0021710418838599144 0.022956959740301607 0.596
v -0.002873858047687009 0.023155174398455075 0.596
v -0.003558955920995337 0.023407920347645036 0.596
v -0.004222111647577784 0.023713639325048178 0.596
v -0.004859236651858325 0.024070446471506947 0.596
v -0.005466402846319998 0.02447614195231299 0.596
v -0.0060398668494707096 0.024928224519919714 0.596
v -0.00657609306503489 0.02542390693496511 0.596
v -0.007071775480080283 0.02596013315052929 0.596
v -0.007523858047687009 0.02653359715368 0.596
v -0.007929553528493054 0.02714076334814167 0.596
v -0.00828636067495182 0.027777888352422214 0.596
v -0.008592079652354964 0.02844104407900466 0.596
v -0.008844825601544927 0.029126141952312987 0.596
v -0.009043040259698392 0.029828958116140083 0.596
v -0.00918550156753478 0.03054515947512585 0.596
v -0.00927133120371809 0.03127033040973105 0.596
v -0.0093 0.032 0.596
v -0.0093 0.032 0.58
v -0.00927133120371809 0.03272966959026896 0.58
v -0.00918550156753478 0.03345484052487415 0.58
v -0.009043040259698392 0.03417104188385992 0.58
v -0.008844825601544927 0.034873858047687015 0.58
v -0.008592079652354966 0.03555895592099534 0.58
v -0.008286360674951821 0.036222111647577784 0.58
v -0.007929553528493057 0.03685923665185832 0.58
v -0.007523858047687011 0.03746640284632 0.58
v -0.007071775480080287 0.03803986684947071 0.58
v -0.006576093065034892 0.03857609306503489 0.58
v -0.006039866849470706 0.03907177548008029 0.58
v -0.00546640284632 0.03952385804768701 0.58
v -0.0048592366518583245 0.03992955352849306 0.58
v -0.004222111647577785 0.040286360674951824 0.58
v -0.003558955920995335 0.040592079652354965 0.58
v -0.002873858047687011 0.040844825601544926 0.58
v -0.002171041883859921 0.04104304025969839 0.58
v -0.0014548405248741474 0.04118550156753478 0.58
v -0.0007296695902689584 0.04127133120371809 0.58
v -5.694607616035192e-19 0.0413 0.58
v 0.0007296695902689573 0.04127133120371809 0.58
v 0.0014548405248741485 0.04118550156753478 0.58
v 0.002171041883859918 0.04104304025969839 0.58
v 0.00287385804768701 0.040844825601544926 0.58
v 0.003558955920995334 0.040592079652354965 0.58
v 0.0042221116475777845 0.040286360674951824 0.58
v 0.004859236651858324 0.03992955352849306 0.58
v 0.005466402846319999 0.03952385804768701 0.58
v 0.006039866849470706 0.03907177548008029 0.58
v 0.0065760930650348905 0.03857609306503489 0.58
v 0.007071775480080286 0.03803986684947071 0.58
v 0.007523858047687009 0.03746640284632 0.58
v 0.007929553528493057 0.03685923665185833 0.58
v 0.00828636067495182 0.036222111647577784 0.58
v 0.008592079652354966 0.03555895592099534 0.58
v 0.008844825601544927 0.034873858047687015 0.58
v 0.009043040259698392 0.03417104188385992 0.58
v 0.00918550156753478 0.03345484052487415 0.58
v 0.00927133120371809 0.03272966959026896 0.58
v 0.0093 0.032 0.58
v 0.00927133120371809 0.03127033040973105 0.58
v 0.00918550156753478 0.030545159475125854 0.58
v 0.009043040259698392 0.029828958116140083 0.58
v 0.008844825601544927 0.029126141952312987 0.58
v 0.008592079652354968 0.028441044079004666 0.58
v 0.008286360674951823 0.02777788835242222 0.58
v 0.007929553528493057 0.027140763348141677 0.58
v 0.007523858047687011 0.026533597153680002 0.58
v 0.007071775480080285 0.02596013315052929 0.58
v 0.006576093065034893 0.02542390693496511 0.58
v 0.006039866849470711 0.024928224519919717 0.58
v 0.005466402846320001 0.024476141952312992 0.58
v 0.004859236651858329 0.024070446471506947 0.58
v 0.004222111647577786 0.02371363932504818 0.58
v 0.00355895592099534 0.023407920347645036 0.58
v 0.0028738580476870123 0.023155174398455075 0.58
v 0.002171041883859918 0.02295695974030161 0.58
v 0.0014548405248741485 0.02281449843246522 0.58
v 0.0007296695902689554 0.02272866879628191 0.58
v 1.7083822848105575e-18 0.0227 0.58
v -0.0007296695902689522 0.02272866879628191 0.58
v -0.0014548405248741452 0.02281449843246522 0.58
v -0.0021710418838599144 0.022956959740301607 0.58
v -0.002873858047687009 0.023155174398455075 0.58
v -0.003558955920995337 0.023407920347645036 0.58
v -0.004222111647577784 0.023713639325048178 0.58
v -0.004859236651858325 0.024070446471506947 0.58
v -0.005466402846319998 0.02447614195231299 0.58
v -0.0060398668494707096 0.024928224519919714 0.58
v -0.00657609306503489 0.02542390693496511 0.58
v -0.007071775480080283 0.02596013315052929 0.58
v -0.007523858047687009 0.02653359715368 0.58
v -0.007929553528493054 0.02714076334814167 0.58
v -0.00828636067495182 0.027777888352422214 0.58
v -0.008592079652354964 0.02844104407900466 0.58
v -0.008844825601544927 0.029126141952312987 0.58
v -0.009043040259698392 0.029828958116140083 0.58
v -0.00918550156753478 0.03054515947512585 0.58
v -0.00927133120371809 0.03127033040973105 0.58
v -0.0093 0.032 0.58
v -0.0093 0.032 0.12
v -0.00927133120371809 0.03272966959026896 0.12
v -0.00918550156753478 0.03345484052487415 0.12
v -0.009043040259698392 0.03417104188385992 0.12
v -0.008844825601544927 0.034873858047687015 0.12
v -0.008592079652354966 0.03555895592099534 0.12
v -0.008286360674951821 0.036222111647577784 0.12
v -0.007929553528493057 0.03685923665185832 0.12
v -0.007523858047687011 0.03746640284632 0.12
v -0.007071775480080287 0.03803986684947071 0.12
v -0.006576093065034892 0.03857609306503489 0.12
v -0.006039866849470706 0.03907177548008029 0.12
v -0.00546640284632 0.03952385804768701 0.12
v -0.0048592366518583245 0.03992955352849306 0.12
v -0.004222111647577785 0.040286360674951824 0.12
v -0.003558955920995335 0.040592079652354965 0.12
v -0.002873858047687011 0.040844825601544926 0.12
v -0.002171041883859921 0.04104304025969839 0.12
v -0.0014548405248741474 0.04118550156753478 0.12
v -0.0007296695902689584 0.04127133120371809 0.12
v -5.694607616035192e-19 0.0413 0.12
v 0.0007296695902689573 0.04127133120371809 0.12
v 0.0014548405248741485 0.04118550156753478 0.12
v 0.002171041883859918 0.04104304025969839 0.12
v 0.00287385804768701 0.040844825601544926 0.12
v 0.003558955920995334 0.040592079652354965 0.12
v 0.0042221116475777845 0.040286360674951824 0.12
v 0.004859236651858324 0.03992955352849306 0.12
v 0.005466402846319999 0.03952385804768701 0.12
v 0.006039866849470706 0.03907177548008029 0.12
v 0.0065760930650348905 0.03857609306503489 0.12
v 0.007071775480080286 0.03803986684947071 0.12
v 0.007523858047687009 0.03746640284632 0.12
v 0.007929553528493057 0.03685923665185833 0.12
v 0.00828636067495182 0.036222111647577784 0.12
v 0.008592079652354966 0.03555895592099534 0.12
v 0.008844825601544927 0.034873858047687015 0.12
v 0.009043040259698392 0.03417104188385992 0.12
v 0.00918550156753478 0.03345484052487415 0.12
v 0.00927133120371809 0.03272966959026896 0.12
v 0.0093 0.032 0.12
v 0.00927133120371809 0.03127033040973105 0.12
v 0.00918550156753478 0.030545159475125854 0.12
v 0.009043040259698392 0.029828958116140083 0.12
v 0.008844825601544927 0.029126141952312987 0.12
v 0.008592079652354968 0.028441044079004666 0.12
v 0.008286360674951823 0.02777788835242222 0.12
v 0.007929553528493057 0.027140763348141677 0.12
v 0.007523858047687011 0.026533597153680002 0.12
v 0.007071775480080285 0.02596013315052929 0.12
v 0.006576093065034893 0.02542390693496511 0.12
v 0.006039866849470711 0.024928224519919717 0.12
v 0.005466402846320001 0.024476141952312992 0.12
v 0.004859236651858329 0.024070446471506947 0.12
v 0.004222111647577786 0.02371363932504818 0.12
v 0.00355895592099534 0.023407920347645036 0.12
v 0.0028738580476870123 0.023155174398455075 0.12
v 0.002171041883859918 0.02295695974030161 0.12
v 0.0014548405248741485 0.02281449843246522 0.12
v 0.0007296695902689554 0.02272866879628191 0.12
v 1.7083822848105575e-18 0.0227 0.12
v -0.0007296695902689522 0.02272866879628191 0.12
v -0.0014548405248741452 0.02281449843246522 0.12
v -0.0021710418838599144 0.022956959740301607 0.12
v -0.002873858047687009 0.023155174398455075 0.12
v -0.003558955920995337 0.023407920347645036 0.12
v -0.004222111647577784 0.023713639325048178 0.12
v -0.004859236651858325 0.024070446471506947 0.12
v -0.005466402846319998 0.02447614195231299 0.12
v -0.0060398668494707096 0.024928224519919714 0.12
v -0.00657609306503489 0.02542390693496511 0.12
v -0.007071775480080283 0.02596013315052929 0.12
v -0.007523858047687009 0.02653359715368 0.12
v -0.007929553528493054 0.02714076334814167 0.12
v -0.00828636067495182 0.027777888352422214 0.12
v -0.008592079652354964 0.02844104407900466 0.12
v -0.008844825601544927 0.029126141952312987 0.12
v -0.009043040259698392 0.029828958116140083 0.12
v -0.00918550156753478 0.03054515947512585 0.12
v -0.00927133120371809 0.03127033040973105 0.12
v -0.0093 0.032 0.12
vt 0 0
vt 0 0.0125
vt 0 0.025
vt 0 0.0375
vt 0 0.05
vt 0 0.0625
vt 0 0.075
vt 0 0.0875
vt 0 0.1
vt 0 0.1125
vt 0 0.125
vt 0 0.1375
vt 0 0.15
vt 0 0.1625
vt 0 0.175
vt 0 0.1875
vt 0 0.2
vt 0 0.2125
vt 0 0.225
vt 0 0.2375
vt 0 0.25
vt 0 0.2625
vt 0 0.275
vt 0 0.2875
vt 0 0.3
vt 0 0.3125
vt 0 0.325
vt 0 0.3375
vt 0 0.35
vt 0 0.3625
vt 0 0.375
vt 0 0.3875
vt 0 0.4
vt 0 0.4125
vt 0 0.425
vt 0 0.4375
vt 0 0.45
vt 0 0.4625
vt 0 0.475
vt 0 0.4875
vt 0 0.5
vt 0 0.5125
vt 0 0.525
vt 0 0.5375
vt 0 0.55
vt 0 0.5625
vt 0 0.575
vt 0 0.5875
vt 0 0.6
vt 0 0.6125
vt 0 0.625
vt 0 0.6375
vt 0 0.65
vt 0 0.6625
vt 0 0.675
vt 0 0.6875
vt 0 0.7
vt 0 0.7125
vt 0 0.725
vt 0 0.7375
vt 0 0.75
vt 0 0.7625
vt 0 0.775
vt 0 0.7875
vt 0 0.8
vt 0 0.8125
vt 0 0.825
vt 0 0.8375
vt 0 0.85
vt 0 0.8625
vt 0 0.875
vt 0 0.8875
vt 0 0.9
vt 0 0.9125
vt 0 0.925
vt 0 0.9375
vt 0 0.95
vt 0 0.9625
vt 0 0.975
vt 0 0.9875
vt 0 1
vt 0.03048780487804878 0
vt 0.03048780487804878 0.0125
vt 0.03048780487804878 0.025
vt 0.03048780487804878 0.0375
vt 0.03048780487804878 0.05
vt 0.03048780487804878 0.0625
vt 0.03048780487804878 0.075
vt 0.03048780487804878 0.0875
vt 0.03048780487804878 0.1
vt 0.03048780487804878 0.1125
vt 0.03048780487804878 0.125
vt 0.03048780487804878 0.1375
vt 0.03048780487804878 0.15
vt 0.03048780487804878 0.1625
vt 0.03048780487804878 0.175
vt 0.03048780487804878 0.1875
vt 0.03048780487804878 0.2
vt 0.03048780487804878 0.2125
vt 0.03048780487804878 0.225
vt 0.03048780487804878 0.2375
vt 0.03048780487804878 0.25
vt 0.03048780487804878 0.2625
vt 0.03048780487804878 0.275
vt 0.03048780487804878 0.2875
vt 0.03048780487804878 0.3
vt 0.03048780487804878 0.3125
vt 0.03048780487804878 0.325
vt 0.03048780487804878 0.3375
vt 0.03048780487804878 0.35
vt 0.03048780487804878 0.3625
vt 0.03048780487804878 0.375
vt 0.03048780487804878 0.3875
vt 0.03048780487804878 0.4
vt 0.03048780487804878 0.4125
vt 0.03048780487804878 0.425
vt 0.03048780487804878 0.4375
vt 0.03048780487804878 0.45
vt 0.03048780487804878 0.4625
vt 0.03048780487804878 0.475
vt 0.03048780487804878 0.4875
vt 0.03048780487804878 0.5
vt 0.03048780487804878 0.5125
vt 0.03048780487804878 0.525
vt 0.03048780487804878 0.5375
vt 0.03048780487804878 0.55
vt 0.03048780487804878 0.5625
vt 0.03048780487804878 0.575
vt 0.03048780487804878 0.5875
vt 0.03048780487804878 0.6
vt 0.03048780487804878 0.6125
vt 0.03048780487804878 0.625
vt 0.03048780487804878 0.6375
vt 0.03048780487804878 0.65
vt 0.03048780487804878 0.6625
vt 0.03048780487804878 0.675
vt 0.03048780487804878 0.6875
vt 0.03048780487804878 0.7
vt 0.03048780487804878 0.7125
vt 0.03048780487804878 0.725
vt 0.03048780487804878 0.7375
vt 0.03048780487804878 0.75
vt 0.03048780487804878 0.7625
vt 0.03048780487804878 0.775
vt 0.03048780487804878 0.7875
vt 0.03048780487804878 0.8
vt 0.03048780487804878 0.8125
vt 0.03048780487804878 0.825
vt 0.03048780487804878 0.8375
vt 0.03048780487804878 0.85
vt 0.03048780487804878 0.8625
vt 0.03048780487804878 0.875
vt 0.03048780487804878 0.8875
vt 0.03048780487804878 0.9
vt 0.03048780487804878 0.9125
vt 0.03048780487804878 0.925
vt 0.03048780487804878 0.9375
vt 0.03048780487804878 0.95
vt 0.03048780487804878 0.9625
vt 0.03048780487804878 0.975
vt 0.03048780487804878 0.9875
vt 0.03048780487804878 1
vt 0.06707317073170735 0
vt 0.06707317073170735 0.0125
vt 0.06707317073170735 0.025
vt 0.06707317073170735 0.0375
vt 0.06707317073170735 0.05
vt 0.06707317073170735 0.0625
vt 0.06707317073170735 0.075
vt 0.06707317073170735 0.0875
vt 0.06707317073170735 0.1
vt 0.06707317073170735 0.1125
vt 0.06707317073170735 0.125
vt 0.06707317073170735 0.1375
vt 0.06707317073170735 0.15
vt 0.06707317073170735 0.1625
vt 0.06707317073170735 0.175
vt 0.06707317073170735 0.1875
vt 0.06707317073170735 0.2
vt 0.06707317073170735 0.2125
vt 0.06707317073170735 0.225
vt 0.06707317073170735 0.2375
vt 0.06707317073170735 0.25
vt 0.06707317073170735 0.2625
vt 0.06707317073170735 0.275
vt 0.06707317073170735 0.2875
vt 0.06707317073170735 0.3
vt 0.06707317073170735 0.3125
vt 0.06707317073170735 0.325
vt 0.06707317073170735 0.3375
vt 0.06707317073170735 0.35
vt 0.06707317073170735 0.3625
vt 0.06707317073170735 0.375
vt 0.06707317073170735 0.3875
vt 0.06707317073170735 0.4
vt 0.06707317073170735 0.4125
vt 0.06707317073170735 0.425
vt 0.06707317073170735 0.4375
vt 0.06707317073170735 0.45
vt 0.06707317073170735 0.4625
vt 0.06707317073170735 0.475
vt 0.06707317073170735 0.4875
vt 0.06707317073170735 0.5
vt 0.06707317073170735 0.5125
vt 0.06707317073170735 0.525
vt 0.06707317073170735 0.5375
vt 0.06707317073170735 0.55
vt 0.06707317073170735 0.5625
vt 0.06707317073170735 0.575
vt 0.06707317073170735 0.5875
vt 0.06707317073170735 0.6
vt 0.06707317073170735 0.6125
vt 0.06707317073170735 0.625
vt 0.06707317073170735 0.6375
vt 0.06707317073170735 0.65
vt 0.06707317073170735 0.6625
vt 0.06707317073170735 0.675
vt 0.06707317073170735 0.6875
vt 0.06707317073170735 0.7
vt 0.06707317073170735 0.7125
vt 0.06707317073170735 0.725
vt 0.06707317073170735 0.7375
vt 0.06707317073170735 0.75
vt 0.06707317073170735 0.7625
vt 0.06707317073170735 0.775
vt 0.06707317073170735 0.7875
vt 0.06707317073170735 0.8
vt 0.06707317073170735 0.8125
vt 0.06707317073170735 0.825
vt 0.06707317073170735 0.8375
vt 0.06707317073170735 0.85
vt 0.06707317073170735 0.8625
vt 0.06707317073170735 0.875
vt 0.06707317073170735 0.8875
vt 0.06707317073170735 0.9
vt 0.06707317073170735 0.9125
vt 0.06707317073170735 0.925
vt 0.06707317073170735 0.9375
vt 0.06707317073170735 0.95
vt 0.06707317073170735 0.9625
vt 0.06707317073170735 0.975
vt 0.06707317073170735 0.9875
vt 0.06707317073170735 1
vt 0.1524390243902439 0
vt 0.1524390243902439 0.0125
vt 0.1524390243902439 0.025
vt 0.1524390243902439 0.0375
vt 0.1524390243902439 0.05
vt 0.1524390243902439 0.0625
vt 0.1524390243902439 0.075
vt 0.1524390243902439 0.0875
vt 0.1524390243902439 0.1
vt 0.1524390243902439 0.1125
vt 0.1524390243902439 0.125
vt 0.1524390243902439 0.1375
vt 0.1524390243902439 0.15
vt 0.1524390243902439 0.1625
vt 0.1524390243902439 0.175
vt 0.1524390243902439 0.1875
vt 0.1524390243902439 0.2
vt 0.1524390243902439 0.2125
vt 0.1524390243902439 0.225
vt 0.1524390243902439 0.2375
vt 0.1524390243902439 0.25
vt 0.1524390243902439 0.2625
vt 0.1524390243902439 0.275
vt 0.1524390243902439 0.2875
vt 0.1524390243902439 0.3
vt 0.1524390243902439 0.3125
vt 0.1524390243902439 0.325
vt 0.1524390243902439 0.3375
vt 0.1524390243902439 0.35
vt 0.1524390243902439 0.3625
vt 0.1524390243902439 0.375
vt 0.1524390243902439 0.3875
vt 0.1524390243902439 0.4
vt 0.1524390243902439 0.4125
vt 0.1524390243902439 0.425
vt 0.1524390243902439 0.4375
vt 0.1524390243902439 0.45
vt 0.1524390243902439 0.4625
vt 0.1524390243902439 0.475
vt 0.1524390243902439 0.4875
vt 0.1524390243902439 0.5
vt 0.1524390243902439 0.5125
vt 0.1524390243902439 0.525
vt 0.1524390243902439 0.5375
vt 0.1524390243902439 0.55
vt 0.1524390243902439 0.5625
vt 0.1524390243902439 0.575
vt 0.1524390243902439 0.5875
vt 0.1524390243902439 0.6
vt 0.1524390243902439 0.6125
vt 0.1524390243902439 0.625
vt 0.1524390243902439 0.6375
vt 0.1524390243902439 0.65
vt 0.1524390243902439 0.6625
vt 0.1524390243902439 0.675
vt 0.1524390243902439 0.6875
vt 0.1524390243902439 0.7
vt 0.1524390243902439 0.7125
vt 0.1524390243902439 0.725
vt 0.1524390243902439 0.7375
vt 0.1524390243902439 0.75
vt 0.1524390243902439 0.7625
vt 0.1524390243902439 0.775
vt 0.1524390243902439 0.7875
vt 0.1524390243902439 0.8
vt 0.1524390243902439 0.8125
vt 0.1524390243902439 0.825
vt 0.1524390243902439 0.8375
vt 0.1524390243902439 0.85
vt 0.1524390243902439 0.8625
vt 0.1524390243902439 0.875
vt 0.1524390243902439 0.8875
vt 0.1524390243902439 0.9
vt 0.1524390243902439 0.9125
vt 0.1524390243902439 0.925
vt 0.1524390243902439 0.9375
vt 0.1524390243902439 0.95
vt 0.1524390243902439 0.9625
vt 0.1524390243902439 0.975
vt 0.1524390243902439 0.9875
vt 0.1524390243902439 1
vt 0.6016260162601627 0
vt 0.6016260162601627 0.0125
vt 0.6016260162601627 0.025
vt 0.6016260162601627 0.0375
vt 0.6016260162601627 0.05
vt 0.6016260162601627 0.0625
vt 0.6016260162601627 0.075
vt 0.6016260162601627 0.0875
vt 0.6016260162601627 0.1
vt 0.6016260162601627 0.1125
vt 0.6016260162601627 0.125
vt 0.6016260162601627 0.1375
vt 0.6016260162601627 0.15
vt 0.6016260162601627 0.1625
vt 0.6016260162601627 0.175
vt 0.6016260162601627 0.1875
vt 0.6016260162601627 0.2
vt 0.6016260162601627 0.2125
vt 0.6016260162601627 0.225
vt 0.6016260162601627 0.2375
vt 0.6016260162601627 0.25
vt 0.6016260162601627 0.2625
vt 0.6016260162601627 0.275
vt 0.6016260162601627 0.2875
vt 0.6016260162601627 0.3
vt 0.6016260162601627 0.3125
vt 0.6016260162601627 0.325
vt 0.6016260162601627 0.3375
vt 0.6016260162601627 0.35
vt 0.6016260162601627 0.3625
vt 0.6016260162601627 0.375
vt 0.6016260162601627 0.3875
vt 0.6016260162601627 0.4
vt 0.6016260162601627 0.4125
vt 0.6016260162601627 0.425
vt 0.6016260162601627 0.4375
vt 0.6016260162601627 0.45
vt 0.6016260162601627 0.4625
vt 0.6016260162601627 0.475
vt 0.6016260162601627 0.4875
vt 0.6016260162601627 0.5
vt 0.6016260162601627 0.5125
vt 0.6016260162601627 0.525
vt 0.6016260162601627 0.5375
vt 0.6016260162601627 0.55
vt 0.6016260162601627 0.5625
vt 0.6016260162601627 0.575
vt 0.6016260162601627 0.5875
vt 0.6016260162601627 0.6
vt 0.6016260162601627 0.6125
vt 0.6016260162601627 0.625
vt 0.6016260162601627 0.6375
vt 0.6016260162601627 0.65
vt 0.6016260162601627 0.6625
vt 0.6016260162601627 0.675
vt 0.6016260162601627 0.6875
vt 0.6016260162601627 0.7
vt 0.6016260162601627 0.7125
vt 0.6016260162601627 0.725
vt 0.6016260162601627 0.7375
vt 0.6016260162601627 0.75
vt 0.6016260162601627 0.7625
vt 0.6016260162601627 0.775
vt 0.6016260162601627 0.7875
vt 0.6016260162601627 0.8
vt 0.6016260162601627 0.8125
vt 0.6016260162601627 0.825
vt 0.6016260162601627 0.8375
vt 0.6016260162601627 0.85
vt 0.6016260162601627 0.8625
vt 0.6016260162601627 0.875
vt 0.6016260162601627 0.8875
vt 0.6016260162601627 0.9
vt 0.6016260162601627 0.9125
vt 0.6016260162601627 0.925
vt 0.6016260162601627 0.9375
vt 0.6016260162601627 0.95
vt 0.6016260162601627 0.9625
vt 0.6016260162601627 0.975
vt 0.6016260162601627 0.9875
vt 0.6016260162601627 1
vt 0.9735772357723577 0
vt 0.9735772357723577 0.0125
vt 0.9735772357723577 0.025
vt 0.9735772357723577 0.0375
vt 0.9735772357723577 0.05
vt 0.9735772357723577 0.0625
vt 0.9735772357723577 0.075
vt 0.9735772357723577 0.0875
vt 0.9735772357723577 0.1
vt 0.9735772357723577 0.1125
vt 0.9735772357723577 0.125
vt 0.9735772357723577 0.1375
vt 0.9735772357723577 0.15
vt 0.9735772357723577 0.1625
vt 0.9735772357723577 0.175
vt 0.9735772357723577 0.1875
vt 0.9735772357723577 0.2
vt 0.9735772357723577 0.2125
vt 0.9735772357723577 0.225
vt 0.9735772357723577 0.2375
vt 0.9735772357723577 0.25
vt 0.9735772357723577 0.2625
vt 0.9735772357723577 0.275
vt 0.9735772357723577 0.2875
vt 0.9735772357723577 0.3
vt 0.9735772357723577 0.3125
vt 0.9735772357723577 0.325
vt 0.9735772357723577 0.3375
vt 0.9735772357723577 0.35
vt 0.9735772357723577 0.3625
vt 0.9735772357723577 0.375
vt 0.9735772357723577 0.3875
vt 0.9735772357723577 0.4
vt 0.9735772357723577 0.4125
vt 0.9735772357723577 0.425
vt 0.9735772357723577 0.4375
vt 0.9735772357723577 0.45
vt 0.9735772357723577 0.4625
vt 0.9735772357723577 0.475
vt 0.9735772357723577 0.4875
vt 0.9735772357723577 0.5
vt 0.9735772357723577 0.5125
vt 0.9735772357723577 0.525
vt 0.9735772357723577 0.5375
vt 0.9735772357723577 0.55
vt 0.9735772357723577 0.5625
vt 0.9735772357723577 0.575
vt 0.9735772357723577 0.5875
vt 0.9735772357723577 0.6
vt 0.9735772357723577 0.6125
vt 0.9735772357723577 0.625
vt 0.9735772357723577 0.6375
vt 0.9735772357723577 0.65
vt 0.9735772357723577 0.6625
vt 0.9735772357723577 0.675
vt 0.9735772357723577 0.6875
vt 0.9735772357723577 0.7
vt 0.9735772357723577 0.7125
vt 0.9735772357723577 0.725
vt 0.9735772357723577 0.7375
vt 0.9735772357723577 0.75
vt 0.9735772357723577 0.7625
vt 0.9735772357723577 0.775
vt 0.9735772357723577 0.7875
vt 0.9735772357723577 0.8
vt 0.9735772357723577 0.8125
vt 0.9735772357723577 0.825
vt 0.9735772357723577 0.8375
vt 0.9735772357723577 0.85
vt 0.9735772357723577 0.8625
vt 0.9735772357723577 0.875
vt 0.9735772357723577 0.8875
vt 0.9735772357723577 0.9
vt 0.9735772357723577 0.9125
vt 0.9735772357723577 0.925
vt 0.9735772357723577 0.9375
vt 0.9735772357723577 0.95
vt 0.9735772357723577 0.9625
vt 0.9735772357723577 0.975
vt 0.9735772357723577 0.9875
vt 0.9735772357723577 1
vt 0.9959349593495935 0
vt 0.9959349593495935 0.0125
vt 0.9959349593495935 0.025
vt 0.9959349593495935 0.0375
vt 0.9959349593495935 0.05
vt 0.9959349593495935 0.0625
vt 0.9959349593495935 0.075
vt 0.9959349593495935 0.0875
vt 0.9959349593495935 0.1
vt 0.9959349593495935 0.1125
vt 0.9959349593495935 0.125
vt 0.9959349593495935 0.1375
vt 0.9959349593495935 0.15
vt 0.9959349593495935 0.1625
vt 0.9959349593495935 0.175
vt 0.9959349593495935 0.1875
vt 0.9959349593495935 0.2
vt 0.9959349593495935 0.2125
vt 0.9959349593495935 0.225
vt 0.9959349593495935 0.2375
vt 0.9959349593495935 0.25
vt 0.9959349593495935 0.2625
vt 0.9959349593495935 0.275
vt 0.9959349593495935 0.2875
vt 0.9959349593495935 0.3
vt 0.9959349593495935 0.3125
vt 0.9959349593495935 0.325
vt 0.9959349593495935 0.3375
vt 0.9959349593495935 0.35
vt 0.9959349593495935 0.3625
vt 0.9959349593495935 0.375
vt 0.9959349593495935 0.3875
vt 0.9959349593495935 0.4
vt 0.9959349593495935 0.4125
vt 0.9959349593495935 0.425
vt 0.9959349593495935 0.4375
vt 0.9959349593495935 0.45
vt 0.9959349593495935 0.4625
vt 0.9959349593495935 0.475
vt 0.9959349593495935 0.4875
vt 0.9959349593495935 0.5
vt 0.9959349593495935 0.5125
vt 0.9959349593495935 0.525
vt 0.9959349593495935 0.5375
vt 0.9959349593495935 0.55
vt 0.9959349593495935 0.5625
vt 0.9959349593495935 0.575
vt 0.9959349593495935 0.5875
vt 0.9959349593495935 0.6
vt 0.9959349593495935 0.6125
vt 0.9959349593495935 0.625
vt 0.9959349593495935 0.6375
vt 0.9959349593495935 0.65
vt 0.9959349593495935 0.6625
vt 0.9959349593495935 0.675
vt 0.9959349593495935 0.6875
vt 0.9959349593495935 0.7
vt 0.9959349593495935 0.7125
vt 0.9959349593495935 0.725
vt 0.9959349593495935 0.7375
vt 0.9959349593495935 0.75
vt 0.9959349593495935 0.7625
vt 0.9959349593495935 0.775
vt 0.9959349593495935 0.7875
vt 0.9959349593495935 0.8
vt 0.9959349593495935 0.8125
vt 0.9959349593495935 0.825
vt 0.9959349593495935 0.8375
vt 0.9959349593495935 0.85
vt 0.9959349593495935 0.8625
vt 0.9959349593495935 0.875
vt 0.9959349593495935 0.8875
vt 0.9959349593495935 0.9
vt 0.9959349593495935 0.9125
vt 0.9959349593495935 0.925
vt 0.9959349593495935 0.9375
vt 0.9959349593495935 0.95
vt 0.9959349593495935 0.9625
vt 0.9959349593495935 0.975
vt 0.9959349593495935 0.9875
vt 0.9959349593495935 1
vt 1 0
vt 1 0.0125
vt 1 0.025
vt 1 0.0375
vt 1 0.05
vt 1 0.0625
vt 1 0.075
vt 1 0.0875
vt 1 0.1
vt 1 0.1125
vt 1 0.125
vt 1 0.1375
vt 1 0.15
vt 1 0.1625
vt 1 0.175
vt 1 0.1875
vt 1 0.2
vt 1 0.2125
vt 1 0.225
vt 1 0.2375
vt 1 0.25
vt 1 0.2625
vt 1 0.275
vt 1 0.2875
vt 1 0.3
vt 1 0.3125
vt 1 0.325
vt 1 0.3375
vt 1 0.35
vt 1 0.3625
vt 1 0.375
vt 1 0.3875
vt 1 0.4
vt 1 0.4125
vt 1 0.425
vt 1 0.4375
vt 1 0.45
vt 1 0.4625
vt 1 0.475
vt 1 0.4875
vt 1 0.5
vt 1 0.5125
vt 1 0.525
vt 1 0.5375
vt 1 0.55
vt 1 0.5625
vt 1 0.575
vt 1 0.5875
vt 1 0.6
vt 1 0.6125
vt 1 0.625
vt 1 0.6375
vt 1 0.65
vt 1 0.6625
vt 1 0.675
vt 1 0.6875
vt 1 0.7
vt 1 0.7125
vt 1 0.725
vt 1 0.7375
vt 1 0.75
vt 1 0.7625
vt 1 0.775
vt 1 0.7875
vt 1 0.8
vt 1 0.8125
vt 1 0.825
vt 1 0.8375
vt 1 0.85
vt 1 0.8625
vt 1 0.875
vt 1 0.8875
vt 1 0.9
vt 1 0.9125
vt 1 0.925
vt 1 0.9375
vt 1 0.95
vt 1 0.9625
vt 1 0.975
vt 1 0.9875
vt 1 1
vt 1 0
vt 1 0.0125
vt 1 0.025
vt 1 0.0375
vt 1 0.05
vt 1 0.0625
vt 1 0.075
vt 1 0.0875
vt 1 0.1
vt 1 0.1125
vt 1 0.125
vt 1 0.1375
vt 1 0.15
vt 1 0.1625
vt 1 0.175
vt 1 0.1875
vt 1 0.2
vt 1 0.2125
vt 1 0.225
vt 1 0.2375
vt 1 0.25
vt 1 0.2625
vt 1 0.275
vt 1 0.2875
vt 1 0.3
vt 1 0.3125
vt 1 0.325
vt 1 0.3375
vt 1 0.35
vt 1 0.3625
vt 1 0.375
vt 1 0.3875
vt 1 0.4
vt 1 0.4125
vt 1 0.425
vt 1 0.4375
vt 1 0.45
vt 1 0.4625
vt 1 0.475
vt 1 0.4875
vt 1 0.5
vt 1 0.5125
vt 1 0.525
vt 1 0.5375
vt 1 0.55
vt 1 0.5625
vt 1 0.575
vt 1 0.5875
vt 1 0.6
vt 1 0.6125
vt 1 0.625
vt 1 0.6375
vt 1 0.65
vt 1 0.6625
vt 1 0.675
vt 1 0.6875
vt 1 0.7
vt 1 0.7125
vt 1 0.725
vt 1 0.7375
vt 1 0.75
vt 1 0.7625
vt 1 0.775
vt 1 0.7875
vt 1 0.8
vt 1 0.8125
vt 1 0.825
vt 1 0.8375
vt 1 0.85
vt 1 0.8625
vt 1 0.875
vt 1 0.8875
vt 1 0.9
vt 1 0.9125
vt 1 0.925
vt 1 0.9375
vt 1 0.95
vt 1 0.9625
vt 1 0.975
vt 1 0.9875
vt 1 1
vt 0.9674796747967479 0
vt 0.9674796747967479 0.0125
vt 0.9674796747967479 0.025
vt 0.9674796747967479 0.0375
vt 0.9674796747967479 0.05
vt 0.9674796747967479 0.0625
vt 0.9674796747967479 0.075
vt 0.9674796747967479 0.0875
vt 0.9674796747967479 0.1
vt 0.9674796747967479 0.1125
vt 0.9674796747967479 0.125
vt 0.9674796747967479 0.1375
vt 0.9674796747967479 0.15
vt 0.9674796747967479 0.1625
vt 0.9674796747967479 0.175
vt 0.9674796747967479 0.1875
vt 0.9674796747967479 0.2
vt 0.9674796747967479 0.2125
vt 0.9674796747967479 0.225
vt 0.9674796747967479 0.2375
vt 0.9674796747967479 0.25
vt 0.9674796747967479 0.2625
vt 0.9674796747967479 0.275
vt 0.9674796747967479 0.2875
vt 0.9674796747967479 0.3
vt 0.9674796747967479 0.3125
vt 0.9674796747967479 0.325
vt 0.9674796747967479 0.3375
vt 0.9674796747967479 0.35
vt 0.9674796747967479 0.3625
vt 0.9674796747967479 0.375
vt 0.9674796747967479 0.3875
vt 0.9674796747967479 0.4
vt 0.9674796747967479 0.4125
vt 0.9674796747967479 0.425
vt 0.9674796747967479 0.4375
vt 0.9674796747967479 0.45
vt 0.9674796747967479 0.4625
vt 0.9674796747967479 0.475
vt 0.9674796747967479 0.4875
vt 0.9674796747967479 0.5
vt 0.9674796747967479 0.5125
vt 0.9674796747967479 0.525
vt 0.9674796747967479 0.5375
vt 0.9674796747967479 0.55
vt 0.9674796747967479 0.5625
vt 0.9674796747967479 0.575
vt 0.9674796747967479 0.5875
vt 0.9674796747967479 0.6
vt 0.9674796747967479 0.6125
vt 0.9674796747967479 0.625
vt 0.9674796747967479 0.6375
vt 0.9674796747967479 0.65
vt 0.9674796747967479 0.6625
vt 0.9674796747967479 0.675
vt 0.9674796747967479 0.6875
vt 0.9674796747967479 0.7
vt 0.9674796747967479 0.7125
vt 0.9674796747967479 0.725
vt 0.9674796747967479 0.7375
vt 0.9674796747967479 0.75
vt 0.9674796747967479 0.7625
vt 0.9674796747967479 0.775
vt 0.9674796747967479 0.7875
vt 0.9674796747967479 0.8
vt 0.9674796747967479 0.8125
vt 0.9674796747967479 0.825
vt 0.9674796747967479 0.8375
vt 0.9674796747967479 0.85
vt 0.9674796747967479 0.8625
vt 0.9674796747967479 0.875
vt 0.9674796747967479 0.8875
vt 0.9674796747967479 0.9
vt 0.9674796747967479 0.9125
vt 0.9674796747967479 0.925
vt 0.9674796747967479 0.9375
vt 0.9674796747967479 0.95
vt 0.9674796747967479 0.9625
vt 0.9674796747967479 0.975
vt 0.9674796747967479 0.9875
vt 0.9674796747967479 1
vt 0.032520325203252036 0
vt 0.032520325203252036 0.0125
vt 0.032520325203252036 0.025
vt 0.032520325203252036 0.0375
vt 0.032520325203252036 0.05
vt 0.032520325203252036 0.0625
vt 0.032520325203252036 0.075
vt 0.032520325203252036 0.0875
vt 0.032520325203252036 0.1
vt 0.032520325203252036 0.1125
vt 0.032520325203252036 0.125
vt 0.032520325203252036 0.1375
vt 0.032520325203252036 0.15
vt 0.032520325203252036 0.1625
vt 0.032520325203252036 0.175
vt 0.032520325203252036 0.1875
vt 0.032520325203252036 0.2
vt 0.032520325203252036 0.2125
vt 0.032520325203252036 0.225
vt 0.032520325203252036 0.2375
vt 0.032520325203252036 0.25
vt 0.032520325203252036 0.2625
vt 0.032520325203252036 0.275
vt 0.032520325203252036 0.2875
vt 0.032520325203252036 0.3
vt 0.032520325203252036 0.3125
vt 0.032520325203252036 0.325
vt 0.032520325203252036 0.3375
vt 0.032520325203252036 0.35
vt 0.032520325203252036 0.3625
vt 0.032520325203252036 0.375
vt 0.032520325203252036 0.3875
vt 0.032520325203252036 0.4
vt 0.032520325203252036 0.4125
vt 0.032520325203252036 0.425
vt 0.032520325203252036 0.4375
vt 0.032520325203252036 0.45
vt 0.032520325203252036 0.4625
vt 0.032520325203252036 0.475
vt 0.032520325203252036 0.4875
vt 0.032520325203252036 0.5
vt 0.032520325203252036 0.5125
vt 0.032520325203252036 0.525
vt 0.032520325203252036 0.5375
vt 0.032520325203252036 0.55
vt 0.032520325203252036 0.5625
vt 0.032520325203252036 0.575
vt 0.032520325203252036 0.5875
vt 0.032520325203252036 0.6
vt 0.032520325203252036 0.6125
vt 0.032520325203252036 0.625
vt 0.032520325203252036 0.6375
vt 0.032520325203252036 0.65
vt 0.032520325203252036 0.6625
vt 0.032520325203252036 0.675
vt 0.032520325203252036 0.6875
vt 0.032520325203252036 0.7
vt 0.032520325203252036 0.7125
vt 0.032520325203252036 0.725
vt 0.032520325203252036 0.7375
vt 0.032520325203252036 0.75
vt 0.032520325203252036 0.7625
vt 0.032520325203252036 0.775
vt 0.032520325203252036 0.7875
vt 0.032520325203252036 0.8
vt 0.032520325203252036 0.8125
vt 0.032520325203252036 0.825
vt 0.032520325203252036 0.8375
vt 0.032520325203252036 0.85
vt 0.032520325203252036 0.8625
vt 0.032520325203252036 0.875
vt 0.032520325203252036 0.8875
vt 0.032520325203252036 0.9
vt 0.032520325203252036 0.9125
vt 0.032520325203252036 0.925
vt 0.032520325203252036 0.9375
vt 0.032520325203252036 0.95
vt 0.032520325203252036 0.9625
vt 0.032520325203252036 0.975
vt 0.032520325203252036 0.9875
vt 0.032520325203252036 1
s 1
f 83/83 2/2 1/1
f 82/82 83/83 1/1
f 84/84 3/3 2/2
f 83/83 84/84 2/2
f 85/85 4/4 3/3
f 84/84 85/85 3/3
f 86/86 5/5 4/4
f 85/85 86/86 4/4
f 87/87 6/6 5/5
f 86/86 87/87 5/5
f 88/88 7/7 6/6
f 87/87 88/88 6/6
f 89/89 8/8 7/7
f 88/88 89/89 7/7
f 90/90 9/9 8/8
f 89/89 90/90 8/8
f 91/91 10/10 9/9
f 90/90 91/91 9/9
f 92/92 11/11 10/10
f 91/91 92/92 10/10
f 93/93 12/12 11/11
f 92/92 93/93 11/11
f 94/94 13/13 12/12
f 93/93 94/94 12/12
f 95/95 14/14 13/13
f 94/94 95/95 13/13
f 96/96 15/15 14/14
f 95/95 96/96 14/14
f 97/97 16/16 15/15
f 96/96 97/97 15/15
f 98/98 17/17 16/16
f 97/97 98/98 16/16
f 99/99 18/18 17/17
f 98/98 99/99 17/17
f 100/100 19/19 18/18
f 99/99 100/100 18/18
f 101/101 20/20 19/19
f 100/100 101/101 19/19
f 102/102 21/21 20/20
f 101/101 102/102 20/20
f 103/103 22/22 21/21
f 102/102 103/103 21/21
f 104/104 23/23 22/22
f 103/103 104/104 22/22
f 105/105 24/24 23/23
f 104/104 105/105 23/23
f 106/106 25/25 24/24
f 105/105 106/106 24/24
f 107/107 26/26 25/25
f 106/106 107/107 25/25
f 108/108 27/27 26/26
f 107/107 108/108 26/26
f 109/109 28/28 27/27
f 108/108 109/109 27/27
f 110/110 29/29 28/28
f 109/109 110/110 28/28
f 111/111 30/30 29/29
f 110/110 111/111 29/29
f 112/112 31/31 30/30
f 111/111 112/112 30/30
f 113/113 32/32 31/31
f 112/112 113/113 31/31
f 114/114 33/33 32/32
f 113/113 114/114 32/32
f 115/115 34/34 33/33
f 114/114 115/115 33/33
f 116/116 35/35 34/34
f 115/115 116/116 34/34
f 117/117 36/36 35/35
f 116/116 117/117 35/35
f 118/118 37/37 36/36
f 117/117 118/118 36/36
f 119/119 38/38 37/37
f 118/118 119/119 37/37
f 120/120 39/39 38/38
f 119/119 120/120 38/38
f 121/121 40/40 39/39
f 120/120 121/121 39/39
f 122/122 41/41 40/40
f 121/121 122/122 40/40
f 123/123 42/42 41/41
f 122/122 123/123 41/41
f 124/124 43/43 42/42
f 123/123 124/124 42/42
f 125/125 44/44 43/43
f 124/124 125/125 43/43
f 126/126 45/45 44/44
f 125/125 126/126 44/44
f 127/127 46/46 45/45
f 126/126 127/127 45/45
f 128/128 47/47 46/46
f 127/127 128/128 46/46
f 129/129 48/48 47/47
f 128/128 129/129 47/47
f 130/130 49/49 48/48
f 129/129 130/130 48/48
f 131/131 50/50 49/49
f 130/130 131/131 49/49
f 132/132 51/51 50/50
f 131/131 132/132 50/50
f 133/133 52/52 51/51
f 132/132 133/133 51/51
f 134/134 53/53 52/52
f 133/133 134/134 52/52
f 135/135 54/54 53/53
f 134/134 135/135 53/53
f 136/136 55/55 54/54
f 135/135 136/136 54/54
f 137/137 56/56 55/55
f 136/136 137/137 55/55
f 138/138 57/57 56/56
f 137/137 138/138 56/56
f 139/139 58/58 57/57
f 138/138 139/139 57/57
f 140/140 59/59 58/58
f 139/139 140/140 58/58
f 141/141 60/60 59/59
f 140/140 141/141 59/59
f 142/142 61/61 60/60
f 141/141 142/142 60/60
f 143/143 62/62 61/61
f 142/142 143/143 61/61
f 144/144 63/63 62/62
f 143/143 144/144 62/62
f 145/145 64/64 63/63
f 144/144 145/145 63/63
f 146/146 65/65 64/64
f 145/145 146/146 64/64
f 147/147 66/66 65/65
f 146/146 147/147 65/65
f 148/148 67/67 66/66
f 147/147 148/148 66/66
f 149/149 68/68 67/67
f 148/148 149/149 67/67
f 150/150 69/69 68/68
f 149/149 150/150 68/68
f 151/151 70/70 69/69
f 150/150 151/151 69/69
f 152/152 71/71 70/70
f 151/151 152/152 70/70
f 153/153 72/72 71/71
f 152/152 153/153 71/71
f 154/154 73/73 72/72
f 153/153 154/154 72/72
f 155/155 74/74 73/73
f 154/154 155/155 73/73
f 156/156 75/75 74/74
f 155/155 156/156 74/74
f 157/157 76/76 75/75
f 156/156 157/157 75/75
f 158/158 77/77 76/76
f 157/157 158/158 76/76
f 159/159 78/78 77/77
f 158/158 159/159 77/77
f 160/160 79/79 78/78
f 159/159 160/160 78/78
f 161/161 80/80 79/79
f 160/160 161/161 79/79
f 162/162 81/81 80/80
f 161/161 162/162 80/80
f 164/164 83/83 82/82
f 163/163 164/164 82/82
f 165/165 84/84 83/83
f 164/164 165/165 83/83
f 166/166 85/85 84/84
f 165/165 166/166 84/84
f 167/167 86/86 85/85
f 166/166 167/167 85/85
f 168/168 87/87 86/86
f 167/167 168/168 86/86
f 169/169 88/88 87/87
f 168/168 169/169 87/87
f 170/170 89/89 88/88
f 169/169 170/170 88/88
f 171/171 90/90 89/89
f 170/170 171/171 89/89
f 172/172 91/91 90/90
f 171/171 172/172 90/90
f 173/173 92/92 91/91
f 172/172 173/173 91/91
f 174/174 93/93 92/92
f 173/173 174/174 92/92
f 175/175 94/94 93/93
f 174/174 175/175 93/93
f 176/176 95/95 94/94
f 175/175 176/176 94/94
f 177/177 96/96 95/95
f 176/176 177/177 95/95
f 178/178 97/97 96/96
f 177/177 178/178 96/96
f 179/179 98/98 97/97
f 178/178 179/179 97/97
f 180/180 99/99 98/98
f 179/179 180/180 98/98
f 181/181 100/100 99/99
f 180/180 181/181 99/99
f 182/182 101/101 100/100
f 181/181 182/182 100/100
f 183/183 102/102 101/101
f 182/182 183/183 101/101
f 184/184 103/103 102/102
f 183/183 184/184 102/102
f 185/185 104/104 103/103
f 184/184 185/185 103/103
f 186/186 105/105 104/104
f 185/185 186/186 104/104
f 187/187 106/106 105/105
f 186/186 187/187 105/105
f 188/188 107/107 106/106
f 187/187 188/188 106/106
f 189/189 108/108 107/107
f 188/188 189/189 107/107
f 190/190 109/109 108/108
f 189/189 190/190 108/108
f 191/191 110/110 109/109
f 190/190 191/191 109/109
f 192/192 111/111 110/110
f 191/191 192/192 110/110
f 193/193 112/112 111/111
f 192/192 193/193 111/111
f 194/194 113/113 112/112
f 193/193 194/194 112/112
f 195/195 114/114 113/113
f 194/194 195/195 113/113
f 196/196 115/115 114/114
f 195/195 196/196 114/114
f 197/197 116/116 115/115
f 196/196 197/197 115/115
f 198/198 117/117 116/116
f 197/197 198/198 116/116
f 199/199 118/118 117/117
f 198/198 199/199 117/117
f 200/200 119/119 118/118
f 199/199 200/200 118/118
f 201/201 120/120 119/119
f 200/200 201/201 119/119
f 202/202 121/121 120/120
f 201/201 202/202 120/120
f 203/203 122/122 121/121
f 202/202 203/203 121/121
f 204/204 123/123 122/122
f 203/203 204/204 122/122
f 205/205 124/124 123/123
f 204/204 205/205 123/123
f 206/206 125/125 124/124
f 205/205 206/206 124/124
f 207/207 126/126 125/125
f 206/206 207/207 125/125
f 208/208 127/127 126/126
f 207/207 208/208 126/126
f 209/209 128/128 127/127
f 208/208 209/209 127/127
f 210/210 129/129 128/128
f 209/209 210/210 128/128
f 211/211 130/130 129/129
f 210/210 211/211 129/129
f 212/212 131/131 130/130
f 211/211 212/212 130/130
f 213/213 132/132 131/131
f 212/212 213/213 131/131
f 214/214 133/133 132/132
f 213/213 214/214 132/132
f 215/215 134/134 133/133
f 214/214 215/215 133/133
f 216/216 135/135 134/134
f 215/215 216/216 134/134
f 217/217 136/136 135/135
f 216/216 217/217 135/135
f 218/218 137/137 136/136
f 217/217 218/218 136/136
f 219/219 138/138 137/137
f 218/218 219/219 137/137
f 220/220 139/139 138/138
f 219/219 220/220 138/138
f 221/221 140/140 139/139
f 220/220 221/221 139/139
f 222/222 141/141 140/140
f 221/221 222/222 140/140
f 223/223 142/142 141/141
f 222/222 223/223 141/141
f 224/224 143/143 142/142
f 223/223 224/224 142/142
f 225/225 144/144 143/143
f 224/224 225/225 143/143
f 226/226 145/145 144/144
f 225/225 226/226 144/144
f 227/227 146/146 145/145
f 226/226 227/227 145/145
f 228/228 147/147 146/146
f 227/227 228/228 146/146
f 229/229 148/148 147/147
f 228/228 229/229 147/147
f 230/230 149/149 148/148
f 229/229 230/230 148/148
f 231/231 150/150 149/149
f 230/230 231/231 149/149
f 232/232 151/151 150/150
f 231/231 232/232 150/150
f 233/233 152/152 151/151
f 232/232 233/233 151/151
f 234/234 153/153 152/152
f 233/233 234/234 152/152
f 235/235 154/154 153/153
f 234/234 235/235 153/153
f 236/236 155/155 154/154
f 235/235 236/236 154/154
f 237/237 156/156 155/155
f 236/236 237/237 155/155
f 238/238 157/157 156/156
f 237/237 238/238 156/156
f 239/239 158/158 157/157
f 238/238 239/239 157/157
f 240/240 159/159 158/158
f 239/239 240/240 158/158
f 241/241 160/160 159/159
f 240/240 241/241 159/159
f 242/242 161/161 160/160
f 241/241 242/242 160/160
f 243/243 162/162 161/161
f 242/242 243/243 161/161
f 245/245 164/164 163/163
f 244/244 245/245 163/163
f 246/246 165/165 164/164
f 245/245 246/246 164/164
f 247/247 166/166 165/165
f 246/246 247/247 165/165
f 248/248 167/167 166/166
f 247/247 248/248 166/166
f 249/249 168/168 167/167
f 248/248 249/249 167/167
f 250/250 169/169 168/168
f 249/249 250/250 168/168
f 251/251 170/170 169/169
f 250/250 251/251 169/169
f 252/252 171/171 170/170
f 251/251 252/252 170/170
f 253/253 172/172 171/171
f 252/252 253/253 171/171
f 254/254 173/173 172/172
f 253/253 254/254 172/172
f 255/255 174/174 173/173
f 254/254 255/255 173/173
f 256/256 175/175 174/174
f 255/255 256/256 174/174
f 257/257 176/176 175/175
f 256/256 257/257 175/175
f 258/258 177/177 176/176
f 257/257 258/258 176/176
f 259/259 178/178 177/177
f 258/258 259/259 177/177
f 260/260 179/179 178/178
f 259/259 260/260 178/178
f 261/261 180/180 179/179
f 260/260 261/261 179/179
f 262/262 181/181 180/180
f 261/261 262/262 180/180
f 263/263 182/182 181/181
f 262/262 263/263 181/181
f 264/264 183/183 182/182
f 263/263 264/264 182/182
f 265/265 184/184 183/183
f 264/264 265/265 183/183
f 266/266 185/185 184/184
f 265/265 266/266 184/184
f 267/267 186/186 185/185
f 266/266 267/267 185/185
f 268/268 187/187 186/186
f 267/267 268/268 186/186
f 269/269 188/188 187/187
f 268/268 269/269 187/187
f 270/270 189/189 188/188
f 269/269 270/270 188/188
f 271/271 190/190 189/189
f 270/270 271/271 189/189
f 272/272 191/191 190/190
f 271/271 272/272 190/190
f 273/273 192/192 191/191
f 272/272 273/273 191/191
f 274/274 193/193 192/192
f 273/273 274/274 192/192
f 275/275 194/194 193/193
f 274/274 275/275 193/193
f 276/276 195/195 194/194
f 275/275 276/276 194/194
f 277/277 196/196 195/195
f 276/276 277/277 195/195
f 278/278 197/197 196/196
f 277/277 278/278 196/196
f 279/279 198/198 197/197
f 278/278 279/279 197/197
f 280/280 199/199 198/198
f 279/279 280/280 198/198
f 281/281 200/200 199/199
f 280/280 281/281 199/199
f 282/282 201/201 200/200
f 281/281 282/282 200/200
f 283/283 202/202 201/201
f 282/282 283/283 201/201
f 284/284 203/203 202/202
f 283/283 284/284 202/202
f 285/285 204/204 203/203
f 284/284 285/285 203/203
f 286/286 205/205 204/204
f 285/285 286/286 204/204
f 287/287 206/206 205/205
f 286/286 287/287 205/205
f 288/288 207/207 206/206
f 287/287 288/288 206/206
f 289/289 208/208 207/207
f 288/288 289/289 207/207
f 290/290 209/209 208/208
f 289/289 290/290 208/208
f 291/291 210/210 209/209
f 290/290 291/291 209/209
f 292/292 211/211 210/210
f 291/291 292/292 210/210
f 293/293 212/212 211/211
f 292/292 293/293 211/211
f 294/294 213/213 212/212
f 293/293 294/294 212/212
f 295/295 214/214 213/213
f 294/294 295/295 213/213
f 296/296 215/215 214/214
f 295/295 296/296 214/214
f 297/297 216/216 215/215
f 296/296 297/297 215/215
f 298/298 217/217 216/216
f 297/297 298/298 216/216
f 299/299 218/218 217/217
f 298/298 299/299 217/217
f 300/300 219/219 218/218
f 299/299 300/300 218/218
f 301/301 220/220 219/219
f 300/300 301/301 219/219
f 302/302 221/221 220/220
f 301/301 302/302 220/220
f 303/303 222/222 221/221
f 302/302 303/303 221/221
f 304/304 223/223 222/222
f 303/303 304/304 222/222
f 305/305 224/224 223/223
f 304/304 305/305 223/223
f 306/306 225/225 224/224
f 305/305 306/306 224/224
f 307/307 226/226 225/225
f 306/306 307/307 225/225
f 308/308 227/227 226/226
f 307/307 308/308 226/226
f 309/309 228/228 227/227
f 308/308 309/309 227/227
f 310/310 229/229 228/228
f 309/309 310/310 228/228
f 311/311 230/230 229/229
f 310/310 311/311 229/229
f 312/312 231/231 230/230
f 311/311 312/312 230/230
f 313/313 232/232 231/231
f 312/312 313/313 231/231
f 314/314 233/233 232/232
f 313/313 314/314 232/232
f 315/315 234/234 233/233
f 314/314 315/315 233/233
f 316/316 235/235 234/234
f 315/315 316/316 234/234
f 317/317 236/236 235/235
f 316/316 317/317 235/235
f 318/318 237/237 236/236
f 317/317 318/318 236/236
f 319/319 238/238 237/237
f 318/318 319/319 237/237
f 320/320 239/239 238/238
f 319/319 320/320 238/238
f 321/321 240/240 239/239
f 320/320 321/321 239/239
f 322/322 241/241 240/240
f 321/321 322/322 240/240
f 323/323 242/242 241/241
f 322/322 323/323 241/241
f 324/324 243/243 242/242
f 323/323 324/324 242/242
f 326/326 245/245 244/244
f 325/325 326/326 244/244
f 327/327 246/246 245/245
f 326/326 327/327 245/245
f 328/328 247/247 246/246
f 327/327 328/328 246/246
f 329/329 248/248 247/247
f 328/328 329/329 247/247
f 330/330 249/249 248/248
f 329/329 330/330 248/248
f 331/331 250/250 249/249
f 330/330 331/331 249/249
f 332/332 251/251 250/250
f 331/331 332/332 250/250
f 333/333 252/252 251/251
f 332/332 333/333 251/251
f 334/334 253/253 252/252
f 333/333 334/334 252/252
f 335/335 254/254 253/253
f 334/334 335/335 253/253
f 336/336 255/255 254/254
f 335/335 336/336 254/254
f 337/337 256/256 255/255
f 336/336 337/337 255/255
f 338/338 257/257 256/256
f 337/337 338/338 256/256
f 339/339 258/258 257/257
f 338/338 339/339 257/257
f 340/340 259/259 258/258
f 339/339 340/340 258/258
f 341/341 260/260 259/259
f 340/340 341/341 259/259
f 342/342 261/261 260/260
f 341/341 342/342 260/260
f 343/343 262/262 261/261
f 342/342 343/343 261/261
f 344/344 263/263 262/262
f 343/343 344/344 262/262
f 345/345 264/264 263/263
f 344/344 345/345 263/263
f 346/346 265/265 264/264
f 345/345 346/346 264/264
f 347/347 266/266 265/265
f 346/346 347/347 265/265
f 348/348 267/267 266/266
f 347/347 348/348 266/266
f 349/349 268/268 267/267
f 348/348 349/349 267/267
f 350/350 269/269 268/268
f 349/349 350/350 268/268
f 351/351 270/270 269/269
f 350/350 351/351 269/269
f 352/352 271/271 270/270
f 351/351 352/352 270/270
f 353/353 272/272 271/271
f 352/352 353/353 271/271
f 354/354 273/273 272/272
f 353/353 354/354 272/272
f 355/355 274/274 273/273
f 354/354 355/355 273/273
f 356/356 275/275 274/274
f 355/355 356/356 274/274
f 357/357 276/276 275/275
f 356/356 357/357 275/275
f 358/358 277/277 276/276
f 357/357 358/358 276/276
f 359/359 278/278 277/277
f 358/358 359/359 277/277
f 360/360 279/279 278/278
f 359/359 360/360 278/278
f 361/361 280/280 279/279
f 360/360 361/361 279/279
f 362/362 281/281 280/280
f 361/361 362/362 280/280
f 363/363 282/282 281/281
f 362/362 363/363 281/281
f 364/364 283/283 282/282
f 363/363 364/364 282/282
f 365/365 284/284 283/283
f 364/364 365/365 283/283
f 366/366 285/285 284/284
f 365/365 366/366 284/284
f 367/367 286/286 285/285
f 366/366 367/367 285/285
f 368/368 287/287 286/286
f 367/367 368/368 286/286
f 369/369 288/288 287/287
f 368/368 369/369 287/287
f 370/370 289/289 288/288
f 369/369 370/370 288/288
f 371/371 290/290 289/289
f 370/370 371/371 289/289
f 372/372 291/291 290/290
f 371/371 372/372 290/290
f 373/373 292/292 291/291
f 372/372 373/373 291/291
f 374/374 293/293 292/292
f 373/373 374/374 292/292
f 375/375 294/294 293/293
f 374/374 375/375 293/293
f 376/376 295/295 294/294
f 375/375 376/376 294/294
f 377/377 296/296 295/295
f 376/376 377/377 295/295
f 378/378 297/297 296/296
f 377/377 378/378 296/296
f 379/379 298/298 297/297
f 378/378 379/379 297/297
f 380/380 299/299 298/298
f 379/379 380/380 298/298
f 381/381 300/300 299/299
f 380/380 381/381 299/299
f 382/382 301/301 300/300
f 381/381 382/382 300/300
f 383/383 302/302 301/301
f 382/382 383/383 301/301
f 384/384 303/303 302/302
f 383/383 384/384 302/302
f 385/385 304/304 303/303
f 384/384 385/385 303/303
f 386/386 305/305 304/304
f 385/385 386/386 304/304
f 387/387 306/306 305/305
f 386/386 387/387 305/305
f 388/388 307/307 306/306
f 387/387 388/388 306/306
f 389/389 308/308 307/307
f 388/388 389/389 307/307
f 390/390 309/309 308/308
f 389/389 390/390 308/308
f 391/391 310/310 309/309
f 390/390 391/391 309/309
f 392/392 311/311 310/310
f 391/391 392/392 310/310
f 393/393 312/312 311/311
f 392/392 393/393 311/311
f 394/394 313/313 312/312
f 393/393 394/394 312/312
f 395/395 314/314 313/313
f 394/394 395/395 313/313
f 396/396 315/315 314/314
f 395/395 396/396 314/314
f 397/397 316/316 315/315
f 396/396 397/397 315/315
f 398/398 317/317 316/316
f 397/397 398/398 316/316
f 399/399 318/318 317/317
f 398/398 399/399 317/317
f 400/400 319/319 318/318
f 399/399 400/400 318/318
f 401/401 320/320 319/319
f 400/400 401/401 319/319
f 402/402 321/321 320/320
f 401/401 402/402 320/320
f 403/403 322/322 321/321
f 402/402 403/403 321/321
f 404/404 323/323 322/322
f 403/403 404/404 322/322
f 405/405 324/324 323/323
f 404/404 405/405 323/323
f 407/407 326/326 325/325
f 406/406 407/407 325/325
f 408/408 327/327 326/326
f 407/407 408/408 326/326
f 409/409 328/328 327/327
f 408/408 409/409 327/327
f 410/410 329/329 328/328
f 409/409 410/410 328/328
f 411/411 330/330 329/329
f 410/410 411/411 329/329
f 412/412 331/331 330/330
f 411/411 412/412 330/330
f 413/413 332/332 331/331
f 412/412 413/413 331/331
f 414/414 333/333 332/332
f 413/413 414/414 332/332
f 415/415 334/334 333/333
f 414/414 415/415 333/333
f 416/416 335/335 334/334
f 415/415 416/416 334/334
f 417/417 336/336 335/335
f 416/416 417/417 335/335
f 418/418 337/337 336/336
f 417/417 418/418 336/336
f 419/419 338/338 337/337
f 418/418 419/419 337/337
f 420/420 339/339 338/338
f 419/419 420/420 338/338
f 421/421 340/340 339/339
f 420/420 421/421 339/339
f 422/422 341/341 340/340
f 421/421 422/422 340/340
f 423/423 342/342 341/341
f 422/422 423/423 341/341
f 424/424 343/343 342/342
f 423/423 424/424 342/342
f 425/425 344/344 343/343
f 424/424 425/425 343/343
f 426/426 345/345 344/344
f 425/425 426/426 344/344
f 427/427 346/346 345/345
f 426/426 427/427 345/345
f 428/428 347/347 346/346
f 427/427 428/428 346/346
f 429/429 348/348 347/347
f 428/428 429/429 347/347
f 430/430 349/349 348/348
f 429/429 430/430 348/348
f 431/431 350/350 349/349
f 430/430 431/431 349/349
f 432/432 351/351 350/350
f 431/431 432/432 350/350
f 433/433 352/352 351/351
f 432/432 433/433 351/351
f 434/434 353/353 352/352
f 433/433 434/434 352/352
f 435/435 354/354 353/353
f 434/434 435/435 353/353
f 436/436 355/355 354/354
f 435/435 436/436 354/354
f 437/437 356/356 355/355
f 436/436 437/437 355/355
f 438/438 357/357 356/356
f 437/437 438/438 356/356
f 439/439 358/358 357/357
f 438/438 439/439 357/357
f 440/440 359/359 358/358
f 439/439 440/440 358/358
f 441/441 360/360 359/359
f 440/440 441/441 359/359
f 442/442 361/361 360/360
f 441/441 442/442 360/360
f 443/443 362/362 361/361
f 442/442 443/443 361/361
f 444/444 363/363 362/362
f 443/443 444/444 362/362
f 445/445 364/364 363/363
f 444/444 445/445 363/363
f 446/446 365/365 364/364
f 445/445 446/446 364/364
f 447/447 366/366 365/365
f 446/446 447/447 365/365
f 448/448 367/367 366/366
f 447/447 448/448 366/366
f 449/449 368/368 367/367
f 448/448 449/449 367/367
f 450/450 369/369 368/368
f 449/449 450/450 368/368
f 451/451 370/370 369/369
f 450/450 451/451 369/369
f 452/452 371/371 370/370
f 451/451 452/452 370/370
f 453/453 372/372 371/371
f 452/452 453/453 371/371
f 454/454 373/373 372/372
f 453/453 454/454 372/372
f 455/455 374/374 373/373
f 454/454 455/455 373/373
f 456/456 375/375 374/374
f 455/455 456/456 374/374
f 457/457 376/376 375/375
f 456/456 457/457 375/375
f 458/458 377/377 376/376
f 457/457 458/458 376/376
f 459/459 378/378 377/377
f 458/458 459/459 377/377
f 460/460 379/379 378/378
f 459/459 460/460 378/378
f 461/461 380/380 379/379
f 460/460 461/461 379/379
f 462/462 381/381 380/380
f 461/461 462/462 380/380
f 463/463 382/382 381/381
f 462/462 463/463 381/381
f 464/464 383/383 382/382
f 463/463 464/464 382/382
f 465/465 384/384 383/383
f 464/464 465/465 383/383
f 466/466 385/385 384/384
f 465/465 466/466 384/384
f 467/467 386/386 385/385
f 466/466 467/467 385/385
f 468/468 387/387 386/386
f 467/467 468/468 386/386
f 469/469 388/388 387/387
f 468/468 469/469 387/387
f 470/470 389/389 388/388
f 469/469 470/470 388/388
f 471/471 390/390 389/389
f 470/470 471/471 389/389
f 472/472 391/391 390/390
f 471/471 472/472 390/390
f 473/473 392/392 391/391
f 472/472 473/473 391/391
f 474/474 393/393 392/392
f 473/473 474/474 392/392
f 475/475 394/394 393/393
f 474/474 475/475 393/393
f 476/476 395/395 394/394
f 475/475 476/476 394/394
f 477/477 396/396 395/395
f 476/476 477/477 395/395
f 478/478 397/397 396/396
f 477/477 478/478 396/396
f 479/479 398/398 397/397
f 478/478 479/479 397/397
f 480/480 399/399 398/398
f 479/479 480/480 398/398
f 481/481 400/400 399/399
f 480/480 481/481 399/399
f 482/482 401/401 400/400
f 481/481 482/482 400/400
f 483/483 402/402 401/401
f 482/482 483/483 401/401
f 484/484 403/403 402/402
f 483/483 484/484 402/402
f 485/485 404/404 403/403
f 484/484 485/485 403/403
f 486/486 405/405 404/404
f 485/485 486/486 404/404
f 488/488 407/407 406/406
f 487/487 488/488 406/406
f 489/489 408/408 407/407
f 488/488 489/489 407/407
f 490/490 409/409 408/408
f 489/489 490/490 408/408
f 491/491 410/410 409/409
f 490/490 491/491 409/409
f 492/492 411/411 410/410
f 491/491 492/492 410/410
f 493/493 412/412 411/411
f 492/492 493/493 411/411
f 494/494 413/413 412/412
f 493/493 494/494 412/412
f 495/495 414/414 413/413
f 494/494 495/495 413/413
f 496/496 415/415 414/414
f 495/495 496/496 414/414
f 497/497 416/416 415/415
f 496/496 497/497 415/415
f 498/498 417/417 416/416
f 497/497 498/498 416/416
f 499/499 418/418 417/417
f 498/498 499/499 417/417
f 500/500 419/419 418/418
f 499/499 500/500 418/418
f 501/501 420/420 419/419
f 500/500 501/501 419/419
f 502/502 421/421 420/420
f 501/501 502/502 420/420
f 503/503 422/422 421/421
f 502/502 503/503 421/421
f 504/504 423/423 422/422
f 503/503 504/504 422/422
f 505/505 424/424 423/423
f 504/504 505/505 423/423
f 506/506 425/425 424/424
f 505/505 506/506 424/424
f 507/507 426/426 425/425
f 506/506 507/507 425/425
f 508/508 427/427 426/426
f 507/507 508/508 426/426
f 509/509 428/428 427/427
f 508/508 509/509 427/427
f 510/510 429/429 428/428
f 509/509 510/510 428/428
f 511/511 430/430 429/429
f 510/510 511/511 429/429
f 512/512 431/431 430/430
f 511/511 512/512 430/430
f 513/513 432/432 431/431
f 512/512 513/513 431/431
f 514/514 433/433 432/432
f 513/513 514/514 432/432
f 515/515 434/434 433/433
f 514/514 515/515 433/433
f 516/516 435/435 434/434
f 515/515 516/516 434/434
f 517/517 436/436 435/435
f 516/516 517/517 435/435
f 518/518 437/437 436/436
f 517/517 518/518 436/436
f 519/519 438/438 437/437
f 518/518 519/519 437/437
f 520/520 439/439 438/438
f 519/519 520/520 438/438
f 521/521 440/440 439/439
f 520/520 521/521 439/439
f 522/522 441/441 440/440
f 521/521 522/522 440/440
f 523/523 442/442 441/441
f 522/522 523/523 441/441
f 524/524 443/443 442/442
f 523/523 524/524 442/442
f 525/525 444/444 443/443
f 524/524 525/525 443/443
f 526/526 445/445 444/444
f 525/525 526/526 444/444
f 527/527 446/446 445/445
f 526/526 527/527 445/445
f 528/528 447/447 446/446
f 527/527 528/528 446/446
f 529/529 448/448 447/447
f 528/528 529/529 447/447
f 530/530 449/449 448/448
f 529/529 530/530 448/448
f 531/531 450/450 449/449
f 530/530 531/531 449/449
f 532/532 451/451 450/450
f 531/531 532/532 450/450
f 533/533 452/452 451/451
f 532/532 533/533 451/451
f 534/534 453/453 452/452
f 533/533 534/534 452/452
f 535/535 454/454 453/453
f 534/534 535/535 453/453
f 536/536 455/455 454/454
f 535/535 536/536 454/454
f 537/537 456/456 455/455
f 536/536 537/537 455/455
f 538/538 457/457 456/456
f 537/537 538/538 456/456
f 539/539 458/458 457/457
f 538/538 539/539 457/457
f 540/540 459/459 458/458
f 539/539 540/540 458/458
f 541/541 460/460 459/459
f 540/540 541/541 459/459
f 542/542 461/461 460/460
f 541/541 542/542 460/460
f 543/543 462/462 461/461
f 542/542 543/543 461/461
f 544/544 463/463 462/462
f 543/543 544/544 462/462
f 545/545 464/464 463/463
f 544/544 545/545 463/463
f 546/546 465/465 464/464
f 545/545 546/546 464/464
f 547/547 466/466 465/465
f 546/546 547/547 465/465
f 548/548 467/467 466/466
f 547/547 548/548 466/466
f 549/549 468/468 467/467
f 548/548 549/549 467/467
f 550/550 469/469 468/468
f 549/549 550/550 468/468
f 551/551 470/470 469/469
f 550/550 551/551 469/469
f 552/552 471/471 470/470
f 551/551 552/552 470/470
f 553/553 472/472 471/471
f 552/552 553/553 471/471
f 554/554 473/473 472/472
f 553/553 554/554 472/472
f 555/555 474/474 473/473
f 554/554 555/555 473/473
f 556/556 475/475 474/474
f 555/555 556/556 474/474
f 557/557 476/476 475/475
f 556/556 557/557 475/475
f 558/558 477/477 476/476
f 557/557 558/558 476/476
f 559/559 478/478 477/477
f 558/558 559/559 477/477
f 560/560 479/479 478/478
f 559/559 560/560 478/478
f 561/561 480/480 479/479
f 560/560 561/561 479/479
f 562/562 481/481 480/480
f 561/561 562/562 480/480
f 563/563 482/482 481/481
f 562/562 563/563 481/481
f 564/564 483/483 482/482
f 563/563 564/564 482/482
f 565/565 484/484 483/483
f 564/564 565/565 483/483
f 566/566 485/485 484/484
f 565/565 566/566 484/484
f 567/567 486/486 485/485
f 566/566 567/567 485/485
f 569/569 488/488 487/487
f 568/568 569/569 487/487
f 570/570 489/489 488/488
f 569/569 570/570 488/488
f 571/571 490/490 489/489
f 570/570 571/571 489/489
f 572/572 491/491 490/490
f 571/571 572/572 490/490
f 573/573 492/492 491/491
f 572/572 573/573 491/491
f 574/574 493/493 492/492
f 573/573 574/574 492/492
f 575/575 494/494 493/493
f 574/574 575/575 493/493
f 576/576 495/495 494/494
f 575/575 576/576 494/494
f 577/577 496/496 495/495
f 576/576 577/577 495/495
f 578/578 497/497 496/496
f 577/577 578/578 496/496
f 579/579 498/498 497/497
f 578/578 579/579 497/497
f 580/580 499/499 498/498
f 579/579 580/580 498/498
f 581/581 500/500 499/499
f 580/580 581/581 499/499
f 582/582 501/501 500/500
f 581/581 582/582 500/500
f 583/583 502/502 501/501
f 582/582 583/583 501/501
f 584/584 503/503 502/502
f 583/583 584/584 502/502
f 585/585 504/504 503/503
f 584/584 585/585 503/503
f 586/586 505/505 504/504
f 585/585 586/586 504/504
f 587/587 506/506 505/505
f 586/586 587/587 505/505
f 588/588 507/507 506/506
f 587/587 588/588 506/506
f 589/589 508/508 507/507
f 588/588 589/589 507/507
f 590/590 509/509 508/508
f 589/589 590/590 508/508
f 591/591 510/510 509/509
f 590/590 591/591 509/509
f 592/592 511/511 510/510
f 591/591 592/592 510/510
f 593/593 512/512 511/511
f 592/592 593/593 511/511
f 594/594 513/513 512/512
f 593/593 594/594 512/512
f 595/595 514/514 513/513
f 594/594 595/595 513/513
f 596/596 515/515 514/514
f 595/595 596/596 514/514
f 597/597 516/516 515/515
f 596/596 597/597 515/515
f 598/598 517/517 516/516
f 597/597 598/598 516/516
f 599/599 518/518 517/517
f 598/598 599/599 517/517
f 600/600 519/519 518/518
f 599/599 600/600 518/518
f 601/601 520/520 519/519
f 600/600 601/601 519/519
f 602/602 521/521 520/520
f 601/601 602/602 520/520
f 603/603 522/522 521/521
f 602/602 603/603 521/521
f 604/604 523/523 522/522
f 603/603 604/604 522/522
f 605/605 524/524 523/523
f 604/604 605/605 523/523
f 606/606 525/525 524/524
f 605/605 606/606 524/524
f 607/607 526/526 525/525
f 606/606 607/607 525/525
f 608/608 527/527 526/526
f 607/607 608/608 526/526
f 609/609 528/528 527/527
f 608/608 609/609 527/527
f 610/610 529/529 528/528
f 609/609 610/610 528/528
f 611/611 530/530 529/529
f 610/610 611/611 529/529
f 612/612 531/531 530/530
f 611/611 612/612 530/530
f 613/613 532/532 531/531
f 612/612 613/613 531/531
f 614/614 533/533 532/532
f 613/613 614/614 532/532
f 615/615 534/534 533/533
f 614/614 615/615 533/533
f 616/616 535/535 534/534
f 615/615 616/616 534/534
f 617/617 536/536 535/535
f 616/616 617/617 535/535
f 618/618 537/537 536/536
f 617/617 618/618 536/536
f 619/619 538/538 537/537
f 618/618 619/619 537/537
f 620/620 539/539 538/538
f 619/619 620/620 538/538
f 621/621 540/540 539/539
f 620/620 621/621 539/539
f 622/622 541/541 540/540
f 621/621 622/622 540/540
f 623/623 542/542 541/541
f 622/622 623/623 541/541
f 624/624 543/543 542/542
f 623/623 624/624 542/542
f 625/625 544/544 543/543
f 624/624 625/625 543/543
f 626/626 545/545 544/544
f 625/625 626/626 544/544
f 627/627 546/546 545/545
f 626/626 627/627 545/545
f 628/628 547/547 546/546
f 627/627 628/628 546/546
f 629/629 548/548 547/547
f 628/628 629/629 547/547
f 630/630 549/549 548/548
f 629/629 630/630 548/548
f 631/631 550/550 549/549
f 630/630 631/631 549/549
f 632/632 551/551 550/550
f 631/631 632/632 550/550
f 633/633 552/552 551/551
f 632/632 633/633 551/551
f 634/634 553/553 552/552
f 633/633 634/634 552/552
f 635/635 554/554 553/553
f 634/634 635/635 553/553
f 636/636 555/555 554/554
f 635/635 636/636 554/554
f 637/637 556/556 555/555
f 636/636 637/637 555/555
f 638/638 557/557 556/556
f 637/637 638/638 556/556
f 639/639 558/558 557/557
f 638/638 639/639 557/557
f 640/640 559/559 558/558
f 639/639 640/640 558/558
f 641/641 560/560 559/559
f 640/640 641/641 559/559
f 642/642 561/561 560/560
f 641/641 642/642 560/560
f 643/643 562/562 561/561
f 642/642 643/643 561/561
f 644/644 563/563 562/562
f 643/643 644/644 562/562
f 645/645 564/564 563/563
f 644/644 645/645 563/563
f 646/646 565/565 564/564
f 645/645 646/646 564/564
f 647/647 566/566 565/565
f 646/646 647/647 565/565
f 648/648 567/567 566/566
f 647/647 648/648 566/566
f 650/650 569/569 568/568
f 649/649 650/650 568/568
f 651/651 570/570 569/569
f 650/650 651/651 569/569
f 652/652 571/571 570/570
f 651/651 652/652 570/570
f 653/653 572/572 571/571
f 652/652 653/653 571/571
f 654/654 573/573 572/572
f 653/653 654/654 572/572
f 655/655 574/574 573/573
f 654/654 655/655 573/573
f 656/656 575/575 574/574
f 655/655 656/656 574/574
f 657/657 576/576 575/575
f 656/656 657/657 575/575
f 658/658 577/577 576/576
f 657/657 658/658 576/576
f 659/659 578/578 577/577
f 658/658 659/659 577/577
f 660/660 579/579 578/578
f 659/659 660/660 578/578
f 661/661 580/580 579/579
f 660/660 661/661 579/579
f 662/662 581/581 580/580
f 661/661 662/662 580/580
f 663/663 582/582 581/581
f 662/662 663/663 581/581
f 664/664 583/583 582/582
f 663/663 664/664 582/582
f 665/665 584/584 583/583
f 664/664 665/665 583/583
f 666/666 585/585 584/584
f 665/665 666/666 584/584
f 667/667 586/586 585/585
f 666/666 667/667 585/585
f 668/668 587/587 586/586
f 667/667 668/668 586/586
f 669/669 588/588 587/587
f 668/668 669/669 587/587
f 670/670 589/589 588/588
f 669/669 670/670 588/588
f 671/671 590/590 589/589
f 670/670 671/671 589/589
f 672/672 591/591 590/590
f 671/671 672/672 590/590
f 673/673 592/592 591/591
f 672/672 673/673 591/591
f 674/674 593/593 592/592
f 673/673 674/674 592/592
f 675/675 594/594 593/593
f 674/674 675/675 593/593
f 676/676 595/595 594/594
f 675/675 676/676 594/594
f 677/677 596/596 595/595
f 676/676 677/677 595/595
f 678/678 597/597 596/596
f 677/677 678/678 596/596
f 679/679 598/598 597/597
f 678/678 679/679 597/597
f 680/680 599/599 598/598
f 679/679 680/680 598/598
f 681/681 600/600 599/599
f 680/680 681/681 599/599
f 682/682 601/601 600/600
f 681/681 682/682 600/600
f 683/683 602/602 601/601
f 682/682 683/683 601/601
f 684/684 603/603 602/602
f 683/683 684/684 602/602
f 685/685 604/604 603/603
f 684/684 685/685 603/603
f 686/686 605/605 604/604
f 685/685 686/686 604/604
f 687/687 606/606 605/605
f 686/686 687/687 605/605
f 688/688 607/607 606/606
f 687/687 688/688 606/606
f 689/689 608/608 607/607
f 688/688 689/689 607/607
f 690/690 609/609 608/608
f 689/689 690/690 608/608
f 691/691 610/610 609/609
f 690/690 691/691 609/609
f 692/692 611/611 610/610
f 691/691 692/692 610/610
f 693/693 612/612 611/611
f 692/692 693/693 611/611
f 694/694 613/613 612/612
f 693/693 694/694 612/612
f 695/695 614/614 613/613
f 694/694 695/695 613/613
f 696/696 615/615 614/614
f 695/695 696/696 614/614
f 697/697 616/616 615/615
f 696/696 697/697 615/615
f 698/698 617/617 616/616
f 697/697 698/698 616/616
f 699/699 618/618 617/617
f 698/698 699/699 617/617
f 700/700 619/619 618/618
f 699/699 700/700 618/618
f 701/701 620/620 619/619
f 700/700 701/701 619/619
f 702/702 621/621 620/620
f 701/701 702/702 620/620
f 703/703 622/622 621/621
f 702/702 703/703 621/621
f 704/704 623/623 622/622
f 703/703 704/704 622/622
f 705/705 624/624 623/623
f 704/704 705/705 623/623
f 706/706 625/625 624/624
f 705/705 706/706 624/624
f 707/707 626/626 625/625
f 706/706 707/707 625/625
f 708/708 627/627 626/626
f 707/707 708/708 626/626
f 709/709 628/628 627/627
f 708/708 709/709 627/627
f 710/710 629/629 628/628
f 709/709 710/710 628/628
f 711/711 630/630 629/629
f 710/710 711/711 629/629
f 712/712 631/631 630/630
f 711/711 712/712 630/630
f 713/713 632/632 631/631
f 712/712 713/713 631/631
f 714/714 633/633 632/632
f 713/713 714/714 632/632
f 715/715 634/634 633/633
f 714/714 715/715 633/633
f 716/716 635/635 634/634
f 715/715 716/716 634/634
f 717/717 636/636 635/635
f 716/716 717/717 635/635
f 718/718 637/637 636/636
f 717/717 718/718 636/636
f 719/719 638/638 637/637
f 718/718 719/719 637/637
f 720/720 639/639 638/638
f 719/719 720/720 638/638
f 721/721 640/640 639/639
f 720/720 721/721 639/639
f 722/722 641/641 640/640
f 721/721 722/722 640/640
f 723/723 642/642 641/641
f 722/722 723/723 641/641
f 724/724 643/643 642/642
f 723/723 724/724 642/642
f 725/725 644/644 643/643
f 724/724 725/725 643/643
f 726/726 645/645 644/644
f 725/725 726/726 644/644
f 727/727 646/646 645/645
f 726/726 727/727 645/645
f 728/728 647/647 646/646
f 727/727 728/728 646/646
f 729/729 648/648 647/647
f 728/728 729/729 647/647
f 731/731 650/650 649/649
f 730/730 731/731 649/649
f 732/732 651/651 650/650
f 731/731 732/732 650/650
f 733/733 652/652 651/651
f 732/732 733/733 651/651
f 734/734 653/653 652/652
f 733/733 734/734 652/652
f 735/735 654/654 653/653
f 734/734 735/735 653/653
f 736/736 655/655 654/654
f 735/735 736/736 654/654
f 737/737 656/656 655/655
f 736/736 737/737 655/655
f 738/738 657/657 656/656
f 737/737 738/738 656/656
f 739/739 658/658 657/657
f 738/738 739/739 657/657
f 740/740 659/659 658/658
f 739/739 740/740 658/658
f 741/741 660/660 659/659
f 740/740 741/741 659/659
f 742/742 661/661 660/660
f 741/741 742/742 660/660
f 743/743 662/662 661/661
f 742/742 743/743 661/661
f 744/744 663/663 662/662
f 743/743 744/744 662/662
f 745/745 664/664 663/663
f 744/744 745/745 663/663
f 746/746 665/665 664/664
f 745/745 746/746 664/664
f 747/747 666/666 665/665
f 746/746 747/747 665/665
f 748/748 667/667 666/666
f 747/747 748/748 666/666
f 749/749 668/668 667/667
f 748/748 749/749 667/667
f 750/750 669/669 668/668
f 749/749 750/750 668/668
f 751/751 670/670 669/669
f 750/750 751/751 669/669
f 752/752 671/671 670/670
f 751/751 752/752 670/670
f 753/753 672/672 671/671
f 752/752 753/753 671/671
f 754/754 673/673 672/672
f 753/753 754/754 672/672
f 755/755 674/674 673/673
f 754/754 755/755 673/673
f 756/756 675/675 674/674
f 755/755 756/756 674/674
f 757/757 676/676 675/675
f 756/756 757/757 675/675
f 758/758 677/677 676/676
f 757/757 758/758 676/676
f 759/759 678/678 677/677
f 758/758 759/759 677/677
f 760/760 679/679 678/678
f 759/759 760/760 678/678
f 761/761 680/680 679/679
f 760/760 761/761 679/679
f 762/762 681/681 680/680
f 761/761 762/762 680/680
f 763/763 682/682 681/681
f 762/762 763/763 681/681
f 764/764 683/683 682/682
f 763/763 764/764 682/682
f 765/765 684/684 683/683
f 764/764 765/765 683/683
f 766/766 685/685 684/684
f 765/765 766/766 684/684
f 767/767 686/686 685/685
f 766/766 767/767 685/685
f 768/768 687/687 686/686
f 767/767 768/768 686/686
f 769/769 688/688 687/687
f 768/768 769/769 687/687
f 770/770 689/689 688/688
f 769/769 770/770 688/688
f 771/771 690/690 689/689
f 770/770 771/771 689/689
f 772/772 691/691 690/690
f 771/771 772/772 690/690
f 773/773 692/692 691/691
f 772/772 773/773 691/691
f 774/774 693/693 692/692
f 773/773 774/774 692/692
f 775/775 694/694 693/693
f 774/774 775/775 693/693
f 776/776 695/695 694/694
f 775/775 776/776 694/694
f 777/777 696/696 695/695
f 776/776 777/777 695/695
f 778/778 697/697 696/696
f 777/777 778/778 696/696
f 779/779 698/698 697/697
f 778/778 779/779 697/697
f 780/780 699/699 698/698
f 779/779 780/780 698/698
f 781/781 700/700 699/699
f 780/780 781/781 699/699
f 782/782 701/701 700/700
f 781/781 782/782 700/700
f 783/783 702/702 701/701
f 782/782 783/783 701/701
f 784/784 703/703 702/702
f 783/783 784/784 702/702
f 785/785 704/704 703/703
f 784/784 785/785 703/703
f 786/786 705/705 704/704
f 785/785 786/786 704/704
f 787/787 706/706 705/705
f 786/786 787/787 705/705
f 788/788 707/707 706/706
f 787/787 788/788 706/706
f 789/789 708/708 707/707
f 788/788 789/789 707/707
f 790/790 709/709 708/708
f 789/789 790/790 708/708
f 791/791 710/710 709/709
f 790/790 791/791 709/709
f 792/792 711/711 710/710
f 791/791 792/792 710/710
f 793/793 712/712 711/711
f 792/792 793/793 711/711
f 794/794 713/713 712/712
f 793/793 794/794 712/712
f 795/795 714/714 713/713
f 794/794 795/795 713/713
f 796/796 715/715 714/714
f 795/795 796/796 714/714
f 797/797 716/716 715/715
f 796/796 797/797 715/715
f 798/798 717/717 716/716
f 797/797 798/798 716/716
f 799/799 718/718 717/717
f 798/798 799/799 717/717
f 800/800 719/719 718/718
f 799/799 800/800 718/718
f 801/801 720/720 719/719
f 800/800 801/801 719/719
f 802/802 721/721 720/720
f 801/801 802/802 720/720
f 803/803 722/722 721/721
f 802/802 803/803 721/721
f 804/804 723/723 722/722
f 803/803 804/804 722/722
f 805/805 724/724 723/723
f 804/804 805/805 723/723
f 806/806 725/725 724/724
f 805/805 806/806 724/724
f 807/807 726/726 725/725
f 806/806 807/807 725/725
f 808/808 727/727 726/726
f 807/807 808/808 726/726
f 809/809 728/728 727/727
f 808/808 809/809 727/727
f 810/810 729/729 728/728
f 809/809 810/810 728/728
f 812/812 731/731 730/730
f 811/811 812/812 730/730
f 813/813 732/732 731/731
f 812/812 813/813 731/731
f 814/814 733/733 732/732
f 813/813 814/814 732/732
f 815/815 734/734 733/733
f 814/814 815/815 733/733
f 816/816 735/735 734/734
f 815/815 816/816 734/734
f 817/817 736/736 735/735
f 816/816 817/817 735/735
f 818/818 737/737 736/736
f 817/817 818/818 736/736
f 819/819 738/738 737/737
f 818/818 819/819 737/737
f 820/820 739/739 738/738
f 819/819 820/820 738/738
f 821/821 740/740 739/739
f 820/820 821/821 739/739
f 822/822 741/741 740/740
f 821/821 822/822 740/740
f 823/823 742/742 741/741
f 822/822 823/823 741/741
f 824/824 743/743 742/742
f 823/823 824/824 742/742
f 825/825 744/744 743/743
f 824/824 825/825 743/743
f 826/826 745/745 744/744
f 825/825 826/826 744/744
f 827/827 746/746 745/745
f 826/826 827/827 745/745
f 828/828 747/747 746/746
f 827/827 828/828 746/746
f 829/829 748/748 747/747
f 828/828 829/829 747/747
f 830/830 749/749 748/748
f 829/829 830/830 748/748
f 831/831 750/750 749/749
f 830/830 831/831 749/749
f 832/832 751/751 750/750
f 831/831 832/832 750/750
f 833/833 752/752 751/751
f 832/832 833/833 751/751
f 834/834 753/753 752/752
f 833/833 834/834 752/752
f 835/835 754/754 753/753
f 834/834 835/835 753/753
f 836/836 755/755 754/754
f 835/835 836/836 754/754
f 837/837 756/756 755/755
f 836/836 837/837 755/755
f 838/838 757/757 756/756
f 837/837 838/838 756/756
f 839/839 758/758 757/757
f 838/838 839/839 757/757
f 840/840 759/759 758/758
f 839/839 840/840 758/758
f 841/841 760/760 759/759
f 840/840 841/841 759/759
f 842/842 761/761 760/760
f 841/841 842/842 760/760
f 843/843 762/762 761/761
f 842/842 843/843 761/761
f 844/844 763/763 762/762
f 843/843 844/844 762/762
f 845/845 764/764 763/763
f 844/844 845/845 763/763
f 846/846 765/765 764/764
f 845/845 846/846 764/764
f 847/847 766/766 765/765
f 846/846 847/847 765/765
f 848/848 767/767 766/766
f 847/847 848/848 766/766
f 849/849 768/768 767/767
f 848/848 849/849 767/767
f 850/850 769/769 768/768
f 849/849 850/850 768/768
f 851/851 770/770 769/769
f 850/850 851/851 769/769
f 852/852 771/771 770/770
f 851/851 852/852 770/770
f 853/853 772/772 771/771
f 852/852 853/853 771/771
f 854/854 773/773 772/772
f 853/853 854/854 772/772
f 855/855 774/774 773/773
f 854/854 855/855 773/773
f 856/856 775/775 774/774
f 855/855 856/856 774/774
f 857/857 776/776 775/775
f 856/856 857/857 775/775
f 858/858 777/777 776/776
f 857/857 858/858 776/776
f 859/859 778/778 777/777
f 858/858 859/859 777/777
f 860/860 779/779 778/778
f 859/859 860/860 778/778
f 861/861 780/780 779/779
f 860/860 861/861 779/779
f 862/862 781/781 780/780
f 861/861 862/862 780/780
f 863/863 782/782 781/781
f 862/862 863/863 781/781
f 864/864 783/783 782/782
f 863/863 864/864 782/782
f 865/865 784/784 783/783
f 864/864 865/865 783/783
f 866/866 785/785 784/784
f 865/865 866/866 784/784
f 867/867 786/786 785/785
f 866/866 867/867 785/785
f 868/868 787/787 786/786
f 867/867 868/868 786/786
f 869/869 788/788 787/787
f 868/868 869/869 787/787
f 870/870 789/789 788/788
f 869/869 870/870 788/788
f 871/871 790/790 789/789
f 870/870 871/871 789/789
f 872/872 791/791 790/790
f 871/871 872/872 790/790
f 873/873 792/792 791/791
f 872/872 873/873 791/791
f 874/874 793/793 792/792
f 873/873 874/874 792/792
f 875/875 794/794 793/793
f 874/874 875/875 793/793
f 876/876 795/795 794/794
f 875/875 876/876 794/794
f 877/877 796/796 795/795
f 876/876 877/877 795/795
f 878/878 797/797 796/796
f 877/877 878/878 796/796
f 879/879 798/798 797/797
f 878/878 879/879 797/797
f 880/880 799/799 798/798
f 879/879 880/880 798/798
f 881/881 800/800 799/799
f 880/880 881/881 799/799
f 882/882 801/801 800/800
f 881/881 882/882 800/800
f 883/883 802/802 801/801
f 882/882 883/883 801/801
f 884/884 803/803 802/802
f 883/883 884/884 802/802
f 885/885 804/804 803/803
f 884/884 885/885 803/803
f 886/886 805/805 804/804
f 885/885 886/886 804/804
f 887/887 806/806 805/805
f 886/886 887/887 805/805
f 888/888 807/807 806/806
f 887/887 888/888 806/806
f 889/889 808/808 807/807
f 888/888 889/889 807/807
f 890/890 809/809 808/808
f 889/889 890/890 808/808
f 891/891 810/810 809/809
f 890/890 891/891 809/809
