# M870 FPS art asset, meters, +Z forward
o Forend
v -0.021 0 -0.093
v -0.02093526400839569 0.001647641010284744 -0.093
v -0.020741455152497895 0.0032851237658448485 -0.093
v -0.02041976832835121 0.004902352640974014 -0.093
v -0.019972186842198224 0.006489356881873896 -0.093
v -0.019401470182737024 0.008036352079666886 -0.093
v -0.018711137007955726 0.009533800494530483 -0.093
v -0.01790544345143594 0.010972469859034925 -0.093
v -0.016989356881873897 0.012343490298141937 -0.093
v -0.01596852527760065 0.013638409014933857 -0.093
v -0.0148492424049175 0.014849242404917497 -0.093
v -0.013638409014933855 0.01596852527760065 -0.093
v -0.012343490298141937 0.016989356881873897 -0.093
v -0.010972469859034929 0.017905443451435937 -0.093
v -0.009533800494530485 0.018711137007955726 -0.093
v -0.008036352079666888 0.019401470182737024 -0.093
v -0.006489356881873897 0.019972186842198224 -0.093
v -0.004902352640974016 0.02041976832835121 -0.093
v -0.00328512376584485 0.020741455152497895 -0.093
v -0.001647641010284745 0.02093526400839569 -0.093
v -1.285879139104721e-18 0.021 -0.093
v 0.0016476410102847425 0.02093526400839569 -0.093
v 0.003285123765844852 0.02074145515249789 -0.093
v 0.004902352640974009 0.020419768328351212 -0.093
v 0.006489356881873894 0.019972186842198227 -0.093
v 0.008036352079666884 0.019401470182737024 -0.093
v 0.009533800494530483 0.018711137007955726 -0.093
v 0.010972469859034925 0.01790544345143594 -0.093
v 0.012343490298141935 0.016989356881873897 -0.093
v 0.013638409014933855 0.01596852527760065 -0.093
v 0.014849242404917497 0.0148492424049175 -0.093
v 0.015968525277600648 0.01363840901493386 -0.093
v 0.016989356881873894 0.012343490298141939 -0.093
v 0.017905443451435937 0.010972469859034929 -0.093
v 0.018711137007955726 0.009533800494530485 -0.093
v 0.019401470182737024 0.008036352079666888 -0.093
v 0.019972186842198224 0.006489356881873898 -0.093
v 0.02041976832835121 0.0049023526409740165 -0.093
v 0.02074145515249789 0.0032851237658448507 -0.093
v 0.02093526400839569 0.0016476410102847466 -0.093
v 0.021 2.571758278209442e-18 -0.093
v 0.020935264008395692 -0.0016476410102847319 -0.093
v 0.020741455152497895 -0.0032851237658448455 -0.093
v 0.020419768328351212 -0.004902352640974011 -0.093
v 0.019972186842198224 -0.006489356881873903 -0.093
v 0.019401470182737024 -0.008036352079666884 -0.093
v 0.018711137007955733 -0.009533800494530472 -0.093
v 0.01790544345143594 -0.010972469859034923 -0.093
v 0.016989356881873897 -0.012343490298141935 -0.093
v 0.015968525277600645 -0.013638409014933862 -0.093
v 0.014849242404917503 -0.014849242404917497 -0.093
v 0.013638409014933867 -0.015968525277600645 -0.093
v 0.012343490298141939 -0.016989356881873894 -0.093
v 0.010972469859034937 -0.01790544345143593 -0.093
v 0.009533800494530486 -0.018711137007955726 -0.093
v 0.008036352079666898 -0.019401470182737017 -0.093
v 0.006489356881873899 -0.019972186842198224 -0.093
v 0.004902352640974009 -0.020419768328351212 -0.093
v 0.003285123765844852 -0.02074145515249789 -0.093
v 0.0016476410102847384 -0.02093526400839569 -0.093
v 3.8576374173141625e-18 -0.021 -0.093
v -0.0016476410102847308 -0.020935264008395692 -0.093
v -0.003285123765844844 -0.020741455152497895 -0.093
v -0.004902352640974001 -0.020419768328351212 -0.093
v -0.006489356881873892 -0.019972186842198227 -0.093
v -0.008036352079666891 -0.01940147018273702 -0.093
v -0.00953380049453048 -0.01871113700795573 -0.093
v -0.01097246985903493 -0.017905443451435934 -0.093
v -0.012343490298141932 -0.0169893568818739 -0.093
v -0.013638409014933862 -0.015968525277600648 -0.093
v -0.014849242404917496 -0.014849242404917503 -0.093
v -0.01596852527760064 -0.013638409014933867 -0.093
v -0.016989356881873894 -0.012343490298141942 -0.093
v -0.01790544345143593 -0.010972469859034939 -0.093
v -0.018711137007955726 -0.009533800494530486 -0.093
v -0.019401470182737017 -0.008036352079666898 -0.093
v -0.019972186842198224 -0.0064893568818739 -0.093
v -0.020419768328351212 -0.0049023526409740096 -0.093
v -0.02074145515249789 -0.0032851237658448537 -0.093
v -0.02093526400839569 -0.00164764101028474 -0.093
v -0.021 -5.143516556418884e-18 -0.093
v -0.023 0 -0.09
v -0.02292909867586194 0.0018045592017404337 -0.09
v -0.022716831833688167 0.00359799269592531 -0.09
v -0.02236450816914656 0.005369243368685824 -0.09
v -0.02187429987478853 0.00710739087062379 -0.09
v -0.021249229247759596 0.008801718944397064 -0.09
v -0.02049315005633246 0.010441781494009575 -0.09
v -0.019610723780144123 0.012017466988466822 -0.09
v -0.01860739087062379 0.013519060802726883 -0.09
v -0.01748933720880071 0.014937305111594223 -0.09
v -0.016263455967290594 0.01626345596729059 -0.09
v -0.014937305111594221 0.017489337208800713 -0.09
v -0.013519060802726883 0.01860739087062379 -0.09
v -0.012017466988466825 0.01961072378014412 -0.09
v -0.010441781494009577 0.020493150056332458 -0.09
v -0.008801718944397066 0.021249229247759596 -0.09
v -0.007107390870623791 0.02187429987478853 -0.09
v -0.005369243368685826 0.02236450816914656 -0.09
v -0.0035979926959253112 0.022716831833688167 -0.09
v -0.001804559201740435 0.02292909867586194 -0.09
v -1.4083438190194562e-18 0.023 -0.09
v 0.0018045592017404322 0.02292909867586194 -0.09
v 0.003597992695925314 0.022716831833688167 -0.09
v 0.005369243368685818 0.022364508169146563 -0.09
v 0.007107390870623789 0.021874299874788533 -0.09
v 0.008801718944397064 0.021249229247759596 -0.09
v 0.010441781494009575 0.02049315005633246 -0.09
v 0.012017466988466822 0.019610723780144123 -0.09
v 0.01351906080272688 0.01860739087062379 -0.09
v 0.014937305111594221 0.017489337208800713 -0.09
v 0.01626345596729059 0.016263455967290594 -0.09
v 0.01748933720880071 0.014937305111594227 -0.09
v 0.01860739087062379 0.013519060802726884 -0.09
v 0.01961072378014412 0.012017466988466825 -0.09
v 0.020493150056332458 0.010441781494009577 -0.09
v 0.021249229247759596 0.008801718944397068 -0.09
v 0.02187429987478853 0.0071073908706237926 -0.09
v 0.02236450816914656 0.005369243368685827 -0.09
v 0.022716831833688167 0.0035979926959253125 -0.09
v 0.02292909867586194 0.0018045592017404365 -0.09
v 0.023 2.8166876380389123e-18 -0.09
v 0.022929098675861945 -0.0018045592017404207 -0.09
v 0.022716831833688167 -0.003597992695925307 -0.09
v 0.022364508169146563 -0.0053692433686858216 -0.09
v 0.02187429987478853 -0.007107390870623798 -0.09
v 0.021249229247759596 -0.008801718944397062 -0.09
v 0.020493150056332468 -0.010441781494009563 -0.09
v 0.019610723780144123 -0.01201746698846682 -0.09
v 0.01860739087062379 -0.01351906080272688 -0.09
v 0.017489337208800707 -0.014937305111594228 -0.09
v 0.016263455967290598 -0.01626345596729059 -0.09
v 0.014937305111594234 -0.017489337208800703 -0.09
v 0.013519060802726884 -0.01860739087062379 -0.09
v 0.012017466988466835 -0.019610723780144113 -0.09
v 0.010441781494009579 -0.020493150056332458 -0.09
v 0.008801718944397078 -0.02124922924775959 -0.09
v 0.007107390870623793 -0.02187429987478853 -0.09
v 0.005369243368685818 -0.022364508169146563 -0.09
v 0.003597992695925314 -0.022716831833688167 -0.09
v 0.0018045592017404276 -0.02292909867586194 -0.09
v 4.2250314570583685e-18 -0.023 -0.09
v -0.0018045592017404194 -0.022929098675861945 -0.09
v -0.0035979926959253056 -0.022716831833688167 -0.09
v -0.00536924336868581 -0.022364508169146567 -0.09
v -0.0071073908706237865 -0.021874299874788533 -0.09
v -0.00880171894439707 -0.021249229247759592 -0.09
v -0.010441781494009572 -0.020493150056332465 -0.09
v -0.012017466988466827 -0.019610723780144116 -0.09
v -0.013519060802726877 -0.018607390870623793 -0.09
v -0.014937305111594228 -0.01748933720880071 -0.09
v -0.016263455967290587 -0.016263455967290598 -0.09
v -0.0174893372088007 -0.014937305111594234 -0.09
v -0.01860739087062379 -0.013519060802726888 -0.09
v -0.019610723780144113 -0.012017466988466837 -0.09
v -0.020493150056332458 -0.01044178149400958 -0.09
v -0.02124922924775959 -0.00880171894439708 -0.09
v -0.02187429987478853 -0.007107390870623795 -0.09
v -0.022364508169146563 -0.00536924336868582 -0.09
v -0.022716831833688167 -0.0035979926959253156 -0.09
v -0.02292909867586194 -0.0018045592017404291 -0.09
v -0.023 -5.6333752760778246e-18 -0.09
v -0.0245 0 -0.084
v -0.024424474676461635 0.0019222478453322011 -0.084
v -0.024198364344580878 0.0038326443934856565 -0.084
v -0.023823063049743076 0.005719411414469682 -0.084
v -0.023300884649231263 0.007570916362186211 -0.084
v -0.022635048546526527 0.0093757440929447 -0.084
v -0.021829659842615014 0.011122767243618896 -0.084
v -0.02088968402667526 0.012801214835540746 -0.084
v -0.019820916362186213 0.014400738681165592 -0.084
v -0.018629946157200757 0.0159114771840895 -0.084
v -0.017324116139070415 0.017324116139070412 -0.084
v -0.015911477184089497 0.01862994615720076 -0.084
v -0.014400738681165592 0.019820916362186213 -0.084
v -0.01280121483554075 0.020889684026675258 -0.084
v -0.011122767243618898 0.02182965984261501 -0.084
v -0.0093757440929447 0.022635048546526527 -0.084
v -0.007570916362186213 0.023300884649231263 -0.084
v -0.005719411414469684 0.023823063049743076 -0.084
v -0.0038326443934856578 0.024198364344580878 -0.084
v -0.0019222478453322026 0.024424474676461635 -0.084
v -1.5001923289555078e-18 0.0245 -0.084
v 0.0019222478453321994 0.024424474676461635 -0.084
v 0.0038326443934856604 0.024198364344580874 -0.084
v 0.005719411414469676 0.02382306304974308 -0.084
v 0.00757091636218621 0.023300884649231267 -0.084
v 0.009375744092944699 0.022635048546526527 -0.084
v 0.011122767243618896 0.021829659842615014 -0.084
v 0.012801214835540746 0.02088968402667526 -0.084
v 0.014400738681165589 0.019820916362186213 -0.084
v 0.015911477184089497 0.01862994615720076 -0.084
v 0.017324116139070412 0.017324116139070415 -0.084
v 0.018629946157200757 0.015911477184089504 -0.084
v 0.01982091636218621 0.014400738681165596 -0.084
v 0.020889684026675258 0.01280121483554075 -0.084
v 0.02182965984261501 0.011122767243618898 -0.084
v 0.022635048546526527 0.009375744092944702 -0.084
v 0.023300884649231263 0.007570916362186215 -0.084
v 0.023823063049743076 0.005719411414469686 -0.084
v 0.024198364344580874 0.003832644393485659 -0.084
v 0.024424474676461635 0.0019222478453322042 -0.084
v 0.0245 3.0003846579110156e-18 -0.084
v 0.02442447467646164 -0.0019222478453321873 -0.084
v 0.024198364344580878 -0.003832644393485653 -0.084
v 0.02382306304974308 -0.00571941141446968 -0.084
v 0.023300884649231263 -0.00757091636218622 -0.084
v 0.02263504854652653 -0.009375744092944697 -0.084
v 0.02182965984261502 -0.011122767243618884 -0.084
v 0.02088968402667526 -0.012801214835540742 -0.084
v 0.019820916362186213 -0.014400738681165589 -0.084
v 0.018629946157200754 -0.015911477184089504 -0.084
v 0.01732411613907042 -0.017324116139070412 -0.084
v 0.01591147718408951 -0.01862994615720075 -0.084
v 0.014400738681165596 -0.01982091636218621 -0.084
v 0.01280121483554076 -0.02088968402667525 -0.084
v 0.0111227672436189 -0.02182965984261501 -0.084
v 0.009375744092944713 -0.02263504854652652 -0.084
v 0.0075709163621862155 -0.023300884649231263 -0.084
v 0.005719411414469676 -0.02382306304974308 -0.084
v 0.0038326443934856604 -0.024198364344580874 -0.084
v 0.0019222478453321946 -0.024424474676461635 -0.084
v 4.500576986866523e-18 -0.0245 -0.084
v -0.001922247845332186 -0.02442447467646164 -0.084
v -0.0038326443934856517 -0.024198364344580878 -0.084
v -0.0057194114144696676 -0.023823063049743083 -0.084
v -0.007570916362186208 -0.023300884649231267 -0.084
v -0.009375744092944706 -0.022635048546526523 -0.084
v -0.011122767243618893 -0.021829659842615017 -0.084
v -0.012801214835540751 -0.020889684026675258 -0.084
v -0.014400738681165587 -0.019820916362186216 -0.084
v -0.015911477184089504 -0.018629946157200757 -0.084
v -0.017324116139070412 -0.01732411613907042 -0.084
v -0.018629946157200747 -0.01591147718408951 -0.084
v -0.01982091636218621 -0.014400738681165598 -0.084
v -0.02088968402667525 -0.012801214835540762 -0.084
v -0.02182965984261501 -0.011122767243618902 -0.084
v -0.02263504854652652 -0.009375744092944715 -0.084
v -0.023300884649231263 -0.007570916362186217 -0.084
v -0.02382306304974308 -0.005719411414469678 -0.084
v -0.024198364344580874 -0.0038326443934856625 -0.084
v -0.024424474676461635 -0.0019222478453321964 -0.084
v -0.0245 -6.000769315822031e-18 -0.084
v -0.0245 0 -0.077
v -0.024424474676461635 0.0019222478453322011 -0.077
v -0.024198364344580878 0.0038326443934856565 -0.077
v -0.023823063049743076 0.005719411414469682 -0.077
v -0.023300884649231263 0.007570916362186211 -0.077
v -0.022635048546526527 0.0093757440929447 -0.077
v -0.021829659842615014 0.011122767243618896 -0.077
v -0.02088968402667526 0.012801214835540746 -0.077
v -0.019820916362186213 0.014400738681165592 -0.077
v -0.018629946157200757 0.0159114771840895 -0.077
v -0.017324116139070415 0.017324116139070412 -0.077
v -0.015911477184089497 0.01862994615720076 -0.077
v -0.014400738681165592 0.019820916362186213 -0.077
v -0.01280121483554075 0.020889684026675258 -0.077
v -0.011122767243618898 0.02182965984261501 -0.077
v -0.0093757440929447 0.022635048546526527 -0.077
v -0.007570916362186213 0.023300884649231263 -0.077
v -0.005719411414469684 0.023823063049743076 -0.077
v -0.0038326443934856578 0.024198364344580878 -0.077
v -0.0019222478453322026 0.024424474676461635 -0.077
v -1.5001923289555078e-18 0.0245 -0.077
v 0.0019222478453321994 0.024424474676461635 -0.077
v 0.0038326443934856604 0.024198364344580874 -0.077
v 0.005719411414469676 0.02382306304974308 -0.077
v 0.00757091636218621 0.023300884649231267 -0.077
v 0.009375744092944699 0.022635048546526527 -0.077
v 0.011122767243618896 0.021829659842615014 -0.077
v 0.012801214835540746 0.02088968402667526 -0.077
v 0.014400738681165589 0.019820916362186213 -0.077
v 0.015911477184089497 0.01862994615720076 -0.077
v 0.017324116139070412 0.017324116139070415 -0.077
v 0.018629946157200757 0.015911477184089504 -0.077
v 0.01982091636218621 0.014400738681165596 -0.077
v 0.020889684026675258 0.01280121483554075 -0.077
v 0.02182965984261501 0.011122767243618898 -0.077
v 0.022635048546526527 0.009375744092944702 -0.077
v 0.023300884649231263 0.007570916362186215 -0.077
v 0.023823063049743076 0.005719411414469686 -0.077
v 0.024198364344580874 0.003832644393485659 -0.077
v 0.024424474676461635 0.0019222478453322042 -0.077
v 0.0245 3.0003846579110156e-18 -0.077
v 0.02442447467646164 -0.0019222478453321873 -0.077
v 0.024198364344580878 -0.003832644393485653 -0.077
v 0.02382306304974308 -0.00571941141446968 -0.077
v 0.023300884649231263 -0.00757091636218622 -0.077
v 0.02263504854652653 -0.009375744092944697 -0.077
v 0.02182965984261502 -0.011122767243618884 -0.077
v 0.02088968402667526 -0.012801214835540742 -0.077
v 0.019820916362186213 -0.014400738681165589 -0.077
v 0.018629946157200754 -0.015911477184089504 -0.077
v 0.01732411613907042 -0.017324116139070412 -0.077
v 0.01591147718408951 -0.01862994615720075 -0.077
v 0.014400738681165596 -0.01982091636218621 -0.077
v 0.01280121483554076 -0.02088968402667525 -0.077
v 0.0111227672436189 -0.02182965984261501 -0.077
v 0.009375744092944713 -0.02263504854652652 -0.077
v 0.0075709163621862155 -0.023300884649231263 -0.077
v 0.005719411414469676 -0.02382306304974308 -0.077
v 0.0038326443934856604 -0.024198364344580874 -0.077
v 0.0019222478453321946 -0.024424474676461635 -0.077
v 4.500576986866523e-18 -0.0245 -0.077
v -0.001922247845332186 -0.02442447467646164 -0.077
v -0.0038326443934856517 -0.024198364344580878 -0.077
v -0.0057194114144696676 -0.023823063049743083 -0.077
v -0.007570916362186208 -0.023300884649231267 -0.077
v -0.009375744092944706 -0.022635048546526523 -0.077
v -0.011122767243618893 -0.021829659842615017 -0.077
v -0.012801214835540751 -0.020889684026675258 -0.077
v -0.014400738681165587 -0.019820916362186216 -0.077
v -0.015911477184089504 -0.018629946157200757 -0.077
v -0.017324116139070412 -0.01732411613907042 -0.077
v -0.018629946157200747 -0.01591147718408951 -0.077
v -0.01982091636218621 -0.014400738681165598 -0.077
v -0.02088968402667525 -0.012801214835540762 -0.077
v -0.02182965984261501 -0.011122767243618902 -0.077
v -0.02263504854652652 -0.009375744092944715 -0.077
v -0.023300884649231263 -0.007570916362186217 -0.077
v -0.02382306304974308 -0.005719411414469678 -0.077
v -0.024198364344580874 -0.0038326443934856625 -0.077
v -0.024424474676461635 -0.0019222478453321964 -0.077
v -0.0245 -6.000769315822031e-18 -0.077
v -0.024500000000000004 0 -0.073
v -0.024424474676461635 0.0019222478453322013 -0.073
v -0.02419836434458088 0.0038326443934856565 -0.073
v -0.02382306304974308 0.005719411414469682 -0.073
v -0.02330088464923126 0.00757091636218621 -0.073
v -0.022635048546526527 0.0093757440929447 -0.073
v -0.021829659842615014 0.011122767243618895 -0.073
v -0.020889684026675258 0.012801214835540742 -0.073
v -0.01982091636218621 0.01440073868116559 -0.073
v -0.018629946157200757 0.0159114771840895 -0.073
v -0.017324116139070415 0.017324116139070412 -0.073
v -0.015911477184089497 0.01862994615720076 -0.073
v -0.01440073868116559 0.01982091636218621 -0.073
v -0.012801214835540751 0.02088968402667526 -0.073
v -0.0111227672436189 0.021829659842615014 -0.073
v -0.0093757440929447 0.022635048546526527 -0.073
v -0.007570916362186213 0.02330088464923126 -0.073
v -0.005719411414469684 0.02382306304974308 -0.073
v -0.0038326443934856573 0.02419836434458088 -0.073
v -0.0019222478453322026 0.024424474676461635 -0.073
v -1.500192328955508e-18 0.024500000000000004 -0.073
v 0.0019222478453321994 0.024424474676461635 -0.073
v 0.00383264439348566 0.02419836434458087 -0.073
v 0.005719411414469675 0.023823063049743076 -0.073
v 0.007570916362186209 0.023300884649231263 -0.073
v 0.009375744092944699 0.022635048546526527 -0.073
v 0.011122767243618895 0.021829659842615014 -0.073
v 0.012801214835540742 0.020889684026675258 -0.073
v 0.01440073868116559 0.019820916362186216 -0.073
v 0.015911477184089497 0.01862994615720076 -0.073
v 0.017324116139070412 0.017324116139070415 -0.073
v 0.018629946157200754 0.015911477184089504 -0.073
v 0.019820916362186213 0.0144007386811656 -0.073
v 0.02088968402667526 0.012801214835540751 -0.073
v 0.021829659842615014 0.0111227672436189 -0.073
v 0.022635048546526527 0.009375744092944702 -0.073
v 0.02330088464923126 0.007570916362186215 -0.073
v 0.02382306304974308 0.005719411414469686 -0.073
v 0.024198364344580878 0.003832644393485659 -0.073
v 0.024424474676461635 0.001922247845332204 -0.073
v 0.024500000000000004 3.000384657911016e-18 -0.073
v 0.02442447467646164 -0.0019222478453321873 -0.073
v 0.02419836434458088 -0.003832644393485653 -0.073
v 0.02382306304974308 -0.00571941141446968 -0.073
v 0.02330088464923126 -0.00757091636218622 -0.073
v 0.02263504854652653 -0.009375744092944697 -0.073
v 0.02182965984261502 -0.011122767243618884 -0.073
v 0.02088968402667526 -0.012801214835540742 -0.073
v 0.019820916362186213 -0.01440073868116559 -0.073
v 0.018629946157200754 -0.015911477184089504 -0.073
v 0.01732411613907042 -0.017324116139070412 -0.073
v 0.01591147718408951 -0.01862994615720075 -0.073
v 0.014400738681165596 -0.01982091636218621 -0.073
v 0.01280121483554076 -0.020889684026675254 -0.073
v 0.0111227672436189 -0.021829659842615014 -0.073
v 0.009375744092944713 -0.02263504854652652 -0.073
v 0.007570916362186215 -0.02330088464923126 -0.073
v 0.005719411414469676 -0.02382306304974308 -0.073
v 0.0038326443934856604 -0.024198364344580878 -0.073
v 0.0019222478453321946 -0.024424474676461635 -0.073
v 4.500576986866523e-18 -0.024500000000000004 -0.073
v -0.001922247845332186 -0.02442447467646164 -0.073
v -0.0038326443934856512 -0.02419836434458088 -0.073
v -0.0057194114144696676 -0.023823063049743083 -0.073
v -0.007570916362186208 -0.023300884649231267 -0.073
v -0.009375744092944706 -0.022635048546526523 -0.073
v -0.011122767243618895 -0.021829659842615017 -0.073
v -0.012801214835540751 -0.020889684026675254 -0.073
v -0.014400738681165589 -0.019820916362186216 -0.073
v -0.015911477184089504 -0.018629946157200757 -0.073
v -0.017324116139070412 -0.01732411613907042 -0.073
v -0.018629946157200747 -0.01591147718408951 -0.073
v -0.01982091636218621 -0.014400738681165598 -0.073
v -0.020889684026675254 -0.01280121483554076 -0.073
v -0.021829659842615014 -0.011122767243618902 -0.073
v -0.02263504854652652 -0.009375744092944715 -0.073
v -0.02330088464923126 -0.007570916362186217 -0.073
v -0.02382306304974308 -0.005719411414469677 -0.073
v -0.024198364344580878 -0.0038326443934856625 -0.073
v -0.024424474676461635 -0.0019222478453321964 -0.073
v -0.024500000000000004 -6.000769315822032e-18 -0.073
v -0.024500000000000004 0 -0.071
v -0.024424474676461635 0.0019222478453322013 -0.071
v -0.02419836434458088 0.0038326443934856565 -0.071
v -0.02382306304974308 0.005719411414469682 -0.071
v -0.02330088464923126 0.00757091636218621 -0.071
v -0.022635048546526527 0.0093757440929447 -0.071
v -0.021829659842615014 0.011122767243618895 -0.071
v -0.020889684026675258 0.012801214835540742 -0.071
v -0.01982091636218621 0.01440073868116559 -0.071
v -0.018629946157200757 0.0159114771840895 -0.071
v -0.017324116139070415 0.017324116139070412 -0.071
v -0.015911477184089497 0.01862994615720076 -0.071
v -0.01440073868116559 0.01982091636218621 -0.071
v -0.012801214835540751 0.02088968402667526 -0.071
v -0.0111227672436189 0.021829659842615014 -0.071
v -0.0093757440929447 0.022635048546526527 -0.071
v -0.007570916362186213 0.02330088464923126 -0.071
v -0.005719411414469684 0.02382306304974308 -0.071
v -0.0038326443934856573 0.02419836434458088 -0.071
v -0.0019222478453322026 0.024424474676461635 -0.071
v -1.500192328955508e-18 0.024500000000000004 -0.071
v 0.0019222478453321994 0.024424474676461635 -0.071
v 0.00383264439348566 0.02419836434458087 -0.071
v 0.005719411414469675 0.023823063049743076 -0.071
v 0.007570916362186209 0.023300884649231263 -0.071
v 0.009375744092944699 0.022635048546526527 -0.071
v 0.011122767243618895 0.021829659842615014 -0.071
v 0.012801214835540742 0.020889684026675258 -0.071
v 0.01440073868116559 0.019820916362186216 -0.071
v 0.015911477184089497 0.01862994615720076 -0.071
v 0.017324116139070412 0.017324116139070415 -0.071
v 0.018629946157200754 0.015911477184089504 -0.071
v 0.019820916362186213 0.0144007386811656 -0.071
v 0.02088968402667526 0.012801214835540751 -0.071
v 0.021829659842615014 0.0111227672436189 -0.071
v 0.022635048546526527 0.009375744092944702 -0.071
v 0.02330088464923126 0.007570916362186215 -0.071
v 0.02382306304974308 0.005719411414469686 -0.071
v 0.024198364344580878 0.003832644393485659 -0.071
v 0.024424474676461635 0.001922247845332204 -0.071
v 0.024500000000000004 3.000384657911016e-18 -0.071
v 0.02442447467646164 -0.0019222478453321873 -0.071
v 0.02419836434458088 -0.003832644393485653 -0.071
v 0.02382306304974308 -0.00571941141446968 -0.071
v 0.02330088464923126 -0.00757091636218622 -0.071
v 0.02263504854652653 -0.009375744092944697 -0.071
v 0.02182965984261502 -0.011122767243618884 -0.071
v 0.02088968402667526 -0.012801214835540742 -0.071
v 0.019820916362186213 -0.01440073868116559 -0.071
v 0.018629946157200754 -0.015911477184089504 -0.071
v 0.01732411613907042 -0.017324116139070412 -0.071
v 0.01591147718408951 -0.01862994615720075 -0.071
v 0.014400738681165596 -0.01982091636218621 -0.071
v 0.01280121483554076 -0.020889684026675254 -0.071
v 0.0111227672436189 -0.021829659842615014 -0.071
v 0.009375744092944713 -0.02263504854652652 -0.071
v 0.007570916362186215 -0.02330088464923126 -0.071
v 0.005719411414469676 -0.02382306304974308 -0.071
v 0.0038326443934856604 -0.024198364344580878 -0.071
v 0.0019222478453321946 -0.024424474676461635 -0.071
v 4.500576986866523e-18 -0.024500000000000004 -0.071
v -0.001922247845332186 -0.02442447467646164 -0.071
v -0.0038326443934856512 -0.02419836434458088 -0.071
v -0.0057194114144696676 -0.023823063049743083 -0.071
v -0.007570916362186208 -0.023300884649231267 -0.071
v -0.009375744092944706 -0.022635048546526523 -0.071
v -0.011122767243618895 -0.021829659842615017 -0.071
v -0.012801214835540751 -0.020889684026675254 -0.071
v -0.014400738681165589 -0.019820916362186216 -0.071
v -0.015911477184089504 -0.018629946157200757 -0.071
v -0.017324116139070412 -0.01732411613907042 -0.071
v -0.018629946157200747 -0.01591147718408951 -0.071
v -0.01982091636218621 -0.014400738681165598 -0.071
v -0.020889684026675254 -0.01280121483554076 -0.071
v -0.021829659842615014 -0.011122767243618902 -0.071
v -0.02263504854652652 -0.009375744092944715 -0.071
v -0.02330088464923126 -0.007570916362186217 -0.071
v -0.02382306304974308 -0.005719411414469677 -0.071
v -0.024198364344580878 -0.0038326443934856625 -0.071
v -0.024424474676461635 -0.0019222478453321964 -0.071
v -0.024500000000000004 -6.000769315822032e-18 -0.071
v -0.02407692307692308 0 -0.06899999999999999
v -0.024062869060282325 0.0018937888661415216 -0.06899999999999999
v -0.023899348890627142 0.0037852849981628075 -0.06899999999999999
v -0.02358628750639773 0.0056625666358428115 -0.06899999999999999
v -0.02312458583552657 0.007513633405191063 -0.06899999999999999
v -0.022516140583228112 0.009326490801872336 -0.06899999999999999
v -0.02176385592637184 0.011089238473616597 -0.06899999999999999
v -0.020871646466444058 0.012790161404414944 -0.06899999999999999
v -0.01982091636218621 0.014400738681165592 -0.06899999999999999
v -0.018629946157200757 0.0159114771840895 -0.06899999999999999
v -0.017324116139070415 0.017324116139070415 -0.06899999999999999
v -0.015911477184089497 0.018629946157200764 -0.06899999999999999
v -0.014400738681165592 0.01982091636218621 -0.06899999999999999
v -0.012801214835540748 0.020889684026675258 -0.06899999999999999
v -0.011122767243618902 0.021829659842615014 -0.06899999999999999
v -0.0093757440929447 0.02263504854652653 -0.06899999999999999
v -0.007570916362186215 0.023300884649231267 -0.06899999999999999
v -0.005719411414469684 0.023823063049743076 -0.06899999999999999
v -0.0038326443934856578 0.024198364344580878 -0.06899999999999999
v -0.0019222478453322022 0.024424474676461635 -0.06899999999999999
v -1.5001923289555076e-18 0.024499999999999997 -0.06899999999999999
v 0.0019222478453321994 0.024424474676461635 -0.06899999999999999
v 0.003832644393485661 0.024198364344580874 -0.06899999999999999
v 0.0057194114144696745 0.023823063049743076 -0.06899999999999999
v 0.007570916362186211 0.023300884649231267 -0.06899999999999999
v 0.009375744092944699 0.02263504854652653 -0.06899999999999999
v 0.011122767243618895 0.021829659842615014 -0.06899999999999999
v 0.012801214835540748 0.020889684026675258 -0.06899999999999999
v 0.014400738681165589 0.019820916362186213 -0.06899999999999999
v 0.015911477184089497 0.018629946157200764 -0.06899999999999999
v 0.017324116139070415 0.017324116139070415 -0.06899999999999999
v 0.018629946157200757 0.015911477184089504 -0.06899999999999999
v 0.01982091636218621 0.014400738681165594 -0.06899999999999999
v 0.020871646466444058 0.012790161404414946 -0.06899999999999999
v 0.02176385592637184 0.011089238473616604 -0.06899999999999999
v 0.022516140583228112 0.00932649080187234 -0.06899999999999999
v 0.02312458583552657 0.007513633405191065 -0.06899999999999999
v 0.02358628750639773 0.005662566635842816 -0.06899999999999999
v 0.023899348890627142 0.00378528499816281 -0.06899999999999999
v 0.024062869060282325 0.0018937888661415246 -0.06899999999999999
v 0.02407692307692308 2.948572677947089e-18 -0.06899999999999999
v 0.023942534856405226 -0.0018843183589069984 -0.06899999999999999
v 0.023704520174283306 -0.0037544271609655376 -0.06899999999999999
v 0.023336878089544242 -0.005602688732541727 -0.06899999999999999
v 0.022825356391083684 -0.007416407864998745 -0.06899999999999999
v 0.02217310878027089 -0.009184402376762152 -0.06899999999999999
v 0.021384156580520834 -0.010895771993749111 -0.06899999999999999
v 0.020463363944498214 -0.012539965553182769 -0.06899999999999999
v 0.01941640786499874 -0.014106846055019353 -0.06899999999999999
v 0.018249743174400736 -0.015586753159924414 -0.06899999999999999
v 0.016970562748477146 -0.01697056274847714 -0.06899999999999999
v 0.01558675315992442 -0.018249743174400736 -0.06899999999999999
v 0.014106846055019358 -0.019416407864998736 -0.06899999999999999
v 0.012539965553182784 -0.020463363944498204 -0.06899999999999999
v 0.010895771993749127 -0.021384156580520827 -0.06899999999999999
v 0.009184402376762168 -0.022173108780270876 -0.06899999999999999
v 0.007416407864998742 -0.022825356391083684 -0.06899999999999999
v 0.005602688732541723 -0.023336878089544242 -0.06899999999999999
v 0.003754427160965545 -0.0237045201742833 -0.06899999999999999
v 0.0018830182974682724 -0.023926016009595073 -0.06899999999999999
v 4.408728476930471e-18 -0.024 -0.06899999999999999
v -0.0018830182974682638 -0.02392601600959507 -0.06899999999999999
v -0.0037544271609655363 -0.023704520174283306 -0.06899999999999999
v -0.005602688732541714 -0.02333687808954424 -0.06899999999999999
v -0.007416407864998734 -0.02282535639108369 -0.06899999999999999
v -0.009184402376762161 -0.02217310878027088 -0.06899999999999999
v -0.010895771993749118 -0.021384156580520834 -0.06899999999999999
v -0.012539965553182778 -0.02046336394449821 -0.06899999999999999
v -0.01410684605501935 -0.019416407864998743 -0.06899999999999999
v -0.015586753159924414 -0.01824974317440074 -0.06899999999999999
v -0.016970562748477136 -0.016970562748477146 -0.06899999999999999
v -0.018249743174400732 -0.01558675315992442 -0.06899999999999999
v -0.019416407864998736 -0.014106846055019362 -0.06899999999999999
v -0.020463363944498204 -0.01253996555318279 -0.06899999999999999
v -0.021384156580520827 -0.010895771993749127 -0.06899999999999999
v -0.022173108780270876 -0.00918440237676217 -0.06899999999999999
v -0.022825356391083684 -0.007416407864998742 -0.06899999999999999
v -0.023336878089544242 -0.005602688732541725 -0.06899999999999999
v -0.0237045201742833 -0.0037544271609655467 -0.06899999999999999
v -0.023942534856405222 -0.0018843183589070073 -0.06899999999999999
v -0.024076923076923076 -5.897145355894178e-18 -0.06899999999999999
v -0.023230769230769232 0 -0.06699999999999999
v -0.0233396578279237 0.0018368709077601622 -0.06699999999999999
v -0.023301317982719682 0.0036905662075171096 -0.06699999999999999
v -0.02311273641970704 0.00554887707858907 -0.06699999999999999
v -0.02277198820811719 0.007399067491200762 -0.06699999999999999
v -0.022278324656631293 0.009227984219727607 -0.06699999999999999
v -0.02163224809388549 0.011022180933612001 -0.06699999999999999
v -0.020835571345981647 0.012768054542163332 -0.06699999999999999
v -0.019820916362186213 0.014400738681165592 -0.06699999999999999
v -0.018629946157200757 0.015911477184089497 -0.06699999999999999
v -0.01732411613907042 0.017324116139070412 -0.06699999999999999
v -0.015911477184089497 0.01862994615720076 -0.06699999999999999
v -0.014400738681165592 0.019820916362186213 -0.06699999999999999
v -0.012801214835540748 0.020889684026675258 -0.06699999999999999
v -0.011122767243618898 0.021829659842615014 -0.06699999999999999
v -0.0093757440929447 0.022635048546526527 -0.06699999999999999
v -0.007570916362186214 0.023300884649231263 -0.06699999999999999
v -0.005719411414469684 0.023823063049743073 -0.06699999999999999
v -0.003832644393485658 0.024198364344580878 -0.06699999999999999
v -0.0019222478453322024 0.024424474676461635 -0.06699999999999999
v -1.5001923289555078e-18 0.0245 -0.06699999999999999
v 0.0019222478453321996 0.024424474676461635 -0.06699999999999999
v 0.0038326443934856604 0.02419836434458087 -0.06699999999999999
v 0.005719411414469675 0.023823063049743076 -0.06699999999999999
v 0.00757091636218621 0.023300884649231263 -0.06699999999999999
v 0.009375744092944699 0.022635048546526527 -0.06699999999999999
v 0.011122767243618896 0.021829659842615014 -0.06699999999999999
v 0.012801214835540746 0.02088968402667526 -0.06699999999999999
v 0.01440073868116559 0.019820916362186216 -0.06699999999999999
v 0.015911477184089497 0.01862994615720076 -0.06699999999999999
v 0.017324116139070412 0.01732411613907042 -0.06699999999999999
v 0.018629946157200757 0.015911477184089504 -0.06699999999999999
v 0.019820916362186213 0.014400738681165596 -0.06699999999999999
v 0.020835571345981643 0.012768054542163336 -0.06699999999999999
v 0.021632248093885486 0.011022180933612007 -0.06699999999999999
v 0.022278324656631293 0.009227984219727611 -0.06699999999999999
v 0.02277198820811719 0.0073990674912007654 -0.06699999999999999
v 0.02311273641970704 0.005548877078589073 -0.06699999999999999
v 0.02330131798271968 0.0036905662075171117 -0.06699999999999999
v 0.0233396578279237 0.0018368709077601652 -0.06699999999999999
v 0.023230769230769232 2.844948718019236e-18 -0.06699999999999999
v 0.022978655216292405 -0.001808459386056621 -0.06699999999999999
v 0.02271683183368817 -0.0035979926959253073 -0.06699999999999999
v 0.022364508169146567 -0.0053692433686858216 -0.06699999999999999
v 0.021874299874788533 -0.007107390870623798 -0.06699999999999999
v 0.021249229247759596 -0.008801718944397062 -0.06699999999999999
v 0.020493150056332468 -0.010441781494009563 -0.06699999999999999
v 0.019610723780144123 -0.01201746698846682 -0.06699999999999999
v 0.01860739087062379 -0.013519060802726881 -0.06699999999999999
v 0.017489337208800707 -0.014937305111594228 -0.06699999999999999
v 0.016263455967290598 -0.01626345596729059 -0.06699999999999999
v 0.014937305111594234 -0.017489337208800703 -0.06699999999999999
v 0.013519060802726886 -0.01860739087062379 -0.06699999999999999
v 0.012017466988466837 -0.019610723780144113 -0.06699999999999999
v 0.010441781494009579 -0.020493150056332458 -0.06699999999999999
v 0.008801718944397078 -0.02124922924775959 -0.06699999999999999
v 0.007107390870623793 -0.021874299874788533 -0.06699999999999999
v 0.005369243368685818 -0.022364508169146567 -0.06699999999999999
v 0.003597992695925314 -0.022716831833688167 -0.06699999999999999
v 0.0018045592017404276 -0.022929098675861945 -0.06699999999999999
v 4.2250314570583685e-18 -0.023 -0.06699999999999999
v -0.0018045592017404194 -0.022929098675861945 -0.06699999999999999
v -0.0035979926959253056 -0.02271683183368817 -0.06699999999999999
v -0.005369243368685809 -0.022364508169146567 -0.06699999999999999
v -0.0071073908706237865 -0.021874299874788533 -0.06699999999999999
v -0.00880171894439707 -0.021249229247759592 -0.06699999999999999
v -0.010441781494009572 -0.020493150056332465 -0.06699999999999999
v -0.012017466988466827 -0.019610723780144116 -0.06699999999999999
v -0.013519060802726877 -0.018607390870623793 -0.06699999999999999
v -0.014937305111594228 -0.01748933720880071 -0.06699999999999999
v -0.016263455967290587 -0.016263455967290598 -0.06699999999999999
v -0.0174893372088007 -0.014937305111594234 -0.06699999999999999
v -0.01860739087062379 -0.013519060802726888 -0.06699999999999999
v -0.019610723780144113 -0.012017466988466837 -0.06699999999999999
v -0.020493150056332458 -0.01044178149400958 -0.06699999999999999
v -0.02124922924775959 -0.00880171894439708 -0.06699999999999999
v -0.021874299874788533 -0.007107390870623795 -0.06699999999999999
v -0.022364508169146567 -0.005369243368685821 -0.06699999999999999
v -0.022716831833688167 -0.0035979926959253156 -0.06699999999999999
v -0.022978655216292398 -0.0018084593860566293 -0.06699999999999999
v -0.02323076923076923 -5.689897436038471e-18 -0.06699999999999999
v -0.02407692307692308 0 -0.065
v -0.024062869060282325 0.0018937888661415216 -0.065
v -0.023899348890627142 0.0037852849981628075 -0.065
v -0.02358628750639773 0.0056625666358428115 -0.065
v -0.02312458583552657 0.007513633405191063 -0.065
v -0.022516140583228112 0.009326490801872336 -0.065
v -0.02176385592637184 0.011089238473616597 -0.065
v -0.020871646466444058 0.012790161404414944 -0.065
v -0.01982091636218621 0.014400738681165592 -0.065
v -0.018629946157200757 0.0159114771840895 -0.065
v -0.017324116139070415 0.017324116139070415 -0.065
v -0.015911477184089497 0.018629946157200764 -0.065
v -0.014400738681165592 0.01982091636218621 -0.065
v -0.012801214835540748 0.020889684026675258 -0.065
v -0.011122767243618902 0.021829659842615014 -0.065
v -0.0093757440929447 0.02263504854652653 -0.065
v -0.007570916362186215 0.023300884649231267 -0.065
v -0.005719411414469684 0.023823063049743076 -0.065
v -0.0038326443934856578 0.024198364344580878 -0.065
v -0.0019222478453322022 0.024424474676461635 -0.065
v -1.5001923289555076e-18 0.024499999999999997 -0.065
v 0.0019222478453321994 0.024424474676461635 -0.065
v 0.003832644393485661 0.024198364344580874 -0.065
v 0.0057194114144696745 0.023823063049743076 -0.065
v 0.007570916362186211 0.023300884649231267 -0.065
v 0.009375744092944699 0.02263504854652653 -0.065
v 0.011122767243618895 0.021829659842615014 -0.065
v 0.012801214835540748 0.020889684026675258 -0.065
v 0.014400738681165589 0.019820916362186213 -0.065
v 0.015911477184089497 0.018629946157200764 -0.065
v 0.017324116139070415 0.017324116139070415 -0.065
v 0.018629946157200757 0.015911477184089504 -0.065
v 0.01982091636218621 0.014400738681165594 -0.065
v 0.020871646466444058 0.012790161404414946 -0.065
v 0.02176385592637184 0.011089238473616604 -0.065
v 0.022516140583228112 0.00932649080187234 -0.065
v 0.02312458583552657 0.007513633405191065 -0.065
v 0.02358628750639773 0.005662566635842816 -0.065
v 0.023899348890627142 0.00378528499816281 -0.065
v 0.024062869060282325 0.0018937888661415246 -0.065
v 0.02407692307692308 2.948572677947089e-18 -0.065
v 0.023942534856405226 -0.0018843183589069984 -0.065
v 0.023704520174283306 -0.0037544271609655376 -0.065
v 0.023336878089544242 -0.005602688732541727 -0.065
v 0.022825356391083684 -0.007416407864998745 -0.065
v 0.02217310878027089 -0.009184402376762152 -0.065
v 0.021384156580520834 -0.010895771993749111 -0.065
v 0.020463363944498214 -0.012539965553182769 -0.065
v 0.01941640786499874 -0.014106846055019353 -0.065
v 0.018249743174400736 -0.015586753159924414 -0.065
v 0.016970562748477146 -0.01697056274847714 -0.065
v 0.01558675315992442 -0.018249743174400736 -0.065
v 0.014106846055019358 -0.019416407864998736 -0.065
v 0.012539965553182784 -0.020463363944498204 -0.065
v 0.010895771993749127 -0.021384156580520827 -0.065
v 0.009184402376762168 -0.022173108780270876 -0.065
v 0.007416407864998742 -0.022825356391083684 -0.065
v 0.005602688732541723 -0.023336878089544242 -0.065
v 0.003754427160965545 -0.0237045201742833 -0.065
v 0.0018830182974682724 -0.023926016009595073 -0.065
v 4.408728476930471e-18 -0.024 -0.065
v -0.0018830182974682638 -0.02392601600959507 -0.065
v -0.0037544271609655363 -0.023704520174283306 -0.065
v -0.005602688732541714 -0.02333687808954424 -0.065
v -0.007416407864998734 -0.02282535639108369 -0.065
v -0.009184402376762161 -0.02217310878027088 -0.065
v -0.010895771993749118 -0.021384156580520834 -0.065
v -0.012539965553182778 -0.02046336394449821 -0.065
v -0.01410684605501935 -0.019416407864998743 -0.065
v -0.015586753159924414 -0.01824974317440074 -0.065
v -0.016970562748477136 -0.016970562748477146 -0.065
v -0.018249743174400732 -0.01558675315992442 -0.065
v -0.019416407864998736 -0.014106846055019362 -0.065
v -0.020463363944498204 -0.01253996555318279 -0.065
v -0.021384156580520827 -0.010895771993749127 -0.065
v -0.022173108780270876 -0.00918440237676217 -0.065
v -0.022825356391083684 -0.007416407864998742 -0.065
v -0.023336878089544242 -0.005602688732541725 -0.065
v -0.0237045201742833 -0.0037544271609655467 -0.065
v -0.023942534856405222 -0.0018843183589070073 -0.065
v -0.024076923076923076 -5.897145355894178e-18 -0.065
v -0.024500000000000004 0 -0.063
v -0.024424474676461635 0.0019222478453322013 -0.063
v -0.02419836434458088 0.0038326443934856565 -0.063
v -0.02382306304974308 0.005719411414469682 -0.063
v -0.02330088464923126 0.00757091636218621 -0.063
v -0.022635048546526527 0.0093757440929447 -0.063
v -0.021829659842615014 0.011122767243618895 -0.063
v -0.020889684026675258 0.012801214835540742 -0.063
v -0.01982091636218621 0.01440073868116559 -0.063
v -0.018629946157200757 0.0159114771840895 -0.063
v -0.017324116139070415 0.017324116139070412 -0.063
v -0.015911477184089497 0.01862994615720076 -0.063
v -0.01440073868116559 0.01982091636218621 -0.063
v -0.012801214835540751 0.02088968402667526 -0.063
v -0.0111227672436189 0.021829659842615014 -0.063
v -0.0093757440929447 0.022635048546526527 -0.063
v -0.007570916362186213 0.02330088464923126 -0.063
v -0.005719411414469684 0.02382306304974308 -0.063
v -0.0038326443934856573 0.02419836434458088 -0.063
v -0.0019222478453322026 0.024424474676461635 -0.063
v -1.500192328955508e-18 0.024500000000000004 -0.063
v 0.0019222478453321994 0.024424474676461635 -0.063
v 0.00383264439348566 0.02419836434458087 -0.063
v 0.005719411414469675 0.023823063049743076 -0.063
v 0.007570916362186209 0.023300884649231263 -0.063
v 0.009375744092944699 0.022635048546526527 -0.063
v 0.011122767243618895 0.021829659842615014 -0.063
v 0.012801214835540742 0.020889684026675258 -0.063
v 0.01440073868116559 0.019820916362186216 -0.063
v 0.015911477184089497 0.01862994615720076 -0.063
v 0.017324116139070412 0.017324116139070415 -0.063
v 0.018629946157200754 0.015911477184089504 -0.063
v 0.019820916362186213 0.0144007386811656 -0.063
v 0.02088968402667526 0.012801214835540751 -0.063
v 0.021829659842615014 0.0111227672436189 -0.063
v 0.022635048546526527 0.009375744092944702 -0.063
v 0.02330088464923126 0.007570916362186215 -0.063
v 0.02382306304974308 0.005719411414469686 -0.063
v 0.024198364344580878 0.003832644393485659 -0.063
v 0.024424474676461635 0.001922247845332204 -0.063
v 0.024500000000000004 3.000384657911016e-18 -0.063
v 0.02442447467646164 -0.0019222478453321873 -0.063
v 0.02419836434458088 -0.003832644393485653 -0.063
v 0.02382306304974308 -0.00571941141446968 -0.063
v 0.02330088464923126 -0.00757091636218622 -0.063
v 0.02263504854652653 -0.009375744092944697 -0.063
v 0.02182965984261502 -0.011122767243618884 -0.063
v 0.02088968402667526 -0.012801214835540742 -0.063
v 0.019820916362186213 -0.01440073868116559 -0.063
v 0.018629946157200754 -0.015911477184089504 -0.063
v 0.01732411613907042 -0.017324116139070412 -0.063
v 0.01591147718408951 -0.01862994615720075 -0.063
v 0.014400738681165596 -0.01982091636218621 -0.063
v 0.01280121483554076 -0.020889684026675254 -0.063
v 0.0111227672436189 -0.021829659842615014 -0.063
v 0.009375744092944713 -0.02263504854652652 -0.063
v 0.007570916362186215 -0.02330088464923126 -0.063
v 0.005719411414469676 -0.02382306304974308 -0.063
v 0.0038326443934856604 -0.024198364344580878 -0.063
v 0.0019222478453321946 -0.024424474676461635 -0.063
v 4.500576986866523e-18 -0.024500000000000004 -0.063
v -0.001922247845332186 -0.02442447467646164 -0.063
v -0.0038326443934856512 -0.02419836434458088 -0.063
v -0.0057194114144696676 -0.023823063049743083 -0.063
v -0.007570916362186208 -0.023300884649231267 -0.063
v -0.009375744092944706 -0.022635048546526523 -0.063
v -0.011122767243618895 -0.021829659842615017 -0.063
v -0.012801214835540751 -0.020889684026675254 -0.063
v -0.014400738681165589 -0.019820916362186216 -0.063
v -0.015911477184089504 -0.018629946157200757 -0.063
v -0.017324116139070412 -0.01732411613907042 -0.063
v -0.018629946157200747 -0.01591147718408951 -0.063
v -0.01982091636218621 -0.014400738681165598 -0.063
v -0.020889684026675254 -0.01280121483554076 -0.063
v -0.021829659842615014 -0.011122767243618902 -0.063
v -0.02263504854652652 -0.009375744092944715 -0.063
v -0.02330088464923126 -0.007570916362186217 -0.063
v -0.02382306304974308 -0.005719411414469677 -0.063
v -0.024198364344580878 -0.0038326443934856625 -0.063
v -0.024424474676461635 -0.0019222478453321964 -0.063
v -0.024500000000000004 -6.000769315822032e-18 -0.063
v -0.024500000000000004 0 -0.061599999999999995
v -0.024424474676461635 0.0019222478453322013 -0.061599999999999995
v -0.02419836434458088 0.0038326443934856565 -0.061599999999999995
v -0.02382306304974308 0.005719411414469682 -0.061599999999999995
v -0.02330088464923126 0.00757091636218621 -0.061599999999999995
v -0.022635048546526527 0.0093757440929447 -0.061599999999999995
v -0.021829659842615014 0.011122767243618895 -0.061599999999999995
v -0.020889684026675258 0.012801214835540742 -0.061599999999999995
v -0.01982091636218621 0.01440073868116559 -0.061599999999999995
v -0.018629946157200757 0.0159114771840895 -0.061599999999999995
v -0.017324116139070415 0.017324116139070412 -0.061599999999999995
v -0.015911477184089497 0.01862994615720076 -0.061599999999999995
v -0.01440073868116559 0.01982091636218621 -0.061599999999999995
v -0.012801214835540751 0.02088968402667526 -0.061599999999999995
v -0.0111227672436189 0.021829659842615014 -0.061599999999999995
v -0.0093757440929447 0.022635048546526527 -0.061599999999999995
v -0.007570916362186213 0.02330088464923126 -0.061599999999999995
v -0.005719411414469684 0.02382306304974308 -0.061599999999999995
v -0.0038326443934856573 0.02419836434458088 -0.061599999999999995
v -0.0019222478453322026 0.024424474676461635 -0.061599999999999995
v -1.500192328955508e-18 0.024500000000000004 -0.061599999999999995
v 0.0019222478453321994 0.024424474676461635 -0.061599999999999995
v 0.00383264439348566 0.02419836434458087 -0.061599999999999995
v 0.005719411414469675 0.023823063049743076 -0.061599999999999995
v 0.007570916362186209 0.023300884649231263 -0.061599999999999995
v 0.009375744092944699 0.022635048546526527 -0.061599999999999995
v 0.011122767243618895 0.021829659842615014 -0.061599999999999995
v 0.012801214835540742 0.020889684026675258 -0.061599999999999995
v 0.01440073868116559 0.019820916362186216 -0.061599999999999995
v 0.015911477184089497 0.01862994615720076 -0.061599999999999995
v 0.017324116139070412 0.017324116139070415 -0.061599999999999995
v 0.018629946157200754 0.015911477184089504 -0.061599999999999995
v 0.019820916362186213 0.0144007386811656 -0.061599999999999995
v 0.02088968402667526 0.012801214835540751 -0.061599999999999995
v 0.021829659842615014 0.0111227672436189 -0.061599999999999995
v 0.022635048546526527 0.009375744092944702 -0.061599999999999995
v 0.02330088464923126 0.007570916362186215 -0.061599999999999995
v 0.02382306304974308 0.005719411414469686 -0.061599999999999995
v 0.024198364344580878 0.003832644393485659 -0.061599999999999995
v 0.024424474676461635 0.001922247845332204 -0.061599999999999995
v 0.024500000000000004 3.000384657911016e-18 -0.061599999999999995
v 0.02442447467646164 -0.0019222478453321873 -0.061599999999999995
v 0.02419836434458088 -0.003832644393485653 -0.061599999999999995
v 0.02382306304974308 -0.00571941141446968 -0.061599999999999995
v 0.02330088464923126 -0.00757091636218622 -0.061599999999999995
v 0.02263504854652653 -0.009375744092944697 -0.061599999999999995
v 0.02182965984261502 -0.011122767243618884 -0.061599999999999995
v 0.02088968402667526 -0.012801214835540742 -0.061599999999999995
v 0.019820916362186213 -0.01440073868116559 -0.061599999999999995
v 0.018629946157200754 -0.015911477184089504 -0.061599999999999995
v 0.01732411613907042 -0.017324116139070412 -0.061599999999999995
v 0.01591147718408951 -0.01862994615720075 -0.061599999999999995
v 0.014400738681165596 -0.01982091636218621 -0.061599999999999995
v 0.01280121483554076 -0.020889684026675254 -0.061599999999999995
v 0.0111227672436189 -0.021829659842615014 -0.061599999999999995
v 0.009375744092944713 -0.02263504854652652 -0.061599999999999995
v 0.007570916362186215 -0.02330088464923126 -0.061599999999999995
v 0.005719411414469676 -0.02382306304974308 -0.061599999999999995
v 0.0038326443934856604 -0.024198364344580878 -0.061599999999999995
v 0.0019222478453321946 -0.024424474676461635 -0.061599999999999995
v 4.500576986866523e-18 -0.024500000000000004 -0.061599999999999995
v -0.001922247845332186 -0.02442447467646164 -0.061599999999999995
v -0.0038326443934856512 -0.02419836434458088 -0.061599999999999995
v -0.0057194114144696676 -0.023823063049743083 -0.061599999999999995
v -0.007570916362186208 -0.023300884649231267 -0.061599999999999995
v -0.009375744092944706 -0.022635048546526523 -0.061599999999999995
v -0.011122767243618895 -0.021829659842615017 -0.061599999999999995
v -0.012801214835540751 -0.020889684026675254 -0.061599999999999995
v -0.014400738681165589 -0.019820916362186216 -0.061599999999999995
v -0.015911477184089504 -0.018629946157200757 -0.061599999999999995
v -0.017324116139070412 -0.01732411613907042 -0.061599999999999995
v -0.018629946157200747 -0.01591147718408951 -0.061599999999999995
v -0.01982091636218621 -0.014400738681165598 -0.061599999999999995
v -0.020889684026675254 -0.01280121483554076 -0.061599999999999995
v -0.021829659842615014 -0.011122767243618902 -0.061599999999999995
v -0.02263504854652652 -0.009375744092944715 -0.061599999999999995
v -0.02330088464923126 -0.007570916362186217 -0.061599999999999995
v -0.02382306304974308 -0.005719411414469677 -0.061599999999999995
v -0.024198364344580878 -0.0038326443934856625 -0.061599999999999995
v -0.024424474676461635 -0.0019222478453321964 -0.061599999999999995
v -0.024500000000000004 -6.000769315822032e-18 -0.061599999999999995
v -0.024500000000000004 0 -0.05959999999999999
v -0.024424474676461635 0.0019222478453322013 -0.05959999999999999
v -0.02419836434458088 0.0038326443934856565 -0.05959999999999999
v -0.02382306304974308 0.005719411414469682 -0.05959999999999999
v -0.02330088464923126 0.00757091636218621 -0.05959999999999999
v -0.022635048546526527 0.0093757440929447 -0.05959999999999999
v -0.021829659842615014 0.011122767243618895 -0.05959999999999999
v -0.020889684026675258 0.012801214835540742 -0.05959999999999999
v -0.01982091636218621 0.01440073868116559 -0.05959999999999999
v -0.018629946157200757 0.0159114771840895 -0.05959999999999999
v -0.017324116139070415 0.017324116139070412 -0.05959999999999999
v -0.015911477184089497 0.01862994615720076 -0.05959999999999999
v -0.01440073868116559 0.01982091636218621 -0.05959999999999999
v -0.012801214835540751 0.02088968402667526 -0.05959999999999999
v -0.0111227672436189 0.021829659842615014 -0.05959999999999999
v -0.0093757440929447 0.022635048546526527 -0.05959999999999999
v -0.007570916362186213 0.02330088464923126 -0.05959999999999999
v -0.005719411414469684 0.02382306304974308 -0.05959999999999999
v -0.0038326443934856573 0.02419836434458088 -0.05959999999999999
v -0.0019222478453322026 0.024424474676461635 -0.05959999999999999
v -1.500192328955508e-18 0.024500000000000004 -0.05959999999999999
v 0.0019222478453321994 0.024424474676461635 -0.05959999999999999
v 0.00383264439348566 0.02419836434458087 -0.05959999999999999
v 0.005719411414469675 0.023823063049743076 -0.05959999999999999
v 0.007570916362186209 0.023300884649231263 -0.05959999999999999
v 0.009375744092944699 0.022635048546526527 -0.05959999999999999
v 0.011122767243618895 0.021829659842615014 -0.05959999999999999
v 0.012801214835540742 0.020889684026675258 -0.05959999999999999
v 0.01440073868116559 0.019820916362186216 -0.05959999999999999
v 0.015911477184089497 0.01862994615720076 -0.05959999999999999
v 0.017324116139070412 0.017324116139070415 -0.05959999999999999
v 0.018629946157200754 0.015911477184089504 -0.05959999999999999
v 0.019820916362186213 0.0144007386811656 -0.05959999999999999
v 0.02088968402667526 0.012801214835540751 -0.05959999999999999
v 0.021829659842615014 0.0111227672436189 -0.05959999999999999
v 0.022635048546526527 0.009375744092944702 -0.05959999999999999
v 0.02330088464923126 0.007570916362186215 -0.05959999999999999
v 0.02382306304974308 0.005719411414469686 -0.05959999999999999
v 0.024198364344580878 0.003832644393485659 -0.05959999999999999
v 0.024424474676461635 0.001922247845332204 -0.05959999999999999
v 0.024500000000000004 3.000384657911016e-18 -0.05959999999999999
v 0.02442447467646164 -0.0019222478453321873 -0.05959999999999999
v 0.02419836434458088 -0.003832644393485653 -0.05959999999999999
v 0.02382306304974308 -0.00571941141446968 -0.05959999999999999
v 0.02330088464923126 -0.00757091636218622 -0.05959999999999999
v 0.02263504854652653 -0.009375744092944697 -0.05959999999999999
v 0.02182965984261502 -0.011122767243618884 -0.05959999999999999
v 0.02088968402667526 -0.012801214835540742 -0.05959999999999999
v 0.019820916362186213 -0.01440073868116559 -0.05959999999999999
v 0.018629946157200754 -0.015911477184089504 -0.05959999999999999
v 0.01732411613907042 -0.017324116139070412 -0.05959999999999999
v 0.01591147718408951 -0.01862994615720075 -0.05959999999999999
v 0.014400738681165596 -0.01982091636218621 -0.05959999999999999
v 0.01280121483554076 -0.020889684026675254 -0.05959999999999999
v 0.0111227672436189 -0.021829659842615014 -0.05959999999999999
v 0.009375744092944713 -0.02263504854652652 -0.05959999999999999
v 0.007570916362186215 -0.02330088464923126 -0.05959999999999999
v 0.005719411414469676 -0.02382306304974308 -0.05959999999999999
v 0.0038326443934856604 -0.024198364344580878 -0.05959999999999999
v 0.0019222478453321946 -0.024424474676461635 -0.05959999999999999
v 4.500576986866523e-18 -0.024500000000000004 -0.05959999999999999
v -0.001922247845332186 -0.02442447467646164 -0.05959999999999999
v -0.0038326443934856512 -0.02419836434458088 -0.05959999999999999
v -0.0057194114144696676 -0.023823063049743083 -0.05959999999999999
v -0.007570916362186208 -0.023300884649231267 -0.05959999999999999
v -0.009375744092944706 -0.022635048546526523 -0.05959999999999999
v -0.011122767243618895 -0.021829659842615017 -0.05959999999999999
v -0.012801214835540751 -0.020889684026675254 -0.05959999999999999
v -0.014400738681165589 -0.019820916362186216 -0.05959999999999999
v -0.015911477184089504 -0.018629946157200757 -0.05959999999999999
v -0.017324116139070412 -0.01732411613907042 -0.05959999999999999
v -0.018629946157200747 -0.01591147718408951 -0.05959999999999999
v -0.01982091636218621 -0.014400738681165598 -0.05959999999999999
v -0.020889684026675254 -0.01280121483554076 -0.05959999999999999
v -0.021829659842615014 -0.011122767243618902 -0.05959999999999999
v -0.02263504854652652 -0.009375744092944715 -0.05959999999999999
v -0.02330088464923126 -0.007570916362186217 -0.05959999999999999
v -0.02382306304974308 -0.005719411414469677 -0.05959999999999999
v -0.024198364344580878 -0.0038326443934856625 -0.05959999999999999
v -0.024424474676461635 -0.0019222478453321964 -0.05959999999999999
v -0.024500000000000004 -6.000769315822032e-18 -0.05959999999999999
v -0.02407692307692308 0 -0.0576
v -0.024062869060282325 0.0018937888661415216 -0.0576
v -0.023899348890627142 0.0037852849981628075 -0.0576
v -0.02358628750639773 0.0056625666358428115 -0.0576
v -0.02312458583552657 0.007513633405191063 -0.0576
v -0.022516140583228112 0.009326490801872336 -0.0576
v -0.02176385592637184 0.011089238473616597 -0.0576
v -0.020871646466444058 0.012790161404414944 -0.0576
v -0.01982091636218621 0.014400738681165592 -0.0576
v -0.018629946157200757 0.0159114771840895 -0.0576
v -0.017324116139070415 0.017324116139070415 -0.0576
v -0.015911477184089497 0.018629946157200764 -0.0576
v -0.014400738681165592 0.01982091636218621 -0.0576
v -0.012801214835540748 0.020889684026675258 -0.0576
v -0.011122767243618902 0.021829659842615014 -0.0576
v -0.0093757440929447 0.02263504854652653 -0.0576
v -0.007570916362186215 0.023300884649231267 -0.0576
v -0.005719411414469684 0.023823063049743076 -0.0576
v -0.0038326443934856578 0.024198364344580878 -0.0576
v -0.0019222478453322022 0.024424474676461635 -0.0576
v -1.5001923289555076e-18 0.024499999999999997 -0.0576
v 0.0019222478453321994 0.024424474676461635 -0.0576
v 0.003832644393485661 0.024198364344580874 -0.0576
v 0.0057194114144696745 0.023823063049743076 -0.0576
v 0.007570916362186211 0.023300884649231267 -0.0576
v 0.009375744092944699 0.02263504854652653 -0.0576
v 0.011122767243618895 0.021829659842615014 -0.0576
v 0.012801214835540748 0.020889684026675258 -0.0576
v 0.014400738681165589 0.019820916362186213 -0.0576
v 0.015911477184089497 0.018629946157200764 -0.0576
v 0.017324116139070415 0.017324116139070415 -0.0576
v 0.018629946157200757 0.015911477184089504 -0.0576
v 0.01982091636218621 0.014400738681165594 -0.0576
v 0.020871646466444058 0.012790161404414946 -0.0576
v 0.02176385592637184 0.011089238473616604 -0.0576
v 0.022516140583228112 0.00932649080187234 -0.0576
v 0.02312458583552657 0.007513633405191065 -0.0576
v 0.02358628750639773 0.005662566635842816 -0.0576
v 0.023899348890627142 0.00378528499816281 -0.0576
v 0.024062869060282325 0.0018937888661415246 -0.0576
v 0.02407692307692308 2.948572677947089e-18 -0.0576
v 0.023942534856405226 -0.0018843183589069984 -0.0576
v 0.023704520174283306 -0.0037544271609655376 -0.0576
v 0.023336878089544242 -0.005602688732541727 -0.0576
v 0.022825356391083684 -0.007416407864998745 -0.0576
v 0.02217310878027089 -0.009184402376762152 -0.0576
v 0.021384156580520834 -0.010895771993749111 -0.0576
v 0.020463363944498214 -0.012539965553182769 -0.0576
v 0.01941640786499874 -0.014106846055019353 -0.0576
v 0.018249743174400736 -0.015586753159924414 -0.0576
v 0.016970562748477146 -0.01697056274847714 -0.0576
v 0.01558675315992442 -0.018249743174400736 -0.0576
v 0.014106846055019358 -0.019416407864998736 -0.0576
v 0.012539965553182784 -0.020463363944498204 -0.0576
v 0.010895771993749127 -0.021384156580520827 -0.0576
v 0.009184402376762168 -0.022173108780270876 -0.0576
v 0.007416407864998742 -0.022825356391083684 -0.0576
v 0.005602688732541723 -0.023336878089544242 -0.0576
v 0.003754427160965545 -0.0237045201742833 -0.0576
v 0.0018830182974682724 -0.023926016009595073 -0.0576
v 4.408728476930471e-18 -0.024 -0.0576
v -0.0018830182974682638 -0.02392601600959507 -0.0576
v -0.0037544271609655363 -0.023704520174283306 -0.0576
v -0.005602688732541714 -0.02333687808954424 -0.0576
v -0.007416407864998734 -0.02282535639108369 -0.0576
v -0.009184402376762161 -0.02217310878027088 -0.0576
v -0.010895771993749118 -0.021384156580520834 -0.0576
v -0.012539965553182778 -0.02046336394449821 -0.0576
v -0.01410684605501935 -0.019416407864998743 -0.0576
v -0.015586753159924414 -0.01824974317440074 -0.0576
v -0.016970562748477136 -0.016970562748477146 -0.0576
v -0.018249743174400732 -0.01558675315992442 -0.0576
v -0.019416407864998736 -0.014106846055019362 -0.0576
v -0.020463363944498204 -0.01253996555318279 -0.0576
v -0.021384156580520827 -0.010895771993749127 -0.0576
v -0.022173108780270876 -0.00918440237676217 -0.0576
v -0.022825356391083684 -0.007416407864998742 -0.0576
v -0.023336878089544242 -0.005602688732541725 -0.0576
v -0.0237045201742833 -0.0037544271609655467 -0.0576
v -0.023942534856405222 -0.0018843183589070073 -0.0576
v -0.024076923076923076 -5.897145355894178e-18 -0.0576
v -0.023230769230769232 0 -0.0556
v -0.0233396578279237 0.0018368709077601622 -0.0556
v -0.023301317982719682 0.0036905662075171096 -0.0556
v -0.02311273641970704 0.00554887707858907 -0.0556
v -0.02277198820811719 0.007399067491200762 -0.0556
v -0.022278324656631293 0.009227984219727607 -0.0556
v -0.02163224809388549 0.011022180933612001 -0.0556
v -0.020835571345981647 0.012768054542163332 -0.0556
v -0.019820916362186213 0.014400738681165592 -0.0556
v -0.018629946157200757 0.015911477184089497 -0.0556
v -0.01732411613907042 0.017324116139070412 -0.0556
v -0.015911477184089497 0.01862994615720076 -0.0556
v -0.014400738681165592 0.019820916362186213 -0.0556
v -0.012801214835540748 0.020889684026675258 -0.0556
v -0.011122767243618898 0.021829659842615014 -0.0556
v -0.0093757440929447 0.022635048546526527 -0.0556
v -0.007570916362186214 0.023300884649231263 -0.0556
v -0.005719411414469684 0.023823063049743073 -0.0556
v -0.003832644393485658 0.024198364344580878 -0.0556
v -0.0019222478453322024 0.024424474676461635 -0.0556
v -1.5001923289555078e-18 0.0245 -0.0556
v 0.0019222478453321996 0.024424474676461635 -0.0556
v 0.0038326443934856604 0.02419836434458087 -0.0556
v 0.005719411414469675 0.023823063049743076 -0.0556
v 0.00757091636218621 0.023300884649231263 -0.0556
v 0.009375744092944699 0.022635048546526527 -0.0556
v 0.011122767243618896 0.021829659842615014 -0.0556
v 0.012801214835540746 0.02088968402667526 -0.0556
v 0.01440073868116559 0.019820916362186216 -0.0556
v 0.015911477184089497 0.01862994615720076 -0.0556
v 0.017324116139070412 0.01732411613907042 -0.0556
v 0.018629946157200757 0.015911477184089504 -0.0556
v 0.019820916362186213 0.014400738681165596 -0.0556
v 0.020835571345981643 0.012768054542163336 -0.0556
v 0.021632248093885486 0.011022180933612007 -0.0556
v 0.022278324656631293 0.009227984219727611 -0.0556
v 0.02277198820811719 0.0073990674912007654 -0.0556
v 0.02311273641970704 0.005548877078589073 -0.0556
v 0.02330131798271968 0.0036905662075171117 -0.0556
v 0.0233396578279237 0.0018368709077601652 -0.0556
v 0.023230769230769232 2.844948718019236e-18 -0.0556
v 0.022978655216292405 -0.001808459386056621 -0.0556
v 0.02271683183368817 -0.0035979926959253073 -0.0556
v 0.022364508169146567 -0.0053692433686858216 -0.0556
v 0.021874299874788533 -0.007107390870623798 -0.0556
v 0.021249229247759596 -0.008801718944397062 -0.0556
v 0.020493150056332468 -0.010441781494009563 -0.0556
v 0.019610723780144123 -0.01201746698846682 -0.0556
v 0.01860739087062379 -0.013519060802726881 -0.0556
v 0.017489337208800707 -0.014937305111594228 -0.0556
v 0.016263455967290598 -0.01626345596729059 -0.0556
v 0.014937305111594234 -0.017489337208800703 -0.0556
v 0.013519060802726886 -0.01860739087062379 -0.0556
v 0.012017466988466837 -0.019610723780144113 -0.0556
v 0.010441781494009579 -0.020493150056332458 -0.0556
v 0.008801718944397078 -0.02124922924775959 -0.0556
v 0.007107390870623793 -0.021874299874788533 -0.0556
v 0.005369243368685818 -0.022364508169146567 -0.0556
v 0.003597992695925314 -0.022716831833688167 -0.0556
v 0.0018045592017404276 -0.022929098675861945 -0.0556
v 4.2250314570583685e-18 -0.023 -0.0556
v -0.0018045592017404194 -0.022929098675861945 -0.0556
v -0.0035979926959253056 -0.02271683183368817 -0.0556
v -0.005369243368685809 -0.022364508169146567 -0.0556
v -0.0071073908706237865 -0.021874299874788533 -0.0556
v -0.00880171894439707 -0.021249229247759592 -0.0556
v -0.010441781494009572 -0.020493150056332465 -0.0556
v -0.012017466988466827 -0.019610723780144116 -0.0556
v -0.013519060802726877 -0.018607390870623793 -0.0556
v -0.014937305111594228 -0.01748933720880071 -0.0556
v -0.016263455967290587 -0.016263455967290598 -0.0556
v -0.0174893372088007 -0.014937305111594234 -0.0556
v -0.01860739087062379 -0.013519060802726888 -0.0556
v -0.019610723780144113 -0.012017466988466837 -0.0556
v -0.020493150056332458 -0.01044178149400958 -0.0556
v -0.02124922924775959 -0.00880171894439708 -0.0556
v -0.021874299874788533 -0.007107390870623795 -0.0556
v -0.022364508169146567 -0.005369243368685821 -0.0556
v -0.022716831833688167 -0.0035979926959253156 -0.0556
v -0.022978655216292398 -0.0018084593860566293 -0.0556
v -0.02323076923076923 -5.689897436038471e-18 -0.0556
v -0.02407692307692308 0 -0.053599999999999995
v -0.024062869060282325 0.0018937888661415216 -0.053599999999999995
v -0.023899348890627142 0.0037852849981628075 -0.053599999999999995
v -0.02358628750639773 0.0056625666358428115 -0.053599999999999995
v -0.02312458583552657 0.007513633405191063 -0.053599999999999995
v -0.022516140583228112 0.009326490801872336 -0.053599999999999995
v -0.02176385592637184 0.011089238473616597 -0.053599999999999995
v -0.020871646466444058 0.012790161404414944 -0.053599999999999995
v -0.01982091636218621 0.014400738681165592 -0.053599999999999995
v -0.018629946157200757 0.0159114771840895 -0.053599999999999995
v -0.017324116139070415 0.017324116139070415 -0.053599999999999995
v -0.015911477184089497 0.018629946157200764 -0.053599999999999995
v -0.014400738681165592 0.01982091636218621 -0.053599999999999995
v -0.012801214835540748 0.020889684026675258 -0.053599999999999995
v -0.011122767243618902 0.021829659842615014 -0.053599999999999995
v -0.0093757440929447 0.02263504854652653 -0.053599999999999995
v -0.007570916362186215 0.023300884649231267 -0.053599999999999995
v -0.005719411414469684 0.023823063049743076 -0.053599999999999995
v -0.0038326443934856578 0.024198364344580878 -0.053599999999999995
v -0.0019222478453322022 0.024424474676461635 -0.053599999999999995
v -1.5001923289555076e-18 0.024499999999999997 -0.053599999999999995
v 0.0019222478453321994 0.024424474676461635 -0.053599999999999995
v 0.003832644393485661 0.024198364344580874 -0.053599999999999995
v 0.0057194114144696745 0.023823063049743076 -0.053599999999999995
v 0.007570916362186211 0.023300884649231267 -0.053599999999999995
v 0.009375744092944699 0.02263504854652653 -0.053599999999999995
v 0.011122767243618895 0.021829659842615014 -0.053599999999999995
v 0.012801214835540748 0.020889684026675258 -0.053599999999999995
v 0.014400738681165589 0.019820916362186213 -0.053599999999999995
v 0.015911477184089497 0.018629946157200764 -0.053599999999999995
v 0.017324116139070415 0.017324116139070415 -0.053599999999999995
v 0.018629946157200757 0.015911477184089504 -0.053599999999999995
v 0.01982091636218621 0.014400738681165594 -0.053599999999999995
v 0.020871646466444058 0.012790161404414946 -0.053599999999999995
v 0.02176385592637184 0.011089238473616604 -0.053599999999999995
v 0.022516140583228112 0.00932649080187234 -0.053599999999999995
v 0.02312458583552657 0.007513633405191065 -0.053599999999999995
v 0.02358628750639773 0.005662566635842816 -0.053599999999999995
v 0.023899348890627142 0.00378528499816281 -0.053599999999999995
v 0.024062869060282325 0.0018937888661415246 -0.053599999999999995
v 0.02407692307692308 2.948572677947089e-18 -0.053599999999999995
v 0.023942534856405226 -0.0018843183589069984 -0.053599999999999995
v 0.023704520174283306 -0.0037544271609655376 -0.053599999999999995
v 0.023336878089544242 -0.005602688732541727 -0.053599999999999995
v 0.022825356391083684 -0.007416407864998745 -0.053599999999999995
v 0.02217310878027089 -0.009184402376762152 -0.053599999999999995
v 0.021384156580520834 -0.010895771993749111 -0.053599999999999995
v 0.020463363944498214 -0.012539965553182769 -0.053599999999999995
v 0.01941640786499874 -0.014106846055019353 -0.053599999999999995
v 0.018249743174400736 -0.015586753159924414 -0.053599999999999995
v 0.016970562748477146 -0.01697056274847714 -0.053599999999999995
v 0.01558675315992442 -0.018249743174400736 -0.053599999999999995
v 0.014106846055019358 -0.019416407864998736 -0.053599999999999995
v 0.012539965553182784 -0.020463363944498204 -0.053599999999999995
v 0.010895771993749127 -0.021384156580520827 -0.053599999999999995
v 0.009184402376762168 -0.022173108780270876 -0.053599999999999995
v 0.007416407864998742 -0.022825356391083684 -0.053599999999999995
v 0.005602688732541723 -0.023336878089544242 -0.053599999999999995
v 0.003754427160965545 -0.0237045201742833 -0.053599999999999995
v 0.0018830182974682724 -0.023926016009595073 -0.053599999999999995
v 4.408728476930471e-18 -0.024 -0.053599999999999995
v -0.0018830182974682638 -0.02392601600959507 -0.053599999999999995
v -0.0037544271609655363 -0.023704520174283306 -0.053599999999999995
v -0.005602688732541714 -0.02333687808954424 -0.053599999999999995
v -0.007416407864998734 -0.02282535639108369 -0.053599999999999995
v -0.009184402376762161 -0.02217310878027088 -0.053599999999999995
v -0.010895771993749118 -0.021384156580520834 -0.053599999999999995
v -0.012539965553182778 -0.02046336394449821 -0.053599999999999995
v -0.01410684605501935 -0.019416407864998743 -0.053599999999999995
v -0.015586753159924414 -0.01824974317440074 -0.053599999999999995
v -0.016970562748477136 -0.016970562748477146 -0.053599999999999995
v -0.018249743174400732 -0.01558675315992442 -0.053599999999999995
v -0.019416407864998736 -0.014106846055019362 -0.053599999999999995
v -0.020463363944498204 -0.01253996555318279 -0.053599999999999995
v -0.021384156580520827 -0.010895771993749127 -0.053599999999999995
v -0.022173108780270876 -0.00918440237676217 -0.053599999999999995
v -0.022825356391083684 -0.007416407864998742 -0.053599999999999995
v -0.023336878089544242 -0.005602688732541725 -0.053599999999999995
v -0.0237045201742833 -0.0037544271609655467 -0.053599999999999995
v -0.023942534856405222 -0.0018843183589070073 -0.053599999999999995
v -0.024076923076923076 -5.897145355894178e-18 -0.053599999999999995
v -0.024500000000000004 0 -0.05159999999999999
v -0.024424474676461635 0.0019222478453322013 -0.05159999999999999
v -0.02419836434458088 0.0038326443934856565 -0.05159999999999999
v -0.02382306304974308 0.005719411414469682 -0.05159999999999999
v -0.02330088464923126 0.00757091636218621 -0.05159999999999999
v -0.022635048546526527 0.0093757440929447 -0.05159999999999999
v -0.021829659842615014 0.011122767243618895 -0.05159999999999999
v -0.020889684026675258 0.012801214835540742 -0.05159999999999999
v -0.01982091636218621 0.01440073868116559 -0.05159999999999999
v -0.018629946157200757 0.0159114771840895 -0.05159999999999999
v -0.017324116139070415 0.017324116139070412 -0.05159999999999999
v -0.015911477184089497 0.01862994615720076 -0.05159999999999999
v -0.01440073868116559 0.01982091636218621 -0.05159999999999999
v -0.012801214835540751 0.02088968402667526 -0.05159999999999999
v -0.0111227672436189 0.021829659842615014 -0.05159999999999999
v -0.0093757440929447 0.022635048546526527 -0.05159999999999999
v -0.007570916362186213 0.02330088464923126 -0.05159999999999999
v -0.005719411414469684 0.02382306304974308 -0.05159999999999999
v -0.0038326443934856573 0.02419836434458088 -0.05159999999999999
v -0.0019222478453322026 0.024424474676461635 -0.05159999999999999
v -1.500192328955508e-18 0.024500000000000004 -0.05159999999999999
v 0.0019222478453321994 0.024424474676461635 -0.05159999999999999
v 0.00383264439348566 0.02419836434458087 -0.05159999999999999
v 0.005719411414469675 0.023823063049743076 -0.05159999999999999
v 0.007570916362186209 0.023300884649231263 -0.05159999999999999
v 0.009375744092944699 0.022635048546526527 -0.05159999999999999
v 0.011122767243618895 0.021829659842615014 -0.05159999999999999
v 0.012801214835540742 0.020889684026675258 -0.05159999999999999
v 0.01440073868116559 0.019820916362186216 -0.05159999999999999
v 0.015911477184089497 0.01862994615720076 -0.05159999999999999
v 0.017324116139070412 0.017324116139070415 -0.05159999999999999
v 0.018629946157200754 0.015911477184089504 -0.05159999999999999
v 0.019820916362186213 0.0144007386811656 -0.05159999999999999
v 0.02088968402667526 0.012801214835540751 -0.05159999999999999
v 0.021829659842615014 0.0111227672436189 -0.05159999999999999
v 0.022635048546526527 0.009375744092944702 -0.05159999999999999
v 0.02330088464923126 0.007570916362186215 -0.05159999999999999
v 0.02382306304974308 0.005719411414469686 -0.05159999999999999
v 0.024198364344580878 0.003832644393485659 -0.05159999999999999
v 0.024424474676461635 0.001922247845332204 -0.05159999999999999
v 0.024500000000000004 3.000384657911016e-18 -0.05159999999999999
v 0.02442447467646164 -0.0019222478453321873 -0.05159999999999999
v 0.02419836434458088 -0.003832644393485653 -0.05159999999999999
v 0.02382306304974308 -0.00571941141446968 -0.05159999999999999
v 0.02330088464923126 -0.00757091636218622 -0.05159999999999999
v 0.02263504854652653 -0.009375744092944697 -0.05159999999999999
v 0.02182965984261502 -0.011122767243618884 -0.05159999999999999
v 0.02088968402667526 -0.012801214835540742 -0.05159999999999999
v 0.019820916362186213 -0.01440073868116559 -0.05159999999999999
v 0.018629946157200754 -0.015911477184089504 -0.05159999999999999
v 0.01732411613907042 -0.017324116139070412 -0.05159999999999999
v 0.01591147718408951 -0.01862994615720075 -0.05159999999999999
v 0.014400738681165596 -0.01982091636218621 -0.05159999999999999
v 0.01280121483554076 -0.020889684026675254 -0.05159999999999999
v 0.0111227672436189 -0.021829659842615014 -0.05159999999999999
v 0.009375744092944713 -0.02263504854652652 -0.05159999999999999
v 0.007570916362186215 -0.02330088464923126 -0.05159999999999999
v 0.005719411414469676 -0.02382306304974308 -0.05159999999999999
v 0.0038326443934856604 -0.024198364344580878 -0.05159999999999999
v 0.0019222478453321946 -0.024424474676461635 -0.05159999999999999
v 4.500576986866523e-18 -0.024500000000000004 -0.05159999999999999
v -0.001922247845332186 -0.02442447467646164 -0.05159999999999999
v -0.0038326443934856512 -0.02419836434458088 -0.05159999999999999
v -0.0057194114144696676 -0.023823063049743083 -0.05159999999999999
v -0.007570916362186208 -0.023300884649231267 -0.05159999999999999
v -0.009375744092944706 -0.022635048546526523 -0.05159999999999999
v -0.011122767243618895 -0.021829659842615017 -0.05159999999999999
v -0.012801214835540751 -0.020889684026675254 -0.05159999999999999
v -0.014400738681165589 -0.019820916362186216 -0.05159999999999999
v -0.015911477184089504 -0.018629946157200757 -0.05159999999999999
v -0.017324116139070412 -0.01732411613907042 -0.05159999999999999
v -0.018629946157200747 -0.01591147718408951 -0.05159999999999999
v -0.01982091636218621 -0.014400738681165598 -0.05159999999999999
v -0.020889684026675254 -0.01280121483554076 -0.05159999999999999
v -0.021829659842615014 -0.011122767243618902 -0.05159999999999999
v -0.02263504854652652 -0.009375744092944715 -0.05159999999999999
v -0.02330088464923126 -0.007570916362186217 -0.05159999999999999
v -0.02382306304974308 -0.005719411414469677 -0.05159999999999999
v -0.024198364344580878 -0.0038326443934856625 -0.05159999999999999
v -0.024424474676461635 -0.0019222478453321964 -0.05159999999999999
v -0.024500000000000004 -6.000769315822032e-18 -0.05159999999999999
v -0.024500000000000004 0 -0.050199999999999995
v -0.024424474676461635 0.0019222478453322013 -0.050199999999999995
v -0.02419836434458088 0.0038326443934856565 -0.050199999999999995
v -0.02382306304974308 0.005719411414469682 -0.050199999999999995
v -0.02330088464923126 0.00757091636218621 -0.050199999999999995
v -0.022635048546526527 0.0093757440929447 -0.050199999999999995
v -0.021829659842615014 0.011122767243618895 -0.050199999999999995
v -0.020889684026675258 0.012801214835540742 -0.050199999999999995
v -0.01982091636218621 0.01440073868116559 -0.050199999999999995
v -0.018629946157200757 0.0159114771840895 -0.050199999999999995
v -0.017324116139070415 0.017324116139070412 -0.050199999999999995
v -0.015911477184089497 0.01862994615720076 -0.050199999999999995
v -0.01440073868116559 0.01982091636218621 -0.050199999999999995
v -0.012801214835540751 0.02088968402667526 -0.050199999999999995
v -0.0111227672436189 0.021829659842615014 -0.050199999999999995
v -0.0093757440929447 0.022635048546526527 -0.050199999999999995
v -0.007570916362186213 0.02330088464923126 -0.050199999999999995
v -0.005719411414469684 0.02382306304974308 -0.050199999999999995
v -0.0038326443934856573 0.02419836434458088 -0.050199999999999995
v -0.0019222478453322026 0.024424474676461635 -0.050199999999999995
v -1.500192328955508e-18 0.024500000000000004 -0.050199999999999995
v 0.0019222478453321994 0.024424474676461635 -0.050199999999999995
v 0.00383264439348566 0.02419836434458087 -0.050199999999999995
v 0.005719411414469675 0.023823063049743076 -0.050199999999999995
v 0.007570916362186209 0.023300884649231263 -0.050199999999999995
v 0.009375744092944699 0.022635048546526527 -0.050199999999999995
v 0.011122767243618895 0.021829659842615014 -0.050199999999999995
v 0.012801214835540742 0.020889684026675258 -0.050199999999999995
v 0.01440073868116559 0.019820916362186216 -0.050199999999999995
v 0.015911477184089497 0.01862994615720076 -0.050199999999999995
v 0.017324116139070412 0.017324116139070415 -0.050199999999999995
v 0.018629946157200754 0.015911477184089504 -0.050199999999999995
v 0.019820916362186213 0.0144007386811656 -0.050199999999999995
v 0.02088968402667526 0.012801214835540751 -0.050199999999999995
v 0.021829659842615014 0.0111227672436189 -0.050199999999999995
v 0.022635048546526527 0.009375744092944702 -0.050199999999999995
v 0.02330088464923126 0.007570916362186215 -0.050199999999999995
v 0.02382306304974308 0.005719411414469686 -0.050199999999999995
v 0.024198364344580878 0.003832644393485659 -0.050199999999999995
v 0.024424474676461635 0.001922247845332204 -0.050199999999999995
v 0.024500000000000004 3.000384657911016e-18 -0.050199999999999995
v 0.02442447467646164 -0.0019222478453321873 -0.050199999999999995
v 0.02419836434458088 -0.003832644393485653 -0.050199999999999995
v 0.02382306304974308 -0.00571941141446968 -0.050199999999999995
v 0.02330088464923126 -0.00757091636218622 -0.050199999999999995
v 0.02263504854652653 -0.009375744092944697 -0.050199999999999995
v 0.02182965984261502 -0.011122767243618884 -0.050199999999999995
v 0.02088968402667526 -0.012801214835540742 -0.050199999999999995
v 0.019820916362186213 -0.01440073868116559 -0.050199999999999995
v 0.018629946157200754 -0.015911477184089504 -0.050199999999999995
v 0.01732411613907042 -0.017324116139070412 -0.050199999999999995
v 0.01591147718408951 -0.01862994615720075 -0.050199999999999995
v 0.014400738681165596 -0.01982091636218621 -0.050199999999999995
v 0.01280121483554076 -0.020889684026675254 -0.050199999999999995
v 0.0111227672436189 -0.021829659842615014 -0.050199999999999995
v 0.009375744092944713 -0.02263504854652652 -0.050199999999999995
v 0.007570916362186215 -0.02330088464923126 -0.050199999999999995
v 0.005719411414469676 -0.02382306304974308 -0.050199999999999995
v 0.0038326443934856604 -0.024198364344580878 -0.050199999999999995
v 0.0019222478453321946 -0.024424474676461635 -0.050199999999999995
v 4.500576986866523e-18 -0.024500000000000004 -0.050199999999999995
v -0.001922247845332186 -0.02442447467646164 -0.050199999999999995
v -0.0038326443934856512 -0.02419836434458088 -0.050199999999999995
v -0.0057194114144696676 -0.023823063049743083 -0.050199999999999995
v -0.007570916362186208 -0.023300884649231267 -0.050199999999999995
v -0.009375744092944706 -0.022635048546526523 -0.050199999999999995
v -0.011122767243618895 -0.021829659842615017 -0.050199999999999995
v -0.012801214835540751 -0.020889684026675254 -0.050199999999999995
v -0.014400738681165589 -0.019820916362186216 -0.050199999999999995
v -0.015911477184089504 -0.018629946157200757 -0.050199999999999995
v -0.017324116139070412 -0.01732411613907042 -0.050199999999999995
v -0.018629946157200747 -0.01591147718408951 -0.050199999999999995
v -0.01982091636218621 -0.014400738681165598 -0.050199999999999995
v -0.020889684026675254 -0.01280121483554076 -0.050199999999999995
v -0.021829659842615014 -0.011122767243618902 -0.050199999999999995
v -0.02263504854652652 -0.009375744092944715 -0.050199999999999995
v -0.02330088464923126 -0.007570916362186217 -0.050199999999999995
v -0.02382306304974308 -0.005719411414469677 -0.050199999999999995
v -0.024198364344580878 -0.0038326443934856625 -0.050199999999999995
v -0.024424474676461635 -0.0019222478453321964 -0.050199999999999995
v -0.024500000000000004 -6.000769315822032e-18 -0.050199999999999995
v -0.024500000000000004 0 -0.04819999999999999
v -0.024424474676461635 0.0019222478453322013 -0.04819999999999999
v -0.02419836434458088 0.0038326443934856565 -0.04819999999999999
v -0.02382306304974308 0.005719411414469682 -0.04819999999999999
v -0.02330088464923126 0.00757091636218621 -0.04819999999999999
v -0.022635048546526527 0.0093757440929447 -0.04819999999999999
v -0.021829659842615014 0.011122767243618895 -0.04819999999999999
v -0.020889684026675258 0.012801214835540742 -0.04819999999999999
v -0.01982091636218621 0.01440073868116559 -0.04819999999999999
v -0.018629946157200757 0.0159114771840895 -0.04819999999999999
v -0.017324116139070415 0.017324116139070412 -0.04819999999999999
v -0.015911477184089497 0.01862994615720076 -0.04819999999999999
v -0.01440073868116559 0.01982091636218621 -0.04819999999999999
v -0.012801214835540751 0.02088968402667526 -0.04819999999999999
v -0.0111227672436189 0.021829659842615014 -0.04819999999999999
v -0.0093757440929447 0.022635048546526527 -0.04819999999999999
v -0.007570916362186213 0.02330088464923126 -0.04819999999999999
v -0.005719411414469684 0.02382306304974308 -0.04819999999999999
v -0.0038326443934856573 0.02419836434458088 -0.04819999999999999
v -0.0019222478453322026 0.024424474676461635 -0.04819999999999999
v -1.500192328955508e-18 0.024500000000000004 -0.04819999999999999
v 0.0019222478453321994 0.024424474676461635 -0.04819999999999999
v 0.00383264439348566 0.02419836434458087 -0.04819999999999999
v 0.005719411414469675 0.023823063049743076 -0.04819999999999999
v 0.007570916362186209 0.023300884649231263 -0.04819999999999999
v 0.009375744092944699 0.022635048546526527 -0.04819999999999999
v 0.011122767243618895 0.021829659842615014 -0.04819999999999999
v 0.012801214835540742 0.020889684026675258 -0.04819999999999999
v 0.01440073868116559 0.019820916362186216 -0.04819999999999999
v 0.015911477184089497 0.01862994615720076 -0.04819999999999999
v 0.017324116139070412 0.017324116139070415 -0.04819999999999999
v 0.018629946157200754 0.015911477184089504 -0.04819999999999999
v 0.019820916362186213 0.0144007386811656 -0.04819999999999999
v 0.02088968402667526 0.012801214835540751 -0.04819999999999999
v 0.021829659842615014 0.0111227672436189 -0.04819999999999999
v 0.022635048546526527 0.009375744092944702 -0.04819999999999999
v 0.02330088464923126 0.007570916362186215 -0.04819999999999999
v 0.02382306304974308 0.005719411414469686 -0.04819999999999999
v 0.024198364344580878 0.003832644393485659 -0.04819999999999999
v 0.024424474676461635 0.001922247845332204 -0.04819999999999999
v 0.024500000000000004 3.000384657911016e-18 -0.04819999999999999
v 0.02442447467646164 -0.0019222478453321873 -0.04819999999999999
v 0.02419836434458088 -0.003832644393485653 -0.04819999999999999
v 0.02382306304974308 -0.00571941141446968 -0.04819999999999999
v 0.02330088464923126 -0.00757091636218622 -0.04819999999999999
v 0.02263504854652653 -0.009375744092944697 -0.04819999999999999
v 0.02182965984261502 -0.011122767243618884 -0.04819999999999999
v 0.02088968402667526 -0.012801214835540742 -0.04819999999999999
v 0.019820916362186213 -0.01440073868116559 -0.04819999999999999
v 0.018629946157200754 -0.015911477184089504 -0.04819999999999999
v 0.01732411613907042 -0.017324116139070412 -0.04819999999999999
v 0.01591147718408951 -0.01862994615720075 -0.04819999999999999
v 0.014400738681165596 -0.01982091636218621 -0.04819999999999999
v 0.01280121483554076 -0.020889684026675254 -0.04819999999999999
v 0.0111227672436189 -0.021829659842615014 -0.04819999999999999
v 0.009375744092944713 -0.02263504854652652 -0.04819999999999999
v 0.007570916362186215 -0.02330088464923126 -0.04819999999999999
v 0.005719411414469676 -0.02382306304974308 -0.04819999999999999
v 0.0038326443934856604 -0.024198364344580878 -0.04819999999999999
v 0.0019222478453321946 -0.024424474676461635 -0.04819999999999999
v 4.500576986866523e-18 -0.024500000000000004 -0.04819999999999999
v -0.001922247845332186 -0.02442447467646164 -0.04819999999999999
v -0.0038326443934856512 -0.02419836434458088 -0.04819999999999999
v -0.0057194114144696676 -0.023823063049743083 -0.04819999999999999
v -0.007570916362186208 -0.023300884649231267 -0.04819999999999999
v -0.009375744092944706 -0.022635048546526523 -0.04819999999999999
v -0.011122767243618895 -0.021829659842615017 -0.04819999999999999
v -0.012801214835540751 -0.020889684026675254 -0.04819999999999999
v -0.014400738681165589 -0.019820916362186216 -0.04819999999999999
v -0.015911477184089504 -0.018629946157200757 -0.04819999999999999
v -0.017324116139070412 -0.01732411613907042 -0.04819999999999999
v -0.018629946157200747 -0.01591147718408951 -0.04819999999999999
v -0.01982091636218621 -0.014400738681165598 -0.04819999999999999
v -0.020889684026675254 -0.01280121483554076 -0.04819999999999999
v -0.021829659842615014 -0.011122767243618902 -0.04819999999999999
v -0.02263504854652652 -0.009375744092944715 -0.04819999999999999
v -0.02330088464923126 -0.007570916362186217 -0.04819999999999999
v -0.02382306304974308 -0.005719411414469677 -0.04819999999999999
v -0.024198364344580878 -0.0038326443934856625 -0.04819999999999999
v -0.024424474676461635 -0.0019222478453321964 -0.04819999999999999
v -0.024500000000000004 -6.000769315822032e-18 -0.04819999999999999
v -0.02407692307692308 0 -0.04619999999999999
v -0.024062869060282325 0.0018937888661415216 -0.04619999999999999
v -0.023899348890627142 0.0037852849981628075 -0.04619999999999999
v -0.02358628750639773 0.0056625666358428115 -0.04619999999999999
v -0.02312458583552657 0.007513633405191063 -0.04619999999999999
v -0.022516140583228112 0.009326490801872336 -0.04619999999999999
v -0.02176385592637184 0.011089238473616597 -0.04619999999999999
v -0.020871646466444058 0.012790161404414944 -0.04619999999999999
v -0.01982091636218621 0.014400738681165592 -0.04619999999999999
v -0.018629946157200757 0.0159114771840895 -0.04619999999999999
v -0.017324116139070415 0.017324116139070415 -0.04619999999999999
v -0.015911477184089497 0.018629946157200764 -0.04619999999999999
v -0.014400738681165592 0.01982091636218621 -0.04619999999999999
v -0.012801214835540748 0.020889684026675258 -0.04619999999999999
v -0.011122767243618902 0.021829659842615014 -0.04619999999999999
v -0.0093757440929447 0.02263504854652653 -0.04619999999999999
v -0.007570916362186215 0.023300884649231267 -0.04619999999999999
v -0.005719411414469684 0.023823063049743076 -0.04619999999999999
v -0.0038326443934856578 0.024198364344580878 -0.04619999999999999
v -0.0019222478453322022 0.024424474676461635 -0.04619999999999999
v -1.5001923289555076e-18 0.024499999999999997 -0.04619999999999999
v 0.0019222478453321994 0.024424474676461635 -0.04619999999999999
v 0.003832644393485661 0.024198364344580874 -0.04619999999999999
v 0.0057194114144696745 0.023823063049743076 -0.04619999999999999
v 0.007570916362186211 0.023300884649231267 -0.04619999999999999
v 0.009375744092944699 0.02263504854652653 -0.04619999999999999
v 0.011122767243618895 0.021829659842615014 -0.04619999999999999
v 0.012801214835540748 0.020889684026675258 -0.04619999999999999
v 0.014400738681165589 0.019820916362186213 -0.04619999999999999
v 0.015911477184089497 0.018629946157200764 -0.04619999999999999
v 0.017324116139070415 0.017324116139070415 -0.04619999999999999
v 0.018629946157200757 0.015911477184089504 -0.04619999999999999
v 0.01982091636218621 0.014400738681165594 -0.04619999999999999
v 0.020871646466444058 0.012790161404414946 -0.04619999999999999
v 0.02176385592637184 0.011089238473616604 -0.04619999999999999
v 0.022516140583228112 0.00932649080187234 -0.04619999999999999
v 0.02312458583552657 0.007513633405191065 -0.04619999999999999
v 0.02358628750639773 0.005662566635842816 -0.04619999999999999
v 0.023899348890627142 0.00378528499816281 -0.04619999999999999
v 0.024062869060282325 0.0018937888661415246 -0.04619999999999999
v 0.02407692307692308 2.948572677947089e-18 -0.04619999999999999
v 0.023942534856405226 -0.0018843183589069984 -0.04619999999999999
v 0.023704520174283306 -0.0037544271609655376 -0.04619999999999999
v 0.023336878089544242 -0.005602688732541727 -0.04619999999999999
v 0.022825356391083684 -0.007416407864998745 -0.04619999999999999
v 0.02217310878027089 -0.009184402376762152 -0.04619999999999999
v 0.021384156580520834 -0.010895771993749111 -0.04619999999999999
v 0.020463363944498214 -0.012539965553182769 -0.04619999999999999
v 0.01941640786499874 -0.014106846055019353 -0.04619999999999999
v 0.018249743174400736 -0.015586753159924414 -0.04619999999999999
v 0.016970562748477146 -0.01697056274847714 -0.04619999999999999
v 0.01558675315992442 -0.018249743174400736 -0.04619999999999999
v 0.014106846055019358 -0.019416407864998736 -0.04619999999999999
v 0.012539965553182784 -0.020463363944498204 -0.04619999999999999
v 0.010895771993749127 -0.021384156580520827 -0.04619999999999999
v 0.009184402376762168 -0.022173108780270876 -0.04619999999999999
v 0.007416407864998742 -0.022825356391083684 -0.04619999999999999
v 0.005602688732541723 -0.023336878089544242 -0.04619999999999999
v 0.003754427160965545 -0.0237045201742833 -0.04619999999999999
v 0.0018830182974682724 -0.023926016009595073 -0.04619999999999999
v 4.408728476930471e-18 -0.024 -0.04619999999999999
v -0.0018830182974682638 -0.02392601600959507 -0.04619999999999999
v -0.0037544271609655363 -0.023704520174283306 -0.04619999999999999
v -0.005602688732541714 -0.02333687808954424 -0.04619999999999999
v -0.007416407864998734 -0.02282535639108369 -0.04619999999999999
v -0.009184402376762161 -0.02217310878027088 -0.04619999999999999
v -0.010895771993749118 -0.021384156580520834 -0.04619999999999999
v -0.012539965553182778 -0.02046336394449821 -0.04619999999999999
v -0.01410684605501935 -0.019416407864998743 -0.04619999999999999
v -0.015586753159924414 -0.01824974317440074 -0.04619999999999999
v -0.016970562748477136 -0.016970562748477146 -0.04619999999999999
v -0.018249743174400732 -0.01558675315992442 -0.04619999999999999
v -0.019416407864998736 -0.014106846055019362 -0.04619999999999999
v -0.020463363944498204 -0.01253996555318279 -0.04619999999999999
v -0.021384156580520827 -0.010895771993749127 -0.04619999999999999
v -0.022173108780270876 -0.00918440237676217 -0.04619999999999999
v -0.022825356391083684 -0.007416407864998742 -0.04619999999999999
v -0.023336878089544242 -0.005602688732541725 -0.04619999999999999
v -0.0237045201742833 -0.0037544271609655467 -0.04619999999999999
v -0.023942534856405222 -0.0018843183589070073 -0.04619999999999999
v -0.024076923076923076 -5.897145355894178e-18 -0.04619999999999999
v -0.023230769230769232 0 -0.044199999999999996
v -0.0233396578279237 0.0018368709077601622 -0.044199999999999996
v -0.023301317982719682 0.0036905662075171096 -0.044199999999999996
v -0.02311273641970704 0.00554887707858907 -0.044199999999999996
v -0.02277198820811719 0.007399067491200762 -0.044199999999999996
v -0.022278324656631293 0.009227984219727607 -0.044199999999999996
v -0.02163224809388549 0.011022180933612001 -0.044199999999999996
v -0.020835571345981647 0.012768054542163332 -0.044199999999999996
v -0.019820916362186213 0.014400738681165592 -0.044199999999999996
v -0.018629946157200757 0.015911477184089497 -0.044199999999999996
v -0.01732411613907042 0.017324116139070412 -0.044199999999999996
v -0.015911477184089497 0.01862994615720076 -0.044199999999999996
v -0.014400738681165592 0.019820916362186213 -0.044199999999999996
v -0.012801214835540748 0.020889684026675258 -0.044199999999999996
v -0.011122767243618898 0.021829659842615014 -0.044199999999999996
v -0.0093757440929447 0.022635048546526527 -0.044199999999999996
v -0.007570916362186214 0.023300884649231263 -0.044199999999999996
v -0.005719411414469684 0.023823063049743073 -0.044199999999999996
v -0.003832644393485658 0.024198364344580878 -0.044199999999999996
v -0.0019222478453322024 0.024424474676461635 -0.044199999999999996
v -1.5001923289555078e-18 0.0245 -0.044199999999999996
v 0.0019222478453321996 0.024424474676461635 -0.044199999999999996
v 0.0038326443934856604 0.02419836434458087 -0.044199999999999996
v 0.005719411414469675 0.023823063049743076 -0.044199999999999996
v 0.00757091636218621 0.023300884649231263 -0.044199999999999996
v 0.009375744092944699 0.022635048546526527 -0.044199999999999996
v 0.011122767243618896 0.021829659842615014 -0.044199999999999996
v 0.012801214835540746 0.02088968402667526 -0.044199999999999996
v 0.01440073868116559 0.019820916362186216 -0.044199999999999996
v 0.015911477184089497 0.01862994615720076 -0.044199999999999996
v 0.017324116139070412 0.01732411613907042 -0.044199999999999996
v 0.018629946157200757 0.015911477184089504 -0.044199999999999996
v 0.019820916362186213 0.014400738681165596 -0.044199999999999996
v 0.020835571345981643 0.012768054542163336 -0.044199999999999996
v 0.021632248093885486 0.011022180933612007 -0.044199999999999996
v 0.022278324656631293 0.009227984219727611 -0.044199999999999996
v 0.02277198820811719 0.0073990674912007654 -0.044199999999999996
v 0.02311273641970704 0.005548877078589073 -0.044199999999999996
v 0.02330131798271968 0.0036905662075171117 -0.044199999999999996
v 0.0233396578279237 0.0018368709077601652 -0.044199999999999996
v 0.023230769230769232 2.844948718019236e-18 -0.044199999999999996
v 0.022978655216292405 -0.001808459386056621 -0.044199999999999996
v 0.02271683183368817 -0.0035979926959253073 -0.044199999999999996
v 0.022364508169146567 -0.0053692433686858216 -0.044199999999999996
v 0.021874299874788533 -0.007107390870623798 -0.044199999999999996
v 0.021249229247759596 -0.008801718944397062 -0.044199999999999996
v 0.020493150056332468 -0.010441781494009563 -0.044199999999999996
v 0.019610723780144123 -0.01201746698846682 -0.044199999999999996
v 0.01860739087062379 -0.013519060802726881 -0.044199999999999996
v 0.017489337208800707 -0.014937305111594228 -0.044199999999999996
v 0.016263455967290598 -0.01626345596729059 -0.044199999999999996
v 0.014937305111594234 -0.017489337208800703 -0.044199999999999996
v 0.013519060802726886 -0.01860739087062379 -0.044199999999999996
v 0.012017466988466837 -0.019610723780144113 -0.044199999999999996
v 0.010441781494009579 -0.020493150056332458 -0.044199999999999996
v 0.008801718944397078 -0.02124922924775959 -0.044199999999999996
v 0.007107390870623793 -0.021874299874788533 -0.044199999999999996
v 0.005369243368685818 -0.022364508169146567 -0.044199999999999996
v 0.003597992695925314 -0.022716831833688167 -0.044199999999999996
v 0.0018045592017404276 -0.022929098675861945 -0.044199999999999996
v 4.2250314570583685e-18 -0.023 -0.044199999999999996
v -0.0018045592017404194 -0.022929098675861945 -0.044199999999999996
v -0.0035979926959253056 -0.02271683183368817 -0.044199999999999996
v -0.005369243368685809 -0.022364508169146567 -0.044199999999999996
v -0.0071073908706237865 -0.021874299874788533 -0.044199999999999996
v -0.00880171894439707 -0.021249229247759592 -0.044199999999999996
v -0.010441781494009572 -0.020493150056332465 -0.044199999999999996
v -0.012017466988466827 -0.019610723780144116 -0.044199999999999996
v -0.013519060802726877 -0.018607390870623793 -0.044199999999999996
v -0.014937305111594228 -0.01748933720880071 -0.044199999999999996
v -0.016263455967290587 -0.016263455967290598 -0.044199999999999996
v -0.0174893372088007 -0.014937305111594234 -0.044199999999999996
v -0.01860739087062379 -0.013519060802726888 -0.044199999999999996
v -0.019610723780144113 -0.012017466988466837 -0.044199999999999996
v -0.020493150056332458 -0.01044178149400958 -0.044199999999999996
v -0.02124922924775959 -0.00880171894439708 -0.044199999999999996
v -0.021874299874788533 -0.007107390870623795 -0.044199999999999996
v -0.022364508169146567 -0.005369243368685821 -0.044199999999999996
v -0.022716831833688167 -0.0035979926959253156 -0.044199999999999996
v -0.022978655216292398 -0.0018084593860566293 -0.044199999999999996
v -0.02323076923076923 -5.689897436038471e-18 -0.044199999999999996
v -0.02407692307692308 0 -0.042199999999999994
v -0.024062869060282325 0.0018937888661415216 -0.042199999999999994
v -0.023899348890627142 0.0037852849981628075 -0.042199999999999994
v -0.02358628750639773 0.0056625666358428115 -0.042199999999999994
v -0.02312458583552657 0.007513633405191063 -0.042199999999999994
v -0.022516140583228112 0.009326490801872336 -0.042199999999999994
v -0.02176385592637184 0.011089238473616597 -0.042199999999999994
v -0.020871646466444058 0.012790161404414944 -0.042199999999999994
v -0.01982091636218621 0.014400738681165592 -0.042199999999999994
v -0.018629946157200757 0.0159114771840895 -0.042199999999999994
v -0.017324116139070415 0.017324116139070415 -0.042199999999999994
v -0.015911477184089497 0.018629946157200764 -0.042199999999999994
v -0.014400738681165592 0.01982091636218621 -0.042199999999999994
v -0.012801214835540748 0.020889684026675258 -0.042199999999999994
v -0.011122767243618902 0.021829659842615014 -0.042199999999999994
v -0.0093757440929447 0.02263504854652653 -0.042199999999999994
v -0.007570916362186215 0.023300884649231267 -0.042199999999999994
v -0.005719411414469684 0.023823063049743076 -0.042199999999999994
v -0.0038326443934856578 0.024198364344580878 -0.042199999999999994
v -0.0019222478453322022 0.024424474676461635 -0.042199999999999994
v -1.5001923289555076e-18 0.024499999999999997 -0.042199999999999994
v 0.0019222478453321994 0.024424474676461635 -0.042199999999999994
v 0.003832644393485661 0.024198364344580874 -0.042199999999999994
v 0.0057194114144696745 0.023823063049743076 -0.042199999999999994
v 0.007570916362186211 0.023300884649231267 -0.042199999999999994
v 0.009375744092944699 0.02263504854652653 -0.042199999999999994
v 0.011122767243618895 0.021829659842615014 -0.042199999999999994
v 0.012801214835540748 0.020889684026675258 -0.042199999999999994
v 0.014400738681165589 0.019820916362186213 -0.042199999999999994
v 0.015911477184089497 0.018629946157200764 -0.042199999999999994
v 0.017324116139070415 0.017324116139070415 -0.042199999999999994
v 0.018629946157200757 0.015911477184089504 -0.042199999999999994
v 0.01982091636218621 0.014400738681165594 -0.042199999999999994
v 0.020871646466444058 0.012790161404414946 -0.042199999999999994
v 0.02176385592637184 0.011089238473616604 -0.042199999999999994
v 0.022516140583228112 0.00932649080187234 -0.042199999999999994
v 0.02312458583552657 0.007513633405191065 -0.042199999999999994
v 0.02358628750639773 0.005662566635842816 -0.042199999999999994
v 0.023899348890627142 0.00378528499816281 -0.042199999999999994
v 0.024062869060282325 0.0018937888661415246 -0.042199999999999994
v 0.02407692307692308 2.948572677947089e-18 -0.042199999999999994
v 0.023942534856405226 -0.0018843183589069984 -0.042199999999999994
v 0.023704520174283306 -0.0037544271609655376 -0.042199999999999994
v 0.023336878089544242 -0.005602688732541727 -0.042199999999999994
v 0.022825356391083684 -0.007416407864998745 -0.042199999999999994
v 0.02217310878027089 -0.009184402376762152 -0.042199999999999994
v 0.021384156580520834 -0.010895771993749111 -0.042199999999999994
v 0.020463363944498214 -0.012539965553182769 -0.042199999999999994
v 0.01941640786499874 -0.014106846055019353 -0.042199999999999994
v 0.018249743174400736 -0.015586753159924414 -0.042199999999999994
v 0.016970562748477146 -0.01697056274847714 -0.042199999999999994
v 0.01558675315992442 -0.018249743174400736 -0.042199999999999994
v 0.014106846055019358 -0.019416407864998736 -0.042199999999999994
v 0.012539965553182784 -0.020463363944498204 -0.042199999999999994
v 0.010895771993749127 -0.021384156580520827 -0.042199999999999994
v 0.009184402376762168 -0.022173108780270876 -0.042199999999999994
v 0.007416407864998742 -0.022825356391083684 -0.042199999999999994
v 0.005602688732541723 -0.023336878089544242 -0.042199999999999994
v 0.003754427160965545 -0.0237045201742833 -0.042199999999999994
v 0.0018830182974682724 -0.023926016009595073 -0.042199999999999994
v 4.408728476930471e-18 -0.024 -0.042199999999999994
v -0.0018830182974682638 -0.02392601600959507 -0.042199999999999994
v -0.0037544271609655363 -0.023704520174283306 -0.042199999999999994
v -0.005602688732541714 -0.02333687808954424 -0.042199999999999994
v -0.007416407864998734 -0.02282535639108369 -0.042199999999999994
v -0.009184402376762161 -0.02217310878027088 -0.042199999999999994
v -0.010895771993749118 -0.021384156580520834 -0.042199999999999994
v -0.012539965553182778 -0.02046336394449821 -0.042199999999999994
v -0.01410684605501935 -0.019416407864998743 -0.042199999999999994
v -0.015586753159924414 -0.01824974317440074 -0.042199999999999994
v -0.016970562748477136 -0.016970562748477146 -0.042199999999999994
v -0.018249743174400732 -0.01558675315992442 -0.042199999999999994
v -0.019416407864998736 -0.014106846055019362 -0.042199999999999994
v -0.020463363944498204 -0.01253996555318279 -0.042199999999999994
v -0.021384156580520827 -0.010895771993749127 -0.042199999999999994
v -0.022173108780270876 -0.00918440237676217 -0.042199999999999994
v -0.022825356391083684 -0.007416407864998742 -0.042199999999999994
v -0.023336878089544242 -0.005602688732541725 -0.042199999999999994
v -0.0237045201742833 -0.0037544271609655467 -0.042199999999999994
v -0.023942534856405222 -0.0018843183589070073 -0.042199999999999994
v -0.024076923076923076 -5.897145355894178e-18 -0.042199999999999994
v -0.024500000000000004 0 -0.04019999999999999
v -0.024424474676461635 0.0019222478453322013 -0.04019999999999999
v -0.02419836434458088 0.0038326443934856565 -0.04019999999999999
v -0.02382306304974308 0.005719411414469682 -0.04019999999999999
v -0.02330088464923126 0.00757091636218621 -0.04019999999999999
v -0.022635048546526527 0.0093757440929447 -0.04019999999999999
v -0.021829659842615014 0.011122767243618895 -0.04019999999999999
v -0.020889684026675258 0.012801214835540742 -0.04019999999999999
v -0.01982091636218621 0.01440073868116559 -0.04019999999999999
v -0.018629946157200757 0.0159114771840895 -0.04019999999999999
v -0.017324116139070415 0.017324116139070412 -0.04019999999999999
v -0.015911477184089497 0.01862994615720076 -0.04019999999999999
v -0.01440073868116559 0.01982091636218621 -0.04019999999999999
v -0.012801214835540751 0.02088968402667526 -0.04019999999999999
v -0.0111227672436189 0.021829659842615014 -0.04019999999999999
v -0.0093757440929447 0.022635048546526527 -0.04019999999999999
v -0.007570916362186213 0.02330088464923126 -0.04019999999999999
v -0.005719411414469684 0.02382306304974308 -0.04019999999999999
v -0.0038326443934856573 0.02419836434458088 -0.04019999999999999
v -0.0019222478453322026 0.024424474676461635 -0.04019999999999999
v -1.500192328955508e-18 0.024500000000000004 -0.04019999999999999
v 0.0019222478453321994 0.024424474676461635 -0.04019999999999999
v 0.00383264439348566 0.02419836434458087 -0.04019999999999999
v 0.005719411414469675 0.023823063049743076 -0.04019999999999999
v 0.007570916362186209 0.023300884649231263 -0.04019999999999999
v 0.009375744092944699 0.022635048546526527 -0.04019999999999999
v 0.011122767243618895 0.021829659842615014 -0.04019999999999999
v 0.012801214835540742 0.020889684026675258 -0.04019999999999999
v 0.01440073868116559 0.019820916362186216 -0.04019999999999999
v 0.015911477184089497 0.01862994615720076 -0.04019999999999999
v 0.017324116139070412 0.017324116139070415 -0.04019999999999999
v 0.018629946157200754 0.015911477184089504 -0.04019999999999999
v 0.019820916362186213 0.0144007386811656 -0.04019999999999999
v 0.02088968402667526 0.012801214835540751 -0.04019999999999999
v 0.021829659842615014 0.0111227672436189 -0.04019999999999999
v 0.022635048546526527 0.009375744092944702 -0.04019999999999999
v 0.02330088464923126 0.007570916362186215 -0.04019999999999999
v 0.02382306304974308 0.005719411414469686 -0.04019999999999999
v 0.024198364344580878 0.003832644393485659 -0.04019999999999999
v 0.024424474676461635 0.001922247845332204 -0.04019999999999999
v 0.024500000000000004 3.000384657911016e-18 -0.04019999999999999
v 0.02442447467646164 -0.0019222478453321873 -0.04019999999999999
v 0.02419836434458088 -0.003832644393485653 -0.04019999999999999
v 0.02382306304974308 -0.00571941141446968 -0.04019999999999999
v 0.02330088464923126 -0.00757091636218622 -0.04019999999999999
v 0.02263504854652653 -0.009375744092944697 -0.04019999999999999
v 0.02182965984261502 -0.011122767243618884 -0.04019999999999999
v 0.02088968402667526 -0.012801214835540742 -0.04019999999999999
v 0.019820916362186213 -0.01440073868116559 -0.04019999999999999
v 0.018629946157200754 -0.015911477184089504 -0.04019999999999999
v 0.01732411613907042 -0.017324116139070412 -0.04019999999999999
v 0.01591147718408951 -0.01862994615720075 -0.04019999999999999
v 0.014400738681165596 -0.01982091636218621 -0.04019999999999999
v 0.01280121483554076 -0.020889684026675254 -0.04019999999999999
v 0.0111227672436189 -0.021829659842615014 -0.04019999999999999
v 0.009375744092944713 -0.02263504854652652 -0.04019999999999999
v 0.007570916362186215 -0.02330088464923126 -0.04019999999999999
v 0.005719411414469676 -0.02382306304974308 -0.04019999999999999
v 0.0038326443934856604 -0.024198364344580878 -0.04019999999999999
v 0.0019222478453321946 -0.024424474676461635 -0.04019999999999999
v 4.500576986866523e-18 -0.024500000000000004 -0.04019999999999999
v -0.001922247845332186 -0.02442447467646164 -0.04019999999999999
v -0.0038326443934856512 -0.02419836434458088 -0.04019999999999999
v -0.0057194114144696676 -0.023823063049743083 -0.04019999999999999
v -0.007570916362186208 -0.023300884649231267 -0.04019999999999999
v -0.009375744092944706 -0.022635048546526523 -0.04019999999999999
v -0.011122767243618895 -0.021829659842615017 -0.04019999999999999
v -0.012801214835540751 -0.020889684026675254 -0.04019999999999999
v -0.014400738681165589 -0.019820916362186216 -0.04019999999999999
v -0.015911477184089504 -0.018629946157200757 -0.04019999999999999
v -0.017324116139070412 -0.01732411613907042 -0.04019999999999999
v -0.018629946157200747 -0.01591147718408951 -0.04019999999999999
v -0.01982091636218621 -0.014400738681165598 -0.04019999999999999
v -0.020889684026675254 -0.01280121483554076 -0.04019999999999999
v -0.021829659842615014 -0.011122767243618902 -0.04019999999999999
v -0.02263504854652652 -0.009375744092944715 -0.04019999999999999
v -0.02330088464923126 -0.007570916362186217 -0.04019999999999999
v -0.02382306304974308 -0.005719411414469677 -0.04019999999999999
v -0.024198364344580878 -0.0038326443934856625 -0.04019999999999999
v -0.024424474676461635 -0.0019222478453321964 -0.04019999999999999
v -0.024500000000000004 -6.000769315822032e-18 -0.04019999999999999
v -0.024500000000000004 0 -0.038799999999999994
v -0.024424474676461635 0.0019222478453322013 -0.038799999999999994
v -0.02419836434458088 0.0038326443934856565 -0.038799999999999994
v -0.02382306304974308 0.005719411414469682 -0.038799999999999994
v -0.02330088464923126 0.00757091636218621 -0.038799999999999994
v -0.022635048546526527 0.0093757440929447 -0.038799999999999994
v -0.021829659842615014 0.011122767243618895 -0.038799999999999994
v -0.020889684026675258 0.012801214835540742 -0.038799999999999994
v -0.01982091636218621 0.01440073868116559 -0.038799999999999994
v -0.018629946157200757 0.0159114771840895 -0.038799999999999994
v -0.017324116139070415 0.017324116139070412 -0.038799999999999994
v -0.015911477184089497 0.01862994615720076 -0.038799999999999994
v -0.01440073868116559 0.01982091636218621 -0.038799999999999994
v -0.012801214835540751 0.02088968402667526 -0.038799999999999994
v -0.0111227672436189 0.021829659842615014 -0.038799999999999994
v -0.0093757440929447 0.022635048546526527 -0.038799999999999994
v -0.007570916362186213 0.02330088464923126 -0.038799999999999994
v -0.005719411414469684 0.02382306304974308 -0.038799999999999994
v -0.0038326443934856573 0.02419836434458088 -0.038799999999999994
v -0.0019222478453322026 0.024424474676461635 -0.038799999999999994
v -1.500192328955508e-18 0.024500000000000004 -0.038799999999999994
v 0.0019222478453321994 0.024424474676461635 -0.038799999999999994
v 0.00383264439348566 0.02419836434458087 -0.038799999999999994
v 0.005719411414469675 0.023823063049743076 -0.038799999999999994
v 0.007570916362186209 0.023300884649231263 -0.038799999999999994
v 0.009375744092944699 0.022635048546526527 -0.038799999999999994
v 0.011122767243618895 0.021829659842615014 -0.038799999999999994
v 0.012801214835540742 0.020889684026675258 -0.038799999999999994
v 0.01440073868116559 0.019820916362186216 -0.038799999999999994
v 0.015911477184089497 0.01862994615720076 -0.038799999999999994
v 0.017324116139070412 0.017324116139070415 -0.038799999999999994
v 0.018629946157200754 0.015911477184089504 -0.038799999999999994
v 0.019820916362186213 0.0144007386811656 -0.038799999999999994
v 0.02088968402667526 0.012801214835540751 -0.038799999999999994
v 0.021829659842615014 0.0111227672436189 -0.038799999999999994
v 0.022635048546526527 0.009375744092944702 -0.038799999999999994
v 0.02330088464923126 0.007570916362186215 -0.038799999999999994
v 0.02382306304974308 0.005719411414469686 -0.038799999999999994
v 0.024198364344580878 0.003832644393485659 -0.038799999999999994
v 0.024424474676461635 0.001922247845332204 -0.038799999999999994
v 0.024500000000000004 3.000384657911016e-18 -0.038799999999999994
v 0.02442447467646164 -0.0019222478453321873 -0.038799999999999994
v 0.02419836434458088 -0.003832644393485653 -0.038799999999999994
v 0.02382306304974308 -0.00571941141446968 -0.038799999999999994
v 0.02330088464923126 -0.00757091636218622 -0.038799999999999994
v 0.02263504854652653 -0.009375744092944697 -0.038799999999999994
v 0.02182965984261502 -0.011122767243618884 -0.038799999999999994
v 0.02088968402667526 -0.012801214835540742 -0.038799999999999994
v 0.019820916362186213 -0.01440073868116559 -0.038799999999999994
v 0.018629946157200754 -0.015911477184089504 -0.038799999999999994
v 0.01732411613907042 -0.017324116139070412 -0.038799999999999994
v 0.01591147718408951 -0.01862994615720075 -0.038799999999999994
v 0.014400738681165596 -0.01982091636218621 -0.038799999999999994
v 0.01280121483554076 -0.020889684026675254 -0.038799999999999994
v 0.0111227672436189 -0.021829659842615014 -0.038799999999999994
v 0.009375744092944713 -0.02263504854652652 -0.038799999999999994
v 0.007570916362186215 -0.02330088464923126 -0.038799999999999994
v 0.005719411414469676 -0.02382306304974308 -0.038799999999999994
v 0.0038326443934856604 -0.024198364344580878 -0.038799999999999994
v 0.0019222478453321946 -0.024424474676461635 -0.038799999999999994
v 4.500576986866523e-18 -0.024500000000000004 -0.038799999999999994
v -0.001922247845332186 -0.02442447467646164 -0.038799999999999994
v -0.0038326443934856512 -0.02419836434458088 -0.038799999999999994
v -0.0057194114144696676 -0.023823063049743083 -0.038799999999999994
v -0.007570916362186208 -0.023300884649231267 -0.038799999999999994
v -0.009375744092944706 -0.022635048546526523 -0.038799999999999994
v -0.011122767243618895 -0.021829659842615017 -0.038799999999999994
v -0.012801214835540751 -0.020889684026675254 -0.038799999999999994
v -0.014400738681165589 -0.019820916362186216 -0.038799999999999994
v -0.015911477184089504 -0.018629946157200757 -0.038799999999999994
v -0.017324116139070412 -0.01732411613907042 -0.038799999999999994
v -0.018629946157200747 -0.01591147718408951 -0.038799999999999994
v -0.01982091636218621 -0.014400738681165598 -0.038799999999999994
v -0.020889684026675254 -0.01280121483554076 -0.038799999999999994
v -0.021829659842615014 -0.011122767243618902 -0.038799999999999994
v -0.02263504854652652 -0.009375744092944715 -0.038799999999999994
v -0.02330088464923126 -0.007570916362186217 -0.038799999999999994
v -0.02382306304974308 -0.005719411414469677 -0.038799999999999994
v -0.024198364344580878 -0.0038326443934856625 -0.038799999999999994
v -0.024424474676461635 -0.0019222478453321964 -0.038799999999999994
v -0.024500000000000004 -6.000769315822032e-18 -0.038799999999999994
v -0.024500000000000004 0 -0.03679999999999999
v -0.024424474676461635 0.0019222478453322013 -0.03679999999999999
v -0.02419836434458088 0.0038326443934856565 -0.03679999999999999
v -0.02382306304974308 0.005719411414469682 -0.03679999999999999
v -0.02330088464923126 0.00757091636218621 -0.03679999999999999
v -0.022635048546526527 0.0093757440929447 -0.03679999999999999
v -0.021829659842615014 0.011122767243618895 -0.03679999999999999
v -0.020889684026675258 0.012801214835540742 -0.03679999999999999
v -0.01982091636218621 0.01440073868116559 -0.03679999999999999
v -0.018629946157200757 0.0159114771840895 -0.03679999999999999
v -0.017324116139070415 0.017324116139070412 -0.03679999999999999
v -0.015911477184089497 0.01862994615720076 -0.03679999999999999
v -0.01440073868116559 0.01982091636218621 -0.03679999999999999
v -0.012801214835540751 0.02088968402667526 -0.03679999999999999
v -0.0111227672436189 0.021829659842615014 -0.03679999999999999
v -0.0093757440929447 0.022635048546526527 -0.03679999999999999
v -0.007570916362186213 0.02330088464923126 -0.03679999999999999
v -0.005719411414469684 0.02382306304974308 -0.03679999999999999
v -0.0038326443934856573 0.02419836434458088 -0.03679999999999999
v -0.0019222478453322026 0.024424474676461635 -0.03679999999999999
v -1.500192328955508e-18 0.024500000000000004 -0.03679999999999999
v 0.0019222478453321994 0.024424474676461635 -0.03679999999999999
v 0.00383264439348566 0.02419836434458087 -0.03679999999999999
v 0.005719411414469675 0.023823063049743076 -0.03679999999999999
v 0.007570916362186209 0.023300884649231263 -0.03679999999999999
v 0.009375744092944699 0.022635048546526527 -0.03679999999999999
v 0.011122767243618895 0.021829659842615014 -0.03679999999999999
v 0.012801214835540742 0.020889684026675258 -0.03679999999999999
v 0.01440073868116559 0.019820916362186216 -0.03679999999999999
v 0.015911477184089497 0.01862994615720076 -0.03679999999999999
v 0.017324116139070412 0.017324116139070415 -0.03679999999999999
v 0.018629946157200754 0.015911477184089504 -0.03679999999999999
v 0.019820916362186213 0.0144007386811656 -0.03679999999999999
v 0.02088968402667526 0.012801214835540751 -0.03679999999999999
v 0.021829659842615014 0.0111227672436189 -0.03679999999999999
v 0.022635048546526527 0.009375744092944702 -0.03679999999999999
v 0.02330088464923126 0.007570916362186215 -0.03679999999999999
v 0.02382306304974308 0.005719411414469686 -0.03679999999999999
v 0.024198364344580878 0.003832644393485659 -0.03679999999999999
v 0.024424474676461635 0.001922247845332204 -0.03679999999999999
v 0.024500000000000004 3.000384657911016e-18 -0.03679999999999999
v 0.02442447467646164 -0.0019222478453321873 -0.03679999999999999
v 0.02419836434458088 -0.003832644393485653 -0.03679999999999999
v 0.02382306304974308 -0.00571941141446968 -0.03679999999999999
v 0.02330088464923126 -0.00757091636218622 -0.03679999999999999
v 0.02263504854652653 -0.009375744092944697 -0.03679999999999999
v 0.02182965984261502 -0.011122767243618884 -0.03679999999999999
v 0.02088968402667526 -0.012801214835540742 -0.03679999999999999
v 0.019820916362186213 -0.01440073868116559 -0.03679999999999999
v 0.018629946157200754 -0.015911477184089504 -0.03679999999999999
v 0.01732411613907042 -0.017324116139070412 -0.03679999999999999
v 0.01591147718408951 -0.01862994615720075 -0.03679999999999999
v 0.014400738681165596 -0.01982091636218621 -0.03679999999999999
v 0.01280121483554076 -0.020889684026675254 -0.03679999999999999
v 0.0111227672436189 -0.021829659842615014 -0.03679999999999999
v 0.009375744092944713 -0.02263504854652652 -0.03679999999999999
v 0.007570916362186215 -0.02330088464923126 -0.03679999999999999
v 0.005719411414469676 -0.02382306304974308 -0.03679999999999999
v 0.0038326443934856604 -0.024198364344580878 -0.03679999999999999
v 0.0019222478453321946 -0.024424474676461635 -0.03679999999999999
v 4.500576986866523e-18 -0.024500000000000004 -0.03679999999999999
v -0.001922247845332186 -0.02442447467646164 -0.03679999999999999
v -0.0038326443934856512 -0.02419836434458088 -0.03679999999999999
v -0.0057194114144696676 -0.023823063049743083 -0.03679999999999999
v -0.007570916362186208 -0.023300884649231267 -0.03679999999999999
v -0.009375744092944706 -0.022635048546526523 -0.03679999999999999
v -0.011122767243618895 -0.021829659842615017 -0.03679999999999999
v -0.012801214835540751 -0.020889684026675254 -0.03679999999999999
v -0.014400738681165589 -0.019820916362186216 -0.03679999999999999
v -0.015911477184089504 -0.018629946157200757 -0.03679999999999999
v -0.017324116139070412 -0.01732411613907042 -0.03679999999999999
v -0.018629946157200747 -0.01591147718408951 -0.03679999999999999
v -0.01982091636218621 -0.014400738681165598 -0.03679999999999999
v -0.020889684026675254 -0.01280121483554076 -0.03679999999999999
v -0.021829659842615014 -0.011122767243618902 -0.03679999999999999
v -0.02263504854652652 -0.009375744092944715 -0.03679999999999999
v -0.02330088464923126 -0.007570916362186217 -0.03679999999999999
v -0.02382306304974308 -0.005719411414469677 -0.03679999999999999
v -0.024198364344580878 -0.0038326443934856625 -0.03679999999999999
v -0.024424474676461635 -0.0019222478453321964 -0.03679999999999999
v -0.024500000000000004 -6.000769315822032e-18 -0.03679999999999999
v -0.02407692307692308 0 -0.0348
v -0.024062869060282325 0.0018937888661415216 -0.0348
v -0.023899348890627142 0.0037852849981628075 -0.0348
v -0.02358628750639773 0.0056625666358428115 -0.0348
v -0.02312458583552657 0.007513633405191063 -0.0348
v -0.022516140583228112 0.009326490801872336 -0.0348
v -0.02176385592637184 0.011089238473616597 -0.0348
v -0.020871646466444058 0.012790161404414944 -0.0348
v -0.01982091636218621 0.014400738681165592 -0.0348
v -0.018629946157200757 0.0159114771840895 -0.0348
v -0.017324116139070415 0.017324116139070415 -0.0348
v -0.015911477184089497 0.018629946157200764 -0.0348
v -0.014400738681165592 0.01982091636218621 -0.0348
v -0.012801214835540748 0.020889684026675258 -0.0348
v -0.011122767243618902 0.021829659842615014 -0.0348
v -0.0093757440929447 0.02263504854652653 -0.0348
v -0.007570916362186215 0.023300884649231267 -0.0348
v -0.005719411414469684 0.023823063049743076 -0.0348
v -0.0038326443934856578 0.024198364344580878 -0.0348
v -0.0019222478453322022 0.024424474676461635 -0.0348
v -1.5001923289555076e-18 0.024499999999999997 -0.0348
v 0.0019222478453321994 0.024424474676461635 -0.0348
v 0.003832644393485661 0.024198364344580874 -0.0348
v 0.0057194114144696745 0.023823063049743076 -0.0348
v 0.007570916362186211 0.023300884649231267 -0.0348
v 0.009375744092944699 0.02263504854652653 -0.0348
v 0.011122767243618895 0.021829659842615014 -0.0348
v 0.012801214835540748 0.020889684026675258 -0.0348
v 0.014400738681165589 0.019820916362186213 -0.0348
v 0.015911477184089497 0.018629946157200764 -0.0348
v 0.017324116139070415 0.017324116139070415 -0.0348
v 0.018629946157200757 0.015911477184089504 -0.0348
v 0.01982091636218621 0.014400738681165594 -0.0348
v 0.020871646466444058 0.012790161404414946 -0.0348
v 0.02176385592637184 0.011089238473616604 -0.0348
v 0.022516140583228112 0.00932649080187234 -0.0348
v 0.02312458583552657 0.007513633405191065 -0.0348
v 0.02358628750639773 0.005662566635842816 -0.0348
v 0.023899348890627142 0.00378528499816281 -0.0348
v 0.024062869060282325 0.0018937888661415246 -0.0348
v 0.02407692307692308 2.948572677947089e-18 -0.0348
v 0.023942534856405226 -0.0018843183589069984 -0.0348
v 0.023704520174283306 -0.0037544271609655376 -0.0348
v 0.023336878089544242 -0.005602688732541727 -0.0348
v 0.022825356391083684 -0.007416407864998745 -0.0348
v 0.02217310878027089 -0.009184402376762152 -0.0348
v 0.021384156580520834 -0.010895771993749111 -0.0348
v 0.020463363944498214 -0.012539965553182769 -0.0348
v 0.01941640786499874 -0.014106846055019353 -0.0348
v 0.018249743174400736 -0.015586753159924414 -0.0348
v 0.016970562748477146 -0.01697056274847714 -0.0348
v 0.01558675315992442 -0.018249743174400736 -0.0348
v 0.014106846055019358 -0.019416407864998736 -0.0348
v 0.012539965553182784 -0.020463363944498204 -0.0348
v 0.010895771993749127 -0.021384156580520827 -0.0348
v 0.009184402376762168 -0.022173108780270876 -0.0348
v 0.007416407864998742 -0.022825356391083684 -0.0348
v 0.005602688732541723 -0.023336878089544242 -0.0348
v 0.003754427160965545 -0.0237045201742833 -0.0348
v 0.0018830182974682724 -0.023926016009595073 -0.0348
v 4.408728476930471e-18 -0.024 -0.0348
v -0.0018830182974682638 -0.02392601600959507 -0.0348
v -0.0037544271609655363 -0.023704520174283306 -0.0348
v -0.005602688732541714 -0.02333687808954424 -0.0348
v -0.007416407864998734 -0.02282535639108369 -0.0348
v -0.009184402376762161 -0.02217310878027088 -0.0348
v -0.010895771993749118 -0.021384156580520834 -0.0348
v -0.012539965553182778 -0.02046336394449821 -0.0348
v -0.01410684605501935 -0.019416407864998743 -0.0348
v -0.015586753159924414 -0.01824974317440074 -0.0348
v -0.016970562748477136 -0.016970562748477146 -0.0348
v -0.018249743174400732 -0.01558675315992442 -0.0348
v -0.019416407864998736 -0.014106846055019362 -0.0348
v -0.020463363944498204 -0.01253996555318279 -0.0348
v -0.021384156580520827 -0.010895771993749127 -0.0348
v -0.022173108780270876 -0.00918440237676217 -0.0348
v -0.022825356391083684 -0.007416407864998742 -0.0348
v -0.023336878089544242 -0.005602688732541725 -0.0348
v -0.0237045201742833 -0.0037544271609655467 -0.0348
v -0.023942534856405222 -0.0018843183589070073 -0.0348
v -0.024076923076923076 -5.897145355894178e-18 -0.0348
v -0.023230769230769232 0 -0.032799999999999996
v -0.0233396578279237 0.0018368709077601622 -0.032799999999999996
v -0.023301317982719682 0.0036905662075171096 -0.032799999999999996
v -0.02311273641970704 0.00554887707858907 -0.032799999999999996
v -0.02277198820811719 0.007399067491200762 -0.032799999999999996
v -0.022278324656631293 0.009227984219727607 -0.032799999999999996
v -0.02163224809388549 0.011022180933612001 -0.032799999999999996
v -0.020835571345981647 0.012768054542163332 -0.032799999999999996
v -0.019820916362186213 0.014400738681165592 -0.032799999999999996
v -0.018629946157200757 0.015911477184089497 -0.032799999999999996
v -0.01732411613907042 0.017324116139070412 -0.032799999999999996
v -0.015911477184089497 0.01862994615720076 -0.032799999999999996
v -0.014400738681165592 0.019820916362186213 -0.032799999999999996
v -0.012801214835540748 0.020889684026675258 -0.032799999999999996
v -0.011122767243618898 0.021829659842615014 -0.032799999999999996
v -0.0093757440929447 0.022635048546526527 -0.032799999999999996
v -0.007570916362186214 0.023300884649231263 -0.032799999999999996
v -0.005719411414469684 0.023823063049743073 -0.032799999999999996
v -0.003832644393485658 0.024198364344580878 -0.032799999999999996
v -0.0019222478453322024 0.024424474676461635 -0.032799999999999996
v -1.5001923289555078e-18 0.0245 -0.032799999999999996
v 0.0019222478453321996 0.024424474676461635 -0.032799999999999996
v 0.0038326443934856604 0.02419836434458087 -0.032799999999999996
v 0.005719411414469675 0.023823063049743076 -0.032799999999999996
v 0.00757091636218621 0.023300884649231263 -0.032799999999999996
v 0.009375744092944699 0.022635048546526527 -0.032799999999999996
v 0.011122767243618896 0.021829659842615014 -0.032799999999999996
v 0.012801214835540746 0.02088968402667526 -0.032799999999999996
v 0.01440073868116559 0.019820916362186216 -0.032799999999999996
v 0.015911477184089497 0.01862994615720076 -0.032799999999999996
v 0.017324116139070412 0.01732411613907042 -0.032799999999999996
v 0.018629946157200757 0.015911477184089504 -0.032799999999999996
v 0.019820916362186213 0.014400738681165596 -0.032799999999999996
v 0.020835571345981643 0.012768054542163336 -0.032799999999999996
v 0.021632248093885486 0.011022180933612007 -0.032799999999999996
v 0.022278324656631293 0.009227984219727611 -0.032799999999999996
v 0.02277198820811719 0.0073990674912007654 -0.032799999999999996
v 0.02311273641970704 0.005548877078589073 -0.032799999999999996
v 0.02330131798271968 0.0036905662075171117 -0.032799999999999996
v 0.0233396578279237 0.0018368709077601652 -0.032799999999999996
v 0.023230769230769232 2.844948718019236e-18 -0.032799999999999996
v 0.022978655216292405 -0.001808459386056621 -0.032799999999999996
v 0.02271683183368817 -0.0035979926959253073 -0.032799999999999996
v 0.022364508169146567 -0.0053692433686858216 -0.032799999999999996
v 0.021874299874788533 -0.007107390870623798 -0.032799999999999996
v 0.021249229247759596 -0.008801718944397062 -0.032799999999999996
v 0.020493150056332468 -0.010441781494009563 -0.032799999999999996
v 0.019610723780144123 -0.01201746698846682 -0.032799999999999996
v 0.01860739087062379 -0.013519060802726881 -0.032799999999999996
v 0.017489337208800707 -0.014937305111594228 -0.032799999999999996
v 0.016263455967290598 -0.01626345596729059 -0.032799999999999996
v 0.014937305111594234 -0.017489337208800703 -0.032799999999999996
v 0.013519060802726886 -0.01860739087062379 -0.032799999999999996
v 0.012017466988466837 -0.019610723780144113 -0.032799999999999996
v 0.010441781494009579 -0.020493150056332458 -0.032799999999999996
v 0.008801718944397078 -0.02124922924775959 -0.032799999999999996
v 0.007107390870623793 -0.021874299874788533 -0.032799999999999996
v 0.005369243368685818 -0.022364508169146567 -0.032799999999999996
v 0.003597992695925314 -0.022716831833688167 -0.032799999999999996
v 0.0018045592017404276 -0.022929098675861945 -0.032799999999999996
v 4.2250314570583685e-18 -0.023 -0.032799999999999996
v -0.0018045592017404194 -0.022929098675861945 -0.032799999999999996
v -0.0035979926959253056 -0.02271683183368817 -0.032799999999999996
v -0.005369243368685809 -0.022364508169146567 -0.032799999999999996
v -0.0071073908706237865 -0.021874299874788533 -0.032799999999999996
v -0.00880171894439707 -0.021249229247759592 -0.032799999999999996
v -0.010441781494009572 -0.020493150056332465 -0.032799999999999996
v -0.012017466988466827 -0.019610723780144116 -0.032799999999999996
v -0.013519060802726877 -0.018607390870623793 -0.032799999999999996
v -0.014937305111594228 -0.01748933720880071 -0.032799999999999996
v -0.016263455967290587 -0.016263455967290598 -0.032799999999999996
v -0.0174893372088007 -0.014937305111594234 -0.032799999999999996
v -0.01860739087062379 -0.013519060802726888 -0.032799999999999996
v -0.019610723780144113 -0.012017466988466837 -0.032799999999999996
v -0.020493150056332458 -0.01044178149400958 -0.032799999999999996
v -0.02124922924775959 -0.00880171894439708 -0.032799999999999996
v -0.021874299874788533 -0.007107390870623795 -0.032799999999999996
v -0.022364508169146567 -0.005369243368685821 -0.032799999999999996
v -0.022716831833688167 -0.0035979926959253156 -0.032799999999999996
v -0.022978655216292398 -0.0018084593860566293 -0.032799999999999996
v -0.02323076923076923 -5.689897436038471e-18 -0.032799999999999996
v -0.02407692307692308 0 -0.030799999999999994
v -0.024062869060282325 0.0018937888661415216 -0.030799999999999994
v -0.023899348890627142 0.0037852849981628075 -0.030799999999999994
v -0.02358628750639773 0.0056625666358428115 -0.030799999999999994
v -0.02312458583552657 0.007513633405191063 -0.030799999999999994
v -0.022516140583228112 0.009326490801872336 -0.030799999999999994
v -0.02176385592637184 0.011089238473616597 -0.030799999999999994
v -0.020871646466444058 0.012790161404414944 -0.030799999999999994
v -0.01982091636218621 0.014400738681165592 -0.030799999999999994
v -0.018629946157200757 0.0159114771840895 -0.030799999999999994
v -0.017324116139070415 0.017324116139070415 -0.030799999999999994
v -0.015911477184089497 0.018629946157200764 -0.030799999999999994
v -0.014400738681165592 0.01982091636218621 -0.030799999999999994
v -0.012801214835540748 0.020889684026675258 -0.030799999999999994
v -0.011122767243618902 0.021829659842615014 -0.030799999999999994
v -0.0093757440929447 0.02263504854652653 -0.030799999999999994
v -0.007570916362186215 0.023300884649231267 -0.030799999999999994
v -0.005719411414469684 0.023823063049743076 -0.030799999999999994
v -0.0038326443934856578 0.024198364344580878 -0.030799999999999994
v -0.0019222478453322022 0.024424474676461635 -0.030799999999999994
v -1.5001923289555076e-18 0.024499999999999997 -0.030799999999999994
v 0.0019222478453321994 0.024424474676461635 -0.030799999999999994
v 0.003832644393485661 0.024198364344580874 -0.030799999999999994
v 0.0057194114144696745 0.023823063049743076 -0.030799999999999994
v 0.007570916362186211 0.023300884649231267 -0.030799999999999994
v 0.009375744092944699 0.02263504854652653 -0.030799999999999994
v 0.011122767243618895 0.021829659842615014 -0.030799999999999994
v 0.012801214835540748 0.020889684026675258 -0.030799999999999994
v 0.014400738681165589 0.019820916362186213 -0.030799999999999994
v 0.015911477184089497 0.018629946157200764 -0.030799999999999994
v 0.017324116139070415 0.017324116139070415 -0.030799999999999994
v 0.018629946157200757 0.015911477184089504 -0.030799999999999994
v 0.01982091636218621 0.014400738681165594 -0.030799999999999994
v 0.020871646466444058 0.012790161404414946 -0.030799999999999994
v 0.02176385592637184 0.011089238473616604 -0.030799999999999994
v 0.022516140583228112 0.00932649080187234 -0.030799999999999994
v 0.02312458583552657 0.007513633405191065 -0.030799999999999994
v 0.02358628750639773 0.005662566635842816 -0.030799999999999994
v 0.023899348890627142 0.00378528499816281 -0.030799999999999994
v 0.024062869060282325 0.0018937888661415246 -0.030799999999999994
v 0.02407692307692308 2.948572677947089e-18 -0.030799999999999994
v 0.023942534856405226 -0.0018843183589069984 -0.030799999999999994
v 0.023704520174283306 -0.0037544271609655376 -0.030799999999999994
v 0.023336878089544242 -0.005602688732541727 -0.030799999999999994
v 0.022825356391083684 -0.007416407864998745 -0.030799999999999994
v 0.02217310878027089 -0.009184402376762152 -0.030799999999999994
v 0.021384156580520834 -0.010895771993749111 -0.030799999999999994
v 0.020463363944498214 -0.012539965553182769 -0.030799999999999994
v 0.01941640786499874 -0.014106846055019353 -0.030799999999999994
v 0.018249743174400736 -0.015586753159924414 -0.030799999999999994
v 0.016970562748477146 -0.01697056274847714 -0.030799999999999994
v 0.01558675315992442 -0.018249743174400736 -0.030799999999999994
v 0.014106846055019358 -0.019416407864998736 -0.030799999999999994
v 0.012539965553182784 -0.020463363944498204 -0.030799999999999994
v 0.010895771993749127 -0.021384156580520827 -0.030799999999999994
v 0.009184402376762168 -0.022173108780270876 -0.030799999999999994
v 0.007416407864998742 -0.022825356391083684 -0.030799999999999994
v 0.005602688732541723 -0.023336878089544242 -0.030799999999999994
v 0.003754427160965545 -0.0237045201742833 -0.030799999999999994
v 0.0018830182974682724 -0.023926016009595073 -0.030799999999999994
v 4.408728476930471e-18 -0.024 -0.030799999999999994
v -0.0018830182974682638 -0.02392601600959507 -0.030799999999999994
v -0.0037544271609655363 -0.023704520174283306 -0.030799999999999994
v -0.005602688732541714 -0.02333687808954424 -0.030799999999999994
v -0.007416407864998734 -0.02282535639108369 -0.030799999999999994
v -0.009184402376762161 -0.02217310878027088 -0.030799999999999994
v -0.010895771993749118 -0.021384156580520834 -0.030799999999999994
v -0.012539965553182778 -0.02046336394449821 -0.030799999999999994
v -0.01410684605501935 -0.019416407864998743 -0.030799999999999994
v -0.015586753159924414 -0.01824974317440074 -0.030799999999999994
v -0.016970562748477136 -0.016970562748477146 -0.030799999999999994
v -0.018249743174400732 -0.01558675315992442 -0.030799999999999994
v -0.019416407864998736 -0.014106846055019362 -0.030799999999999994
v -0.020463363944498204 -0.01253996555318279 -0.030799999999999994
v -0.021384156580520827 -0.010895771993749127 -0.030799999999999994
v -0.022173108780270876 -0.00918440237676217 -0.030799999999999994
v -0.022825356391083684 -0.007416407864998742 -0.030799999999999994
v -0.023336878089544242 -0.005602688732541725 -0.030799999999999994
v -0.0237045201742833 -0.0037544271609655467 -0.030799999999999994
v -0.023942534856405222 -0.0018843183589070073 -0.030799999999999994
v -0.024076923076923076 -5.897145355894178e-18 -0.030799999999999994
v -0.024500000000000004 0 -0.028799999999999992
v -0.024424474676461635 0.0019222478453322013 -0.028799999999999992
v -0.02419836434458088 0.0038326443934856565 -0.028799999999999992
v -0.02382306304974308 0.005719411414469682 -0.028799999999999992
v -0.02330088464923126 0.00757091636218621 -0.028799999999999992
v -0.022635048546526527 0.0093757440929447 -0.028799999999999992
v -0.021829659842615014 0.011122767243618895 -0.028799999999999992
v -0.020889684026675258 0.012801214835540742 -0.028799999999999992
v -0.01982091636218621 0.01440073868116559 -0.028799999999999992
v -0.018629946157200757 0.0159114771840895 -0.028799999999999992
v -0.017324116139070415 0.017324116139070412 -0.028799999999999992
v -0.015911477184089497 0.01862994615720076 -0.028799999999999992
v -0.01440073868116559 0.01982091636218621 -0.028799999999999992
v -0.012801214835540751 0.02088968402667526 -0.028799999999999992
v -0.0111227672436189 0.021829659842615014 -0.028799999999999992
v -0.0093757440929447 0.022635048546526527 -0.028799999999999992
v -0.007570916362186213 0.02330088464923126 -0.028799999999999992
v -0.005719411414469684 0.02382306304974308 -0.028799999999999992
v -0.0038326443934856573 0.02419836434458088 -0.028799999999999992
v -0.0019222478453322026 0.024424474676461635 -0.028799999999999992
v -1.500192328955508e-18 0.024500000000000004 -0.028799999999999992
v 0.0019222478453321994 0.024424474676461635 -0.028799999999999992
v 0.00383264439348566 0.02419836434458087 -0.028799999999999992
v 0.005719411414469675 0.023823063049743076 -0.028799999999999992
v 0.007570916362186209 0.023300884649231263 -0.028799999999999992
v 0.009375744092944699 0.022635048546526527 -0.028799999999999992
v 0.011122767243618895 0.021829659842615014 -0.028799999999999992
v 0.012801214835540742 0.020889684026675258 -0.028799999999999992
v 0.01440073868116559 0.019820916362186216 -0.028799999999999992
v 0.015911477184089497 0.01862994615720076 -0.028799999999999992
v 0.017324116139070412 0.017324116139070415 -0.028799999999999992
v 0.018629946157200754 0.015911477184089504 -0.028799999999999992
v 0.019820916362186213 0.0144007386811656 -0.028799999999999992
v 0.02088968402667526 0.012801214835540751 -0.028799999999999992
v 0.021829659842615014 0.0111227672436189 -0.028799999999999992
v 0.022635048546526527 0.009375744092944702 -0.028799999999999992
v 0.02330088464923126 0.007570916362186215 -0.028799999999999992
v 0.02382306304974308 0.005719411414469686 -0.028799999999999992
v 0.024198364344580878 0.003832644393485659 -0.028799999999999992
v 0.024424474676461635 0.001922247845332204 -0.028799999999999992
v 0.024500000000000004 3.000384657911016e-18 -0.028799999999999992
v 0.02442447467646164 -0.0019222478453321873 -0.028799999999999992
v 0.02419836434458088 -0.003832644393485653 -0.028799999999999992
v 0.02382306304974308 -0.00571941141446968 -0.028799999999999992
v 0.02330088464923126 -0.00757091636218622 -0.028799999999999992
v 0.02263504854652653 -0.009375744092944697 -0.028799999999999992
v 0.02182965984261502 -0.011122767243618884 -0.028799999999999992
v 0.02088968402667526 -0.012801214835540742 -0.028799999999999992
v 0.019820916362186213 -0.01440073868116559 -0.028799999999999992
v 0.018629946157200754 -0.015911477184089504 -0.028799999999999992
v 0.01732411613907042 -0.017324116139070412 -0.028799999999999992
v 0.01591147718408951 -0.01862994615720075 -0.028799999999999992
v 0.014400738681165596 -0.01982091636218621 -0.028799999999999992
v 0.01280121483554076 -0.020889684026675254 -0.028799999999999992
v 0.0111227672436189 -0.021829659842615014 -0.028799999999999992
v 0.009375744092944713 -0.02263504854652652 -0.028799999999999992
v 0.007570916362186215 -0.02330088464923126 -0.028799999999999992
v 0.005719411414469676 -0.02382306304974308 -0.028799999999999992
v 0.0038326443934856604 -0.024198364344580878 -0.028799999999999992
v 0.0019222478453321946 -0.024424474676461635 -0.028799999999999992
v 4.500576986866523e-18 -0.024500000000000004 -0.028799999999999992
v -0.001922247845332186 -0.02442447467646164 -0.028799999999999992
v -0.0038326443934856512 -0.02419836434458088 -0.028799999999999992
v -0.0057194114144696676 -0.023823063049743083 -0.028799999999999992
v -0.007570916362186208 -0.023300884649231267 -0.028799999999999992
v -0.009375744092944706 -0.022635048546526523 -0.028799999999999992
v -0.011122767243618895 -0.021829659842615017 -0.028799999999999992
v -0.012801214835540751 -0.020889684026675254 -0.028799999999999992
v -0.014400738681165589 -0.019820916362186216 -0.028799999999999992
v -0.015911477184089504 -0.018629946157200757 -0.028799999999999992
v -0.017324116139070412 -0.01732411613907042 -0.028799999999999992
v -0.018629946157200747 -0.01591147718408951 -0.028799999999999992
v -0.01982091636218621 -0.014400738681165598 -0.028799999999999992
v -0.020889684026675254 -0.01280121483554076 -0.028799999999999992
v -0.021829659842615014 -0.011122767243618902 -0.028799999999999992
v -0.02263504854652652 -0.009375744092944715 -0.028799999999999992
v -0.02330088464923126 -0.007570916362186217 -0.028799999999999992
v -0.02382306304974308 -0.005719411414469677 -0.028799999999999992
v -0.024198364344580878 -0.0038326443934856625 -0.028799999999999992
v -0.024424474676461635 -0.0019222478453321964 -0.028799999999999992
v -0.024500000000000004 -6.000769315822032e-18 -0.028799999999999992
v -0.024500000000000004 0 -0.027399999999999994
v -0.024424474676461635 0.0019222478453322013 -0.027399999999999994
v -0.02419836434458088 0.0038326443934856565 -0.027399999999999994
v -0.02382306304974308 0.005719411414469682 -0.027399999999999994
v -0.02330088464923126 0.00757091636218621 -0.027399999999999994
v -0.022635048546526527 0.0093757440929447 -0.027399999999999994
v -0.021829659842615014 0.011122767243618895 -0.027399999999999994
v -0.020889684026675258 0.012801214835540742 -0.027399999999999994
v -0.01982091636218621 0.01440073868116559 -0.027399999999999994
v -0.018629946157200757 0.0159114771840895 -0.027399999999999994
v -0.017324116139070415 0.017324116139070412 -0.027399999999999994
v -0.015911477184089497 0.01862994615720076 -0.027399999999999994
v -0.01440073868116559 0.01982091636218621 -0.027399999999999994
v -0.012801214835540751 0.02088968402667526 -0.027399999999999994
v -0.0111227672436189 0.021829659842615014 -0.027399999999999994
v -0.0093757440929447 0.022635048546526527 -0.027399999999999994
v -0.007570916362186213 0.02330088464923126 -0.027399999999999994
v -0.005719411414469684 0.02382306304974308 -0.027399999999999994
v -0.0038326443934856573 0.02419836434458088 -0.027399999999999994
v -0.0019222478453322026 0.024424474676461635 -0.027399999999999994
v -1.500192328955508e-18 0.024500000000000004 -0.027399999999999994
v 0.0019222478453321994 0.024424474676461635 -0.027399999999999994
v 0.00383264439348566 0.02419836434458087 -0.027399999999999994
v 0.005719411414469675 0.023823063049743076 -0.027399999999999994
v 0.007570916362186209 0.023300884649231263 -0.027399999999999994
v 0.009375744092944699 0.022635048546526527 -0.027399999999999994
v 0.011122767243618895 0.021829659842615014 -0.027399999999999994
v 0.012801214835540742 0.020889684026675258 -0.027399999999999994
v 0.01440073868116559 0.019820916362186216 -0.027399999999999994
v 0.015911477184089497 0.01862994615720076 -0.027399999999999994
v 0.017324116139070412 0.017324116139070415 -0.027399999999999994
v 0.018629946157200754 0.015911477184089504 -0.027399999999999994
v 0.019820916362186213 0.0144007386811656 -0.027399999999999994
v 0.02088968402667526 0.012801214835540751 -0.027399999999999994
v 0.021829659842615014 0.0111227672436189 -0.027399999999999994
v 0.022635048546526527 0.009375744092944702 -0.027399999999999994
v 0.02330088464923126 0.007570916362186215 -0.027399999999999994
v 0.02382306304974308 0.005719411414469686 -0.027399999999999994
v 0.024198364344580878 0.003832644393485659 -0.027399999999999994
v 0.024424474676461635 0.001922247845332204 -0.027399999999999994
v 0.024500000000000004 3.000384657911016e-18 -0.027399999999999994
v 0.02442447467646164 -0.0019222478453321873 -0.027399999999999994
v 0.02419836434458088 -0.003832644393485653 -0.027399999999999994
v 0.02382306304974308 -0.00571941141446968 -0.027399999999999994
v 0.02330088464923126 -0.00757091636218622 -0.027399999999999994
v 0.02263504854652653 -0.009375744092944697 -0.027399999999999994
v 0.02182965984261502 -0.011122767243618884 -0.027399999999999994
v 0.02088968402667526 -0.012801214835540742 -0.027399999999999994
v 0.019820916362186213 -0.01440073868116559 -0.027399999999999994
v 0.018629946157200754 -0.015911477184089504 -0.027399999999999994
v 0.01732411613907042 -0.017324116139070412 -0.027399999999999994
v 0.01591147718408951 -0.01862994615720075 -0.027399999999999994
v 0.014400738681165596 -0.01982091636218621 -0.027399999999999994
v 0.01280121483554076 -0.020889684026675254 -0.027399999999999994
v 0.0111227672436189 -0.021829659842615014 -0.027399999999999994
v 0.009375744092944713 -0.02263504854652652 -0.027399999999999994
v 0.007570916362186215 -0.02330088464923126 -0.027399999999999994
v 0.005719411414469676 -0.02382306304974308 -0.027399999999999994
v 0.0038326443934856604 -0.024198364344580878 -0.027399999999999994
v 0.0019222478453321946 -0.024424474676461635 -0.027399999999999994
v 4.500576986866523e-18 -0.024500000000000004 -0.027399999999999994
v -0.001922247845332186 -0.02442447467646164 -0.027399999999999994
v -0.0038326443934856512 -0.02419836434458088 -0.027399999999999994
v -0.0057194114144696676 -0.023823063049743083 -0.027399999999999994
v -0.007570916362186208 -0.023300884649231267 -0.027399999999999994
v -0.009375744092944706 -0.022635048546526523 -0.027399999999999994
v -0.011122767243618895 -0.021829659842615017 -0.027399999999999994
v -0.012801214835540751 -0.020889684026675254 -0.027399999999999994
v -0.014400738681165589 -0.019820916362186216 -0.027399999999999994
v -0.015911477184089504 -0.018629946157200757 -0.027399999999999994
v -0.017324116139070412 -0.01732411613907042 -0.027399999999999994
v -0.018629946157200747 -0.01591147718408951 -0.027399999999999994
v -0.01982091636218621 -0.014400738681165598 -0.027399999999999994
v -0.020889684026675254 -0.01280121483554076 -0.027399999999999994
v -0.021829659842615014 -0.011122767243618902 -0.027399999999999994
v -0.02263504854652652 -0.009375744092944715 -0.027399999999999994
v -0.02330088464923126 -0.007570916362186217 -0.027399999999999994
v -0.02382306304974308 -0.005719411414469677 -0.027399999999999994
v -0.024198364344580878 -0.0038326443934856625 -0.027399999999999994
v -0.024424474676461635 -0.0019222478453321964 -0.027399999999999994
v -0.024500000000000004 -6.000769315822032e-18 -0.027399999999999994
v -0.024500000000000004 0 -0.025399999999999992
v -0.024424474676461635 0.0019222478453322013 -0.025399999999999992
v -0.02419836434458088 0.0038326443934856565 -0.025399999999999992
v -0.02382306304974308 0.005719411414469682 -0.025399999999999992
v -0.02330088464923126 0.00757091636218621 -0.025399999999999992
v -0.022635048546526527 0.0093757440929447 -0.025399999999999992
v -0.021829659842615014 0.011122767243618895 -0.025399999999999992
v -0.020889684026675258 0.012801214835540742 -0.025399999999999992
v -0.01982091636218621 0.01440073868116559 -0.025399999999999992
v -0.018629946157200757 0.0159114771840895 -0.025399999999999992
v -0.017324116139070415 0.017324116139070412 -0.025399999999999992
v -0.015911477184089497 0.01862994615720076 -0.025399999999999992
v -0.01440073868116559 0.01982091636218621 -0.025399999999999992
v -0.012801214835540751 0.02088968402667526 -0.025399999999999992
v -0.0111227672436189 0.021829659842615014 -0.025399999999999992
v -0.0093757440929447 0.022635048546526527 -0.025399999999999992
v -0.007570916362186213 0.02330088464923126 -0.025399999999999992
v -0.005719411414469684 0.02382306304974308 -0.025399999999999992
v -0.0038326443934856573 0.02419836434458088 -0.025399999999999992
v -0.0019222478453322026 0.024424474676461635 -0.025399999999999992
v -1.500192328955508e-18 0.024500000000000004 -0.025399999999999992
v 0.0019222478453321994 0.024424474676461635 -0.025399999999999992
v 0.00383264439348566 0.02419836434458087 -0.025399999999999992
v 0.005719411414469675 0.023823063049743076 -0.025399999999999992
v 0.007570916362186209 0.023300884649231263 -0.025399999999999992
v 0.009375744092944699 0.022635048546526527 -0.025399999999999992
v 0.011122767243618895 0.021829659842615014 -0.025399999999999992
v 0.012801214835540742 0.020889684026675258 -0.025399999999999992
v 0.01440073868116559 0.019820916362186216 -0.025399999999999992
v 0.015911477184089497 0.01862994615720076 -0.025399999999999992
v 0.017324116139070412 0.017324116139070415 -0.025399999999999992
v 0.018629946157200754 0.015911477184089504 -0.025399999999999992
v 0.019820916362186213 0.0144007386811656 -0.025399999999999992
v 0.02088968402667526 0.012801214835540751 -0.025399999999999992
v 0.021829659842615014 0.0111227672436189 -0.025399999999999992
v 0.022635048546526527 0.009375744092944702 -0.025399999999999992
v 0.02330088464923126 0.007570916362186215 -0.025399999999999992
v 0.02382306304974308 0.005719411414469686 -0.025399999999999992
v 0.024198364344580878 0.003832644393485659 -0.025399999999999992
v 0.024424474676461635 0.001922247845332204 -0.025399999999999992
v 0.024500000000000004 3.000384657911016e-18 -0.025399999999999992
v 0.02442447467646164 -0.0019222478453321873 -0.025399999999999992
v 0.02419836434458088 -0.003832644393485653 -0.025399999999999992
v 0.02382306304974308 -0.00571941141446968 -0.025399999999999992
v 0.02330088464923126 -0.00757091636218622 -0.025399999999999992
v 0.02263504854652653 -0.009375744092944697 -0.025399999999999992
v 0.02182965984261502 -0.011122767243618884 -0.025399999999999992
v 0.02088968402667526 -0.012801214835540742 -0.025399999999999992
v 0.019820916362186213 -0.01440073868116559 -0.025399999999999992
v 0.018629946157200754 -0.015911477184089504 -0.025399999999999992
v 0.01732411613907042 -0.017324116139070412 -0.025399999999999992
v 0.01591147718408951 -0.01862994615720075 -0.025399999999999992
v 0.014400738681165596 -0.01982091636218621 -0.025399999999999992
v 0.01280121483554076 -0.020889684026675254 -0.025399999999999992
v 0.0111227672436189 -0.021829659842615014 -0.025399999999999992
v 0.009375744092944713 -0.02263504854652652 -0.025399999999999992
v 0.007570916362186215 -0.02330088464923126 -0.025399999999999992
v 0.005719411414469676 -0.02382306304974308 -0.025399999999999992
v 0.0038326443934856604 -0.024198364344580878 -0.025399999999999992
v 0.0019222478453321946 -0.024424474676461635 -0.025399999999999992
v 4.500576986866523e-18 -0.024500000000000004 -0.025399999999999992
v -0.001922247845332186 -0.02442447467646164 -0.025399999999999992
v -0.0038326443934856512 -0.02419836434458088 -0.025399999999999992
v -0.0057194114144696676 -0.023823063049743083 -0.025399999999999992
v -0.007570916362186208 -0.023300884649231267 -0.025399999999999992
v -0.009375744092944706 -0.022635048546526523 -0.025399999999999992
v -0.011122767243618895 -0.021829659842615017 -0.025399999999999992
v -0.012801214835540751 -0.020889684026675254 -0.025399999999999992
v -0.014400738681165589 -0.019820916362186216 -0.025399999999999992
v -0.015911477184089504 -0.018629946157200757 -0.025399999999999992
v -0.017324116139070412 -0.01732411613907042 -0.025399999999999992
v -0.018629946157200747 -0.01591147718408951 -0.025399999999999992
v -0.01982091636218621 -0.014400738681165598 -0.025399999999999992
v -0.020889684026675254 -0.01280121483554076 -0.025399999999999992
v -0.021829659842615014 -0.011122767243618902 -0.025399999999999992
v -0.02263504854652652 -0.009375744092944715 -0.025399999999999992
v -0.02330088464923126 -0.007570916362186217 -0.025399999999999992
v -0.02382306304974308 -0.005719411414469677 -0.025399999999999992
v -0.024198364344580878 -0.0038326443934856625 -0.025399999999999992
v -0.024424474676461635 -0.0019222478453321964 -0.025399999999999992
v -0.024500000000000004 -6.000769315822032e-18 -0.025399999999999992
v -0.02407692307692308 0 -0.023399999999999994
v -0.024062869060282325 0.0018937888661415216 -0.023399999999999994
v -0.023899348890627142 0.0037852849981628075 -0.023399999999999994
v -0.02358628750639773 0.0056625666358428115 -0.023399999999999994
v -0.02312458583552657 0.007513633405191063 -0.023399999999999994
v -0.022516140583228112 0.009326490801872336 -0.023399999999999994
v -0.02176385592637184 0.011089238473616597 -0.023399999999999994
v -0.020871646466444058 0.012790161404414944 -0.023399999999999994
v -0.01982091636218621 0.014400738681165592 -0.023399999999999994
v -0.018629946157200757 0.0159114771840895 -0.023399999999999994
v -0.017324116139070415 0.017324116139070415 -0.023399999999999994
v -0.015911477184089497 0.018629946157200764 -0.023399999999999994
v -0.014400738681165592 0.01982091636218621 -0.023399999999999994
v -0.012801214835540748 0.020889684026675258 -0.023399999999999994
v -0.011122767243618902 0.021829659842615014 -0.023399999999999994
v -0.0093757440929447 0.02263504854652653 -0.023399999999999994
v -0.007570916362186215 0.023300884649231267 -0.023399999999999994
v -0.005719411414469684 0.023823063049743076 -0.023399999999999994
v -0.0038326443934856578 0.024198364344580878 -0.023399999999999994
v -0.0019222478453322022 0.024424474676461635 -0.023399999999999994
v -1.5001923289555076e-18 0.024499999999999997 -0.023399999999999994
v 0.0019222478453321994 0.024424474676461635 -0.023399999999999994
v 0.003832644393485661 0.024198364344580874 -0.023399999999999994
v 0.0057194114144696745 0.023823063049743076 -0.023399999999999994
v 0.007570916362186211 0.023300884649231267 -0.023399999999999994
v 0.009375744092944699 0.02263504854652653 -0.023399999999999994
v 0.011122767243618895 0.021829659842615014 -0.023399999999999994
v 0.012801214835540748 0.020889684026675258 -0.023399999999999994
v 0.014400738681165589 0.019820916362186213 -0.023399999999999994
v 0.015911477184089497 0.018629946157200764 -0.023399999999999994
v 0.017324116139070415 0.017324116139070415 -0.023399999999999994
v 0.018629946157200757 0.015911477184089504 -0.023399999999999994
v 0.01982091636218621 0.014400738681165594 -0.023399999999999994
v 0.020871646466444058 0.012790161404414946 -0.023399999999999994
v 0.02176385592637184 0.011089238473616604 -0.023399999999999994
v 0.022516140583228112 0.00932649080187234 -0.023399999999999994
v 0.02312458583552657 0.007513633405191065 -0.023399999999999994
v 0.02358628750639773 0.005662566635842816 -0.023399999999999994
v 0.023899348890627142 0.00378528499816281 -0.023399999999999994
v 0.024062869060282325 0.0018937888661415246 -0.023399999999999994
v 0.02407692307692308 2.948572677947089e-18 -0.023399999999999994
v 0.023942534856405226 -0.0018843183589069984 -0.023399999999999994
v 0.023704520174283306 -0.0037544271609655376 -0.023399999999999994
v 0.023336878089544242 -0.005602688732541727 -0.023399999999999994
v 0.022825356391083684 -0.007416407864998745 -0.023399999999999994
v 0.02217310878027089 -0.009184402376762152 -0.023399999999999994
v 0.021384156580520834 -0.010895771993749111 -0.023399999999999994
v 0.020463363944498214 -0.012539965553182769 -0.023399999999999994
v 0.01941640786499874 -0.014106846055019353 -0.023399999999999994
v 0.018249743174400736 -0.015586753159924414 -0.023399999999999994
v 0.016970562748477146 -0.01697056274847714 -0.023399999999999994
v 0.01558675315992442 -0.018249743174400736 -0.023399999999999994
v 0.014106846055019358 -0.019416407864998736 -0.023399999999999994
v 0.012539965553182784 -0.020463363944498204 -0.023399999999999994
v 0.010895771993749127 -0.021384156580520827 -0.023399999999999994
v 0.009184402376762168 -0.022173108780270876 -0.023399999999999994
v 0.007416407864998742 -0.022825356391083684 -0.023399999999999994
v 0.005602688732541723 -0.023336878089544242 -0.023399999999999994
v 0.003754427160965545 -0.0237045201742833 -0.023399999999999994
v 0.0018830182974682724 -0.023926016009595073 -0.023399999999999994
v 4.408728476930471e-18 -0.024 -0.023399999999999994
v -0.0018830182974682638 -0.02392601600959507 -0.023399999999999994
v -0.0037544271609655363 -0.023704520174283306 -0.023399999999999994
v -0.005602688732541714 -0.02333687808954424 -0.023399999999999994
v -0.007416407864998734 -0.02282535639108369 -0.023399999999999994
v -0.009184402376762161 -0.02217310878027088 -0.023399999999999994
v -0.010895771993749118 -0.021384156580520834 -0.023399999999999994
v -0.012539965553182778 -0.02046336394449821 -0.023399999999999994
v -0.01410684605501935 -0.019416407864998743 -0.023399999999999994
v -0.015586753159924414 -0.01824974317440074 -0.023399999999999994
v -0.016970562748477136 -0.016970562748477146 -0.023399999999999994
v -0.018249743174400732 -0.01558675315992442 -0.023399999999999994
v -0.019416407864998736 -0.014106846055019362 -0.023399999999999994
v -0.020463363944498204 -0.01253996555318279 -0.023399999999999994
v -0.021384156580520827 -0.010895771993749127 -0.023399999999999994
v -0.022173108780270876 -0.00918440237676217 -0.023399999999999994
v -0.022825356391083684 -0.007416407864998742 -0.023399999999999994
v -0.023336878089544242 -0.005602688732541725 -0.023399999999999994
v -0.0237045201742833 -0.0037544271609655467 -0.023399999999999994
v -0.023942534856405222 -0.0018843183589070073 -0.023399999999999994
v -0.024076923076923076 -5.897145355894178e-18 -0.023399999999999994
v -0.023230769230769232 0 -0.021399999999999995
v -0.0233396578279237 0.0018368709077601622 -0.021399999999999995
v -0.023301317982719682 0.0036905662075171096 -0.021399999999999995
v -0.02311273641970704 0.00554887707858907 -0.021399999999999995
v -0.02277198820811719 0.007399067491200762 -0.021399999999999995
v -0.022278324656631293 0.009227984219727607 -0.021399999999999995
v -0.02163224809388549 0.011022180933612001 -0.021399999999999995
v -0.020835571345981647 0.012768054542163332 -0.021399999999999995
v -0.019820916362186213 0.014400738681165592 -0.021399999999999995
v -0.018629946157200757 0.015911477184089497 -0.021399999999999995
v -0.01732411613907042 0.017324116139070412 -0.021399999999999995
v -0.015911477184089497 0.01862994615720076 -0.021399999999999995
v -0.014400738681165592 0.019820916362186213 -0.021399999999999995
v -0.012801214835540748 0.020889684026675258 -0.021399999999999995
v -0.011122767243618898 0.021829659842615014 -0.021399999999999995
v -0.0093757440929447 0.022635048546526527 -0.021399999999999995
v -0.007570916362186214 0.023300884649231263 -0.021399999999999995
v -0.005719411414469684 0.023823063049743073 -0.021399999999999995
v -0.003832644393485658 0.024198364344580878 -0.021399999999999995
v -0.0019222478453322024 0.024424474676461635 -0.021399999999999995
v -1.5001923289555078e-18 0.0245 -0.021399999999999995
v 0.0019222478453321996 0.024424474676461635 -0.021399999999999995
v 0.0038326443934856604 0.02419836434458087 -0.021399999999999995
v 0.005719411414469675 0.023823063049743076 -0.021399999999999995
v 0.00757091636218621 0.023300884649231263 -0.021399999999999995
v 0.009375744092944699 0.022635048546526527 -0.021399999999999995
v 0.011122767243618896 0.021829659842615014 -0.021399999999999995
v 0.012801214835540746 0.02088968402667526 -0.021399999999999995
v 0.01440073868116559 0.019820916362186216 -0.021399999999999995
v 0.015911477184089497 0.01862994615720076 -0.021399999999999995
v 0.017324116139070412 0.01732411613907042 -0.021399999999999995
v 0.018629946157200757 0.015911477184089504 -0.021399999999999995
v 0.019820916362186213 0.014400738681165596 -0.021399999999999995
v 0.020835571345981643 0.012768054542163336 -0.021399999999999995
v 0.021632248093885486 0.011022180933612007 -0.021399999999999995
v 0.022278324656631293 0.009227984219727611 -0.021399999999999995
v 0.02277198820811719 0.0073990674912007654 -0.021399999999999995
v 0.02311273641970704 0.005548877078589073 -0.021399999999999995
v 0.02330131798271968 0.0036905662075171117 -0.021399999999999995
v 0.0233396578279237 0.0018368709077601652 -0.021399999999999995
v 0.023230769230769232 2.844948718019236e-18 -0.021399999999999995
v 0.022978655216292405 -0.001808459386056621 -0.021399999999999995
v 0.02271683183368817 -0.0035979926959253073 -0.021399999999999995
v 0.022364508169146567 -0.0053692433686858216 -0.021399999999999995
v 0.021874299874788533 -0.007107390870623798 -0.021399999999999995
v 0.021249229247759596 -0.008801718944397062 -0.021399999999999995
v 0.020493150056332468 -0.010441781494009563 -0.021399999999999995
v 0.019610723780144123 -0.01201746698846682 -0.021399999999999995
v 0.01860739087062379 -0.013519060802726881 -0.021399999999999995
v 0.017489337208800707 -0.014937305111594228 -0.021399999999999995
v 0.016263455967290598 -0.01626345596729059 -0.021399999999999995
v 0.014937305111594234 -0.017489337208800703 -0.021399999999999995
v 0.013519060802726886 -0.01860739087062379 -0.021399999999999995
v 0.012017466988466837 -0.019610723780144113 -0.021399999999999995
v 0.010441781494009579 -0.020493150056332458 -0.021399999999999995
v 0.008801718944397078 -0.02124922924775959 -0.021399999999999995
v 0.007107390870623793 -0.021874299874788533 -0.021399999999999995
v 0.005369243368685818 -0.022364508169146567 -0.021399999999999995
v 0.003597992695925314 -0.022716831833688167 -0.021399999999999995
v 0.0018045592017404276 -0.022929098675861945 -0.021399999999999995
v 4.2250314570583685e-18 -0.023 -0.021399999999999995
v -0.0018045592017404194 -0.022929098675861945 -0.021399999999999995
v -0.0035979926959253056 -0.02271683183368817 -0.021399999999999995
v -0.005369243368685809 -0.022364508169146567 -0.021399999999999995
v -0.0071073908706237865 -0.021874299874788533 -0.021399999999999995
v -0.00880171894439707 -0.021249229247759592 -0.021399999999999995
v -0.010441781494009572 -0.020493150056332465 -0.021399999999999995
v -0.012017466988466827 -0.019610723780144116 -0.021399999999999995
v -0.013519060802726877 -0.018607390870623793 -0.021399999999999995
v -0.014937305111594228 -0.01748933720880071 -0.021399999999999995
v -0.016263455967290587 -0.016263455967290598 -0.021399999999999995
v -0.0174893372088007 -0.014937305111594234 -0.021399999999999995
v -0.01860739087062379 -0.013519060802726888 -0.021399999999999995
v -0.019610723780144113 -0.012017466988466837 -0.021399999999999995
v -0.020493150056332458 -0.01044178149400958 -0.021399999999999995
v -0.02124922924775959 -0.00880171894439708 -0.021399999999999995
v -0.021874299874788533 -0.007107390870623795 -0.021399999999999995
v -0.022364508169146567 -0.005369243368685821 -0.021399999999999995
v -0.022716831833688167 -0.0035979926959253156 -0.021399999999999995
v -0.022978655216292398 -0.0018084593860566293 -0.021399999999999995
v -0.02323076923076923 -5.689897436038471e-18 -0.021399999999999995
v -0.02407692307692308 0 -0.019399999999999994
v -0.024062869060282325 0.0018937888661415216 -0.019399999999999994
v -0.023899348890627142 0.0037852849981628075 -0.019399999999999994
v -0.02358628750639773 0.0056625666358428115 -0.019399999999999994
v -0.02312458583552657 0.007513633405191063 -0.019399999999999994
v -0.022516140583228112 0.009326490801872336 -0.019399999999999994
v -0.02176385592637184 0.011089238473616597 -0.019399999999999994
v -0.020871646466444058 0.012790161404414944 -0.019399999999999994
v -0.01982091636218621 0.014400738681165592 -0.019399999999999994
v -0.018629946157200757 0.0159114771840895 -0.019399999999999994
v -0.017324116139070415 0.017324116139070415 -0.019399999999999994
v -0.015911477184089497 0.018629946157200764 -0.019399999999999994
v -0.014400738681165592 0.01982091636218621 -0.019399999999999994
v -0.012801214835540748 0.020889684026675258 -0.019399999999999994
v -0.011122767243618902 0.021829659842615014 -0.019399999999999994
v -0.0093757440929447 0.02263504854652653 -0.019399999999999994
v -0.007570916362186215 0.023300884649231267 -0.019399999999999994
v -0.005719411414469684 0.023823063049743076 -0.019399999999999994
v -0.0038326443934856578 0.024198364344580878 -0.019399999999999994
v -0.0019222478453322022 0.024424474676461635 -0.019399999999999994
v -1.5001923289555076e-18 0.024499999999999997 -0.019399999999999994
v 0.0019222478453321994 0.024424474676461635 -0.019399999999999994
v 0.003832644393485661 0.024198364344580874 -0.019399999999999994
v 0.0057194114144696745 0.023823063049743076 -0.019399999999999994
v 0.007570916362186211 0.023300884649231267 -0.019399999999999994
v 0.009375744092944699 0.02263504854652653 -0.019399999999999994
v 0.011122767243618895 0.021829659842615014 -0.019399999999999994
v 0.012801214835540748 0.020889684026675258 -0.019399999999999994
v 0.014400738681165589 0.019820916362186213 -0.019399999999999994
v 0.015911477184089497 0.018629946157200764 -0.019399999999999994
v 0.017324116139070415 0.017324116139070415 -0.019399999999999994
v 0.018629946157200757 0.015911477184089504 -0.019399999999999994
v 0.01982091636218621 0.014400738681165594 -0.019399999999999994
v 0.020871646466444058 0.012790161404414946 -0.019399999999999994
v 0.02176385592637184 0.011089238473616604 -0.019399999999999994
v 0.022516140583228112 0.00932649080187234 -0.019399999999999994
v 0.02312458583552657 0.007513633405191065 -0.019399999999999994
v 0.02358628750639773 0.005662566635842816 -0.019399999999999994
v 0.023899348890627142 0.00378528499816281 -0.019399999999999994
v 0.024062869060282325 0.0018937888661415246 -0.019399999999999994
v 0.02407692307692308 2.948572677947089e-18 -0.019399999999999994
v 0.023942534856405226 -0.0018843183589069984 -0.019399999999999994
v 0.023704520174283306 -0.0037544271609655376 -0.019399999999999994
v 0.023336878089544242 -0.005602688732541727 -0.019399999999999994
v 0.022825356391083684 -0.007416407864998745 -0.019399999999999994
v 0.02217310878027089 -0.009184402376762152 -0.019399999999999994
v 0.021384156580520834 -0.010895771993749111 -0.019399999999999994
v 0.020463363944498214 -0.012539965553182769 -0.019399999999999994
v 0.01941640786499874 -0.014106846055019353 -0.019399999999999994
v 0.018249743174400736 -0.015586753159924414 -0.019399999999999994
v 0.016970562748477146 -0.01697056274847714 -0.019399999999999994
v 0.01558675315992442 -0.018249743174400736 -0.019399999999999994
v 0.014106846055019358 -0.019416407864998736 -0.019399999999999994
v 0.012539965553182784 -0.020463363944498204 -0.019399999999999994
v 0.010895771993749127 -0.021384156580520827 -0.019399999999999994
v 0.009184402376762168 -0.022173108780270876 -0.019399999999999994
v 0.007416407864998742 -0.022825356391083684 -0.019399999999999994
v 0.005602688732541723 -0.023336878089544242 -0.019399999999999994
v 0.003754427160965545 -0.0237045201742833 -0.019399999999999994
v 0.0018830182974682724 -0.023926016009595073 -0.019399999999999994
v 4.408728476930471e-18 -0.024 -0.019399999999999994
v -0.0018830182974682638 -0.02392601600959507 -0.019399999999999994
v -0.0037544271609655363 -0.023704520174283306 -0.019399999999999994
v -0.005602688732541714 -0.02333687808954424 -0.019399999999999994
v -0.007416407864998734 -0.02282535639108369 -0.019399999999999994
v -0.009184402376762161 -0.02217310878027088 -0.019399999999999994
v -0.010895771993749118 -0.021384156580520834 -0.019399999999999994
v -0.012539965553182778 -0.02046336394449821 -0.019399999999999994
v -0.01410684605501935 -0.019416407864998743 -0.019399999999999994
v -0.015586753159924414 -0.01824974317440074 -0.019399999999999994
v -0.016970562748477136 -0.016970562748477146 -0.019399999999999994
v -0.018249743174400732 -0.01558675315992442 -0.019399999999999994
v -0.019416407864998736 -0.014106846055019362 -0.019399999999999994
v -0.020463363944498204 -0.01253996555318279 -0.019399999999999994
v -0.021384156580520827 -0.010895771993749127 -0.019399999999999994
v -0.022173108780270876 -0.00918440237676217 -0.019399999999999994
v -0.022825356391083684 -0.007416407864998742 -0.019399999999999994
v -0.023336878089544242 -0.005602688732541725 -0.019399999999999994
v -0.0237045201742833 -0.0037544271609655467 -0.019399999999999994
v -0.023942534856405222 -0.0018843183589070073 -0.019399999999999994
v -0.024076923076923076 -5.897145355894178e-18 -0.019399999999999994
v -0.024500000000000004 0 -0.017399999999999992
v -0.024424474676461635 0.0019222478453322013 -0.017399999999999992
v -0.02419836434458088 0.0038326443934856565 -0.017399999999999992
v -0.02382306304974308 0.005719411414469682 -0.017399999999999992
v -0.02330088464923126 0.00757091636218621 -0.017399999999999992
v -0.022635048546526527 0.0093757440929447 -0.017399999999999992
v -0.021829659842615014 0.011122767243618895 -0.017399999999999992
v -0.020889684026675258 0.012801214835540742 -0.017399999999999992
v -0.01982091636218621 0.01440073868116559 -0.017399999999999992
v -0.018629946157200757 0.0159114771840895 -0.017399999999999992
v -0.017324116139070415 0.017324116139070412 -0.017399999999999992
v -0.015911477184089497 0.01862994615720076 -0.017399999999999992
v -0.01440073868116559 0.01982091636218621 -0.017399999999999992
v -0.012801214835540751 0.02088968402667526 -0.017399999999999992
v -0.0111227672436189 0.021829659842615014 -0.017399999999999992
v -0.0093757440929447 0.022635048546526527 -0.017399999999999992
v -0.007570916362186213 0.02330088464923126 -0.017399999999999992
v -0.005719411414469684 0.02382306304974308 -0.017399999999999992
v -0.0038326443934856573 0.02419836434458088 -0.017399999999999992
v -0.0019222478453322026 0.024424474676461635 -0.017399999999999992
v -1.500192328955508e-18 0.024500000000000004 -0.017399999999999992
v 0.0019222478453321994 0.024424474676461635 -0.017399999999999992
v 0.00383264439348566 0.02419836434458087 -0.017399999999999992
v 0.005719411414469675 0.023823063049743076 -0.017399999999999992
v 0.007570916362186209 0.023300884649231263 -0.017399999999999992
v 0.009375744092944699 0.022635048546526527 -0.017399999999999992
v 0.011122767243618895 0.021829659842615014 -0.017399999999999992
v 0.012801214835540742 0.020889684026675258 -0.017399999999999992
v 0.01440073868116559 0.019820916362186216 -0.017399999999999992
v 0.015911477184089497 0.01862994615720076 -0.017399999999999992
v 0.017324116139070412 0.017324116139070415 -0.017399999999999992
v 0.018629946157200754 0.015911477184089504 -0.017399999999999992
v 0.019820916362186213 0.0144007386811656 -0.017399999999999992
v 0.02088968402667526 0.012801214835540751 -0.017399999999999992
v 0.021829659842615014 0.0111227672436189 -0.017399999999999992
v 0.022635048546526527 0.009375744092944702 -0.017399999999999992
v 0.02330088464923126 0.007570916362186215 -0.017399999999999992
v 0.02382306304974308 0.005719411414469686 -0.017399999999999992
v 0.024198364344580878 0.003832644393485659 -0.017399999999999992
v 0.024424474676461635 0.001922247845332204 -0.017399999999999992
v 0.024500000000000004 3.000384657911016e-18 -0.017399999999999992
v 0.02442447467646164 -0.0019222478453321873 -0.017399999999999992
v 0.02419836434458088 -0.003832644393485653 -0.017399999999999992
v 0.02382306304974308 -0.00571941141446968 -0.017399999999999992
v 0.02330088464923126 -0.00757091636218622 -0.017399999999999992
v 0.02263504854652653 -0.009375744092944697 -0.017399999999999992
v 0.02182965984261502 -0.011122767243618884 -0.017399999999999992
v 0.02088968402667526 -0.012801214835540742 -0.017399999999999992
v 0.019820916362186213 -0.01440073868116559 -0.017399999999999992
v 0.018629946157200754 -0.015911477184089504 -0.017399999999999992
v 0.01732411613907042 -0.017324116139070412 -0.017399999999999992
v 0.01591147718408951 -0.01862994615720075 -0.017399999999999992
v 0.014400738681165596 -0.01982091636218621 -0.017399999999999992
v 0.01280121483554076 -0.020889684026675254 -0.017399999999999992
v 0.0111227672436189 -0.021829659842615014 -0.017399999999999992
v 0.009375744092944713 -0.02263504854652652 -0.017399999999999992
v 0.007570916362186215 -0.02330088464923126 -0.017399999999999992
v 0.005719411414469676 -0.02382306304974308 -0.017399999999999992
v 0.0038326443934856604 -0.024198364344580878 -0.017399999999999992
v 0.0019222478453321946 -0.024424474676461635 -0.017399999999999992
v 4.500576986866523e-18 -0.024500000000000004 -0.017399999999999992
v -0.001922247845332186 -0.02442447467646164 -0.017399999999999992
v -0.0038326443934856512 -0.02419836434458088 -0.017399999999999992
v -0.0057194114144696676 -0.023823063049743083 -0.017399999999999992
v -0.007570916362186208 -0.023300884649231267 -0.017399999999999992
v -0.009375744092944706 -0.022635048546526523 -0.017399999999999992
v -0.011122767243618895 -0.021829659842615017 -0.017399999999999992
v -0.012801214835540751 -0.020889684026675254 -0.017399999999999992
v -0.014400738681165589 -0.019820916362186216 -0.017399999999999992
v -0.015911477184089504 -0.018629946157200757 -0.017399999999999992
v -0.017324116139070412 -0.01732411613907042 -0.017399999999999992
v -0.018629946157200747 -0.01591147718408951 -0.017399999999999992
v -0.01982091636218621 -0.014400738681165598 -0.017399999999999992
v -0.020889684026675254 -0.01280121483554076 -0.017399999999999992
v -0.021829659842615014 -0.011122767243618902 -0.017399999999999992
v -0.02263504854652652 -0.009375744092944715 -0.017399999999999992
v -0.02330088464923126 -0.007570916362186217 -0.017399999999999992
v -0.02382306304974308 -0.005719411414469677 -0.017399999999999992
v -0.024198364344580878 -0.0038326443934856625 -0.017399999999999992
v -0.024424474676461635 -0.0019222478453321964 -0.017399999999999992
v -0.024500000000000004 -6.000769315822032e-18 -0.017399999999999992
v -0.024500000000000004 0 -0.015999999999999993
v -0.024424474676461635 0.0019222478453322013 -0.015999999999999993
v -0.02419836434458088 0.0038326443934856565 -0.015999999999999993
v -0.02382306304974308 0.005719411414469682 -0.015999999999999993
v -0.02330088464923126 0.00757091636218621 -0.015999999999999993
v -0.022635048546526527 0.0093757440929447 -0.015999999999999993
v -0.021829659842615014 0.011122767243618895 -0.015999999999999993
v -0.020889684026675258 0.012801214835540742 -0.015999999999999993
v -0.01982091636218621 0.01440073868116559 -0.015999999999999993
v -0.018629946157200757 0.0159114771840895 -0.015999999999999993
v -0.017324116139070415 0.017324116139070412 -0.015999999999999993
v -0.015911477184089497 0.01862994615720076 -0.015999999999999993
v -0.01440073868116559 0.01982091636218621 -0.015999999999999993
v -0.012801214835540751 0.02088968402667526 -0.015999999999999993
v -0.0111227672436189 0.021829659842615014 -0.015999999999999993
v -0.0093757440929447 0.022635048546526527 -0.015999999999999993
v -0.007570916362186213 0.02330088464923126 -0.015999999999999993
v -0.005719411414469684 0.02382306304974308 -0.015999999999999993
v -0.0038326443934856573 0.02419836434458088 -0.015999999999999993
v -0.0019222478453322026 0.024424474676461635 -0.015999999999999993
v -1.500192328955508e-18 0.024500000000000004 -0.015999999999999993
v 0.0019222478453321994 0.024424474676461635 -0.015999999999999993
v 0.00383264439348566 0.02419836434458087 -0.015999999999999993
v 0.005719411414469675 0.023823063049743076 -0.015999999999999993
v 0.007570916362186209 0.023300884649231263 -0.015999999999999993
v 0.009375744092944699 0.022635048546526527 -0.015999999999999993
v 0.011122767243618895 0.021829659842615014 -0.015999999999999993
v 0.012801214835540742 0.020889684026675258 -0.015999999999999993
v 0.01440073868116559 0.019820916362186216 -0.015999999999999993
v 0.015911477184089497 0.01862994615720076 -0.015999999999999993
v 0.017324116139070412 0.017324116139070415 -0.015999999999999993
v 0.018629946157200754 0.015911477184089504 -0.015999999999999993
v 0.019820916362186213 0.0144007386811656 -0.015999999999999993
v 0.02088968402667526 0.012801214835540751 -0.015999999999999993
v 0.021829659842615014 0.0111227672436189 -0.015999999999999993
v 0.022635048546526527 0.009375744092944702 -0.015999999999999993
v 0.02330088464923126 0.007570916362186215 -0.015999999999999993
v 0.02382306304974308 0.005719411414469686 -0.015999999999999993
v 0.024198364344580878 0.003832644393485659 -0.015999999999999993
v 0.024424474676461635 0.001922247845332204 -0.015999999999999993
v 0.024500000000000004 3.000384657911016e-18 -0.015999999999999993
v 0.02442447467646164 -0.0019222478453321873 -0.015999999999999993
v 0.02419836434458088 -0.003832644393485653 -0.015999999999999993
v 0.02382306304974308 -0.00571941141446968 -0.015999999999999993
v 0.02330088464923126 -0.00757091636218622 -0.015999999999999993
v 0.02263504854652653 -0.009375744092944697 -0.015999999999999993
v 0.02182965984261502 -0.011122767243618884 -0.015999999999999993
v 0.02088968402667526 -0.012801214835540742 -0.015999999999999993
v 0.019820916362186213 -0.01440073868116559 -0.015999999999999993
v 0.018629946157200754 -0.015911477184089504 -0.015999999999999993
v 0.01732411613907042 -0.017324116139070412 -0.015999999999999993
v 0.01591147718408951 -0.01862994615720075 -0.015999999999999993
v 0.014400738681165596 -0.01982091636218621 -0.015999999999999993
v 0.01280121483554076 -0.020889684026675254 -0.015999999999999993
v 0.0111227672436189 -0.021829659842615014 -0.015999999999999993
v 0.009375744092944713 -0.02263504854652652 -0.015999999999999993
v 0.007570916362186215 -0.02330088464923126 -0.015999999999999993
v 0.005719411414469676 -0.02382306304974308 -0.015999999999999993
v 0.0038326443934856604 -0.024198364344580878 -0.015999999999999993
v 0.0019222478453321946 -0.024424474676461635 -0.015999999999999993
v 4.500576986866523e-18 -0.024500000000000004 -0.015999999999999993
v -0.001922247845332186 -0.02442447467646164 -0.015999999999999993
v -0.0038326443934856512 -0.02419836434458088 -0.015999999999999993
v -0.0057194114144696676 -0.023823063049743083 -0.015999999999999993
v -0.007570916362186208 -0.023300884649231267 -0.015999999999999993
v -0.009375744092944706 -0.022635048546526523 -0.015999999999999993
v -0.011122767243618895 -0.021829659842615017 -0.015999999999999993
v -0.012801214835540751 -0.020889684026675254 -0.015999999999999993
v -0.014400738681165589 -0.019820916362186216 -0.015999999999999993
v -0.015911477184089504 -0.018629946157200757 -0.015999999999999993
v -0.017324116139070412 -0.01732411613907042 -0.015999999999999993
v -0.018629946157200747 -0.01591147718408951 -0.015999999999999993
v -0.01982091636218621 -0.014400738681165598 -0.015999999999999993
v -0.020889684026675254 -0.01280121483554076 -0.015999999999999993
v -0.021829659842615014 -0.011122767243618902 -0.015999999999999993
v -0.02263504854652652 -0.009375744092944715 -0.015999999999999993
v -0.02330088464923126 -0.007570916362186217 -0.015999999999999993
v -0.02382306304974308 -0.005719411414469677 -0.015999999999999993
v -0.024198364344580878 -0.0038326443934856625 -0.015999999999999993
v -0.024424474676461635 -0.0019222478453321964 -0.015999999999999993
v -0.024500000000000004 -6.000769315822032e-18 -0.015999999999999993
v -0.024500000000000004 0 -0.013999999999999993
v -0.024424474676461635 0.0019222478453322013 -0.013999999999999993
v -0.02419836434458088 0.0038326443934856565 -0.013999999999999993
v -0.02382306304974308 0.005719411414469682 -0.013999999999999993
v -0.02330088464923126 0.00757091636218621 -0.013999999999999993
v -0.022635048546526527 0.0093757440929447 -0.013999999999999993
v -0.021829659842615014 0.011122767243618895 -0.013999999999999993
v -0.020889684026675258 0.012801214835540742 -0.013999999999999993
v -0.01982091636218621 0.01440073868116559 -0.013999999999999993
v -0.018629946157200757 0.0159114771840895 -0.013999999999999993
v -0.017324116139070415 0.017324116139070412 -0.013999999999999993
v -0.015911477184089497 0.01862994615720076 -0.013999999999999993
v -0.01440073868116559 0.01982091636218621 -0.013999999999999993
v -0.012801214835540751 0.02088968402667526 -0.013999999999999993
v -0.0111227672436189 0.021829659842615014 -0.013999999999999993
v -0.0093757440929447 0.022635048546526527 -0.013999999999999993
v -0.007570916362186213 0.02330088464923126 -0.013999999999999993
v -0.005719411414469684 0.02382306304974308 -0.013999999999999993
v -0.0038326443934856573 0.02419836434458088 -0.013999999999999993
v -0.0019222478453322026 0.024424474676461635 -0.013999999999999993
v -1.500192328955508e-18 0.024500000000000004 -0.013999999999999993
v 0.0019222478453321994 0.024424474676461635 -0.013999999999999993
v 0.00383264439348566 0.02419836434458087 -0.013999999999999993
v 0.005719411414469675 0.023823063049743076 -0.013999999999999993
v 0.007570916362186209 0.023300884649231263 -0.013999999999999993
v 0.009375744092944699 0.022635048546526527 -0.013999999999999993
v 0.011122767243618895 0.021829659842615014 -0.013999999999999993
v 0.012801214835540742 0.020889684026675258 -0.013999999999999993
v 0.01440073868116559 0.019820916362186216 -0.013999999999999993
v 0.015911477184089497 0.01862994615720076 -0.013999999999999993
v 0.017324116139070412 0.017324116139070415 -0.013999999999999993
v 0.018629946157200754 0.015911477184089504 -0.013999999999999993
v 0.019820916362186213 0.0144007386811656 -0.013999999999999993
v 0.02088968402667526 0.012801214835540751 -0.013999999999999993
v 0.021829659842615014 0.0111227672436189 -0.013999999999999993
v 0.022635048546526527 0.009375744092944702 -0.013999999999999993
v 0.02330088464923126 0.007570916362186215 -0.013999999999999993
v 0.02382306304974308 0.005719411414469686 -0.013999999999999993
v 0.024198364344580878 0.003832644393485659 -0.013999999999999993
v 0.024424474676461635 0.001922247845332204 -0.013999999999999993
v 0.024500000000000004 3.000384657911016e-18 -0.013999999999999993
v 0.02442447467646164 -0.0019222478453321873 -0.013999999999999993
v 0.02419836434458088 -0.003832644393485653 -0.013999999999999993
v 0.02382306304974308 -0.00571941141446968 -0.013999999999999993
v 0.02330088464923126 -0.00757091636218622 -0.013999999999999993
v 0.02263504854652653 -0.009375744092944697 -0.013999999999999993
v 0.02182965984261502 -0.011122767243618884 -0.013999999999999993
v 0.02088968402667526 -0.012801214835540742 -0.013999999999999993
v 0.019820916362186213 -0.01440073868116559 -0.013999999999999993
v 0.018629946157200754 -0.015911477184089504 -0.013999999999999993
v 0.01732411613907042 -0.017324116139070412 -0.013999999999999993
v 0.01591147718408951 -0.01862994615720075 -0.013999999999999993
v 0.014400738681165596 -0.01982091636218621 -0.013999999999999993
v 0.01280121483554076 -0.020889684026675254 -0.013999999999999993
v 0.0111227672436189 -0.021829659842615014 -0.013999999999999993
v 0.009375744092944713 -0.02263504854652652 -0.013999999999999993
v 0.007570916362186215 -0.02330088464923126 -0.013999999999999993
v 0.005719411414469676 -0.02382306304974308 -0.013999999999999993
v 0.0038326443934856604 -0.024198364344580878 -0.013999999999999993
v 0.0019222478453321946 -0.024424474676461635 -0.013999999999999993
v 4.500576986866523e-18 -0.024500000000000004 -0.013999999999999993
v -0.001922247845332186 -0.02442447467646164 -0.013999999999999993
v -0.0038326443934856512 -0.02419836434458088 -0.013999999999999993
v -0.0057194114144696676 -0.023823063049743083 -0.013999999999999993
v -0.007570916362186208 -0.023300884649231267 -0.013999999999999993
v -0.009375744092944706 -0.022635048546526523 -0.013999999999999993
v -0.011122767243618895 -0.021829659842615017 -0.013999999999999993
v -0.012801214835540751 -0.020889684026675254 -0.013999999999999993
v -0.014400738681165589 -0.019820916362186216 -0.013999999999999993
v -0.015911477184089504 -0.018629946157200757 -0.013999999999999993
v -0.017324116139070412 -0.01732411613907042 -0.013999999999999993
v -0.018629946157200747 -0.01591147718408951 -0.013999999999999993
v -0.01982091636218621 -0.014400738681165598 -0.013999999999999993
v -0.020889684026675254 -0.01280121483554076 -0.013999999999999993
v -0.021829659842615014 -0.011122767243618902 -0.013999999999999993
v -0.02263504854652652 -0.009375744092944715 -0.013999999999999993
v -0.02330088464923126 -0.007570916362186217 -0.013999999999999993
v -0.02382306304974308 -0.005719411414469677 -0.013999999999999993
v -0.024198364344580878 -0.0038326443934856625 -0.013999999999999993
v -0.024424474676461635 -0.0019222478453321964 -0.013999999999999993
v -0.024500000000000004 -6.000769315822032e-18 -0.013999999999999993
v -0.02407692307692308 0 -0.011999999999999993
v -0.024062869060282325 0.0018937888661415216 -0.011999999999999993
v -0.023899348890627142 0.0037852849981628075 -0.011999999999999993
v -0.02358628750639773 0.0056625666358428115 -0.011999999999999993
v -0.02312458583552657 0.007513633405191063 -0.011999999999999993
v -0.022516140583228112 0.009326490801872336 -0.011999999999999993
v -0.02176385592637184 0.011089238473616597 -0.011999999999999993
v -0.020871646466444058 0.012790161404414944 -0.011999999999999993
v -0.01982091636218621 0.014400738681165592 -0.011999999999999993
v -0.018629946157200757 0.0159114771840895 -0.011999999999999993
v -0.017324116139070415 0.017324116139070415 -0.011999999999999993
v -0.015911477184089497 0.018629946157200764 -0.011999999999999993
v -0.014400738681165592 0.01982091636218621 -0.011999999999999993
v -0.012801214835540748 0.020889684026675258 -0.011999999999999993
v -0.011122767243618902 0.021829659842615014 -0.011999999999999993
v -0.0093757440929447 0.02263504854652653 -0.011999999999999993
v -0.007570916362186215 0.023300884649231267 -0.011999999999999993
v -0.005719411414469684 0.023823063049743076 -0.011999999999999993
v -0.0038326443934856578 0.024198364344580878 -0.011999999999999993
v -0.0019222478453322022 0.024424474676461635 -0.011999999999999993
v -1.5001923289555076e-18 0.024499999999999997 -0.011999999999999993
v 0.0019222478453321994 0.024424474676461635 -0.011999999999999993
v 0.003832644393485661 0.024198364344580874 -0.011999999999999993
v 0.0057194114144696745 0.023823063049743076 -0.011999999999999993
v 0.007570916362186211 0.023300884649231267 -0.011999999999999993
v 0.009375744092944699 0.02263504854652653 -0.011999999999999993
v 0.011122767243618895 0.021829659842615014 -0.011999999999999993
v 0.012801214835540748 0.020889684026675258 -0.011999999999999993
v 0.014400738681165589 0.019820916362186213 -0.011999999999999993
v 0.015911477184089497 0.018629946157200764 -0.011999999999999993
v 0.017324116139070415 0.017324116139070415 -0.011999999999999993
v 0.018629946157200757 0.015911477184089504 -0.011999999999999993
v 0.01982091636218621 0.014400738681165594 -0.011999999999999993
v 0.020871646466444058 0.012790161404414946 -0.011999999999999993
v 0.02176385592637184 0.011089238473616604 -0.011999999999999993
v 0.022516140583228112 0.00932649080187234 -0.011999999999999993
v 0.02312458583552657 0.007513633405191065 -0.011999999999999993
v 0.02358628750639773 0.005662566635842816 -0.011999999999999993
v 0.023899348890627142 0.00378528499816281 -0.011999999999999993
v 0.024062869060282325 0.0018937888661415246 -0.011999999999999993
v 0.02407692307692308 2.948572677947089e-18 -0.011999999999999993
v 0.023942534856405226 -0.0018843183589069984 -0.011999999999999993
v 0.023704520174283306 -0.0037544271609655376 -0.011999999999999993
v 0.023336878089544242 -0.005602688732541727 -0.011999999999999993
v 0.022825356391083684 -0.007416407864998745 -0.011999999999999993
v 0.02217310878027089 -0.009184402376762152 -0.011999999999999993
v 0.021384156580520834 -0.010895771993749111 -0.011999999999999993
v 0.020463363944498214 -0.012539965553182769 -0.011999999999999993
v 0.01941640786499874 -0.014106846055019353 -0.011999999999999993
v 0.018249743174400736 -0.015586753159924414 -0.011999999999999993
v 0.016970562748477146 -0.01697056274847714 -0.011999999999999993
v 0.01558675315992442 -0.018249743174400736 -0.011999999999999993
v 0.014106846055019358 -0.019416407864998736 -0.011999999999999993
v 0.012539965553182784 -0.020463363944498204 -0.011999999999999993
v 0.010895771993749127 -0.021384156580520827 -0.011999999999999993
v 0.009184402376762168 -0.022173108780270876 -0.011999999999999993
v 0.007416407864998742 -0.022825356391083684 -0.011999999999999993
v 0.005602688732541723 -0.023336878089544242 -0.011999999999999993
v 0.003754427160965545 -0.0237045201742833 -0.011999999999999993
v 0.0018830182974682724 -0.023926016009595073 -0.011999999999999993
v 4.408728476930471e-18 -0.024 -0.011999999999999993
v -0.0018830182974682638 -0.02392601600959507 -0.011999999999999993
v -0.0037544271609655363 -0.023704520174283306 -0.011999999999999993
v -0.005602688732541714 -0.02333687808954424 -0.011999999999999993
v -0.007416407864998734 -0.02282535639108369 -0.011999999999999993
v -0.009184402376762161 -0.02217310878027088 -0.011999999999999993
v -0.010895771993749118 -0.021384156580520834 -0.011999999999999993
v -0.012539965553182778 -0.02046336394449821 -0.011999999999999993
v -0.01410684605501935 -0.019416407864998743 -0.011999999999999993
v -0.015586753159924414 -0.01824974317440074 -0.011999999999999993
v -0.016970562748477136 -0.016970562748477146 -0.011999999999999993
v -0.018249743174400732 -0.01558675315992442 -0.011999999999999993
v -0.019416407864998736 -0.014106846055019362 -0.011999999999999993
v -0.020463363944498204 -0.01253996555318279 -0.011999999999999993
v -0.021384156580520827 -0.010895771993749127 -0.011999999999999993
v -0.022173108780270876 -0.00918440237676217 -0.011999999999999993
v -0.022825356391083684 -0.007416407864998742 -0.011999999999999993
v -0.023336878089544242 -0.005602688732541725 -0.011999999999999993
v -0.0237045201742833 -0.0037544271609655467 -0.011999999999999993
v -0.023942534856405222 -0.0018843183589070073 -0.011999999999999993
v -0.024076923076923076 -5.897145355894178e-18 -0.011999999999999993
v -0.023230769230769232 0 -0.009999999999999993
v -0.0233396578279237 0.0018368709077601622 -0.009999999999999993
v -0.023301317982719682 0.0036905662075171096 -0.009999999999999993
v -0.02311273641970704 0.00554887707858907 -0.009999999999999993
v -0.02277198820811719 0.007399067491200762 -0.009999999999999993
v -0.022278324656631293 0.009227984219727607 -0.009999999999999993
v -0.02163224809388549 0.011022180933612001 -0.009999999999999993
v -0.020835571345981647 0.012768054542163332 -0.009999999999999993
v -0.019820916362186213 0.014400738681165592 -0.009999999999999993
v -0.018629946157200757 0.015911477184089497 -0.009999999999999993
v -0.01732411613907042 0.017324116139070412 -0.009999999999999993
v -0.015911477184089497 0.01862994615720076 -0.009999999999999993
v -0.014400738681165592 0.019820916362186213 -0.009999999999999993
v -0.012801214835540748 0.020889684026675258 -0.009999999999999993
v -0.011122767243618898 0.021829659842615014 -0.009999999999999993
v -0.0093757440929447 0.022635048546526527 -0.009999999999999993
v -0.007570916362186214 0.023300884649231263 -0.009999999999999993
v -0.005719411414469684 0.023823063049743073 -0.009999999999999993
v -0.003832644393485658 0.024198364344580878 -0.009999999999999993
v -0.0019222478453322024 0.024424474676461635 -0.009999999999999993
v -1.5001923289555078e-18 0.0245 -0.009999999999999993
v 0.0019222478453321996 0.024424474676461635 -0.009999999999999993
v 0.0038326443934856604 0.02419836434458087 -0.009999999999999993
v 0.005719411414469675 0.023823063049743076 -0.009999999999999993
v 0.00757091636218621 0.023300884649231263 -0.009999999999999993
v 0.009375744092944699 0.022635048546526527 -0.009999999999999993
v 0.011122767243618896 0.021829659842615014 -0.009999999999999993
v 0.012801214835540746 0.02088968402667526 -0.009999999999999993
v 0.01440073868116559 0.019820916362186216 -0.009999999999999993
v 0.015911477184089497 0.01862994615720076 -0.009999999999999993
v 0.017324116139070412 0.01732411613907042 -0.009999999999999993
v 0.018629946157200757 0.015911477184089504 -0.009999999999999993
v 0.019820916362186213 0.014400738681165596 -0.009999999999999993
v 0.020835571345981643 0.012768054542163336 -0.009999999999999993
v 0.021632248093885486 0.011022180933612007 -0.009999999999999993
v 0.022278324656631293 0.009227984219727611 -0.009999999999999993
v 0.02277198820811719 0.0073990674912007654 -0.009999999999999993
v 0.02311273641970704 0.005548877078589073 -0.009999999999999993
v 0.02330131798271968 0.0036905662075171117 -0.009999999999999993
v 0.0233396578279237 0.0018368709077601652 -0.009999999999999993
v 0.023230769230769232 2.844948718019236e-18 -0.009999999999999993
v 0.022978655216292405 -0.001808459386056621 -0.009999999999999993
v 0.02271683183368817 -0.0035979926959253073 -0.009999999999999993
v 0.022364508169146567 -0.0053692433686858216 -0.009999999999999993
v 0.021874299874788533 -0.007107390870623798 -0.009999999999999993
v 0.021249229247759596 -0.008801718944397062 -0.009999999999999993
v 0.020493150056332468 -0.010441781494009563 -0.009999999999999993
v 0.019610723780144123 -0.01201746698846682 -0.009999999999999993
v 0.01860739087062379 -0.013519060802726881 -0.009999999999999993
v 0.017489337208800707 -0.014937305111594228 -0.009999999999999993
v 0.016263455967290598 -0.01626345596729059 -0.009999999999999993
v 0.014937305111594234 -0.017489337208800703 -0.009999999999999993
v 0.013519060802726886 -0.01860739087062379 -0.009999999999999993
v 0.012017466988466837 -0.019610723780144113 -0.009999999999999993
v 0.010441781494009579 -0.020493150056332458 -0.009999999999999993
v 0.008801718944397078 -0.02124922924775959 -0.009999999999999993
v 0.007107390870623793 -0.021874299874788533 -0.009999999999999993
v 0.005369243368685818 -0.022364508169146567 -0.009999999999999993
v 0.003597992695925314 -0.022716831833688167 -0.009999999999999993
v 0.0018045592017404276 -0.022929098675861945 -0.009999999999999993
v 4.2250314570583685e-18 -0.023 -0.009999999999999993
v -0.0018045592017404194 -0.022929098675861945 -0.009999999999999993
v -0.0035979926959253056 -0.02271683183368817 -0.009999999999999993
v -0.005369243368685809 -0.022364508169146567 -0.009999999999999993
v -0.0071073908706237865 -0.021874299874788533 -0.009999999999999993
v -0.00880171894439707 -0.021249229247759592 -0.009999999999999993
v -0.010441781494009572 -0.020493150056332465 -0.009999999999999993
v -0.012017466988466827 -0.019610723780144116 -0.009999999999999993
v -0.013519060802726877 -0.018607390870623793 -0.009999999999999993
v -0.014937305111594228 -0.01748933720880071 -0.009999999999999993
v -0.016263455967290587 -0.016263455967290598 -0.009999999999999993
v -0.0174893372088007 -0.014937305111594234 -0.009999999999999993
v -0.01860739087062379 -0.013519060802726888 -0.009999999999999993
v -0.019610723780144113 -0.012017466988466837 -0.009999999999999993
v -0.020493150056332458 -0.01044178149400958 -0.009999999999999993
v -0.02124922924775959 -0.00880171894439708 -0.009999999999999993
v -0.021874299874788533 -0.007107390870623795 -0.009999999999999993
v -0.022364508169146567 -0.005369243368685821 -0.009999999999999993
v -0.022716831833688167 -0.0035979926959253156 -0.009999999999999993
v -0.022978655216292398 -0.0018084593860566293 -0.009999999999999993
v -0.02323076923076923 -5.689897436038471e-18 -0.009999999999999993
v -0.02407692307692308 0 -0.007999999999999993
v -0.024062869060282325 0.0018937888661415216 -0.007999999999999993
v -0.023899348890627142 0.0037852849981628075 -0.007999999999999993
v -0.02358628750639773 0.0056625666358428115 -0.007999999999999993
v -0.02312458583552657 0.007513633405191063 -0.007999999999999993
v -0.022516140583228112 0.009326490801872336 -0.007999999999999993
v -0.02176385592637184 0.011089238473616597 -0.007999999999999993
v -0.020871646466444058 0.012790161404414944 -0.007999999999999993
v -0.01982091636218621 0.014400738681165592 -0.007999999999999993
v -0.018629946157200757 0.0159114771840895 -0.007999999999999993
v -0.017324116139070415 0.017324116139070415 -0.007999999999999993
v -0.015911477184089497 0.018629946157200764 -0.007999999999999993
v -0.014400738681165592 0.01982091636218621 -0.007999999999999993
v -0.012801214835540748 0.020889684026675258 -0.007999999999999993
v -0.011122767243618902 0.021829659842615014 -0.007999999999999993
v -0.0093757440929447 0.02263504854652653 -0.007999999999999993
v -0.007570916362186215 0.023300884649231267 -0.007999999999999993
v -0.005719411414469684 0.023823063049743076 -0.007999999999999993
v -0.0038326443934856578 0.024198364344580878 -0.007999999999999993
v -0.0019222478453322022 0.024424474676461635 -0.007999999999999993
v -1.5001923289555076e-18 0.024499999999999997 -0.007999999999999993
v 0.0019222478453321994 0.024424474676461635 -0.007999999999999993
v 0.003832644393485661 0.024198364344580874 -0.007999999999999993
v 0.0057194114144696745 0.023823063049743076 -0.007999999999999993
v 0.007570916362186211 0.023300884649231267 -0.007999999999999993
v 0.009375744092944699 0.02263504854652653 -0.007999999999999993
v 0.011122767243618895 0.021829659842615014 -0.007999999999999993
v 0.012801214835540748 0.020889684026675258 -0.007999999999999993
v 0.014400738681165589 0.019820916362186213 -0.007999999999999993
v 0.015911477184089497 0.018629946157200764 -0.007999999999999993
v 0.017324116139070415 0.017324116139070415 -0.007999999999999993
v 0.018629946157200757 0.015911477184089504 -0.007999999999999993
v 0.01982091636218621 0.014400738681165594 -0.007999999999999993
v 0.020871646466444058 0.012790161404414946 -0.007999999999999993
v 0.02176385592637184 0.011089238473616604 -0.007999999999999993
v 0.022516140583228112 0.00932649080187234 -0.007999999999999993
v 0.02312458583552657 0.007513633405191065 -0.007999999999999993
v 0.02358628750639773 0.005662566635842816 -0.007999999999999993
v 0.023899348890627142 0.00378528499816281 -0.007999999999999993
v 0.024062869060282325 0.0018937888661415246 -0.007999999999999993
v 0.02407692307692308 2.948572677947089e-18 -0.007999999999999993
v 0.023942534856405226 -0.0018843183589069984 -0.007999999999999993
v 0.023704520174283306 -0.0037544271609655376 -0.007999999999999993
v 0.023336878089544242 -0.005602688732541727 -0.007999999999999993
v 0.022825356391083684 -0.007416407864998745 -0.007999999999999993
v 0.02217310878027089 -0.009184402376762152 -0.007999999999999993
v 0.021384156580520834 -0.010895771993749111 -0.007999999999999993
v 0.020463363944498214 -0.012539965553182769 -0.007999999999999993
v 0.01941640786499874 -0.014106846055019353 -0.007999999999999993
v 0.018249743174400736 -0.015586753159924414 -0.007999999999999993
v 0.016970562748477146 -0.01697056274847714 -0.007999999999999993
v 0.01558675315992442 -0.018249743174400736 -0.007999999999999993
v 0.014106846055019358 -0.019416407864998736 -0.007999999999999993
v 0.012539965553182784 -0.020463363944498204 -0.007999999999999993
v 0.010895771993749127 -0.021384156580520827 -0.007999999999999993
v 0.009184402376762168 -0.022173108780270876 -0.007999999999999993
v 0.007416407864998742 -0.022825356391083684 -0.007999999999999993
v 0.005602688732541723 -0.023336878089544242 -0.007999999999999993
v 0.003754427160965545 -0.0237045201742833 -0.007999999999999993
v 0.0018830182974682724 -0.023926016009595073 -0.007999999999999993
v 4.408728476930471e-18 -0.024 -0.007999999999999993
v -0.0018830182974682638 -0.02392601600959507 -0.007999999999999993
v -0.0037544271609655363 -0.023704520174283306 -0.007999999999999993
v -0.005602688732541714 -0.02333687808954424 -0.007999999999999993
v -0.007416407864998734 -0.02282535639108369 -0.007999999999999993
v -0.009184402376762161 -0.02217310878027088 -0.007999999999999993
v -0.010895771993749118 -0.021384156580520834 -0.007999999999999993
v -0.012539965553182778 -0.02046336394449821 -0.007999999999999993
v -0.01410684605501935 -0.019416407864998743 -0.007999999999999993
v -0.015586753159924414 -0.01824974317440074 -0.007999999999999993
v -0.016970562748477136 -0.016970562748477146 -0.007999999999999993
v -0.018249743174400732 -0.01558675315992442 -0.007999999999999993
v -0.019416407864998736 -0.014106846055019362 -0.007999999999999993
v -0.020463363944498204 -0.01253996555318279 -0.007999999999999993
v -0.021384156580520827 -0.010895771993749127 -0.007999999999999993
v -0.022173108780270876 -0.00918440237676217 -0.007999999999999993
v -0.022825356391083684 -0.007416407864998742 -0.007999999999999993
v -0.023336878089544242 -0.005602688732541725 -0.007999999999999993
v -0.0237045201742833 -0.0037544271609655467 -0.007999999999999993
v -0.023942534856405222 -0.0018843183589070073 -0.007999999999999993
v -0.024076923076923076 -5.897145355894178e-18 -0.007999999999999993
v -0.024500000000000004 0 -0.005999999999999993
v -0.024424474676461635 0.0019222478453322013 -0.005999999999999993
v -0.02419836434458088 0.0038326443934856565 -0.005999999999999993
v -0.02382306304974308 0.005719411414469682 -0.005999999999999993
v -0.02330088464923126 0.00757091636218621 -0.005999999999999993
v -0.022635048546526527 0.0093757440929447 -0.005999999999999993
v -0.021829659842615014 0.011122767243618895 -0.005999999999999993
v -0.020889684026675258 0.012801214835540742 -0.005999999999999993
v -0.01982091636218621 0.01440073868116559 -0.005999999999999993
v -0.018629946157200757 0.0159114771840895 -0.005999999999999993
v -0.017324116139070415 0.017324116139070412 -0.005999999999999993
v -0.015911477184089497 0.01862994615720076 -0.005999999999999993
v -0.01440073868116559 0.01982091636218621 -0.005999999999999993
v -0.012801214835540751 0.02088968402667526 -0.005999999999999993
v -0.0111227672436189 0.021829659842615014 -0.005999999999999993
v -0.0093757440929447 0.022635048546526527 -0.005999999999999993
v -0.007570916362186213 0.02330088464923126 -0.005999999999999993
v -0.005719411414469684 0.02382306304974308 -0.005999999999999993
v -0.0038326443934856573 0.02419836434458088 -0.005999999999999993
v -0.0019222478453322026 0.024424474676461635 -0.005999999999999993
v -1.500192328955508e-18 0.024500000000000004 -0.005999999999999993
v 0.0019222478453321994 0.024424474676461635 -0.005999999999999993
v 0.00383264439348566 0.02419836434458087 -0.005999999999999993
v 0.005719411414469675 0.023823063049743076 -0.005999999999999993
v 0.007570916362186209 0.023300884649231263 -0.005999999999999993
v 0.009375744092944699 0.022635048546526527 -0.005999999999999993
v 0.011122767243618895 0.021829659842615014 -0.005999999999999993
v 0.012801214835540742 0.020889684026675258 -0.005999999999999993
v 0.01440073868116559 0.019820916362186216 -0.005999999999999993
v 0.015911477184089497 0.01862994615720076 -0.005999999999999993
v 0.017324116139070412 0.017324116139070415 -0.005999999999999993
v 0.018629946157200754 0.015911477184089504 -0.005999999999999993
v 0.019820916362186213 0.0144007386811656 -0.005999999999999993
v 0.02088968402667526 0.012801214835540751 -0.005999999999999993
v 0.021829659842615014 0.0111227672436189 -0.005999999999999993
v 0.022635048546526527 0.009375744092944702 -0.005999999999999993
v 0.02330088464923126 0.007570916362186215 -0.005999999999999993
v 0.02382306304974308 0.005719411414469686 -0.005999999999999993
v 0.024198364344580878 0.003832644393485659 -0.005999999999999993
v 0.024424474676461635 0.001922247845332204 -0.005999999999999993
v 0.024500000000000004 3.000384657911016e-18 -0.005999999999999993
v 0.02442447467646164 -0.0019222478453321873 -0.005999999999999993
v 0.02419836434458088 -0.003832644393485653 -0.005999999999999993
v 0.02382306304974308 -0.00571941141446968 -0.005999999999999993
v 0.02330088464923126 -0.00757091636218622 -0.005999999999999993
v 0.02263504854652653 -0.009375744092944697 -0.005999999999999993
v 0.02182965984261502 -0.011122767243618884 -0.005999999999999993
v 0.02088968402667526 -0.012801214835540742 -0.005999999999999993
v 0.019820916362186213 -0.01440073868116559 -0.005999999999999993
v 0.018629946157200754 -0.015911477184089504 -0.005999999999999993
v 0.01732411613907042 -0.017324116139070412 -0.005999999999999993
v 0.01591147718408951 -0.01862994615720075 -0.005999999999999993
v 0.014400738681165596 -0.01982091636218621 -0.005999999999999993
v 0.01280121483554076 -0.020889684026675254 -0.005999999999999993
v 0.0111227672436189 -0.021829659842615014 -0.005999999999999993
v 0.009375744092944713 -0.02263504854652652 -0.005999999999999993
v 0.007570916362186215 -0.02330088464923126 -0.005999999999999993
v 0.005719411414469676 -0.02382306304974308 -0.005999999999999993
v 0.0038326443934856604 -0.024198364344580878 -0.005999999999999993
v 0.0019222478453321946 -0.024424474676461635 -0.005999999999999993
v 4.500576986866523e-18 -0.024500000000000004 -0.005999999999999993
v -0.001922247845332186 -0.02442447467646164 -0.005999999999999993
v -0.0038326443934856512 -0.02419836434458088 -0.005999999999999993
v -0.0057194114144696676 -0.023823063049743083 -0.005999999999999993
v -0.007570916362186208 -0.023300884649231267 -0.005999999999999993
v -0.009375744092944706 -0.022635048546526523 -0.005999999999999993
v -0.011122767243618895 -0.021829659842615017 -0.005999999999999993
v -0.012801214835540751 -0.020889684026675254 -0.005999999999999993
v -0.014400738681165589 -0.019820916362186216 -0.005999999999999993
v -0.015911477184089504 -0.018629946157200757 -0.005999999999999993
v -0.017324116139070412 -0.01732411613907042 -0.005999999999999993
v -0.018629946157200747 -0.01591147718408951 -0.005999999999999993
v -0.01982091636218621 -0.014400738681165598 -0.005999999999999993
v -0.020889684026675254 -0.01280121483554076 -0.005999999999999993
v -0.021829659842615014 -0.011122767243618902 -0.005999999999999993
v -0.02263504854652652 -0.009375744092944715 -0.005999999999999993
v -0.02330088464923126 -0.007570916362186217 -0.005999999999999993
v -0.02382306304974308 -0.005719411414469677 -0.005999999999999993
v -0.024198364344580878 -0.0038326443934856625 -0.005999999999999993
v -0.024424474676461635 -0.0019222478453321964 -0.005999999999999993
v -0.024500000000000004 -6.000769315822032e-18 -0.005999999999999993
v -0.024500000000000004 0 -0.004599999999999993
v -0.024424474676461635 0.0019222478453322013 -0.004599999999999993
v -0.02419836434458088 0.0038326443934856565 -0.004599999999999993
v -0.02382306304974308 0.005719411414469682 -0.004599999999999993
v -0.02330088464923126 0.00757091636218621 -0.004599999999999993
v -0.022635048546526527 0.0093757440929447 -0.004599999999999993
v -0.021829659842615014 0.011122767243618895 -0.004599999999999993
v -0.020889684026675258 0.012801214835540742 -0.004599999999999993
v -0.01982091636218621 0.01440073868116559 -0.004599999999999993
v -0.018629946157200757 0.0159114771840895 -0.004599999999999993
v -0.017324116139070415 0.017324116139070412 -0.004599999999999993
v -0.015911477184089497 0.01862994615720076 -0.004599999999999993
v -0.01440073868116559 0.01982091636218621 -0.004599999999999993
v -0.012801214835540751 0.02088968402667526 -0.004599999999999993
v -0.0111227672436189 0.021829659842615014 -0.004599999999999993
v -0.0093757440929447 0.022635048546526527 -0.004599999999999993
v -0.007570916362186213 0.02330088464923126 -0.004599999999999993
v -0.005719411414469684 0.02382306304974308 -0.004599999999999993
v -0.0038326443934856573 0.02419836434458088 -0.004599999999999993
v -0.0019222478453322026 0.024424474676461635 -0.004599999999999993
v -1.500192328955508e-18 0.024500000000000004 -0.004599999999999993
v 0.0019222478453321994 0.024424474676461635 -0.004599999999999993
v 0.00383264439348566 0.02419836434458087 -0.004599999999999993
v 0.005719411414469675 0.023823063049743076 -0.004599999999999993
v 0.007570916362186209 0.023300884649231263 -0.004599999999999993
v 0.009375744092944699 0.022635048546526527 -0.004599999999999993
v 0.011122767243618895 0.021829659842615014 -0.004599999999999993
v 0.012801214835540742 0.020889684026675258 -0.004599999999999993
v 0.01440073868116559 0.019820916362186216 -0.004599999999999993
v 0.015911477184089497 0.01862994615720076 -0.004599999999999993
v 0.017324116139070412 0.017324116139070415 -0.004599999999999993
v 0.018629946157200754 0.015911477184089504 -0.004599999999999993
v 0.019820916362186213 0.0144007386811656 -0.004599999999999993
v 0.02088968402667526 0.012801214835540751 -0.004599999999999993
v 0.021829659842615014 0.0111227672436189 -0.004599999999999993
v 0.022635048546526527 0.009375744092944702 -0.004599999999999993
v 0.02330088464923126 0.007570916362186215 -0.004599999999999993
v 0.02382306304974308 0.005719411414469686 -0.004599999999999993
v 0.024198364344580878 0.003832644393485659 -0.004599999999999993
v 0.024424474676461635 0.001922247845332204 -0.004599999999999993
v 0.024500000000000004 3.000384657911016e-18 -0.004599999999999993
v 0.02442447467646164 -0.0019222478453321873 -0.004599999999999993
v 0.02419836434458088 -0.003832644393485653 -0.004599999999999993
v 0.02382306304974308 -0.00571941141446968 -0.004599999999999993
v 0.02330088464923126 -0.00757091636218622 -0.004599999999999993
v 0.02263504854652653 -0.009375744092944697 -0.004599999999999993
v 0.02182965984261502 -0.011122767243618884 -0.004599999999999993
v 0.02088968402667526 -0.012801214835540742 -0.004599999999999993
v 0.019820916362186213 -0.01440073868116559 -0.004599999999999993
v 0.018629946157200754 -0.015911477184089504 -0.004599999999999993
v 0.01732411613907042 -0.017324116139070412 -0.004599999999999993
v 0.01591147718408951 -0.01862994615720075 -0.004599999999999993
v 0.014400738681165596 -0.01982091636218621 -0.004599999999999993
v 0.01280121483554076 -0.020889684026675254 -0.004599999999999993
v 0.0111227672436189 -0.021829659842615014 -0.004599999999999993
v 0.009375744092944713 -0.02263504854652652 -0.004599999999999993
v 0.007570916362186215 -0.02330088464923126 -0.004599999999999993
v 0.005719411414469676 -0.02382306304974308 -0.004599999999999993
v 0.0038326443934856604 -0.024198364344580878 -0.004599999999999993
v 0.0019222478453321946 -0.024424474676461635 -0.004599999999999993
v 4.500576986866523e-18 -0.024500000000000004 -0.004599999999999993
v -0.001922247845332186 -0.02442447467646164 -0.004599999999999993
v -0.0038326443934856512 -0.02419836434458088 -0.004599999999999993
v -0.0057194114144696676 -0.023823063049743083 -0.004599999999999993
v -0.007570916362186208 -0.023300884649231267 -0.004599999999999993
v -0.009375744092944706 -0.022635048546526523 -0.004599999999999993
v -0.011122767243618895 -0.021829659842615017 -0.004599999999999993
v -0.012801214835540751 -0.020889684026675254 -0.004599999999999993
v -0.014400738681165589 -0.019820916362186216 -0.004599999999999993
v -0.015911477184089504 -0.018629946157200757 -0.004599999999999993
v -0.017324116139070412 -0.01732411613907042 -0.004599999999999993
v -0.018629946157200747 -0.01591147718408951 -0.004599999999999993
v -0.01982091636218621 -0.014400738681165598 -0.004599999999999993
v -0.020889684026675254 -0.01280121483554076 -0.004599999999999993
v -0.021829659842615014 -0.011122767243618902 -0.004599999999999993
v -0.02263504854652652 -0.009375744092944715 -0.004599999999999993
v -0.02330088464923126 -0.007570916362186217 -0.004599999999999993
v -0.02382306304974308 -0.005719411414469677 -0.004599999999999993
v -0.024198364344580878 -0.0038326443934856625 -0.004599999999999993
v -0.024424474676461635 -0.0019222478453321964 -0.004599999999999993
v -0.024500000000000004 -6.000769315822032e-18 -0.004599999999999993
v -0.024500000000000004 0 -0.002599999999999993
v -0.024424474676461635 0.0019222478453322013 -0.002599999999999993
v -0.02419836434458088 0.0038326443934856565 -0.002599999999999993
v -0.02382306304974308 0.005719411414469682 -0.002599999999999993
v -0.02330088464923126 0.00757091636218621 -0.002599999999999993
v -0.022635048546526527 0.0093757440929447 -0.002599999999999993
v -0.021829659842615014 0.011122767243618895 -0.002599999999999993
v -0.020889684026675258 0.012801214835540742 -0.002599999999999993
v -0.01982091636218621 0.01440073868116559 -0.002599999999999993
v -0.018629946157200757 0.0159114771840895 -0.002599999999999993
v -0.017324116139070415 0.017324116139070412 -0.002599999999999993
v -0.015911477184089497 0.01862994615720076 -0.002599999999999993
v -0.01440073868116559 0.01982091636218621 -0.002599999999999993
v -0.012801214835540751 0.02088968402667526 -0.002599999999999993
v -0.0111227672436189 0.021829659842615014 -0.002599999999999993
v -0.0093757440929447 0.022635048546526527 -0.002599999999999993
v -0.007570916362186213 0.02330088464923126 -0.002599999999999993
v -0.005719411414469684 0.02382306304974308 -0.002599999999999993
v -0.0038326443934856573 0.02419836434458088 -0.002599999999999993
v -0.0019222478453322026 0.024424474676461635 -0.002599999999999993
v -1.500192328955508e-18 0.024500000000000004 -0.002599999999999993
v 0.0019222478453321994 0.024424474676461635 -0.002599999999999993
v 0.00383264439348566 0.02419836434458087 -0.002599999999999993
v 0.005719411414469675 0.023823063049743076 -0.002599999999999993
v 0.007570916362186209 0.023300884649231263 -0.002599999999999993
v 0.009375744092944699 0.022635048546526527 -0.002599999999999993
v 0.011122767243618895 0.021829659842615014 -0.002599999999999993
v 0.012801214835540742 0.020889684026675258 -0.002599999999999993
v 0.01440073868116559 0.019820916362186216 -0.002599999999999993
v 0.015911477184089497 0.01862994615720076 -0.002599999999999993
v 0.017324116139070412 0.017324116139070415 -0.002599999999999993
v 0.018629946157200754 0.015911477184089504 -0.002599999999999993
v 0.019820916362186213 0.0144007386811656 -0.002599999999999993
v 0.02088968402667526 0.012801214835540751 -0.002599999999999993
v 0.021829659842615014 0.0111227672436189 -0.002599999999999993
v 0.022635048546526527 0.009375744092944702 -0.002599999999999993
v 0.02330088464923126 0.007570916362186215 -0.002599999999999993
v 0.02382306304974308 0.005719411414469686 -0.002599999999999993
v 0.024198364344580878 0.003832644393485659 -0.002599999999999993
v 0.024424474676461635 0.001922247845332204 -0.002599999999999993
v 0.024500000000000004 3.000384657911016e-18 -0.002599999999999993
v 0.02442447467646164 -0.0019222478453321873 -0.002599999999999993
v 0.02419836434458088 -0.003832644393485653 -0.002599999999999993
v 0.02382306304974308 -0.00571941141446968 -0.002599999999999993
v 0.02330088464923126 -0.00757091636218622 -0.002599999999999993
v 0.02263504854652653 -0.009375744092944697 -0.002599999999999993
v 0.02182965984261502 -0.011122767243618884 -0.002599999999999993
v 0.02088968402667526 -0.012801214835540742 -0.002599999999999993
v 0.019820916362186213 -0.01440073868116559 -0.002599999999999993
v 0.018629946157200754 -0.015911477184089504 -0.002599999999999993
v 0.01732411613907042 -0.017324116139070412 -0.002599999999999993
v 0.01591147718408951 -0.01862994615720075 -0.002599999999999993
v 0.014400738681165596 -0.01982091636218621 -0.002599999999999993
v 0.01280121483554076 -0.020889684026675254 -0.002599999999999993
v 0.0111227672436189 -0.021829659842615014 -0.002599999999999993
v 0.009375744092944713 -0.02263504854652652 -0.002599999999999993
v 0.007570916362186215 -0.02330088464923126 -0.002599999999999993
v 0.005719411414469676 -0.02382306304974308 -0.002599999999999993
v 0.0038326443934856604 -0.024198364344580878 -0.002599999999999993
v 0.0019222478453321946 -0.024424474676461635 -0.002599999999999993
v 4.500576986866523e-18 -0.024500000000000004 -0.002599999999999993
v -0.001922247845332186 -0.02442447467646164 -0.002599999999999993
v -0.0038326443934856512 -0.02419836434458088 -0.002599999999999993
v -0.0057194114144696676 -0.023823063049743083 -0.002599999999999993
v -0.007570916362186208 -0.023300884649231267 -0.002599999999999993
v -0.009375744092944706 -0.022635048546526523 -0.002599999999999993
v -0.011122767243618895 -0.021829659842615017 -0.002599999999999993
v -0.012801214835540751 -0.020889684026675254 -0.002599999999999993
v -0.014400738681165589 -0.019820916362186216 -0.002599999999999993
v -0.015911477184089504 -0.018629946157200757 -0.002599999999999993
v -0.017324116139070412 -0.01732411613907042 -0.002599999999999993
v -0.018629946157200747 -0.01591147718408951 -0.002599999999999993
v -0.01982091636218621 -0.014400738681165598 -0.002599999999999993
v -0.020889684026675254 -0.01280121483554076 -0.002599999999999993
v -0.021829659842615014 -0.011122767243618902 -0.002599999999999993
v -0.02263504854652652 -0.009375744092944715 -0.002599999999999993
v -0.02330088464923126 -0.007570916362186217 -0.002599999999999993
v -0.02382306304974308 -0.005719411414469677 -0.002599999999999993
v -0.024198364344580878 -0.0038326443934856625 -0.002599999999999993
v -0.024424474676461635 -0.0019222478453321964 -0.002599999999999993
v -0.024500000000000004 -6.000769315822032e-18 -0.002599999999999993
v -0.02407692307692308 0 -0.0005999999999999929
v -0.024062869060282325 0.0018937888661415216 -0.0005999999999999929
v -0.023899348890627142 0.0037852849981628075 -0.0005999999999999929
v -0.02358628750639773 0.0056625666358428115 -0.0005999999999999929
v -0.02312458583552657 0.007513633405191063 -0.0005999999999999929
v -0.022516140583228112 0.009326490801872336 -0.0005999999999999929
v -0.02176385592637184 0.011089238473616597 -0.0005999999999999929
v -0.020871646466444058 0.012790161404414944 -0.0005999999999999929
v -0.01982091636218621 0.014400738681165592 -0.0005999999999999929
v -0.018629946157200757 0.0159114771840895 -0.0005999999999999929
v -0.017324116139070415 0.017324116139070415 -0.0005999999999999929
v -0.015911477184089497 0.018629946157200764 -0.0005999999999999929
v -0.014400738681165592 0.01982091636218621 -0.0005999999999999929
v -0.012801214835540748 0.020889684026675258 -0.0005999999999999929
v -0.011122767243618902 0.021829659842615014 -0.0005999999999999929
v -0.0093757440929447 0.02263504854652653 -0.0005999999999999929
v -0.007570916362186215 0.023300884649231267 -0.0005999999999999929
v -0.005719411414469684 0.023823063049743076 -0.0005999999999999929
v -0.0038326443934856578 0.024198364344580878 -0.0005999999999999929
v -0.0019222478453322022 0.024424474676461635 -0.0005999999999999929
v -1.5001923289555076e-18 0.024499999999999997 -0.0005999999999999929
v 0.0019222478453321994 0.024424474676461635 -0.0005999999999999929
v 0.003832644393485661 0.024198364344580874 -0.0005999999999999929
v 0.0057194114144696745 0.023823063049743076 -0.0005999999999999929
v 0.007570916362186211 0.023300884649231267 -0.0005999999999999929
v 0.009375744092944699 0.02263504854652653 -0.0005999999999999929
v 0.011122767243618895 0.021829659842615014 -0.0005999999999999929
v 0.012801214835540748 0.020889684026675258 -0.0005999999999999929
v 0.014400738681165589 0.019820916362186213 -0.0005999999999999929
v 0.015911477184089497 0.018629946157200764 -0.0005999999999999929
v 0.017324116139070415 0.017324116139070415 -0.0005999999999999929
v 0.018629946157200757 0.015911477184089504 -0.0005999999999999929
v 0.01982091636218621 0.014400738681165594 -0.0005999999999999929
v 0.020871646466444058 0.012790161404414946 -0.0005999999999999929
v 0.02176385592637184 0.011089238473616604 -0.0005999999999999929
v 0.022516140583228112 0.00932649080187234 -0.0005999999999999929
v 0.02312458583552657 0.007513633405191065 -0.0005999999999999929
v 0.02358628750639773 0.005662566635842816 -0.0005999999999999929
v 0.023899348890627142 0.00378528499816281 -0.0005999999999999929
v 0.024062869060282325 0.0018937888661415246 -0.0005999999999999929
v 0.02407692307692308 2.948572677947089e-18 -0.0005999999999999929
v 0.023942534856405226 -0.0018843183589069984 -0.0005999999999999929
v 0.023704520174283306 -0.0037544271609655376 -0.0005999999999999929
v 0.023336878089544242 -0.005602688732541727 -0.0005999999999999929
v 0.022825356391083684 -0.007416407864998745 -0.0005999999999999929
v 0.02217310878027089 -0.009184402376762152 -0.0005999999999999929
v 0.021384156580520834 -0.010895771993749111 -0.0005999999999999929
v 0.020463363944498214 -0.012539965553182769 -0.0005999999999999929
v 0.01941640786499874 -0.014106846055019353 -0.0005999999999999929
v 0.018249743174400736 -0.015586753159924414 -0.0005999999999999929
v 0.016970562748477146 -0.01697056274847714 -0.0005999999999999929
v 0.01558675315992442 -0.018249743174400736 -0.0005999999999999929
v 0.014106846055019358 -0.019416407864998736 -0.0005999999999999929
v 0.012539965553182784 -0.020463363944498204 -0.0005999999999999929
v 0.010895771993749127 -0.021384156580520827 -0.0005999999999999929
v 0.009184402376762168 -0.022173108780270876 -0.0005999999999999929
v 0.007416407864998742 -0.022825356391083684 -0.0005999999999999929
v 0.005602688732541723 -0.023336878089544242 -0.0005999999999999929
v 0.003754427160965545 -0.0237045201742833 -0.0005999999999999929
v 0.0018830182974682724 -0.023926016009595073 -0.0005999999999999929
v 4.408728476930471e-18 -0.024 -0.0005999999999999929
v -0.0018830182974682638 -0.02392601600959507 -0.0005999999999999929
v -0.0037544271609655363 -0.023704520174283306 -0.0005999999999999929
v -0.005602688732541714 -0.02333687808954424 -0.0005999999999999929
v -0.007416407864998734 -0.02282535639108369 -0.0005999999999999929
v -0.009184402376762161 -0.02217310878027088 -0.0005999999999999929
v -0.010895771993749118 -0.021384156580520834 -0.0005999999999999929
v -0.012539965553182778 -0.02046336394449821 -0.0005999999999999929
v -0.01410684605501935 -0.019416407864998743 -0.0005999999999999929
v -0.015586753159924414 -0.01824974317440074 -0.0005999999999999929
v -0.016970562748477136 -0.016970562748477146 -0.0005999999999999929
v -0.018249743174400732 -0.01558675315992442 -0.0005999999999999929
v -0.019416407864998736 -0.014106846055019362 -0.0005999999999999929
v -0.020463363944498204 -0.01253996555318279 -0.0005999999999999929
v -0.021384156580520827 -0.010895771993749127 -0.0005999999999999929
v -0.022173108780270876 -0.00918440237676217 -0.0005999999999999929
v -0.022825356391083684 -0.007416407864998742 -0.0005999999999999929
v -0.023336878089544242 -0.005602688732541725 -0.0005999999999999929
v -0.0237045201742833 -0.0037544271609655467 -0.0005999999999999929
v -0.023942534856405222 -0.0018843183589070073 -0.0005999999999999929
v -0.024076923076923076 -5.897145355894178e-18 -0.0005999999999999929
v -0.023230769230769232 0 0.0014000000000000071
v -0.0233396578279237 0.0018368709077601622 0.0014000000000000071
v -0.023301317982719682 0.0036905662075171096 0.0014000000000000071
v -0.02311273641970704 0.00554887707858907 0.0014000000000000071
v -0.02277198820811719 0.007399067491200762 0.0014000000000000071
v -0.022278324656631293 0.009227984219727607 0.0014000000000000071
v -0.02163224809388549 0.011022180933612001 0.0014000000000000071
v -0.020835571345981647 0.012768054542163332 0.0014000000000000071
v -0.019820916362186213 0.014400738681165592 0.0014000000000000071
v -0.018629946157200757 0.015911477184089497 0.0014000000000000071
v -0.01732411613907042 0.017324116139070412 0.0014000000000000071
v -0.015911477184089497 0.01862994615720076 0.0014000000000000071
v -0.014400738681165592 0.019820916362186213 0.0014000000000000071
v -0.012801214835540748 0.020889684026675258 0.0014000000000000071
v -0.011122767243618898 0.021829659842615014 0.0014000000000000071
v -0.0093757440929447 0.022635048546526527 0.0014000000000000071
v -0.007570916362186214 0.023300884649231263 0.0014000000000000071
v -0.005719411414469684 0.023823063049743073 0.0014000000000000071
v -0.003832644393485658 0.024198364344580878 0.0014000000000000071
v -0.0019222478453322024 0.024424474676461635 0.0014000000000000071
v -1.5001923289555078e-18 0.0245 0.0014000000000000071
v 0.0019222478453321996 0.024424474676461635 0.0014000000000000071
v 0.0038326443934856604 0.02419836434458087 0.0014000000000000071
v 0.005719411414469675 0.023823063049743076 0.0014000000000000071
v 0.00757091636218621 0.023300884649231263 0.0014000000000000071
v 0.009375744092944699 0.022635048546526527 0.0014000000000000071
v 0.011122767243618896 0.021829659842615014 0.0014000000000000071
v 0.012801214835540746 0.02088968402667526 0.0014000000000000071
v 0.01440073868116559 0.019820916362186216 0.0014000000000000071
v 0.015911477184089497 0.01862994615720076 0.0014000000000000071
v 0.017324116139070412 0.01732411613907042 0.0014000000000000071
v 0.018629946157200757 0.015911477184089504 0.0014000000000000071
v 0.019820916362186213 0.014400738681165596 0.0014000000000000071
v 0.020835571345981643 0.012768054542163336 0.0014000000000000071
v 0.021632248093885486 0.011022180933612007 0.0014000000000000071
v 0.022278324656631293 0.009227984219727611 0.0014000000000000071
v 0.02277198820811719 0.0073990674912007654 0.0014000000000000071
v 0.02311273641970704 0.005548877078589073 0.0014000000000000071
v 0.02330131798271968 0.0036905662075171117 0.0014000000000000071
v 0.0233396578279237 0.0018368709077601652 0.0014000000000000071
v 0.023230769230769232 2.844948718019236e-18 0.0014000000000000071
v 0.022978655216292405 -0.001808459386056621 0.0014000000000000071
v 0.02271683183368817 -0.0035979926959253073 0.0014000000000000071
v 0.022364508169146567 -0.0053692433686858216 0.0014000000000000071
v 0.021874299874788533 -0.007107390870623798 0.0014000000000000071
v 0.021249229247759596 -0.008801718944397062 0.0014000000000000071
v 0.020493150056332468 -0.010441781494009563 0.0014000000000000071
v 0.019610723780144123 -0.01201746698846682 0.0014000000000000071
v 0.01860739087062379 -0.013519060802726881 0.0014000000000000071
v 0.017489337208800707 -0.014937305111594228 0.0014000000000000071
v 0.016263455967290598 -0.01626345596729059 0.0014000000000000071
v 0.014937305111594234 -0.017489337208800703 0.0014000000000000071
v 0.013519060802726886 -0.01860739087062379 0.0014000000000000071
v 0.012017466988466837 -0.019610723780144113 0.0014000000000000071
v 0.010441781494009579 -0.020493150056332458 0.0014000000000000071
v 0.008801718944397078 -0.02124922924775959 0.0014000000000000071
v 0.007107390870623793 -0.021874299874788533 0.0014000000000000071
v 0.005369243368685818 -0.022364508169146567 0.0014000000000000071
v 0.003597992695925314 -0.022716831833688167 0.0014000000000000071
v 0.0018045592017404276 -0.022929098675861945 0.0014000000000000071
v 4.2250314570583685e-18 -0.023 0.0014000000000000071
v -0.0018045592017404194 -0.022929098675861945 0.0014000000000000071
v -0.0035979926959253056 -0.02271683183368817 0.0014000000000000071
v -0.005369243368685809 -0.022364508169146567 0.0014000000000000071
v -0.0071073908706237865 -0.021874299874788533 0.0014000000000000071
v -0.00880171894439707 -0.021249229247759592 0.0014000000000000071
v -0.010441781494009572 -0.020493150056332465 0.0014000000000000071
v -0.012017466988466827 -0.019610723780144116 0.0014000000000000071
v -0.013519060802726877 -0.018607390870623793 0.0014000000000000071
v -0.014937305111594228 -0.01748933720880071 0.0014000000000000071
v -0.016263455967290587 -0.016263455967290598 0.0014000000000000071
v -0.0174893372088007 -0.014937305111594234 0.0014000000000000071
v -0.01860739087062379 -0.013519060802726888 0.0014000000000000071
v -0.019610723780144113 -0.012017466988466837 0.0014000000000000071
v -0.020493150056332458 -0.01044178149400958 0.0014000000000000071
v -0.02124922924775959 -0.00880171894439708 0.0014000000000000071
v -0.021874299874788533 -0.007107390870623795 0.0014000000000000071
v -0.022364508169146567 -0.005369243368685821 0.0014000000000000071
v -0.022716831833688167 -0.0035979926959253156 0.0014000000000000071
v -0.022978655216292398 -0.0018084593860566293 0.0014000000000000071
v -0.02323076923076923 -5.689897436038471e-18 0.0014000000000000071
v -0.02407692307692308 0 0.003400000000000007
v -0.024062869060282325 0.0018937888661415216 0.003400000000000007
v -0.023899348890627142 0.0037852849981628075 0.003400000000000007
v -0.02358628750639773 0.0056625666358428115 0.003400000000000007
v -0.02312458583552657 0.007513633405191063 0.003400000000000007
v -0.022516140583228112 0.009326490801872336 0.003400000000000007
v -0.02176385592637184 0.011089238473616597 0.003400000000000007
v -0.020871646466444058 0.012790161404414944 0.003400000000000007
v -0.01982091636218621 0.014400738681165592 0.003400000000000007
v -0.018629946157200757 0.0159114771840895 0.003400000000000007
v -0.017324116139070415 0.017324116139070415 0.003400000000000007
v -0.015911477184089497 0.018629946157200764 0.003400000000000007
v -0.014400738681165592 0.01982091636218621 0.003400000000000007
v -0.012801214835540748 0.020889684026675258 0.003400000000000007
v -0.011122767243618902 0.021829659842615014 0.003400000000000007
v -0.0093757440929447 0.02263504854652653 0.003400000000000007
v -0.007570916362186215 0.023300884649231267 0.003400000000000007
v -0.005719411414469684 0.023823063049743076 0.003400000000000007
v -0.0038326443934856578 0.024198364344580878 0.003400000000000007
v -0.0019222478453322022 0.024424474676461635 0.003400000000000007
v -1.5001923289555076e-18 0.024499999999999997 0.003400000000000007
v 0.0019222478453321994 0.024424474676461635 0.003400000000000007
v 0.003832644393485661 0.024198364344580874 0.003400000000000007
v 0.0057194114144696745 0.023823063049743076 0.003400000000000007
v 0.007570916362186211 0.023300884649231267 0.003400000000000007
v 0.009375744092944699 0.02263504854652653 0.003400000000000007
v 0.011122767243618895 0.021829659842615014 0.003400000000000007
v 0.012801214835540748 0.020889684026675258 0.003400000000000007
v 0.014400738681165589 0.019820916362186213 0.003400000000000007
v 0.015911477184089497 0.018629946157200764 0.003400000000000007
v 0.017324116139070415 0.017324116139070415 0.003400000000000007
v 0.018629946157200757 0.015911477184089504 0.003400000000000007
v 0.01982091636218621 0.014400738681165594 0.003400000000000007
v 0.020871646466444058 0.012790161404414946 0.003400000000000007
v 0.02176385592637184 0.011089238473616604 0.003400000000000007
v 0.022516140583228112 0.00932649080187234 0.003400000000000007
v 0.02312458583552657 0.007513633405191065 0.003400000000000007
v 0.02358628750639773 0.005662566635842816 0.003400000000000007
v 0.023899348890627142 0.00378528499816281 0.003400000000000007
v 0.024062869060282325 0.0018937888661415246 0.003400000000000007
v 0.02407692307692308 2.948572677947089e-18 0.003400000000000007
v 0.023942534856405226 -0.0018843183589069984 0.003400000000000007
v 0.023704520174283306 -0.0037544271609655376 0.003400000000000007
v 0.023336878089544242 -0.005602688732541727 0.003400000000000007
v 0.022825356391083684 -0.007416407864998745 0.003400000000000007
v 0.02217310878027089 -0.009184402376762152 0.003400000000000007
v 0.021384156580520834 -0.010895771993749111 0.003400000000000007
v 0.020463363944498214 -0.012539965553182769 0.003400000000000007
v 0.01941640786499874 -0.014106846055019353 0.003400000000000007
v 0.018249743174400736 -0.015586753159924414 0.003400000000000007
v 0.016970562748477146 -0.01697056274847714 0.003400000000000007
v 0.01558675315992442 -0.018249743174400736 0.003400000000000007
v 0.014106846055019358 -0.019416407864998736 0.003400000000000007
v 0.012539965553182784 -0.020463363944498204 0.003400000000000007
v 0.010895771993749127 -0.021384156580520827 0.003400000000000007
v 0.009184402376762168 -0.022173108780270876 0.003400000000000007
v 0.007416407864998742 -0.022825356391083684 0.003400000000000007
v 0.005602688732541723 -0.023336878089544242 0.003400000000000007
v 0.003754427160965545 -0.0237045201742833 0.003400000000000007
v 0.0018830182974682724 -0.023926016009595073 0.003400000000000007
v 4.408728476930471e-18 -0.024 0.003400000000000007
v -0.0018830182974682638 -0.02392601600959507 0.003400000000000007
v -0.0037544271609655363 -0.023704520174283306 0.003400000000000007
v -0.005602688732541714 -0.02333687808954424 0.003400000000000007
v -0.007416407864998734 -0.02282535639108369 0.003400000000000007
v -0.009184402376762161 -0.02217310878027088 0.003400000000000007
v -0.010895771993749118 -0.021384156580520834 0.003400000000000007
v -0.012539965553182778 -0.02046336394449821 0.003400000000000007
v -0.01410684605501935 -0.019416407864998743 0.003400000000000007
v -0.015586753159924414 -0.01824974317440074 0.003400000000000007
v -0.016970562748477136 -0.016970562748477146 0.003400000000000007
v -0.018249743174400732 -0.01558675315992442 0.003400000000000007
v -0.019416407864998736 -0.014106846055019362 0.003400000000000007
v -0.020463363944498204 -0.01253996555318279 0.003400000000000007
v -0.021384156580520827 -0.010895771993749127 0.003400000000000007
v -0.022173108780270876 -0.00918440237676217 0.003400000000000007
v -0.022825356391083684 -0.007416407864998742 0.003400000000000007
v -0.023336878089544242 -0.005602688732541725 0.003400000000000007
v -0.0237045201742833 -0.0037544271609655467 0.003400000000000007
v -0.023942534856405222 -0.0018843183589070073 0.003400000000000007
v -0.024076923076923076 -5.897145355894178e-18 0.003400000000000007
v -0.024500000000000004 0 0.005400000000000007
v -0.024424474676461635 0.0019222478453322013 0.005400000000000007
v -0.02419836434458088 0.0038326443934856565 0.005400000000000007
v -0.02382306304974308 0.005719411414469682 0.005400000000000007
v -0.02330088464923126 0.00757091636218621 0.005400000000000007
v -0.022635048546526527 0.0093757440929447 0.005400000000000007
v -0.021829659842615014 0.011122767243618895 0.005400000000000007
v -0.020889684026675258 0.012801214835540742 0.005400000000000007
v -0.01982091636218621 0.01440073868116559 0.005400000000000007
v -0.018629946157200757 0.0159114771840895 0.005400000000000007
v -0.017324116139070415 0.017324116139070412 0.005400000000000007
v -0.015911477184089497 0.01862994615720076 0.005400000000000007
v -0.01440073868116559 0.01982091636218621 0.005400000000000007
v -0.012801214835540751 0.02088968402667526 0.005400000000000007
v -0.0111227672436189 0.021829659842615014 0.005400000000000007
v -0.0093757440929447 0.022635048546526527 0.005400000000000007
v -0.007570916362186213 0.02330088464923126 0.005400000000000007
v -0.005719411414469684 0.02382306304974308 0.005400000000000007
v -0.0038326443934856573 0.02419836434458088 0.005400000000000007
v -0.0019222478453322026 0.024424474676461635 0.005400000000000007
v -1.500192328955508e-18 0.024500000000000004 0.005400000000000007
v 0.0019222478453321994 0.024424474676461635 0.005400000000000007
v 0.00383264439348566 0.02419836434458087 0.005400000000000007
v 0.005719411414469675 0.023823063049743076 0.005400000000000007
v 0.007570916362186209 0.023300884649231263 0.005400000000000007
v 0.009375744092944699 0.022635048546526527 0.005400000000000007
v 0.011122767243618895 0.021829659842615014 0.005400000000000007
v 0.012801214835540742 0.020889684026675258 0.005400000000000007
v 0.01440073868116559 0.019820916362186216 0.005400000000000007
v 0.015911477184089497 0.01862994615720076 0.005400000000000007
v 0.017324116139070412 0.017324116139070415 0.005400000000000007
v 0.018629946157200754 0.015911477184089504 0.005400000000000007
v 0.019820916362186213 0.0144007386811656 0.005400000000000007
v 0.02088968402667526 0.012801214835540751 0.005400000000000007
v 0.021829659842615014 0.0111227672436189 0.005400000000000007
v 0.022635048546526527 0.009375744092944702 0.005400000000000007
v 0.02330088464923126 0.007570916362186215 0.005400000000000007
v 0.02382306304974308 0.005719411414469686 0.005400000000000007
v 0.024198364344580878 0.003832644393485659 0.005400000000000007
v 0.024424474676461635 0.001922247845332204 0.005400000000000007
v 0.024500000000000004 3.000384657911016e-18 0.005400000000000007
v 0.02442447467646164 -0.0019222478453321873 0.005400000000000007
v 0.02419836434458088 -0.003832644393485653 0.005400000000000007
v 0.02382306304974308 -0.00571941141446968 0.005400000000000007
v 0.02330088464923126 -0.00757091636218622 0.005400000000000007
v 0.02263504854652653 -0.009375744092944697 0.005400000000000007
v 0.02182965984261502 -0.011122767243618884 0.005400000000000007
v 0.02088968402667526 -0.012801214835540742 0.005400000000000007
v 0.019820916362186213 -0.01440073868116559 0.005400000000000007
v 0.018629946157200754 -0.015911477184089504 0.005400000000000007
v 0.01732411613907042 -0.017324116139070412 0.005400000000000007
v 0.01591147718408951 -0.01862994615720075 0.005400000000000007
v 0.014400738681165596 -0.01982091636218621 0.005400000000000007
v 0.01280121483554076 -0.020889684026675254 0.005400000000000007
v 0.0111227672436189 -0.021829659842615014 0.005400000000000007
v 0.009375744092944713 -0.02263504854652652 0.005400000000000007
v 0.007570916362186215 -0.02330088464923126 0.005400000000000007
v 0.005719411414469676 -0.02382306304974308 0.005400000000000007
v 0.0038326443934856604 -0.024198364344580878 0.005400000000000007
v 0.0019222478453321946 -0.024424474676461635 0.005400000000000007
v 4.500576986866523e-18 -0.024500000000000004 0.005400000000000007
v -0.001922247845332186 -0.02442447467646164 0.005400000000000007
v -0.0038326443934856512 -0.02419836434458088 0.005400000000000007
v -0.0057194114144696676 -0.023823063049743083 0.005400000000000007
v -0.007570916362186208 -0.023300884649231267 0.005400000000000007
v -0.009375744092944706 -0.022635048546526523 0.005400000000000007
v -0.011122767243618895 -0.021829659842615017 0.005400000000000007
v -0.012801214835540751 -0.020889684026675254 0.005400000000000007
v -0.014400738681165589 -0.019820916362186216 0.005400000000000007
v -0.015911477184089504 -0.018629946157200757 0.005400000000000007
v -0.017324116139070412 -0.01732411613907042 0.005400000000000007
v -0.018629946157200747 -0.01591147718408951 0.005400000000000007
v -0.01982091636218621 -0.014400738681165598 0.005400000000000007
v -0.020889684026675254 -0.01280121483554076 0.005400000000000007
v -0.021829659842615014 -0.011122767243618902 0.005400000000000007
v -0.02263504854652652 -0.009375744092944715 0.005400000000000007
v -0.02330088464923126 -0.007570916362186217 0.005400000000000007
v -0.02382306304974308 -0.005719411414469677 0.005400000000000007
v -0.024198364344580878 -0.0038326443934856625 0.005400000000000007
v -0.024424474676461635 -0.0019222478453321964 0.005400000000000007
v -0.024500000000000004 -6.000769315822032e-18 0.005400000000000007
v -0.024500000000000004 0 0.006800000000000014
v -0.024424474676461635 0.0019222478453322013 0.006800000000000014
v -0.02419836434458088 0.0038326443934856565 0.006800000000000014
v -0.02382306304974308 0.005719411414469682 0.006800000000000014
v -0.02330088464923126 0.00757091636218621 0.006800000000000014
v -0.022635048546526527 0.0093757440929447 0.006800000000000014
v -0.021829659842615014 0.011122767243618895 0.006800000000000014
v -0.020889684026675258 0.012801214835540742 0.006800000000000014
v -0.01982091636218621 0.01440073868116559 0.006800000000000014
v -0.018629946157200757 0.0159114771840895 0.006800000000000014
v -0.017324116139070415 0.017324116139070412 0.006800000000000014
v -0.015911477184089497 0.01862994615720076 0.006800000000000014
v -0.01440073868116559 0.01982091636218621 0.006800000000000014
v -0.012801214835540751 0.02088968402667526 0.006800000000000014
v -0.0111227672436189 0.021829659842615014 0.006800000000000014
v -0.0093757440929447 0.022635048546526527 0.006800000000000014
v -0.007570916362186213 0.02330088464923126 0.006800000000000014
v -0.005719411414469684 0.02382306304974308 0.006800000000000014
v -0.0038326443934856573 0.02419836434458088 0.006800000000000014
v -0.0019222478453322026 0.024424474676461635 0.006800000000000014
v -1.500192328955508e-18 0.024500000000000004 0.006800000000000014
v 0.0019222478453321994 0.024424474676461635 0.006800000000000014
v 0.00383264439348566 0.02419836434458087 0.006800000000000014
v 0.005719411414469675 0.023823063049743076 0.006800000000000014
v 0.007570916362186209 0.023300884649231263 0.006800000000000014
v 0.009375744092944699 0.022635048546526527 0.006800000000000014
v 0.011122767243618895 0.021829659842615014 0.006800000000000014
v 0.012801214835540742 0.020889684026675258 0.006800000000000014
v 0.01440073868116559 0.019820916362186216 0.006800000000000014
v 0.015911477184089497 0.01862994615720076 0.006800000000000014
v 0.017324116139070412 0.017324116139070415 0.006800000000000014
v 0.018629946157200754 0.015911477184089504 0.006800000000000014
v 0.019820916362186213 0.0144007386811656 0.006800000000000014
v 0.02088968402667526 0.012801214835540751 0.006800000000000014
v 0.021829659842615014 0.0111227672436189 0.006800000000000014
v 0.022635048546526527 0.009375744092944702 0.006800000000000014
v 0.02330088464923126 0.007570916362186215 0.006800000000000014
v 0.02382306304974308 0.005719411414469686 0.006800000000000014
v 0.024198364344580878 0.003832644393485659 0.006800000000000014
v 0.024424474676461635 0.001922247845332204 0.006800000000000014
v 0.024500000000000004 3.000384657911016e-18 0.006800000000000014
v 0.02442447467646164 -0.0019222478453321873 0.006800000000000014
v 0.02419836434458088 -0.003832644393485653 0.006800000000000014
v 0.02382306304974308 -0.00571941141446968 0.006800000000000014
v 0.02330088464923126 -0.00757091636218622 0.006800000000000014
v 0.02263504854652653 -0.009375744092944697 0.006800000000000014
v 0.02182965984261502 -0.011122767243618884 0.006800000000000014
v 0.02088968402667526 -0.012801214835540742 0.006800000000000014
v 0.019820916362186213 -0.01440073868116559 0.006800000000000014
v 0.018629946157200754 -0.015911477184089504 0.006800000000000014
v 0.01732411613907042 -0.017324116139070412 0.006800000000000014
v 0.01591147718408951 -0.01862994615720075 0.006800000000000014
v 0.014400738681165596 -0.01982091636218621 0.006800000000000014
v 0.01280121483554076 -0.020889684026675254 0.006800000000000014
v 0.0111227672436189 -0.021829659842615014 0.006800000000000014
v 0.009375744092944713 -0.02263504854652652 0.006800000000000014
v 0.007570916362186215 -0.02330088464923126 0.006800000000000014
v 0.005719411414469676 -0.02382306304974308 0.006800000000000014
v 0.0038326443934856604 -0.024198364344580878 0.006800000000000014
v 0.0019222478453321946 -0.024424474676461635 0.006800000000000014
v 4.500576986866523e-18 -0.024500000000000004 0.006800000000000014
v -0.001922247845332186 -0.02442447467646164 0.006800000000000014
v -0.0038326443934856512 -0.02419836434458088 0.006800000000000014
v -0.0057194114144696676 -0.023823063049743083 0.006800000000000014
v -0.007570916362186208 -0.023300884649231267 0.006800000000000014
v -0.009375744092944706 -0.022635048546526523 0.006800000000000014
v -0.011122767243618895 -0.021829659842615017 0.006800000000000014
v -0.012801214835540751 -0.020889684026675254 0.006800000000000014
v -0.014400738681165589 -0.019820916362186216 0.006800000000000014
v -0.015911477184089504 -0.018629946157200757 0.006800000000000014
v -0.017324116139070412 -0.01732411613907042 0.006800000000000014
v -0.018629946157200747 -0.01591147718408951 0.006800000000000014
v -0.01982091636218621 -0.014400738681165598 0.006800000000000014
v -0.020889684026675254 -0.01280121483554076 0.006800000000000014
v -0.021829659842615014 -0.011122767243618902 0.006800000000000014
v -0.02263504854652652 -0.009375744092944715 0.006800000000000014
v -0.02330088464923126 -0.007570916362186217 0.006800000000000014
v -0.02382306304974308 -0.005719411414469677 0.006800000000000014
v -0.024198364344580878 -0.0038326443934856625 0.006800000000000014
v -0.024424474676461635 -0.0019222478453321964 0.006800000000000014
v -0.024500000000000004 -6.000769315822032e-18 0.006800000000000014
v -0.024500000000000004 0 0.008800000000000014
v -0.024424474676461635 0.0019222478453322013 0.008800000000000014
v -0.02419836434458088 0.0038326443934856565 0.008800000000000014
v -0.02382306304974308 0.005719411414469682 0.008800000000000014
v -0.02330088464923126 0.00757091636218621 0.008800000000000014
v -0.022635048546526527 0.0093757440929447 0.008800000000000014
v -0.021829659842615014 0.011122767243618895 0.008800000000000014
v -0.020889684026675258 0.012801214835540742 0.008800000000000014
v -0.01982091636218621 0.01440073868116559 0.008800000000000014
v -0.018629946157200757 0.0159114771840895 0.008800000000000014
v -0.017324116139070415 0.017324116139070412 0.008800000000000014
v -0.015911477184089497 0.01862994615720076 0.008800000000000014
v -0.01440073868116559 0.01982091636218621 0.008800000000000014
v -0.012801214835540751 0.02088968402667526 0.008800000000000014
v -0.0111227672436189 0.021829659842615014 0.008800000000000014
v -0.0093757440929447 0.022635048546526527 0.008800000000000014
v -0.007570916362186213 0.02330088464923126 0.008800000000000014
v -0.005719411414469684 0.02382306304974308 0.008800000000000014
v -0.0038326443934856573 0.02419836434458088 0.008800000000000014
v -0.0019222478453322026 0.024424474676461635 0.008800000000000014
v -1.500192328955508e-18 0.024500000000000004 0.008800000000000014
v 0.0019222478453321994 0.024424474676461635 0.008800000000000014
v 0.00383264439348566 0.02419836434458087 0.008800000000000014
v 0.005719411414469675 0.023823063049743076 0.008800000000000014
v 0.007570916362186209 0.023300884649231263 0.008800000000000014
v 0.009375744092944699 0.022635048546526527 0.008800000000000014
v 0.011122767243618895 0.021829659842615014 0.008800000000000014
v 0.012801214835540742 0.020889684026675258 0.008800000000000014
v 0.01440073868116559 0.019820916362186216 0.008800000000000014
v 0.015911477184089497 0.01862994615720076 0.008800000000000014
v 0.017324116139070412 0.017324116139070415 0.008800000000000014
v 0.018629946157200754 0.015911477184089504 0.008800000000000014
v 0.019820916362186213 0.0144007386811656 0.008800000000000014
v 0.02088968402667526 0.012801214835540751 0.008800000000000014
v 0.021829659842615014 0.0111227672436189 0.008800000000000014
v 0.022635048546526527 0.009375744092944702 0.008800000000000014
v 0.02330088464923126 0.007570916362186215 0.008800000000000014
v 0.02382306304974308 0.005719411414469686 0.008800000000000014
v 0.024198364344580878 0.003832644393485659 0.008800000000000014
v 0.024424474676461635 0.001922247845332204 0.008800000000000014
v 0.024500000000000004 3.000384657911016e-18 0.008800000000000014
v 0.02442447467646164 -0.0019222478453321873 0.008800000000000014
v 0.02419836434458088 -0.003832644393485653 0.008800000000000014
v 0.02382306304974308 -0.00571941141446968 0.008800000000000014
v 0.02330088464923126 -0.00757091636218622 0.008800000000000014
v 0.02263504854652653 -0.009375744092944697 0.008800000000000014
v 0.02182965984261502 -0.011122767243618884 0.008800000000000014
v 0.02088968402667526 -0.012801214835540742 0.008800000000000014
v 0.019820916362186213 -0.01440073868116559 0.008800000000000014
v 0.018629946157200754 -0.015911477184089504 0.008800000000000014
v 0.01732411613907042 -0.017324116139070412 0.008800000000000014
v 0.01591147718408951 -0.01862994615720075 0.008800000000000014
v 0.014400738681165596 -0.01982091636218621 0.008800000000000014
v 0.01280121483554076 -0.020889684026675254 0.008800000000000014
v 0.0111227672436189 -0.021829659842615014 0.008800000000000014
v 0.009375744092944713 -0.02263504854652652 0.008800000000000014
v 0.007570916362186215 -0.02330088464923126 0.008800000000000014
v 0.005719411414469676 -0.02382306304974308 0.008800000000000014
v 0.0038326443934856604 -0.024198364344580878 0.008800000000000014
v 0.0019222478453321946 -0.024424474676461635 0.008800000000000014
v 4.500576986866523e-18 -0.024500000000000004 0.008800000000000014
v -0.001922247845332186 -0.02442447467646164 0.008800000000000014
v -0.0038326443934856512 -0.02419836434458088 0.008800000000000014
v -0.0057194114144696676 -0.023823063049743083 0.008800000000000014
v -0.007570916362186208 -0.023300884649231267 0.008800000000000014
v -0.009375744092944706 -0.022635048546526523 0.008800000000000014
v -0.011122767243618895 -0.021829659842615017 0.008800000000000014
v -0.012801214835540751 -0.020889684026675254 0.008800000000000014
v -0.014400738681165589 -0.019820916362186216 0.008800000000000014
v -0.015911477184089504 -0.018629946157200757 0.008800000000000014
v -0.017324116139070412 -0.01732411613907042 0.008800000000000014
v -0.018629946157200747 -0.01591147718408951 0.008800000000000014
v -0.01982091636218621 -0.014400738681165598 0.008800000000000014
v -0.020889684026675254 -0.01280121483554076 0.008800000000000014
v -0.021829659842615014 -0.011122767243618902 0.008800000000000014
v -0.02263504854652652 -0.009375744092944715 0.008800000000000014
v -0.02330088464923126 -0.007570916362186217 0.008800000000000014
v -0.02382306304974308 -0.005719411414469677 0.008800000000000014
v -0.024198364344580878 -0.0038326443934856625 0.008800000000000014
v -0.024424474676461635 -0.0019222478453321964 0.008800000000000014
v -0.024500000000000004 -6.000769315822032e-18 0.008800000000000014
v -0.02407692307692308 0 0.010800000000000014
v -0.024062869060282325 0.0018937888661415216 0.010800000000000014
v -0.023899348890627142 0.0037852849981628075 0.010800000000000014
v -0.02358628750639773 0.0056625666358428115 0.010800000000000014
v -0.02312458583552657 0.007513633405191063 0.010800000000000014
v -0.022516140583228112 0.009326490801872336 0.010800000000000014
v -0.02176385592637184 0.011089238473616597 0.010800000000000014
v -0.020871646466444058 0.012790161404414944 0.010800000000000014
v -0.01982091636218621 0.014400738681165592 0.010800000000000014
v -0.018629946157200757 0.0159114771840895 0.010800000000000014
v -0.017324116139070415 0.017324116139070415 0.010800000000000014
v -0.015911477184089497 0.018629946157200764 0.010800000000000014
v -0.014400738681165592 0.01982091636218621 0.010800000000000014
v -0.012801214835540748 0.020889684026675258 0.010800000000000014
v -0.011122767243618902 0.021829659842615014 0.010800000000000014
v -0.0093757440929447 0.02263504854652653 0.010800000000000014
v -0.007570916362186215 0.023300884649231267 0.010800000000000014
v -0.005719411414469684 0.023823063049743076 0.010800000000000014
v -0.0038326443934856578 0.024198364344580878 0.010800000000000014
v -0.0019222478453322022 0.024424474676461635 0.010800000000000014
v -1.5001923289555076e-18 0.024499999999999997 0.010800000000000014
v 0.0019222478453321994 0.024424474676461635 0.010800000000000014
v 0.003832644393485661 0.024198364344580874 0.010800000000000014
v 0.0057194114144696745 0.023823063049743076 0.010800000000000014
v 0.007570916362186211 0.023300884649231267 0.010800000000000014
v 0.009375744092944699 0.02263504854652653 0.010800000000000014
v 0.011122767243618895 0.021829659842615014 0.010800000000000014
v 0.012801214835540748 0.020889684026675258 0.010800000000000014
v 0.014400738681165589 0.019820916362186213 0.010800000000000014
v 0.015911477184089497 0.018629946157200764 0.010800000000000014
v 0.017324116139070415 0.017324116139070415 0.010800000000000014
v 0.018629946157200757 0.015911477184089504 0.010800000000000014
v 0.01982091636218621 0.014400738681165594 0.010800000000000014
v 0.020871646466444058 0.012790161404414946 0.010800000000000014
v 0.02176385592637184 0.011089238473616604 0.010800000000000014
v 0.022516140583228112 0.00932649080187234 0.010800000000000014
v 0.02312458583552657 0.007513633405191065 0.010800000000000014
v 0.02358628750639773 0.005662566635842816 0.010800000000000014
v 0.023899348890627142 0.00378528499816281 0.010800000000000014
v 0.024062869060282325 0.0018937888661415246 0.010800000000000014
v 0.02407692307692308 2.948572677947089e-18 0.010800000000000014
v 0.023942534856405226 -0.0018843183589069984 0.010800000000000014
v 0.023704520174283306 -0.0037544271609655376 0.010800000000000014
v 0.023336878089544242 -0.005602688732541727 0.010800000000000014
v 0.022825356391083684 -0.007416407864998745 0.010800000000000014
v 0.02217310878027089 -0.009184402376762152 0.010800000000000014
v 0.021384156580520834 -0.010895771993749111 0.010800000000000014
v 0.020463363944498214 -0.012539965553182769 0.010800000000000014
v 0.01941640786499874 -0.014106846055019353 0.010800000000000014
v 0.018249743174400736 -0.015586753159924414 0.010800000000000014
v 0.016970562748477146 -0.01697056274847714 0.010800000000000014
v 0.01558675315992442 -0.018249743174400736 0.010800000000000014
v 0.014106846055019358 -0.019416407864998736 0.010800000000000014
v 0.012539965553182784 -0.020463363944498204 0.010800000000000014
v 0.010895771993749127 -0.021384156580520827 0.010800000000000014
v 0.009184402376762168 -0.022173108780270876 0.010800000000000014
v 0.007416407864998742 -0.022825356391083684 0.010800000000000014
v 0.005602688732541723 -0.023336878089544242 0.010800000000000014
v 0.003754427160965545 -0.0237045201742833 0.010800000000000014
v 0.0018830182974682724 -0.023926016009595073 0.010800000000000014
v 4.408728476930471e-18 -0.024 0.010800000000000014
v -0.0018830182974682638 -0.02392601600959507 0.010800000000000014
v -0.0037544271609655363 -0.023704520174283306 0.010800000000000014
v -0.005602688732541714 -0.02333687808954424 0.010800000000000014
v -0.007416407864998734 -0.02282535639108369 0.010800000000000014
v -0.009184402376762161 -0.02217310878027088 0.010800000000000014
v -0.010895771993749118 -0.021384156580520834 0.010800000000000014
v -0.012539965553182778 -0.02046336394449821 0.010800000000000014
v -0.01410684605501935 -0.019416407864998743 0.010800000000000014
v -0.015586753159924414 -0.01824974317440074 0.010800000000000014
v -0.016970562748477136 -0.016970562748477146 0.010800000000000014
v -0.018249743174400732 -0.01558675315992442 0.010800000000000014
v -0.019416407864998736 -0.014106846055019362 0.010800000000000014
v -0.020463363944498204 -0.01253996555318279 0.010800000000000014
v -0.021384156580520827 -0.010895771993749127 0.010800000000000014
v -0.022173108780270876 -0.00918440237676217 0.010800000000000014
v -0.022825356391083684 -0.007416407864998742 0.010800000000000014
v -0.023336878089544242 -0.005602688732541725 0.010800000000000014
v -0.0237045201742833 -0.0037544271609655467 0.010800000000000014
v -0.023942534856405222 -0.0018843183589070073 0.010800000000000014
v -0.024076923076923076 -5.897145355894178e-18 0.010800000000000014
v -0.023230769230769232 0 0.012800000000000014
v -0.0233396578279237 0.0018368709077601622 0.012800000000000014
v -0.023301317982719682 0.0036905662075171096 0.012800000000000014
v -0.02311273641970704 0.00554887707858907 0.012800000000000014
v -0.02277198820811719 0.007399067491200762 0.012800000000000014
v -0.022278324656631293 0.009227984219727607 0.012800000000000014
v -0.02163224809388549 0.011022180933612001 0.012800000000000014
v -0.020835571345981647 0.012768054542163332 0.012800000000000014
v -0.019820916362186213 0.014400738681165592 0.012800000000000014
v -0.018629946157200757 0.015911477184089497 0.012800000000000014
v -0.01732411613907042 0.017324116139070412 0.012800000000000014
v -0.015911477184089497 0.01862994615720076 0.012800000000000014
v -0.014400738681165592 0.019820916362186213 0.012800000000000014
v -0.012801214835540748 0.020889684026675258 0.012800000000000014
v -0.011122767243618898 0.021829659842615014 0.012800000000000014
v -0.0093757440929447 0.022635048546526527 0.012800000000000014
v -0.007570916362186214 0.023300884649231263 0.012800000000000014
v -0.005719411414469684 0.023823063049743073 0.012800000000000014
v -0.003832644393485658 0.024198364344580878 0.012800000000000014
v -0.0019222478453322024 0.024424474676461635 0.012800000000000014
v -1.5001923289555078e-18 0.0245 0.012800000000000014
v 0.0019222478453321996 0.024424474676461635 0.012800000000000014
v 0.0038326443934856604 0.02419836434458087 0.012800000000000014
v 0.005719411414469675 0.023823063049743076 0.012800000000000014
v 0.00757091636218621 0.023300884649231263 0.012800000000000014
v 0.009375744092944699 0.022635048546526527 0.012800000000000014
v 0.011122767243618896 0.021829659842615014 0.012800000000000014
v 0.012801214835540746 0.02088968402667526 0.012800000000000014
v 0.01440073868116559 0.019820916362186216 0.012800000000000014
v 0.015911477184089497 0.01862994615720076 0.012800000000000014
v 0.017324116139070412 0.01732411613907042 0.012800000000000014
v 0.018629946157200757 0.015911477184089504 0.012800000000000014
v 0.019820916362186213 0.014400738681165596 0.012800000000000014
v 0.020835571345981643 0.012768054542163336 0.012800000000000014
v 0.021632248093885486 0.011022180933612007 0.012800000000000014
v 0.022278324656631293 0.009227984219727611 0.012800000000000014
v 0.02277198820811719 0.0073990674912007654 0.012800000000000014
v 0.02311273641970704 0.005548877078589073 0.012800000000000014
v 0.02330131798271968 0.0036905662075171117 0.012800000000000014
v 0.0233396578279237 0.0018368709077601652 0.012800000000000014
v 0.023230769230769232 2.844948718019236e-18 0.012800000000000014
v 0.022978655216292405 -0.001808459386056621 0.012800000000000014
v 0.02271683183368817 -0.0035979926959253073 0.012800000000000014
v 0.022364508169146567 -0.0053692433686858216 0.012800000000000014
v 0.021874299874788533 -0.007107390870623798 0.012800000000000014
v 0.021249229247759596 -0.008801718944397062 0.012800000000000014
v 0.020493150056332468 -0.010441781494009563 0.012800000000000014
v 0.019610723780144123 -0.01201746698846682 0.012800000000000014
v 0.01860739087062379 -0.013519060802726881 0.012800000000000014
v 0.017489337208800707 -0.014937305111594228 0.012800000000000014
v 0.016263455967290598 -0.01626345596729059 0.012800000000000014
v 0.014937305111594234 -0.017489337208800703 0.012800000000000014
v 0.013519060802726886 -0.01860739087062379 0.012800000000000014
v 0.012017466988466837 -0.019610723780144113 0.012800000000000014
v 0.010441781494009579 -0.020493150056332458 0.012800000000000014
v 0.008801718944397078 -0.02124922924775959 0.012800000000000014
v 0.007107390870623793 -0.021874299874788533 0.012800000000000014
v 0.005369243368685818 -0.022364508169146567 0.012800000000000014
v 0.003597992695925314 -0.022716831833688167 0.012800000000000014
v 0.0018045592017404276 -0.022929098675861945 0.012800000000000014
v 4.2250314570583685e-18 -0.023 0.012800000000000014
v -0.0018045592017404194 -0.022929098675861945 0.012800000000000014
v -0.0035979926959253056 -0.02271683183368817 0.012800000000000014
v -0.005369243368685809 -0.022364508169146567 0.012800000000000014
v -0.0071073908706237865 -0.021874299874788533 0.012800000000000014
v -0.00880171894439707 -0.021249229247759592 0.012800000000000014
v -0.010441781494009572 -0.020493150056332465 0.012800000000000014
v -0.012017466988466827 -0.019610723780144116 0.012800000000000014
v -0.013519060802726877 -0.018607390870623793 0.012800000000000014
v -0.014937305111594228 -0.01748933720880071 0.012800000000000014
v -0.016263455967290587 -0.016263455967290598 0.012800000000000014
v -0.0174893372088007 -0.014937305111594234 0.012800000000000014
v -0.01860739087062379 -0.013519060802726888 0.012800000000000014
v -0.019610723780144113 -0.012017466988466837 0.012800000000000014
v -0.020493150056332458 -0.01044178149400958 0.012800000000000014
v -0.02124922924775959 -0.00880171894439708 0.012800000000000014
v -0.021874299874788533 -0.007107390870623795 0.012800000000000014
v -0.022364508169146567 -0.005369243368685821 0.012800000000000014
v -0.022716831833688167 -0.0035979926959253156 0.012800000000000014
v -0.022978655216292398 -0.0018084593860566293 0.012800000000000014
v -0.02323076923076923 -5.689897436038471e-18 0.012800000000000014
v -0.02407692307692308 0 0.014800000000000015
v -0.024062869060282325 0.0018937888661415216 0.014800000000000015
v -0.023899348890627142 0.0037852849981628075 0.014800000000000015
v -0.02358628750639773 0.0056625666358428115 0.014800000000000015
v -0.02312458583552657 0.007513633405191063 0.014800000000000015
v -0.022516140583228112 0.009326490801872336 0.014800000000000015
v -0.02176385592637184 0.011089238473616597 0.014800000000000015
v -0.020871646466444058 0.012790161404414944 0.014800000000000015
v -0.01982091636218621 0.014400738681165592 0.014800000000000015
v -0.018629946157200757 0.0159114771840895 0.014800000000000015
v -0.017324116139070415 0.017324116139070415 0.014800000000000015
v -0.015911477184089497 0.018629946157200764 0.014800000000000015
v -0.014400738681165592 0.01982091636218621 0.014800000000000015
v -0.012801214835540748 0.020889684026675258 0.014800000000000015
v -0.011122767243618902 0.021829659842615014 0.014800000000000015
v -0.0093757440929447 0.02263504854652653 0.014800000000000015
v -0.007570916362186215 0.023300884649231267 0.014800000000000015
v -0.005719411414469684 0.023823063049743076 0.014800000000000015
v -0.0038326443934856578 0.024198364344580878 0.014800000000000015
v -0.0019222478453322022 0.024424474676461635 0.014800000000000015
v -1.5001923289555076e-18 0.024499999999999997 0.014800000000000015
v 0.0019222478453321994 0.024424474676461635 0.014800000000000015
v 0.003832644393485661 0.024198364344580874 0.014800000000000015
v 0.0057194114144696745 0.023823063049743076 0.014800000000000015
v 0.007570916362186211 0.023300884649231267 0.014800000000000015
v 0.009375744092944699 0.02263504854652653 0.014800000000000015
v 0.011122767243618895 0.021829659842615014 0.014800000000000015
v 0.012801214835540748 0.020889684026675258 0.014800000000000015
v 0.014400738681165589 0.019820916362186213 0.014800000000000015
v 0.015911477184089497 0.018629946157200764 0.014800000000000015
v 0.017324116139070415 0.017324116139070415 0.014800000000000015
v 0.018629946157200757 0.015911477184089504 0.014800000000000015
v 0.01982091636218621 0.014400738681165594 0.014800000000000015
v 0.020871646466444058 0.012790161404414946 0.014800000000000015
v 0.02176385592637184 0.011089238473616604 0.014800000000000015
v 0.022516140583228112 0.00932649080187234 0.014800000000000015
v 0.02312458583552657 0.007513633405191065 0.014800000000000015
v 0.02358628750639773 0.005662566635842816 0.014800000000000015
v 0.023899348890627142 0.00378528499816281 0.014800000000000015
v 0.024062869060282325 0.0018937888661415246 0.014800000000000015
v 0.02407692307692308 2.948572677947089e-18 0.014800000000000015
v 0.023942534856405226 -0.0018843183589069984 0.014800000000000015
v 0.023704520174283306 -0.0037544271609655376 0.014800000000000015
v 0.023336878089544242 -0.005602688732541727 0.014800000000000015
v 0.022825356391083684 -0.007416407864998745 0.014800000000000015
v 0.02217310878027089 -0.009184402376762152 0.014800000000000015
v 0.021384156580520834 -0.010895771993749111 0.014800000000000015
v 0.020463363944498214 -0.012539965553182769 0.014800000000000015
v 0.01941640786499874 -0.014106846055019353 0.014800000000000015
v 0.018249743174400736 -0.015586753159924414 0.014800000000000015
v 0.016970562748477146 -0.01697056274847714 0.014800000000000015
v 0.01558675315992442 -0.018249743174400736 0.014800000000000015
v 0.014106846055019358 -0.019416407864998736 0.014800000000000015
v 0.012539965553182784 -0.020463363944498204 0.014800000000000015
v 0.010895771993749127 -0.021384156580520827 0.014800000000000015
v 0.009184402376762168 -0.022173108780270876 0.014800000000000015
v 0.007416407864998742 -0.022825356391083684 0.014800000000000015
v 0.005602688732541723 -0.023336878089544242 0.014800000000000015
v 0.003754427160965545 -0.0237045201742833 0.014800000000000015
v 0.0018830182974682724 -0.023926016009595073 0.014800000000000015
v 4.408728476930471e-18 -0.024 0.014800000000000015
v -0.0018830182974682638 -0.02392601600959507 0.014800000000000015
v -0.0037544271609655363 -0.023704520174283306 0.014800000000000015
v -0.005602688732541714 -0.02333687808954424 0.014800000000000015
v -0.007416407864998734 -0.02282535639108369 0.014800000000000015
v -0.009184402376762161 -0.02217310878027088 0.014800000000000015
v -0.010895771993749118 -0.021384156580520834 0.014800000000000015
v -0.012539965553182778 -0.02046336394449821 0.014800000000000015
v -0.01410684605501935 -0.019416407864998743 0.014800000000000015
v -0.015586753159924414 -0.01824974317440074 0.014800000000000015
v -0.016970562748477136 -0.016970562748477146 0.014800000000000015
v -0.018249743174400732 -0.01558675315992442 0.014800000000000015
v -0.019416407864998736 -0.014106846055019362 0.014800000000000015
v -0.020463363944498204 -0.01253996555318279 0.014800000000000015
v -0.021384156580520827 -0.010895771993749127 0.014800000000000015
v -0.022173108780270876 -0.00918440237676217 0.014800000000000015
v -0.022825356391083684 -0.007416407864998742 0.014800000000000015
v -0.023336878089544242 -0.005602688732541725 0.014800000000000015
v -0.0237045201742833 -0.0037544271609655467 0.014800000000000015
v -0.023942534856405222 -0.0018843183589070073 0.014800000000000015
v -0.024076923076923076 -5.897145355894178e-18 0.014800000000000015
v -0.024500000000000004 0 0.016800000000000016
v -0.024424474676461635 0.0019222478453322013 0.016800000000000016
v -0.02419836434458088 0.0038326443934856565 0.016800000000000016
v -0.02382306304974308 0.005719411414469682 0.016800000000000016
v -0.02330088464923126 0.00757091636218621 0.016800000000000016
v -0.022635048546526527 0.0093757440929447 0.016800000000000016
v -0.021829659842615014 0.011122767243618895 0.016800000000000016
v -0.020889684026675258 0.012801214835540742 0.016800000000000016
v -0.01982091636218621 0.01440073868116559 0.016800000000000016
v -0.018629946157200757 0.0159114771840895 0.016800000000000016
v -0.017324116139070415 0.017324116139070412 0.016800000000000016
v -0.015911477184089497 0.01862994615720076 0.016800000000000016
v -0.01440073868116559 0.01982091636218621 0.016800000000000016
v -0.012801214835540751 0.02088968402667526 0.016800000000000016
v -0.0111227672436189 0.021829659842615014 0.016800000000000016
v -0.0093757440929447 0.022635048546526527 0.016800000000000016
v -0.007570916362186213 0.02330088464923126 0.016800000000000016
v -0.005719411414469684 0.02382306304974308 0.016800000000000016
v -0.0038326443934856573 0.02419836434458088 0.016800000000000016
v -0.0019222478453322026 0.024424474676461635 0.016800000000000016
v -1.500192328955508e-18 0.024500000000000004 0.016800000000000016
v 0.0019222478453321994 0.024424474676461635 0.016800000000000016
v 0.00383264439348566 0.02419836434458087 0.016800000000000016
v 0.005719411414469675 0.023823063049743076 0.016800000000000016
v 0.007570916362186209 0.023300884649231263 0.016800000000000016
v 0.009375744092944699 0.022635048546526527 0.016800000000000016
v 0.011122767243618895 0.021829659842615014 0.016800000000000016
v 0.012801214835540742 0.020889684026675258 0.016800000000000016
v 0.01440073868116559 0.019820916362186216 0.016800000000000016
v 0.015911477184089497 0.01862994615720076 0.016800000000000016
v 0.017324116139070412 0.017324116139070415 0.016800000000000016
v 0.018629946157200754 0.015911477184089504 0.016800000000000016
v 0.019820916362186213 0.0144007386811656 0.016800000000000016
v 0.02088968402667526 0.012801214835540751 0.016800000000000016
v 0.021829659842615014 0.0111227672436189 0.016800000000000016
v 0.022635048546526527 0.009375744092944702 0.016800000000000016
v 0.02330088464923126 0.007570916362186215 0.016800000000000016
v 0.02382306304974308 0.005719411414469686 0.016800000000000016
v 0.024198364344580878 0.003832644393485659 0.016800000000000016
v 0.024424474676461635 0.001922247845332204 0.016800000000000016
v 0.024500000000000004 3.000384657911016e-18 0.016800000000000016
v 0.02442447467646164 -0.0019222478453321873 0.016800000000000016
v 0.02419836434458088 -0.003832644393485653 0.016800000000000016
v 0.02382306304974308 -0.00571941141446968 0.016800000000000016
v 0.02330088464923126 -0.00757091636218622 0.016800000000000016
v 0.02263504854652653 -0.009375744092944697 0.016800000000000016
v 0.02182965984261502 -0.011122767243618884 0.016800000000000016
v 0.02088968402667526 -0.012801214835540742 0.016800000000000016
v 0.019820916362186213 -0.01440073868116559 0.016800000000000016
v 0.018629946157200754 -0.015911477184089504 0.016800000000000016
v 0.01732411613907042 -0.017324116139070412 0.016800000000000016
v 0.01591147718408951 -0.01862994615720075 0.016800000000000016
v 0.014400738681165596 -0.01982091636218621 0.016800000000000016
v 0.01280121483554076 -0.020889684026675254 0.016800000000000016
v 0.0111227672436189 -0.021829659842615014 0.016800000000000016
v 0.009375744092944713 -0.02263504854652652 0.016800000000000016
v 0.007570916362186215 -0.02330088464923126 0.016800000000000016
v 0.005719411414469676 -0.02382306304974308 0.016800000000000016
v 0.0038326443934856604 -0.024198364344580878 0.016800000000000016
v 0.0019222478453321946 -0.024424474676461635 0.016800000000000016
v 4.500576986866523e-18 -0.024500000000000004 0.016800000000000016
v -0.001922247845332186 -0.02442447467646164 0.016800000000000016
v -0.0038326443934856512 -0.02419836434458088 0.016800000000000016
v -0.0057194114144696676 -0.023823063049743083 0.016800000000000016
v -0.007570916362186208 -0.023300884649231267 0.016800000000000016
v -0.009375744092944706 -0.022635048546526523 0.016800000000000016
v -0.011122767243618895 -0.021829659842615017 0.016800000000000016
v -0.012801214835540751 -0.020889684026675254 0.016800000000000016
v -0.014400738681165589 -0.019820916362186216 0.016800000000000016
v -0.015911477184089504 -0.018629946157200757 0.016800000000000016
v -0.017324116139070412 -0.01732411613907042 0.016800000000000016
v -0.018629946157200747 -0.01591147718408951 0.016800000000000016
v -0.01982091636218621 -0.014400738681165598 0.016800000000000016
v -0.020889684026675254 -0.01280121483554076 0.016800000000000016
v -0.021829659842615014 -0.011122767243618902 0.016800000000000016
v -0.02263504854652652 -0.009375744092944715 0.016800000000000016
v -0.02330088464923126 -0.007570916362186217 0.016800000000000016
v -0.02382306304974308 -0.005719411414469677 0.016800000000000016
v -0.024198364344580878 -0.0038326443934856625 0.016800000000000016
v -0.024424474676461635 -0.0019222478453321964 0.016800000000000016
v -0.024500000000000004 -6.000769315822032e-18 0.016800000000000016
v -0.024500000000000004 0 0.018200000000000008
v -0.024424474676461635 0.0019222478453322013 0.018200000000000008
v -0.02419836434458088 0.0038326443934856565 0.018200000000000008
v -0.02382306304974308 0.005719411414469682 0.018200000000000008
v -0.02330088464923126 0.00757091636218621 0.018200000000000008
v -0.022635048546526527 0.0093757440929447 0.018200000000000008
v -0.021829659842615014 0.011122767243618895 0.018200000000000008
v -0.020889684026675258 0.012801214835540742 0.018200000000000008
v -0.01982091636218621 0.01440073868116559 0.018200000000000008
v -0.018629946157200757 0.0159114771840895 0.018200000000000008
v -0.017324116139070415 0.017324116139070412 0.018200000000000008
v -0.015911477184089497 0.01862994615720076 0.018200000000000008
v -0.01440073868116559 0.01982091636218621 0.018200000000000008
v -0.012801214835540751 0.02088968402667526 0.018200000000000008
v -0.0111227672436189 0.021829659842615014 0.018200000000000008
v -0.0093757440929447 0.022635048546526527 0.018200000000000008
v -0.007570916362186213 0.02330088464923126 0.018200000000000008
v -0.005719411414469684 0.02382306304974308 0.018200000000000008
v -0.0038326443934856573 0.02419836434458088 0.018200000000000008
v -0.0019222478453322026 0.024424474676461635 0.018200000000000008
v -1.500192328955508e-18 0.024500000000000004 0.018200000000000008
v 0.0019222478453321994 0.024424474676461635 0.018200000000000008
v 0.00383264439348566 0.02419836434458087 0.018200000000000008
v 0.005719411414469675 0.023823063049743076 0.018200000000000008
v 0.007570916362186209 0.023300884649231263 0.018200000000000008
v 0.009375744092944699 0.022635048546526527 0.018200000000000008
v 0.011122767243618895 0.021829659842615014 0.018200000000000008
v 0.012801214835540742 0.020889684026675258 0.018200000000000008
v 0.01440073868116559 0.019820916362186216 0.018200000000000008
v 0.015911477184089497 0.01862994615720076 0.018200000000000008
v 0.017324116139070412 0.017324116139070415 0.018200000000000008
v 0.018629946157200754 0.015911477184089504 0.018200000000000008
v 0.019820916362186213 0.0144007386811656 0.018200000000000008
v 0.02088968402667526 0.012801214835540751 0.018200000000000008
v 0.021829659842615014 0.0111227672436189 0.018200000000000008
v 0.022635048546526527 0.009375744092944702 0.018200000000000008
v 0.02330088464923126 0.007570916362186215 0.018200000000000008
v 0.02382306304974308 0.005719411414469686 0.018200000000000008
v 0.024198364344580878 0.003832644393485659 0.018200000000000008
v 0.024424474676461635 0.001922247845332204 0.018200000000000008
v 0.024500000000000004 3.000384657911016e-18 0.018200000000000008
v 0.02442447467646164 -0.0019222478453321873 0.018200000000000008
v 0.02419836434458088 -0.003832644393485653 0.018200000000000008
v 0.02382306304974308 -0.00571941141446968 0.018200000000000008
v 0.02330088464923126 -0.00757091636218622 0.018200000000000008
v 0.02263504854652653 -0.009375744092944697 0.018200000000000008
v 0.02182965984261502 -0.011122767243618884 0.018200000000000008
v 0.02088968402667526 -0.012801214835540742 0.018200000000000008
v 0.019820916362186213 -0.01440073868116559 0.018200000000000008
v 0.018629946157200754 -0.015911477184089504 0.018200000000000008
v 0.01732411613907042 -0.017324116139070412 0.018200000000000008
v 0.01591147718408951 -0.01862994615720075 0.018200000000000008
v 0.014400738681165596 -0.01982091636218621 0.018200000000000008
v 0.01280121483554076 -0.020889684026675254 0.018200000000000008
v 0.0111227672436189 -0.021829659842615014 0.018200000000000008
v 0.009375744092944713 -0.02263504854652652 0.018200000000000008
v 0.007570916362186215 -0.02330088464923126 0.018200000000000008
v 0.005719411414469676 -0.02382306304974308 0.018200000000000008
v 0.0038326443934856604 -0.024198364344580878 0.018200000000000008
v 0.0019222478453321946 -0.024424474676461635 0.018200000000000008
v 4.500576986866523e-18 -0.024500000000000004 0.018200000000000008
v -0.001922247845332186 -0.02442447467646164 0.018200000000000008
v -0.0038326443934856512 -0.02419836434458088 0.018200000000000008
v -0.0057194114144696676 -0.023823063049743083 0.018200000000000008
v -0.007570916362186208 -0.023300884649231267 0.018200000000000008
v -0.009375744092944706 -0.022635048546526523 0.018200000000000008
v -0.011122767243618895 -0.021829659842615017 0.018200000000000008
v -0.012801214835540751 -0.020889684026675254 0.018200000000000008
v -0.014400738681165589 -0.019820916362186216 0.018200000000000008
v -0.015911477184089504 -0.018629946157200757 0.018200000000000008
v -0.017324116139070412 -0.01732411613907042 0.018200000000000008
v -0.018629946157200747 -0.01591147718408951 0.018200000000000008
v -0.01982091636218621 -0.014400738681165598 0.018200000000000008
v -0.020889684026675254 -0.01280121483554076 0.018200000000000008
v -0.021829659842615014 -0.011122767243618902 0.018200000000000008
v -0.02263504854652652 -0.009375744092944715 0.018200000000000008
v -0.02330088464923126 -0.007570916362186217 0.018200000000000008
v -0.02382306304974308 -0.005719411414469677 0.018200000000000008
v -0.024198364344580878 -0.0038326443934856625 0.018200000000000008
v -0.024424474676461635 -0.0019222478453321964 0.018200000000000008
v -0.024500000000000004 -6.000769315822032e-18 0.018200000000000008
v -0.024500000000000004 0 0.02020000000000001
v -0.024424474676461635 0.0019222478453322013 0.02020000000000001
v -0.02419836434458088 0.0038326443934856565 0.02020000000000001
v -0.02382306304974308 0.005719411414469682 0.02020000000000001
v -0.02330088464923126 0.00757091636218621 0.02020000000000001
v -0.022635048546526527 0.0093757440929447 0.02020000000000001
v -0.021829659842615014 0.011122767243618895 0.02020000000000001
v -0.020889684026675258 0.012801214835540742 0.02020000000000001
v -0.01982091636218621 0.01440073868116559 0.02020000000000001
v -0.018629946157200757 0.0159114771840895 0.02020000000000001
v -0.017324116139070415 0.017324116139070412 0.02020000000000001
v -0.015911477184089497 0.01862994615720076 0.02020000000000001
v -0.01440073868116559 0.01982091636218621 0.02020000000000001
v -0.012801214835540751 0.02088968402667526 0.02020000000000001
v -0.0111227672436189 0.021829659842615014 0.02020000000000001
v -0.0093757440929447 0.022635048546526527 0.02020000000000001
v -0.007570916362186213 0.02330088464923126 0.02020000000000001
v -0.005719411414469684 0.02382306304974308 0.02020000000000001
v -0.0038326443934856573 0.02419836434458088 0.02020000000000001
v -0.0019222478453322026 0.024424474676461635 0.02020000000000001
v -1.500192328955508e-18 0.024500000000000004 0.02020000000000001
v 0.0019222478453321994 0.024424474676461635 0.02020000000000001
v 0.00383264439348566 0.02419836434458087 0.02020000000000001
v 0.005719411414469675 0.023823063049743076 0.02020000000000001
v 0.007570916362186209 0.023300884649231263 0.02020000000000001
v 0.009375744092944699 0.022635048546526527 0.02020000000000001
v 0.011122767243618895 0.021829659842615014 0.02020000000000001
v 0.012801214835540742 0.020889684026675258 0.02020000000000001
v 0.01440073868116559 0.019820916362186216 0.02020000000000001
v 0.015911477184089497 0.01862994615720076 0.02020000000000001
v 0.017324116139070412 0.017324116139070415 0.02020000000000001
v 0.018629946157200754 0.015911477184089504 0.02020000000000001
v 0.019820916362186213 0.0144007386811656 0.02020000000000001
v 0.02088968402667526 0.012801214835540751 0.02020000000000001
v 0.021829659842615014 0.0111227672436189 0.02020000000000001
v 0.022635048546526527 0.009375744092944702 0.02020000000000001
v 0.02330088464923126 0.007570916362186215 0.02020000000000001
v 0.02382306304974308 0.005719411414469686 0.02020000000000001
v 0.024198364344580878 0.003832644393485659 0.02020000000000001
v 0.024424474676461635 0.001922247845332204 0.02020000000000001
v 0.024500000000000004 3.000384657911016e-18 0.02020000000000001
v 0.02442447467646164 -0.0019222478453321873 0.02020000000000001
v 0.02419836434458088 -0.003832644393485653 0.02020000000000001
v 0.02382306304974308 -0.00571941141446968 0.02020000000000001
v 0.02330088464923126 -0.00757091636218622 0.02020000000000001
v 0.02263504854652653 -0.009375744092944697 0.02020000000000001
v 0.02182965984261502 -0.011122767243618884 0.02020000000000001
v 0.02088968402667526 -0.012801214835540742 0.02020000000000001
v 0.019820916362186213 -0.01440073868116559 0.02020000000000001
v 0.018629946157200754 -0.015911477184089504 0.02020000000000001
v 0.01732411613907042 -0.017324116139070412 0.02020000000000001
v 0.01591147718408951 -0.01862994615720075 0.02020000000000001
v 0.014400738681165596 -0.01982091636218621 0.02020000000000001
v 0.01280121483554076 -0.020889684026675254 0.02020000000000001
v 0.0111227672436189 -0.021829659842615014 0.02020000000000001
v 0.009375744092944713 -0.02263504854652652 0.02020000000000001
v 0.007570916362186215 -0.02330088464923126 0.02020000000000001
v 0.005719411414469676 -0.02382306304974308 0.02020000000000001
v 0.0038326443934856604 -0.024198364344580878 0.02020000000000001
v 0.0019222478453321946 -0.024424474676461635 0.02020000000000001
v 4.500576986866523e-18 -0.024500000000000004 0.02020000000000001
v -0.001922247845332186 -0.02442447467646164 0.02020000000000001
v -0.0038326443934856512 -0.02419836434458088 0.02020000000000001
v -0.0057194114144696676 -0.023823063049743083 0.02020000000000001
v -0.007570916362186208 -0.023300884649231267 0.02020000000000001
v -0.009375744092944706 -0.022635048546526523 0.02020000000000001
v -0.011122767243618895 -0.021829659842615017 0.02020000000000001
v -0.012801214835540751 -0.020889684026675254 0.02020000000000001
v -0.014400738681165589 -0.019820916362186216 0.02020000000000001
v -0.015911477184089504 -0.018629946157200757 0.02020000000000001
v -0.017324116139070412 -0.01732411613907042 0.02020000000000001
v -0.018629946157200747 -0.01591147718408951 0.02020000000000001
v -0.01982091636218621 -0.014400738681165598 0.02020000000000001
v -0.020889684026675254 -0.01280121483554076 0.02020000000000001
v -0.021829659842615014 -0.011122767243618902 0.02020000000000001
v -0.02263504854652652 -0.009375744092944715 0.02020000000000001
v -0.02330088464923126 -0.007570916362186217 0.02020000000000001
v -0.02382306304974308 -0.005719411414469677 0.02020000000000001
v -0.024198364344580878 -0.0038326443934856625 0.02020000000000001
v -0.024424474676461635 -0.0019222478453321964 0.02020000000000001
v -0.024500000000000004 -6.000769315822032e-18 0.02020000000000001
v -0.02407692307692308 0 0.022200000000000008
v -0.024062869060282325 0.0018937888661415216 0.022200000000000008
v -0.023899348890627142 0.0037852849981628075 0.022200000000000008
v -0.02358628750639773 0.0056625666358428115 0.022200000000000008
v -0.02312458583552657 0.007513633405191063 0.022200000000000008
v -0.022516140583228112 0.009326490801872336 0.022200000000000008
v -0.02176385592637184 0.011089238473616597 0.022200000000000008
v -0.020871646466444058 0.012790161404414944 0.022200000000000008
v -0.01982091636218621 0.014400738681165592 0.022200000000000008
v -0.018629946157200757 0.0159114771840895 0.022200000000000008
v -0.017324116139070415 0.017324116139070415 0.022200000000000008
v -0.015911477184089497 0.018629946157200764 0.022200000000000008
v -0.014400738681165592 0.01982091636218621 0.022200000000000008
v -0.012801214835540748 0.020889684026675258 0.022200000000000008
v -0.011122767243618902 0.021829659842615014 0.022200000000000008
v -0.0093757440929447 0.02263504854652653 0.022200000000000008
v -0.007570916362186215 0.023300884649231267 0.022200000000000008
v -0.005719411414469684 0.023823063049743076 0.022200000000000008
v -0.0038326443934856578 0.024198364344580878 0.022200000000000008
v -0.0019222478453322022 0.024424474676461635 0.022200000000000008
v -1.5001923289555076e-18 0.024499999999999997 0.022200000000000008
v 0.0019222478453321994 0.024424474676461635 0.022200000000000008
v 0.003832644393485661 0.024198364344580874 0.022200000000000008
v 0.0057194114144696745 0.023823063049743076 0.022200000000000008
v 0.007570916362186211 0.023300884649231267 0.022200000000000008
v 0.009375744092944699 0.02263504854652653 0.022200000000000008
v 0.011122767243618895 0.021829659842615014 0.022200000000000008
v 0.012801214835540748 0.020889684026675258 0.022200000000000008
v 0.014400738681165589 0.019820916362186213 0.022200000000000008
v 0.015911477184089497 0.018629946157200764 0.022200000000000008
v 0.017324116139070415 0.017324116139070415 0.022200000000000008
v 0.018629946157200757 0.015911477184089504 0.022200000000000008
v 0.01982091636218621 0.014400738681165594 0.022200000000000008
v 0.020871646466444058 0.012790161404414946 0.022200000000000008
v 0.02176385592637184 0.011089238473616604 0.022200000000000008
v 0.022516140583228112 0.00932649080187234 0.022200000000000008
v 0.02312458583552657 0.007513633405191065 0.022200000000000008
v 0.02358628750639773 0.005662566635842816 0.022200000000000008
v 0.023899348890627142 0.00378528499816281 0.022200000000000008
v 0.024062869060282325 0.0018937888661415246 0.022200000000000008
v 0.02407692307692308 2.948572677947089e-18 0.022200000000000008
v 0.023942534856405226 -0.0018843183589069984 0.022200000000000008
v 0.023704520174283306 -0.0037544271609655376 0.022200000000000008
v 0.023336878089544242 -0.005602688732541727 0.022200000000000008
v 0.022825356391083684 -0.007416407864998745 0.022200000000000008
v 0.02217310878027089 -0.009184402376762152 0.022200000000000008
v 0.021384156580520834 -0.010895771993749111 0.022200000000000008
v 0.020463363944498214 -0.012539965553182769 0.022200000000000008
v 0.01941640786499874 -0.014106846055019353 0.022200000000000008
v 0.018249743174400736 -0.015586753159924414 0.022200000000000008
v 0.016970562748477146 -0.01697056274847714 0.022200000000000008
v 0.01558675315992442 -0.018249743174400736 0.022200000000000008
v 0.014106846055019358 -0.019416407864998736 0.022200000000000008
v 0.012539965553182784 -0.020463363944498204 0.022200000000000008
v 0.010895771993749127 -0.021384156580520827 0.022200000000000008
v 0.009184402376762168 -0.022173108780270876 0.022200000000000008
v 0.007416407864998742 -0.022825356391083684 0.022200000000000008
v 0.005602688732541723 -0.023336878089544242 0.022200000000000008
v 0.003754427160965545 -0.0237045201742833 0.022200000000000008
v 0.0018830182974682724 -0.023926016009595073 0.022200000000000008
v 4.408728476930471e-18 -0.024 0.022200000000000008
v -0.0018830182974682638 -0.02392601600959507 0.022200000000000008
v -0.0037544271609655363 -0.023704520174283306 0.022200000000000008
v -0.005602688732541714 -0.02333687808954424 0.022200000000000008
v -0.007416407864998734 -0.02282535639108369 0.022200000000000008
v -0.009184402376762161 -0.02217310878027088 0.022200000000000008
v -0.010895771993749118 -0.021384156580520834 0.022200000000000008
v -0.012539965553182778 -0.02046336394449821 0.022200000000000008
v -0.01410684605501935 -0.019416407864998743 0.022200000000000008
v -0.015586753159924414 -0.01824974317440074 0.022200000000000008
v -0.016970562748477136 -0.016970562748477146 0.022200000000000008
v -0.018249743174400732 -0.01558675315992442 0.022200000000000008
v -0.019416407864998736 -0.014106846055019362 0.022200000000000008
v -0.020463363944498204 -0.01253996555318279 0.022200000000000008
v -0.021384156580520827 -0.010895771993749127 0.022200000000000008
v -0.022173108780270876 -0.00918440237676217 0.022200000000000008
v -0.022825356391083684 -0.007416407864998742 0.022200000000000008
v -0.023336878089544242 -0.005602688732541725 0.022200000000000008
v -0.0237045201742833 -0.0037544271609655467 0.022200000000000008
v -0.023942534856405222 -0.0018843183589070073 0.022200000000000008
v -0.024076923076923076 -5.897145355894178e-18 0.022200000000000008
v -0.023230769230769232 0 0.024200000000000006
v -0.0233396578279237 0.0018368709077601622 0.024200000000000006
v -0.023301317982719682 0.0036905662075171096 0.024200000000000006
v -0.02311273641970704 0.00554887707858907 0.024200000000000006
v -0.02277198820811719 0.007399067491200762 0.024200000000000006
v -0.022278324656631293 0.009227984219727607 0.024200000000000006
v -0.02163224809388549 0.011022180933612001 0.024200000000000006
v -0.020835571345981647 0.012768054542163332 0.024200000000000006
v -0.019820916362186213 0.014400738681165592 0.024200000000000006
v -0.018629946157200757 0.015911477184089497 0.024200000000000006
v -0.01732411613907042 0.017324116139070412 0.024200000000000006
v -0.015911477184089497 0.01862994615720076 0.024200000000000006
v -0.014400738681165592 0.019820916362186213 0.024200000000000006
v -0.012801214835540748 0.020889684026675258 0.024200000000000006
v -0.011122767243618898 0.021829659842615014 0.024200000000000006
v -0.0093757440929447 0.022635048546526527 0.024200000000000006
v -0.007570916362186214 0.023300884649231263 0.024200000000000006
v -0.005719411414469684 0.023823063049743073 0.024200000000000006
v -0.003832644393485658 0.024198364344580878 0.024200000000000006
v -0.0019222478453322024 0.024424474676461635 0.024200000000000006
v -1.5001923289555078e-18 0.0245 0.024200000000000006
v 0.0019222478453321996 0.024424474676461635 0.024200000000000006
v 0.0038326443934856604 0.02419836434458087 0.024200000000000006
v 0.005719411414469675 0.023823063049743076 0.024200000000000006
v 0.00757091636218621 0.023300884649231263 0.024200000000000006
v 0.009375744092944699 0.022635048546526527 0.024200000000000006
v 0.011122767243618896 0.021829659842615014 0.024200000000000006
v 0.012801214835540746 0.02088968402667526 0.024200000000000006
v 0.01440073868116559 0.019820916362186216 0.024200000000000006
v 0.015911477184089497 0.01862994615720076 0.024200000000000006
v 0.017324116139070412 0.01732411613907042 0.024200000000000006
v 0.018629946157200757 0.015911477184089504 0.024200000000000006
v 0.019820916362186213 0.014400738681165596 0.024200000000000006
v 0.020835571345981643 0.012768054542163336 0.024200000000000006
v 0.021632248093885486 0.011022180933612007 0.024200000000000006
v 0.022278324656631293 0.009227984219727611 0.024200000000000006
v 0.02277198820811719 0.0073990674912007654 0.024200000000000006
v 0.02311273641970704 0.005548877078589073 0.024200000000000006
v 0.02330131798271968 0.0036905662075171117 0.024200000000000006
v 0.0233396578279237 0.0018368709077601652 0.024200000000000006
v 0.023230769230769232 2.844948718019236e-18 0.024200000000000006
v 0.022978655216292405 -0.001808459386056621 0.024200000000000006
v 0.02271683183368817 -0.0035979926959253073 0.024200000000000006
v 0.022364508169146567 -0.0053692433686858216 0.024200000000000006
v 0.021874299874788533 -0.007107390870623798 0.024200000000000006
v 0.021249229247759596 -0.008801718944397062 0.024200000000000006
v 0.020493150056332468 -0.010441781494009563 0.024200000000000006
v 0.019610723780144123 -0.01201746698846682 0.024200000000000006
v 0.01860739087062379 -0.013519060802726881 0.024200000000000006
v 0.017489337208800707 -0.014937305111594228 0.024200000000000006
v 0.016263455967290598 -0.01626345596729059 0.024200000000000006
v 0.014937305111594234 -0.017489337208800703 0.024200000000000006
v 0.013519060802726886 -0.01860739087062379 0.024200000000000006
v 0.012017466988466837 -0.019610723780144113 0.024200000000000006
v 0.010441781494009579 -0.020493150056332458 0.024200000000000006
v 0.008801718944397078 -0.02124922924775959 0.024200000000000006
v 0.007107390870623793 -0.021874299874788533 0.024200000000000006
v 0.005369243368685818 -0.022364508169146567 0.024200000000000006
v 0.003597992695925314 -0.022716831833688167 0.024200000000000006
v 0.0018045592017404276 -0.022929098675861945 0.024200000000000006
v 4.2250314570583685e-18 -0.023 0.024200000000000006
v -0.0018045592017404194 -0.022929098675861945 0.024200000000000006
v -0.0035979926959253056 -0.02271683183368817 0.024200000000000006
v -0.005369243368685809 -0.022364508169146567 0.024200000000000006
v -0.0071073908706237865 -0.021874299874788533 0.024200000000000006
v -0.00880171894439707 -0.021249229247759592 0.024200000000000006
v -0.010441781494009572 -0.020493150056332465 0.024200000000000006
v -0.012017466988466827 -0.019610723780144116 0.024200000000000006
v -0.013519060802726877 -0.018607390870623793 0.024200000000000006
v -0.014937305111594228 -0.01748933720880071 0.024200000000000006
v -0.016263455967290587 -0.016263455967290598 0.024200000000000006
v -0.0174893372088007 -0.014937305111594234 0.024200000000000006
v -0.01860739087062379 -0.013519060802726888 0.024200000000000006
v -0.019610723780144113 -0.012017466988466837 0.024200000000000006
v -0.020493150056332458 -0.01044178149400958 0.024200000000000006
v -0.02124922924775959 -0.00880171894439708 0.024200000000000006
v -0.021874299874788533 -0.007107390870623795 0.024200000000000006
v -0.022364508169146567 -0.005369243368685821 0.024200000000000006
v -0.022716831833688167 -0.0035979926959253156 0.024200000000000006
v -0.022978655216292398 -0.0018084593860566293 0.024200000000000006
v -0.02323076923076923 -5.689897436038471e-18 0.024200000000000006
v -0.02407692307692308 0 0.026200000000000008
v -0.024062869060282325 0.0018937888661415216 0.026200000000000008
v -0.023899348890627142 0.0037852849981628075 0.026200000000000008
v -0.02358628750639773 0.0056625666358428115 0.026200000000000008
v -0.02312458583552657 0.007513633405191063 0.026200000000000008
v -0.022516140583228112 0.009326490801872336 0.026200000000000008
v -0.02176385592637184 0.011089238473616597 0.026200000000000008
v -0.020871646466444058 0.012790161404414944 0.026200000000000008
v -0.01982091636218621 0.014400738681165592 0.026200000000000008
v -0.018629946157200757 0.0159114771840895 0.026200000000000008
v -0.017324116139070415 0.017324116139070415 0.026200000000000008
v -0.015911477184089497 0.018629946157200764 0.026200000000000008
v -0.014400738681165592 0.01982091636218621 0.026200000000000008
v -0.012801214835540748 0.020889684026675258 0.026200000000000008
v -0.011122767243618902 0.021829659842615014 0.026200000000000008
v -0.0093757440929447 0.02263504854652653 0.026200000000000008
v -0.007570916362186215 0.023300884649231267 0.026200000000000008
v -0.005719411414469684 0.023823063049743076 0.026200000000000008
v -0.0038326443934856578 0.024198364344580878 0.026200000000000008
v -0.0019222478453322022 0.024424474676461635 0.026200000000000008
v -1.5001923289555076e-18 0.024499999999999997 0.026200000000000008
v 0.0019222478453321994 0.024424474676461635 0.026200000000000008
v 0.003832644393485661 0.024198364344580874 0.026200000000000008
v 0.0057194114144696745 0.023823063049743076 0.026200000000000008
v 0.007570916362186211 0.023300884649231267 0.026200000000000008
v 0.009375744092944699 0.02263504854652653 0.026200000000000008
v 0.011122767243618895 0.021829659842615014 0.026200000000000008
v 0.012801214835540748 0.020889684026675258 0.026200000000000008
v 0.014400738681165589 0.019820916362186213 0.026200000000000008
v 0.015911477184089497 0.018629946157200764 0.026200000000000008
v 0.017324116139070415 0.017324116139070415 0.026200000000000008
v 0.018629946157200757 0.015911477184089504 0.026200000000000008
v 0.01982091636218621 0.014400738681165594 0.026200000000000008
v 0.020871646466444058 0.012790161404414946 0.026200000000000008
v 0.02176385592637184 0.011089238473616604 0.026200000000000008
v 0.022516140583228112 0.00932649080187234 0.026200000000000008
v 0.02312458583552657 0.007513633405191065 0.026200000000000008
v 0.02358628750639773 0.005662566635842816 0.026200000000000008
v 0.023899348890627142 0.00378528499816281 0.026200000000000008
v 0.024062869060282325 0.0018937888661415246 0.026200000000000008
v 0.02407692307692308 2.948572677947089e-18 0.026200000000000008
v 0.023942534856405226 -0.0018843183589069984 0.026200000000000008
v 0.023704520174283306 -0.0037544271609655376 0.026200000000000008
v 0.023336878089544242 -0.005602688732541727 0.026200000000000008
v 0.022825356391083684 -0.007416407864998745 0.026200000000000008
v 0.02217310878027089 -0.009184402376762152 0.026200000000000008
v 0.021384156580520834 -0.010895771993749111 0.026200000000000008
v 0.020463363944498214 -0.012539965553182769 0.026200000000000008
v 0.01941640786499874 -0.014106846055019353 0.026200000000000008
v 0.018249743174400736 -0.015586753159924414 0.026200000000000008
v 0.016970562748477146 -0.01697056274847714 0.026200000000000008
v 0.01558675315992442 -0.018249743174400736 0.026200000000000008
v 0.014106846055019358 -0.019416407864998736 0.026200000000000008
v 0.012539965553182784 -0.020463363944498204 0.026200000000000008
v 0.010895771993749127 -0.021384156580520827 0.026200000000000008
v 0.009184402376762168 -0.022173108780270876 0.026200000000000008
v 0.007416407864998742 -0.022825356391083684 0.026200000000000008
v 0.005602688732541723 -0.023336878089544242 0.026200000000000008
v 0.003754427160965545 -0.0237045201742833 0.026200000000000008
v 0.0018830182974682724 -0.023926016009595073 0.026200000000000008
v 4.408728476930471e-18 -0.024 0.026200000000000008
v -0.0018830182974682638 -0.02392601600959507 0.026200000000000008
v -0.0037544271609655363 -0.023704520174283306 0.026200000000000008
v -0.005602688732541714 -0.02333687808954424 0.026200000000000008
v -0.007416407864998734 -0.02282535639108369 0.026200000000000008
v -0.009184402376762161 -0.02217310878027088 0.026200000000000008
v -0.010895771993749118 -0.021384156580520834 0.026200000000000008
v -0.012539965553182778 -0.02046336394449821 0.026200000000000008
v -0.01410684605501935 -0.019416407864998743 0.026200000000000008
v -0.015586753159924414 -0.01824974317440074 0.026200000000000008
v -0.016970562748477136 -0.016970562748477146 0.026200000000000008
v -0.018249743174400732 -0.01558675315992442 0.026200000000000008
v -0.019416407864998736 -0.014106846055019362 0.026200000000000008
v -0.020463363944498204 -0.01253996555318279 0.026200000000000008
v -0.021384156580520827 -0.010895771993749127 0.026200000000000008
v -0.022173108780270876 -0.00918440237676217 0.026200000000000008
v -0.022825356391083684 -0.007416407864998742 0.026200000000000008
v -0.023336878089544242 -0.005602688732541725 0.026200000000000008
v -0.0237045201742833 -0.0037544271609655467 0.026200000000000008
v -0.023942534856405222 -0.0018843183589070073 0.026200000000000008
v -0.024076923076923076 -5.897145355894178e-18 0.026200000000000008
v -0.024500000000000004 0 0.02820000000000001
v -0.024424474676461635 0.0019222478453322013 0.02820000000000001
v -0.02419836434458088 0.0038326443934856565 0.02820000000000001
v -0.02382306304974308 0.005719411414469682 0.02820000000000001
v -0.02330088464923126 0.00757091636218621 0.02820000000000001
v -0.022635048546526527 0.0093757440929447 0.02820000000000001
v -0.021829659842615014 0.011122767243618895 0.02820000000000001
v -0.020889684026675258 0.012801214835540742 0.02820000000000001
v -0.01982091636218621 0.01440073868116559 0.02820000000000001
v -0.018629946157200757 0.0159114771840895 0.02820000000000001
v -0.017324116139070415 0.017324116139070412 0.02820000000000001
v -0.015911477184089497 0.01862994615720076 0.02820000000000001
v -0.01440073868116559 0.01982091636218621 0.02820000000000001
v -0.012801214835540751 0.02088968402667526 0.02820000000000001
v -0.0111227672436189 0.021829659842615014 0.02820000000000001
v -0.0093757440929447 0.022635048546526527 0.02820000000000001
v -0.007570916362186213 0.02330088464923126 0.02820000000000001
v -0.005719411414469684 0.02382306304974308 0.02820000000000001
v -0.0038326443934856573 0.02419836434458088 0.02820000000000001
v -0.0019222478453322026 0.024424474676461635 0.02820000000000001
v -1.500192328955508e-18 0.024500000000000004 0.02820000000000001
v 0.0019222478453321994 0.024424474676461635 0.02820000000000001
v 0.00383264439348566 0.02419836434458087 0.02820000000000001
v 0.005719411414469675 0.023823063049743076 0.02820000000000001
v 0.007570916362186209 0.023300884649231263 0.02820000000000001
v 0.009375744092944699 0.022635048546526527 0.02820000000000001
v 0.011122767243618895 0.021829659842615014 0.02820000000000001
v 0.012801214835540742 0.020889684026675258 0.02820000000000001
v 0.01440073868116559 0.019820916362186216 0.02820000000000001
v 0.015911477184089497 0.01862994615720076 0.02820000000000001
v 0.017324116139070412 0.017324116139070415 0.02820000000000001
v 0.018629946157200754 0.015911477184089504 0.02820000000000001
v 0.019820916362186213 0.0144007386811656 0.02820000000000001
v 0.02088968402667526 0.012801214835540751 0.02820000000000001
v 0.021829659842615014 0.0111227672436189 0.02820000000000001
v 0.022635048546526527 0.009375744092944702 0.02820000000000001
v 0.02330088464923126 0.007570916362186215 0.02820000000000001
v 0.02382306304974308 0.005719411414469686 0.02820000000000001
v 0.024198364344580878 0.003832644393485659 0.02820000000000001
v 0.024424474676461635 0.001922247845332204 0.02820000000000001
v 0.024500000000000004 3.000384657911016e-18 0.02820000000000001
v 0.02442447467646164 -0.0019222478453321873 0.02820000000000001
v 0.02419836434458088 -0.003832644393485653 0.02820000000000001
v 0.02382306304974308 -0.00571941141446968 0.02820000000000001
v 0.02330088464923126 -0.00757091636218622 0.02820000000000001
v 0.02263504854652653 -0.009375744092944697 0.02820000000000001
v 0.02182965984261502 -0.011122767243618884 0.02820000000000001
v 0.02088968402667526 -0.012801214835540742 0.02820000000000001
v 0.019820916362186213 -0.01440073868116559 0.02820000000000001
v 0.018629946157200754 -0.015911477184089504 0.02820000000000001
v 0.01732411613907042 -0.017324116139070412 0.02820000000000001
v 0.01591147718408951 -0.01862994615720075 0.02820000000000001
v 0.014400738681165596 -0.01982091636218621 0.02820000000000001
v 0.01280121483554076 -0.020889684026675254 0.02820000000000001
v 0.0111227672436189 -0.021829659842615014 0.02820000000000001
v 0.009375744092944713 -0.02263504854652652 0.02820000000000001
v 0.007570916362186215 -0.02330088464923126 0.02820000000000001
v 0.005719411414469676 -0.02382306304974308 0.02820000000000001
v 0.0038326443934856604 -0.024198364344580878 0.02820000000000001
v 0.0019222478453321946 -0.024424474676461635 0.02820000000000001
v 4.500576986866523e-18 -0.024500000000000004 0.02820000000000001
v -0.001922247845332186 -0.02442447467646164 0.02820000000000001
v -0.0038326443934856512 -0.02419836434458088 0.02820000000000001
v -0.0057194114144696676 -0.023823063049743083 0.02820000000000001
v -0.007570916362186208 -0.023300884649231267 0.02820000000000001
v -0.009375744092944706 -0.022635048546526523 0.02820000000000001
v -0.011122767243618895 -0.021829659842615017 0.02820000000000001
v -0.012801214835540751 -0.020889684026675254 0.02820000000000001
v -0.014400738681165589 -0.019820916362186216 0.02820000000000001
v -0.015911477184089504 -0.018629946157200757 0.02820000000000001
v -0.017324116139070412 -0.01732411613907042 0.02820000000000001
v -0.018629946157200747 -0.01591147718408951 0.02820000000000001
v -0.01982091636218621 -0.014400738681165598 0.02820000000000001
v -0.020889684026675254 -0.01280121483554076 0.02820000000000001
v -0.021829659842615014 -0.011122767243618902 0.02820000000000001
v -0.02263504854652652 -0.009375744092944715 0.02820000000000001
v -0.02330088464923126 -0.007570916362186217 0.02820000000000001
v -0.02382306304974308 -0.005719411414469677 0.02820000000000001
v -0.024198364344580878 -0.0038326443934856625 0.02820000000000001
v -0.024424474676461635 -0.0019222478453321964 0.02820000000000001
v -0.024500000000000004 -6.000769315822032e-18 0.02820000000000001
v -0.024500000000000004 0 0.0296
v -0.024424474676461635 0.0019222478453322013 0.0296
v -0.02419836434458088 0.0038326443934856565 0.0296
v -0.02382306304974308 0.005719411414469682 0.0296
v -0.02330088464923126 0.00757091636218621 0.0296
v -0.022635048546526527 0.0093757440929447 0.0296
v -0.021829659842615014 0.011122767243618895 0.0296
v -0.020889684026675258 0.012801214835540742 0.0296
v -0.01982091636218621 0.01440073868116559 0.0296
v -0.018629946157200757 0.0159114771840895 0.0296
v -0.017324116139070415 0.017324116139070412 0.0296
v -0.015911477184089497 0.01862994615720076 0.0296
v -0.01440073868116559 0.01982091636218621 0.0296
v -0.012801214835540751 0.02088968402667526 0.0296
v -0.0111227672436189 0.021829659842615014 0.0296
v -0.0093757440929447 0.022635048546526527 0.0296
v -0.007570916362186213 0.02330088464923126 0.0296
v -0.005719411414469684 0.02382306304974308 0.0296
v -0.0038326443934856573 0.02419836434458088 0.0296
v -0.0019222478453322026 0.024424474676461635 0.0296
v -1.500192328955508e-18 0.024500000000000004 0.0296
v 0.0019222478453321994 0.024424474676461635 0.0296
v 0.00383264439348566 0.02419836434458087 0.0296
v 0.005719411414469675 0.023823063049743076 0.0296
v 0.007570916362186209 0.023300884649231263 0.0296
v 0.009375744092944699 0.022635048546526527 0.0296
v 0.011122767243618895 0.021829659842615014 0.0296
v 0.012801214835540742 0.020889684026675258 0.0296
v 0.01440073868116559 0.019820916362186216 0.0296
v 0.015911477184089497 0.01862994615720076 0.0296
v 0.017324116139070412 0.017324116139070415 0.0296
v 0.018629946157200754 0.015911477184089504 0.0296
v 0.019820916362186213 0.0144007386811656 0.0296
v 0.02088968402667526 0.012801214835540751 0.0296
v 0.021829659842615014 0.0111227672436189 0.0296
v 0.022635048546526527 0.009375744092944702 0.0296
v 0.02330088464923126 0.007570916362186215 0.0296
v 0.02382306304974308 0.005719411414469686 0.0296
v 0.024198364344580878 0.003832644393485659 0.0296
v 0.024424474676461635 0.001922247845332204 0.0296
v 0.024500000000000004 3.000384657911016e-18 0.0296
v 0.02442447467646164 -0.0019222478453321873 0.0296
v 0.02419836434458088 -0.003832644393485653 0.0296
v 0.02382306304974308 -0.00571941141446968 0.0296
v 0.02330088464923126 -0.00757091636218622 0.0296
v 0.02263504854652653 -0.009375744092944697 0.0296
v 0.02182965984261502 -0.011122767243618884 0.0296
v 0.02088968402667526 -0.012801214835540742 0.0296
v 0.019820916362186213 -0.01440073868116559 0.0296
v 0.018629946157200754 -0.015911477184089504 0.0296
v 0.01732411613907042 -0.017324116139070412 0.0296
v 0.01591147718408951 -0.01862994615720075 0.0296
v 0.014400738681165596 -0.01982091636218621 0.0296
v 0.01280121483554076 -0.020889684026675254 0.0296
v 0.0111227672436189 -0.021829659842615014 0.0296
v 0.009375744092944713 -0.02263504854652652 0.0296
v 0.007570916362186215 -0.02330088464923126 0.0296
v 0.005719411414469676 -0.02382306304974308 0.0296
v 0.0038326443934856604 -0.024198364344580878 0.0296
v 0.0019222478453321946 -0.024424474676461635 0.0296
v 4.500576986866523e-18 -0.024500000000000004 0.0296
v -0.001922247845332186 -0.02442447467646164 0.0296
v -0.0038326443934856512 -0.02419836434458088 0.0296
v -0.0057194114144696676 -0.023823063049743083 0.0296
v -0.007570916362186208 -0.023300884649231267 0.0296
v -0.009375744092944706 -0.022635048546526523 0.0296
v -0.011122767243618895 -0.021829659842615017 0.0296
v -0.012801214835540751 -0.020889684026675254 0.0296
v -0.014400738681165589 -0.019820916362186216 0.0296
v -0.015911477184089504 -0.018629946157200757 0.0296
v -0.017324116139070412 -0.01732411613907042 0.0296
v -0.018629946157200747 -0.01591147718408951 0.0296
v -0.01982091636218621 -0.014400738681165598 0.0296
v -0.020889684026675254 -0.01280121483554076 0.0296
v -0.021829659842615014 -0.011122767243618902 0.0296
v -0.02263504854652652 -0.009375744092944715 0.0296
v -0.02330088464923126 -0.007570916362186217 0.0296
v -0.02382306304974308 -0.005719411414469677 0.0296
v -0.024198364344580878 -0.0038326443934856625 0.0296
v -0.024424474676461635 -0.0019222478453321964 0.0296
v -0.024500000000000004 -6.000769315822032e-18 0.0296
v -0.024500000000000004 0 0.0316
v -0.024424474676461635 0.0019222478453322013 0.0316
v -0.02419836434458088 0.0038326443934856565 0.0316
v -0.02382306304974308 0.005719411414469682 0.0316
v -0.02330088464923126 0.00757091636218621 0.0316
v -0.022635048546526527 0.0093757440929447 0.0316
v -0.021829659842615014 0.011122767243618895 0.0316
v -0.020889684026675258 0.012801214835540742 0.0316
v -0.01982091636218621 0.01440073868116559 0.0316
v -0.018629946157200757 0.0159114771840895 0.0316
v -0.017324116139070415 0.017324116139070412 0.0316
v -0.015911477184089497 0.01862994615720076 0.0316
v -0.01440073868116559 0.01982091636218621 0.0316
v -0.012801214835540751 0.02088968402667526 0.0316
v -0.0111227672436189 0.021829659842615014 0.0316
v -0.0093757440929447 0.022635048546526527 0.0316
v -0.007570916362186213 0.02330088464923126 0.0316
v -0.005719411414469684 0.02382306304974308 0.0316
v -0.0038326443934856573 0.02419836434458088 0.0316
v -0.0019222478453322026 0.024424474676461635 0.0316
v -1.500192328955508e-18 0.024500000000000004 0.0316
v 0.0019222478453321994 0.024424474676461635 0.0316
v 0.00383264439348566 0.02419836434458087 0.0316
v 0.005719411414469675 0.023823063049743076 0.0316
v 0.007570916362186209 0.023300884649231263 0.0316
v 0.009375744092944699 0.022635048546526527 0.0316
v 0.011122767243618895 0.021829659842615014 0.0316
v 0.012801214835540742 0.020889684026675258 0.0316
v 0.01440073868116559 0.019820916362186216 0.0316
v 0.015911477184089497 0.01862994615720076 0.0316
v 0.017324116139070412 0.017324116139070415 0.0316
v 0.018629946157200754 0.015911477184089504 0.0316
v 0.019820916362186213 0.0144007386811656 0.0316
v 0.02088968402667526 0.012801214835540751 0.0316
v 0.021829659842615014 0.0111227672436189 0.0316
v 0.022635048546526527 0.009375744092944702 0.0316
v 0.02330088464923126 0.007570916362186215 0.0316
v 0.02382306304974308 0.005719411414469686 0.0316
v 0.024198364344580878 0.003832644393485659 0.0316
v 0.024424474676461635 0.001922247845332204 0.0316
v 0.024500000000000004 3.000384657911016e-18 0.0316
v 0.02442447467646164 -0.0019222478453321873 0.0316
v 0.02419836434458088 -0.003832644393485653 0.0316
v 0.02382306304974308 -0.00571941141446968 0.0316
v 0.02330088464923126 -0.00757091636218622 0.0316
v 0.02263504854652653 -0.009375744092944697 0.0316
v 0.02182965984261502 -0.011122767243618884 0.0316
v 0.02088968402667526 -0.012801214835540742 0.0316
v 0.019820916362186213 -0.01440073868116559 0.0316
v 0.018629946157200754 -0.015911477184089504 0.0316
v 0.01732411613907042 -0.017324116139070412 0.0316
v 0.01591147718408951 -0.01862994615720075 0.0316
v 0.014400738681165596 -0.01982091636218621 0.0316
v 0.01280121483554076 -0.020889684026675254 0.0316
v 0.0111227672436189 -0.021829659842615014 0.0316
v 0.009375744092944713 -0.02263504854652652 0.0316
v 0.007570916362186215 -0.02330088464923126 0.0316
v 0.005719411414469676 -0.02382306304974308 0.0316
v 0.0038326443934856604 -0.024198364344580878 0.0316
v 0.0019222478453321946 -0.024424474676461635 0.0316
v 4.500576986866523e-18 -0.024500000000000004 0.0316
v -0.001922247845332186 -0.02442447467646164 0.0316
v -0.0038326443934856512 -0.02419836434458088 0.0316
v -0.0057194114144696676 -0.023823063049743083 0.0316
v -0.007570916362186208 -0.023300884649231267 0.0316
v -0.009375744092944706 -0.022635048546526523 0.0316
v -0.011122767243618895 -0.021829659842615017 0.0316
v -0.012801214835540751 -0.020889684026675254 0.0316
v -0.014400738681165589 -0.019820916362186216 0.0316
v -0.015911477184089504 -0.018629946157200757 0.0316
v -0.017324116139070412 -0.01732411613907042 0.0316
v -0.018629946157200747 -0.01591147718408951 0.0316
v -0.01982091636218621 -0.014400738681165598 0.0316
v -0.020889684026675254 -0.01280121483554076 0.0316
v -0.021829659842615014 -0.011122767243618902 0.0316
v -0.02263504854652652 -0.009375744092944715 0.0316
v -0.02330088464923126 -0.007570916362186217 0.0316
v -0.02382306304974308 -0.005719411414469677 0.0316
v -0.024198364344580878 -0.0038326443934856625 0.0316
v -0.024424474676461635 -0.0019222478453321964 0.0316
v -0.024500000000000004 -6.000769315822032e-18 0.0316
v -0.02407692307692308 0 0.033600000000000005
v -0.024062869060282325 0.0018937888661415216 0.033600000000000005
v -0.023899348890627142 0.0037852849981628075 0.033600000000000005
v -0.02358628750639773 0.0056625666358428115 0.033600000000000005
v -0.02312458583552657 0.007513633405191063 0.033600000000000005
v -0.022516140583228112 0.009326490801872336 0.033600000000000005
v -0.02176385592637184 0.011089238473616597 0.033600000000000005
v -0.020871646466444058 0.012790161404414944 0.033600000000000005
v -0.01982091636218621 0.014400738681165592 0.033600000000000005
v -0.018629946157200757 0.0159114771840895 0.033600000000000005
v -0.017324116139070415 0.017324116139070415 0.033600000000000005
v -0.015911477184089497 0.018629946157200764 0.033600000000000005
v -0.014400738681165592 0.01982091636218621 0.033600000000000005
v -0.012801214835540748 0.020889684026675258 0.033600000000000005
v -0.011122767243618902 0.021829659842615014 0.033600000000000005
v -0.0093757440929447 0.02263504854652653 0.033600000000000005
v -0.007570916362186215 0.023300884649231267 0.033600000000000005
v -0.005719411414469684 0.023823063049743076 0.033600000000000005
v -0.0038326443934856578 0.024198364344580878 0.033600000000000005
v -0.0019222478453322022 0.024424474676461635 0.033600000000000005
v -1.5001923289555076e-18 0.024499999999999997 0.033600000000000005
v 0.0019222478453321994 0.024424474676461635 0.033600000000000005
v 0.003832644393485661 0.024198364344580874 0.033600000000000005
v 0.0057194114144696745 0.023823063049743076 0.033600000000000005
v 0.007570916362186211 0.023300884649231267 0.033600000000000005
v 0.009375744092944699 0.02263504854652653 0.033600000000000005
v 0.011122767243618895 0.021829659842615014 0.033600000000000005
v 0.012801214835540748 0.020889684026675258 0.033600000000000005
v 0.014400738681165589 0.019820916362186213 0.033600000000000005
v 0.015911477184089497 0.018629946157200764 0.033600000000000005
v 0.017324116139070415 0.017324116139070415 0.033600000000000005
v 0.018629946157200757 0.015911477184089504 0.033600000000000005
v 0.01982091636218621 0.014400738681165594 0.033600000000000005
v 0.020871646466444058 0.012790161404414946 0.033600000000000005
v 0.02176385592637184 0.011089238473616604 0.033600000000000005
v 0.022516140583228112 0.00932649080187234 0.033600000000000005
v 0.02312458583552657 0.007513633405191065 0.033600000000000005
v 0.02358628750639773 0.005662566635842816 0.033600000000000005
v 0.023899348890627142 0.00378528499816281 0.033600000000000005
v 0.024062869060282325 0.0018937888661415246 0.033600000000000005
v 0.02407692307692308 2.948572677947089e-18 0.033600000000000005
v 0.023942534856405226 -0.0018843183589069984 0.033600000000000005
v 0.023704520174283306 -0.0037544271609655376 0.033600000000000005
v 0.023336878089544242 -0.005602688732541727 0.033600000000000005
v 0.022825356391083684 -0.007416407864998745 0.033600000000000005
v 0.02217310878027089 -0.009184402376762152 0.033600000000000005
v 0.021384156580520834 -0.010895771993749111 0.033600000000000005
v 0.020463363944498214 -0.012539965553182769 0.033600000000000005
v 0.01941640786499874 -0.014106846055019353 0.033600000000000005
v 0.018249743174400736 -0.015586753159924414 0.033600000000000005
v 0.016970562748477146 -0.01697056274847714 0.033600000000000005
v 0.01558675315992442 -0.018249743174400736 0.033600000000000005
v 0.014106846055019358 -0.019416407864998736 0.033600000000000005
v 0.012539965553182784 -0.020463363944498204 0.033600000000000005
v 0.010895771993749127 -0.021384156580520827 0.033600000000000005
v 0.009184402376762168 -0.022173108780270876 0.033600000000000005
v 0.007416407864998742 -0.022825356391083684 0.033600000000000005
v 0.005602688732541723 -0.023336878089544242 0.033600000000000005
v 0.003754427160965545 -0.0237045201742833 0.033600000000000005
v 0.0018830182974682724 -0.023926016009595073 0.033600000000000005
v 4.408728476930471e-18 -0.024 0.033600000000000005
v -0.0018830182974682638 -0.02392601600959507 0.033600000000000005
v -0.0037544271609655363 -0.023704520174283306 0.033600000000000005
v -0.005602688732541714 -0.02333687808954424 0.033600000000000005
v -0.007416407864998734 -0.02282535639108369 0.033600000000000005
v -0.009184402376762161 -0.02217310878027088 0.033600000000000005
v -0.010895771993749118 -0.021384156580520834 0.033600000000000005
v -0.012539965553182778 -0.02046336394449821 0.033600000000000005
v -0.01410684605501935 -0.019416407864998743 0.033600000000000005
v -0.015586753159924414 -0.01824974317440074 0.033600000000000005
v -0.016970562748477136 -0.016970562748477146 0.033600000000000005
v -0.018249743174400732 -0.01558675315992442 0.033600000000000005
v -0.019416407864998736 -0.014106846055019362 0.033600000000000005
v -0.020463363944498204 -0.01253996555318279 0.033600000000000005
v -0.021384156580520827 -0.010895771993749127 0.033600000000000005
v -0.022173108780270876 -0.00918440237676217 0.033600000000000005
v -0.022825356391083684 -0.007416407864998742 0.033600000000000005
v -0.023336878089544242 -0.005602688732541725 0.033600000000000005
v -0.0237045201742833 -0.0037544271609655467 0.033600000000000005
v -0.023942534856405222 -0.0018843183589070073 0.033600000000000005
v -0.024076923076923076 -5.897145355894178e-18 0.033600000000000005
v -0.023230769230769232 0 0.0356
v -0.0233396578279237 0.0018368709077601622 0.0356
v -0.023301317982719682 0.0036905662075171096 0.0356
v -0.02311273641970704 0.00554887707858907 0.0356
v -0.02277198820811719 0.007399067491200762 0.0356
v -0.022278324656631293 0.009227984219727607 0.0356
v -0.02163224809388549 0.011022180933612001 0.0356
v -0.020835571345981647 0.012768054542163332 0.0356
v -0.019820916362186213 0.014400738681165592 0.0356
v -0.018629946157200757 0.015911477184089497 0.0356
v -0.01732411613907042 0.017324116139070412 0.0356
v -0.015911477184089497 0.01862994615720076 0.0356
v -0.014400738681165592 0.019820916362186213 0.0356
v -0.012801214835540748 0.020889684026675258 0.0356
v -0.011122767243618898 0.021829659842615014 0.0356
v -0.0093757440929447 0.022635048546526527 0.0356
v -0.007570916362186214 0.023300884649231263 0.0356
v -0.005719411414469684 0.023823063049743073 0.0356
v -0.003832644393485658 0.024198364344580878 0.0356
v -0.0019222478453322024 0.024424474676461635 0.0356
v -1.5001923289555078e-18 0.0245 0.0356
v 0.0019222478453321996 0.024424474676461635 0.0356
v 0.0038326443934856604 0.02419836434458087 0.0356
v 0.005719411414469675 0.023823063049743076 0.0356
v 0.00757091636218621 0.023300884649231263 0.0356
v 0.009375744092944699 0.022635048546526527 0.0356
v 0.011122767243618896 0.021829659842615014 0.0356
v 0.012801214835540746 0.02088968402667526 0.0356
v 0.01440073868116559 0.019820916362186216 0.0356
v 0.015911477184089497 0.01862994615720076 0.0356
v 0.017324116139070412 0.01732411613907042 0.0356
v 0.018629946157200757 0.015911477184089504 0.0356
v 0.019820916362186213 0.014400738681165596 0.0356
v 0.020835571345981643 0.012768054542163336 0.0356
v 0.021632248093885486 0.011022180933612007 0.0356
v 0.022278324656631293 0.009227984219727611 0.0356
v 0.02277198820811719 0.0073990674912007654 0.0356
v 0.02311273641970704 0.005548877078589073 0.0356
v 0.02330131798271968 0.0036905662075171117 0.0356
v 0.0233396578279237 0.0018368709077601652 0.0356
v 0.023230769230769232 2.844948718019236e-18 0.0356
v 0.022978655216292405 -0.001808459386056621 0.0356
v 0.02271683183368817 -0.0035979926959253073 0.0356
v 0.022364508169146567 -0.0053692433686858216 0.0356
v 0.021874299874788533 -0.007107390870623798 0.0356
v 0.021249229247759596 -0.008801718944397062 0.0356
v 0.020493150056332468 -0.010441781494009563 0.0356
v 0.019610723780144123 -0.01201746698846682 0.0356
v 0.01860739087062379 -0.013519060802726881 0.0356
v 0.017489337208800707 -0.014937305111594228 0.0356
v 0.016263455967290598 -0.01626345596729059 0.0356
v 0.014937305111594234 -0.017489337208800703 0.0356
v 0.013519060802726886 -0.01860739087062379 0.0356
v 0.012017466988466837 -0.019610723780144113 0.0356
v 0.010441781494009579 -0.020493150056332458 0.0356
v 0.008801718944397078 -0.02124922924775959 0.0356
v 0.007107390870623793 -0.021874299874788533 0.0356
v 0.005369243368685818 -0.022364508169146567 0.0356
v 0.003597992695925314 -0.022716831833688167 0.0356
v 0.0018045592017404276 -0.022929098675861945 0.0356
v 4.2250314570583685e-18 -0.023 0.0356
v -0.0018045592017404194 -0.022929098675861945 0.0356
v -0.0035979926959253056 -0.02271683183368817 0.0356
v -0.005369243368685809 -0.022364508169146567 0.0356
v -0.0071073908706237865 -0.021874299874788533 0.0356
v -0.00880171894439707 -0.021249229247759592 0.0356
v -0.010441781494009572 -0.020493150056332465 0.0356
v -0.012017466988466827 -0.019610723780144116 0.0356
v -0.013519060802726877 -0.018607390870623793 0.0356
v -0.014937305111594228 -0.01748933720880071 0.0356
v -0.016263455967290587 -0.016263455967290598 0.0356
v -0.0174893372088007 -0.014937305111594234 0.0356
v -0.01860739087062379 -0.013519060802726888 0.0356
v -0.019610723780144113 -0.012017466988466837 0.0356
v -0.020493150056332458 -0.01044178149400958 0.0356
v -0.02124922924775959 -0.00880171894439708 0.0356
v -0.021874299874788533 -0.007107390870623795 0.0356
v -0.022364508169146567 -0.005369243368685821 0.0356
v -0.022716831833688167 -0.0035979926959253156 0.0356
v -0.022978655216292398 -0.0018084593860566293 0.0356
v -0.02323076923076923 -5.689897436038471e-18 0.0356
v -0.02407692307692308 0 0.0376
v -0.024062869060282325 0.0018937888661415216 0.0376
v -0.023899348890627142 0.0037852849981628075 0.0376
v -0.02358628750639773 0.0056625666358428115 0.0376
v -0.02312458583552657 0.007513633405191063 0.0376
v -0.022516140583228112 0.009326490801872336 0.0376
v -0.02176385592637184 0.011089238473616597 0.0376
v -0.020871646466444058 0.012790161404414944 0.0376
v -0.01982091636218621 0.014400738681165592 0.0376
v -0.018629946157200757 0.0159114771840895 0.0376
v -0.017324116139070415 0.017324116139070415 0.0376
v -0.015911477184089497 0.018629946157200764 0.0376
v -0.014400738681165592 0.01982091636218621 0.0376
v -0.012801214835540748 0.020889684026675258 0.0376
v -0.011122767243618902 0.021829659842615014 0.0376
v -0.0093757440929447 0.02263504854652653 0.0376
v -0.007570916362186215 0.023300884649231267 0.0376
v -0.005719411414469684 0.023823063049743076 0.0376
v -0.0038326443934856578 0.024198364344580878 0.0376
v -0.0019222478453322022 0.024424474676461635 0.0376
v -1.5001923289555076e-18 0.024499999999999997 0.0376
v 0.0019222478453321994 0.024424474676461635 0.0376
v 0.003832644393485661 0.024198364344580874 0.0376
v 0.0057194114144696745 0.023823063049743076 0.0376
v 0.007570916362186211 0.023300884649231267 0.0376
v 0.009375744092944699 0.02263504854652653 0.0376
v 0.011122767243618895 0.021829659842615014 0.0376
v 0.012801214835540748 0.020889684026675258 0.0376
v 0.014400738681165589 0.019820916362186213 0.0376
v 0.015911477184089497 0.018629946157200764 0.0376
v 0.017324116139070415 0.017324116139070415 0.0376
v 0.018629946157200757 0.015911477184089504 0.0376
v 0.01982091636218621 0.014400738681165594 0.0376
v 0.020871646466444058 0.012790161404414946 0.0376
v 0.02176385592637184 0.011089238473616604 0.0376
v 0.022516140583228112 0.00932649080187234 0.0376
v 0.02312458583552657 0.007513633405191065 0.0376
v 0.02358628750639773 0.005662566635842816 0.0376
v 0.023899348890627142 0.00378528499816281 0.0376
v 0.024062869060282325 0.0018937888661415246 0.0376
v 0.02407692307692308 2.948572677947089e-18 0.0376
v 0.023942534856405226 -0.0018843183589069984 0.0376
v 0.023704520174283306 -0.0037544271609655376 0.0376
v 0.023336878089544242 -0.005602688732541727 0.0376
v 0.022825356391083684 -0.007416407864998745 0.0376
v 0.02217310878027089 -0.009184402376762152 0.0376
v 0.021384156580520834 -0.010895771993749111 0.0376
v 0.020463363944498214 -0.012539965553182769 0.0376
v 0.01941640786499874 -0.014106846055019353 0.0376
v 0.018249743174400736 -0.015586753159924414 0.0376
v 0.016970562748477146 -0.01697056274847714 0.0376
v 0.01558675315992442 -0.018249743174400736 0.0376
v 0.014106846055019358 -0.019416407864998736 0.0376
v 0.012539965553182784 -0.020463363944498204 0.0376
v 0.010895771993749127 -0.021384156580520827 0.0376
v 0.009184402376762168 -0.022173108780270876 0.0376
v 0.007416407864998742 -0.022825356391083684 0.0376
v 0.005602688732541723 -0.023336878089544242 0.0376
v 0.003754427160965545 -0.0237045201742833 0.0376
v 0.0018830182974682724 -0.023926016009595073 0.0376
v 4.408728476930471e-18 -0.024 0.0376
v -0.0018830182974682638 -0.02392601600959507 0.0376
v -0.0037544271609655363 -0.023704520174283306 0.0376
v -0.005602688732541714 -0.02333687808954424 0.0376
v -0.007416407864998734 -0.02282535639108369 0.0376
v -0.009184402376762161 -0.02217310878027088 0.0376
v -0.010895771993749118 -0.021384156580520834 0.0376
v -0.012539965553182778 -0.02046336394449821 0.0376
v -0.01410684605501935 -0.019416407864998743 0.0376
v -0.015586753159924414 -0.01824974317440074 0.0376
v -0.016970562748477136 -0.016970562748477146 0.0376
v -0.018249743174400732 -0.01558675315992442 0.0376
v -0.019416407864998736 -0.014106846055019362 0.0376
v -0.020463363944498204 -0.01253996555318279 0.0376
v -0.021384156580520827 -0.010895771993749127 0.0376
v -0.022173108780270876 -0.00918440237676217 0.0376
v -0.022825356391083684 -0.007416407864998742 0.0376
v -0.023336878089544242 -0.005602688732541725 0.0376
v -0.0237045201742833 -0.0037544271609655467 0.0376
v -0.023942534856405222 -0.0018843183589070073 0.0376
v -0.024076923076923076 -5.897145355894178e-18 0.0376
v -0.024500000000000004 0 0.0396
v -0.024424474676461635 0.0019222478453322013 0.0396
v -0.02419836434458088 0.0038326443934856565 0.0396
v -0.02382306304974308 0.005719411414469682 0.0396
v -0.02330088464923126 0.00757091636218621 0.0396
v -0.022635048546526527 0.0093757440929447 0.0396
v -0.021829659842615014 0.011122767243618895 0.0396
v -0.020889684026675258 0.012801214835540742 0.0396
v -0.01982091636218621 0.01440073868116559 0.0396
v -0.018629946157200757 0.0159114771840895 0.0396
v -0.017324116139070415 0.017324116139070412 0.0396
v -0.015911477184089497 0.01862994615720076 0.0396
v -0.01440073868116559 0.01982091636218621 0.0396
v -0.012801214835540751 0.02088968402667526 0.0396
v -0.0111227672436189 0.021829659842615014 0.0396
v -0.0093757440929447 0.022635048546526527 0.0396
v -0.007570916362186213 0.02330088464923126 0.0396
v -0.005719411414469684 0.02382306304974308 0.0396
v -0.0038326443934856573 0.02419836434458088 0.0396
v -0.0019222478453322026 0.024424474676461635 0.0396
v -1.500192328955508e-18 0.024500000000000004 0.0396
v 0.0019222478453321994 0.024424474676461635 0.0396
v 0.00383264439348566 0.02419836434458087 0.0396
v 0.005719411414469675 0.023823063049743076 0.0396
v 0.007570916362186209 0.023300884649231263 0.0396
v 0.009375744092944699 0.022635048546526527 0.0396
v 0.011122767243618895 0.021829659842615014 0.0396
v 0.012801214835540742 0.020889684026675258 0.0396
v 0.01440073868116559 0.019820916362186216 0.0396
v 0.015911477184089497 0.01862994615720076 0.0396
v 0.017324116139070412 0.017324116139070415 0.0396
v 0.018629946157200754 0.015911477184089504 0.0396
v 0.019820916362186213 0.0144007386811656 0.0396
v 0.02088968402667526 0.012801214835540751 0.0396
v 0.021829659842615014 0.0111227672436189 0.0396
v 0.022635048546526527 0.009375744092944702 0.0396
v 0.02330088464923126 0.007570916362186215 0.0396
v 0.02382306304974308 0.005719411414469686 0.0396
v 0.024198364344580878 0.003832644393485659 0.0396
v 0.024424474676461635 0.001922247845332204 0.0396
v 0.024500000000000004 3.000384657911016e-18 0.0396
v 0.02442447467646164 -0.0019222478453321873 0.0396
v 0.02419836434458088 -0.003832644393485653 0.0396
v 0.02382306304974308 -0.00571941141446968 0.0396
v 0.02330088464923126 -0.00757091636218622 0.0396
v 0.02263504854652653 -0.009375744092944697 0.0396
v 0.02182965984261502 -0.011122767243618884 0.0396
v 0.02088968402667526 -0.012801214835540742 0.0396
v 0.019820916362186213 -0.01440073868116559 0.0396
v 0.018629946157200754 -0.015911477184089504 0.0396
v 0.01732411613907042 -0.017324116139070412 0.0396
v 0.01591147718408951 -0.01862994615720075 0.0396
v 0.014400738681165596 -0.01982091636218621 0.0396
v 0.01280121483554076 -0.020889684026675254 0.0396
v 0.0111227672436189 -0.021829659842615014 0.0396
v 0.009375744092944713 -0.02263504854652652 0.0396
v 0.007570916362186215 -0.02330088464923126 0.0396
v 0.005719411414469676 -0.02382306304974308 0.0396
v 0.0038326443934856604 -0.024198364344580878 0.0396
v 0.0019222478453321946 -0.024424474676461635 0.0396
v 4.500576986866523e-18 -0.024500000000000004 0.0396
v -0.001922247845332186 -0.02442447467646164 0.0396
v -0.0038326443934856512 -0.02419836434458088 0.0396
v -0.0057194114144696676 -0.023823063049743083 0.0396
v -0.007570916362186208 -0.023300884649231267 0.0396
v -0.009375744092944706 -0.022635048546526523 0.0396
v -0.011122767243618895 -0.021829659842615017 0.0396
v -0.012801214835540751 -0.020889684026675254 0.0396
v -0.014400738681165589 -0.019820916362186216 0.0396
v -0.015911477184089504 -0.018629946157200757 0.0396
v -0.017324116139070412 -0.01732411613907042 0.0396
v -0.018629946157200747 -0.01591147718408951 0.0396
v -0.01982091636218621 -0.014400738681165598 0.0396
v -0.020889684026675254 -0.01280121483554076 0.0396
v -0.021829659842615014 -0.011122767243618902 0.0396
v -0.02263504854652652 -0.009375744092944715 0.0396
v -0.02330088464923126 -0.007570916362186217 0.0396
v -0.02382306304974308 -0.005719411414469677 0.0396
v -0.024198364344580878 -0.0038326443934856625 0.0396
v -0.024424474676461635 -0.0019222478453321964 0.0396
v -0.024500000000000004 -6.000769315822032e-18 0.0396
v -0.024500000000000004 0 0.04100000000000001
v -0.024424474676461635 0.0019222478453322013 0.04100000000000001
v -0.02419836434458088 0.0038326443934856565 0.04100000000000001
v -0.02382306304974308 0.005719411414469682 0.04100000000000001
v -0.02330088464923126 0.00757091636218621 0.04100000000000001
v -0.022635048546526527 0.0093757440929447 0.04100000000000001
v -0.021829659842615014 0.011122767243618895 0.04100000000000001
v -0.020889684026675258 0.012801214835540742 0.04100000000000001
v -0.01982091636218621 0.01440073868116559 0.04100000000000001
v -0.018629946157200757 0.0159114771840895 0.04100000000000001
v -0.017324116139070415 0.017324116139070412 0.04100000000000001
v -0.015911477184089497 0.01862994615720076 0.04100000000000001
v -0.01440073868116559 0.01982091636218621 0.04100000000000001
v -0.012801214835540751 0.02088968402667526 0.04100000000000001
v -0.0111227672436189 0.021829659842615014 0.04100000000000001
v -0.0093757440929447 0.022635048546526527 0.04100000000000001
v -0.007570916362186213 0.02330088464923126 0.04100000000000001
v -0.005719411414469684 0.02382306304974308 0.04100000000000001
v -0.0038326443934856573 0.02419836434458088 0.04100000000000001
v -0.0019222478453322026 0.024424474676461635 0.04100000000000001
v -1.500192328955508e-18 0.024500000000000004 0.04100000000000001
v 0.0019222478453321994 0.024424474676461635 0.04100000000000001
v 0.00383264439348566 0.02419836434458087 0.04100000000000001
v 0.005719411414469675 0.023823063049743076 0.04100000000000001
v 0.007570916362186209 0.023300884649231263 0.04100000000000001
v 0.009375744092944699 0.022635048546526527 0.04100000000000001
v 0.011122767243618895 0.021829659842615014 0.04100000000000001
v 0.012801214835540742 0.020889684026675258 0.04100000000000001
v 0.01440073868116559 0.019820916362186216 0.04100000000000001
v 0.015911477184089497 0.01862994615720076 0.04100000000000001
v 0.017324116139070412 0.017324116139070415 0.04100000000000001
v 0.018629946157200754 0.015911477184089504 0.04100000000000001
v 0.019820916362186213 0.0144007386811656 0.04100000000000001
v 0.02088968402667526 0.012801214835540751 0.04100000000000001
v 0.021829659842615014 0.0111227672436189 0.04100000000000001
v 0.022635048546526527 0.009375744092944702 0.04100000000000001
v 0.02330088464923126 0.007570916362186215 0.04100000000000001
v 0.02382306304974308 0.005719411414469686 0.04100000000000001
v 0.024198364344580878 0.003832644393485659 0.04100000000000001
v 0.024424474676461635 0.001922247845332204 0.04100000000000001
v 0.024500000000000004 3.000384657911016e-18 0.04100000000000001
v 0.02442447467646164 -0.0019222478453321873 0.04100000000000001
v 0.02419836434458088 -0.003832644393485653 0.04100000000000001
v 0.02382306304974308 -0.00571941141446968 0.04100000000000001
v 0.02330088464923126 -0.00757091636218622 0.04100000000000001
v 0.02263504854652653 -0.009375744092944697 0.04100000000000001
v 0.02182965984261502 -0.011122767243618884 0.04100000000000001
v 0.02088968402667526 -0.012801214835540742 0.04100000000000001
v 0.019820916362186213 -0.01440073868116559 0.04100000000000001
v 0.018629946157200754 -0.015911477184089504 0.04100000000000001
v 0.01732411613907042 -0.017324116139070412 0.04100000000000001
v 0.01591147718408951 -0.01862994615720075 0.04100000000000001
v 0.014400738681165596 -0.01982091636218621 0.04100000000000001
v 0.01280121483554076 -0.020889684026675254 0.04100000000000001
v 0.0111227672436189 -0.021829659842615014 0.04100000000000001
v 0.009375744092944713 -0.02263504854652652 0.04100000000000001
v 0.007570916362186215 -0.02330088464923126 0.04100000000000001
v 0.005719411414469676 -0.02382306304974308 0.04100000000000001
v 0.0038326443934856604 -0.024198364344580878 0.04100000000000001
v 0.0019222478453321946 -0.024424474676461635 0.04100000000000001
v 4.500576986866523e-18 -0.024500000000000004 0.04100000000000001
v -0.001922247845332186 -0.02442447467646164 0.04100000000000001
v -0.0038326443934856512 -0.02419836434458088 0.04100000000000001
v -0.0057194114144696676 -0.023823063049743083 0.04100000000000001
v -0.007570916362186208 -0.023300884649231267 0.04100000000000001
v -0.009375744092944706 -0.022635048546526523 0.04100000000000001
v -0.011122767243618895 -0.021829659842615017 0.04100000000000001
v -0.012801214835540751 -0.020889684026675254 0.04100000000000001
v -0.014400738681165589 -0.019820916362186216 0.04100000000000001
v -0.015911477184089504 -0.018629946157200757 0.04100000000000001
v -0.017324116139070412 -0.01732411613907042 0.04100000000000001
v -0.018629946157200747 -0.01591147718408951 0.04100000000000001
v -0.01982091636218621 -0.014400738681165598 0.04100000000000001
v -0.020889684026675254 -0.01280121483554076 0.04100000000000001
v -0.021829659842615014 -0.011122767243618902 0.04100000000000001
v -0.02263504854652652 -0.009375744092944715 0.04100000000000001
v -0.02330088464923126 -0.007570916362186217 0.04100000000000001
v -0.02382306304974308 -0.005719411414469677 0.04100000000000001
v -0.024198364344580878 -0.0038326443934856625 0.04100000000000001
v -0.024424474676461635 -0.0019222478453321964 0.04100000000000001
v -0.024500000000000004 -6.000769315822032e-18 0.04100000000000001
v -0.024500000000000004 0 0.04300000000000001
v -0.024424474676461635 0.0019222478453322013 0.04300000000000001
v -0.02419836434458088 0.0038326443934856565 0.04300000000000001
v -0.02382306304974308 0.005719411414469682 0.04300000000000001
v -0.02330088464923126 0.00757091636218621 0.04300000000000001
v -0.022635048546526527 0.0093757440929447 0.04300000000000001
v -0.021829659842615014 0.011122767243618895 0.04300000000000001
v -0.020889684026675258 0.012801214835540742 0.04300000000000001
v -0.01982091636218621 0.01440073868116559 0.04300000000000001
v -0.018629946157200757 0.0159114771840895 0.04300000000000001
v -0.017324116139070415 0.017324116139070412 0.04300000000000001
v -0.015911477184089497 0.01862994615720076 0.04300000000000001
v -0.01440073868116559 0.01982091636218621 0.04300000000000001
v -0.012801214835540751 0.02088968402667526 0.04300000000000001
v -0.0111227672436189 0.021829659842615014 0.04300000000000001
v -0.0093757440929447 0.022635048546526527 0.04300000000000001
v -0.007570916362186213 0.02330088464923126 0.04300000000000001
v -0.005719411414469684 0.02382306304974308 0.04300000000000001
v -0.0038326443934856573 0.02419836434458088 0.04300000000000001
v -0.0019222478453322026 0.024424474676461635 0.04300000000000001
v -1.500192328955508e-18 0.024500000000000004 0.04300000000000001
v 0.0019222478453321994 0.024424474676461635 0.04300000000000001
v 0.00383264439348566 0.02419836434458087 0.04300000000000001
v 0.005719411414469675 0.023823063049743076 0.04300000000000001
v 0.007570916362186209 0.023300884649231263 0.04300000000000001
v 0.009375744092944699 0.022635048546526527 0.04300000000000001
v 0.011122767243618895 0.021829659842615014 0.04300000000000001
v 0.012801214835540742 0.020889684026675258 0.04300000000000001
v 0.01440073868116559 0.019820916362186216 0.04300000000000001
v 0.015911477184089497 0.01862994615720076 0.04300000000000001
v 0.017324116139070412 0.017324116139070415 0.04300000000000001
v 0.018629946157200754 0.015911477184089504 0.04300000000000001
v 0.019820916362186213 0.0144007386811656 0.04300000000000001
v 0.02088968402667526 0.012801214835540751 0.04300000000000001
v 0.021829659842615014 0.0111227672436189 0.04300000000000001
v 0.022635048546526527 0.009375744092944702 0.04300000000000001
v 0.02330088464923126 0.007570916362186215 0.04300000000000001
v 0.02382306304974308 0.005719411414469686 0.04300000000000001
v 0.024198364344580878 0.003832644393485659 0.04300000000000001
v 0.024424474676461635 0.001922247845332204 0.04300000000000001
v 0.024500000000000004 3.000384657911016e-18 0.04300000000000001
v 0.02442447467646164 -0.0019222478453321873 0.04300000000000001
v 0.02419836434458088 -0.003832644393485653 0.04300000000000001
v 0.02382306304974308 -0.00571941141446968 0.04300000000000001
v 0.02330088464923126 -0.00757091636218622 0.04300000000000001
v 0.02263504854652653 -0.009375744092944697 0.04300000000000001
v 0.02182965984261502 -0.011122767243618884 0.04300000000000001
v 0.02088968402667526 -0.012801214835540742 0.04300000000000001
v 0.019820916362186213 -0.01440073868116559 0.04300000000000001
v 0.018629946157200754 -0.015911477184089504 0.04300000000000001
v 0.01732411613907042 -0.017324116139070412 0.04300000000000001
v 0.01591147718408951 -0.01862994615720075 0.04300000000000001
v 0.014400738681165596 -0.01982091636218621 0.04300000000000001
v 0.01280121483554076 -0.020889684026675254 0.04300000000000001
v 0.0111227672436189 -0.021829659842615014 0.04300000000000001
v 0.009375744092944713 -0.02263504854652652 0.04300000000000001
v 0.007570916362186215 -0.02330088464923126 0.04300000000000001
v 0.005719411414469676 -0.02382306304974308 0.04300000000000001
v 0.0038326443934856604 -0.024198364344580878 0.04300000000000001
v 0.0019222478453321946 -0.024424474676461635 0.04300000000000001
v 4.500576986866523e-18 -0.024500000000000004 0.04300000000000001
v -0.001922247845332186 -0.02442447467646164 0.04300000000000001
v -0.0038326443934856512 -0.02419836434458088 0.04300000000000001
v -0.0057194114144696676 -0.023823063049743083 0.04300000000000001
v -0.007570916362186208 -0.023300884649231267 0.04300000000000001
v -0.009375744092944706 -0.022635048546526523 0.04300000000000001
v -0.011122767243618895 -0.021829659842615017 0.04300000000000001
v -0.012801214835540751 -0.020889684026675254 0.04300000000000001
v -0.014400738681165589 -0.019820916362186216 0.04300000000000001
v -0.015911477184089504 -0.018629946157200757 0.04300000000000001
v -0.017324116139070412 -0.01732411613907042 0.04300000000000001
v -0.018629946157200747 -0.01591147718408951 0.04300000000000001
v -0.01982091636218621 -0.014400738681165598 0.04300000000000001
v -0.020889684026675254 -0.01280121483554076 0.04300000000000001
v -0.021829659842615014 -0.011122767243618902 0.04300000000000001
v -0.02263504854652652 -0.009375744092944715 0.04300000000000001
v -0.02330088464923126 -0.007570916362186217 0.04300000000000001
v -0.02382306304974308 -0.005719411414469677 0.04300000000000001
v -0.024198364344580878 -0.0038326443934856625 0.04300000000000001
v -0.024424474676461635 -0.0019222478453321964 0.04300000000000001
v -0.024500000000000004 -6.000769315822032e-18 0.04300000000000001
v -0.02407692307692308 0 0.04500000000000001
v -0.024062869060282325 0.0018937888661415216 0.04500000000000001
v -0.023899348890627142 0.0037852849981628075 0.04500000000000001
v -0.02358628750639773 0.0056625666358428115 0.04500000000000001
v -0.02312458583552657 0.007513633405191063 0.04500000000000001
v -0.022516140583228112 0.009326490801872336 0.04500000000000001
v -0.02176385592637184 0.011089238473616597 0.04500000000000001
v -0.020871646466444058 0.012790161404414944 0.04500000000000001
v -0.01982091636218621 0.014400738681165592 0.04500000000000001
v -0.018629946157200757 0.0159114771840895 0.04500000000000001
v -0.017324116139070415 0.017324116139070415 0.04500000000000001
v -0.015911477184089497 0.018629946157200764 0.04500000000000001
v -0.014400738681165592 0.01982091636218621 0.04500000000000001
v -0.012801214835540748 0.020889684026675258 0.04500000000000001
v -0.011122767243618902 0.021829659842615014 0.04500000000000001
v -0.0093757440929447 0.02263504854652653 0.04500000000000001
v -0.007570916362186215 0.023300884649231267 0.04500000000000001
v -0.005719411414469684 0.023823063049743076 0.04500000000000001
v -0.0038326443934856578 0.024198364344580878 0.04500000000000001
v -0.0019222478453322022 0.024424474676461635 0.04500000000000001
v -1.5001923289555076e-18 0.024499999999999997 0.04500000000000001
v 0.0019222478453321994 0.024424474676461635 0.04500000000000001
v 0.003832644393485661 0.024198364344580874 0.04500000000000001
v 0.0057194114144696745 0.023823063049743076 0.04500000000000001
v 0.007570916362186211 0.023300884649231267 0.04500000000000001
v 0.009375744092944699 0.02263504854652653 0.04500000000000001
v 0.011122767243618895 0.021829659842615014 0.04500000000000001
v 0.012801214835540748 0.020889684026675258 0.04500000000000001
v 0.014400738681165589 0.019820916362186213 0.04500000000000001
v 0.015911477184089497 0.018629946157200764 0.04500000000000001
v 0.017324116139070415 0.017324116139070415 0.04500000000000001
v 0.018629946157200757 0.015911477184089504 0.04500000000000001
v 0.01982091636218621 0.014400738681165594 0.04500000000000001
v 0.020871646466444058 0.012790161404414946 0.04500000000000001
v 0.02176385592637184 0.011089238473616604 0.04500000000000001
v 0.022516140583228112 0.00932649080187234 0.04500000000000001
v 0.02312458583552657 0.007513633405191065 0.04500000000000001
v 0.02358628750639773 0.005662566635842816 0.04500000000000001
v 0.023899348890627142 0.00378528499816281 0.04500000000000001
v 0.024062869060282325 0.0018937888661415246 0.04500000000000001
v 0.02407692307692308 2.948572677947089e-18 0.04500000000000001
v 0.023942534856405226 -0.0018843183589069984 0.04500000000000001
v 0.023704520174283306 -0.0037544271609655376 0.04500000000000001
v 0.023336878089544242 -0.005602688732541727 0.04500000000000001
v 0.022825356391083684 -0.007416407864998745 0.04500000000000001
v 0.02217310878027089 -0.009184402376762152 0.04500000000000001
v 0.021384156580520834 -0.010895771993749111 0.04500000000000001
v 0.020463363944498214 -0.012539965553182769 0.04500000000000001
v 0.01941640786499874 -0.014106846055019353 0.04500000000000001
v 0.018249743174400736 -0.015586753159924414 0.04500000000000001
v 0.016970562748477146 -0.01697056274847714 0.04500000000000001
v 0.01558675315992442 -0.018249743174400736 0.04500000000000001
v 0.014106846055019358 -0.019416407864998736 0.04500000000000001
v 0.012539965553182784 -0.020463363944498204 0.04500000000000001
v 0.010895771993749127 -0.021384156580520827 0.04500000000000001
v 0.009184402376762168 -0.022173108780270876 0.04500000000000001
v 0.007416407864998742 -0.022825356391083684 0.04500000000000001
v 0.005602688732541723 -0.023336878089544242 0.04500000000000001
v 0.003754427160965545 -0.0237045201742833 0.04500000000000001
v 0.0018830182974682724 -0.023926016009595073 0.04500000000000001
v 4.408728476930471e-18 -0.024 0.04500000000000001
v -0.0018830182974682638 -0.02392601600959507 0.04500000000000001
v -0.0037544271609655363 -0.023704520174283306 0.04500000000000001
v -0.005602688732541714 -0.02333687808954424 0.04500000000000001
v -0.007416407864998734 -0.02282535639108369 0.04500000000000001
v -0.009184402376762161 -0.02217310878027088 0.04500000000000001
v -0.010895771993749118 -0.021384156580520834 0.04500000000000001
v -0.012539965553182778 -0.02046336394449821 0.04500000000000001
v -0.01410684605501935 -0.019416407864998743 0.04500000000000001
v -0.015586753159924414 -0.01824974317440074 0.04500000000000001
v -0.016970562748477136 -0.016970562748477146 0.04500000000000001
v -0.018249743174400732 -0.01558675315992442 0.04500000000000001
v -0.019416407864998736 -0.014106846055019362 0.04500000000000001
v -0.020463363944498204 -0.01253996555318279 0.04500000000000001
v -0.021384156580520827 -0.010895771993749127 0.04500000000000001
v -0.022173108780270876 -0.00918440237676217 0.04500000000000001
v -0.022825356391083684 -0.007416407864998742 0.04500000000000001
v -0.023336878089544242 -0.005602688732541725 0.04500000000000001
v -0.0237045201742833 -0.0037544271609655467 0.04500000000000001
v -0.023942534856405222 -0.0018843183589070073 0.04500000000000001
v -0.024076923076923076 -5.897145355894178e-18 0.04500000000000001
v -0.023230769230769232 0 0.04700000000000001
v -0.0233396578279237 0.0018368709077601622 0.04700000000000001
v -0.023301317982719682 0.0036905662075171096 0.04700000000000001
v -0.02311273641970704 0.00554887707858907 0.04700000000000001
v -0.02277198820811719 0.007399067491200762 0.04700000000000001
v -0.022278324656631293 0.009227984219727607 0.04700000000000001
v -0.02163224809388549 0.011022180933612001 0.04700000000000001
v -0.020835571345981647 0.012768054542163332 0.04700000000000001
v -0.019820916362186213 0.014400738681165592 0.04700000000000001
v -0.018629946157200757 0.015911477184089497 0.04700000000000001
v -0.01732411613907042 0.017324116139070412 0.04700000000000001
v -0.015911477184089497 0.01862994615720076 0.04700000000000001
v -0.014400738681165592 0.019820916362186213 0.04700000000000001
v -0.012801214835540748 0.020889684026675258 0.04700000000000001
v -0.011122767243618898 0.021829659842615014 0.04700000000000001
v -0.0093757440929447 0.022635048546526527 0.04700000000000001
v -0.007570916362186214 0.023300884649231263 0.04700000000000001
v -0.005719411414469684 0.023823063049743073 0.04700000000000001
v -0.003832644393485658 0.024198364344580878 0.04700000000000001
v -0.0019222478453322024 0.024424474676461635 0.04700000000000001
v -1.5001923289555078e-18 0.0245 0.04700000000000001
v 0.0019222478453321996 0.024424474676461635 0.04700000000000001
v 0.0038326443934856604 0.02419836434458087 0.04700000000000001
v 0.005719411414469675 0.023823063049743076 0.04700000000000001
v 0.00757091636218621 0.023300884649231263 0.04700000000000001
v 0.009375744092944699 0.022635048546526527 0.04700000000000001
v 0.011122767243618896 0.021829659842615014 0.04700000000000001
v 0.012801214835540746 0.02088968402667526 0.04700000000000001
v 0.01440073868116559 0.019820916362186216 0.04700000000000001
v 0.015911477184089497 0.01862994615720076 0.04700000000000001
v 0.017324116139070412 0.01732411613907042 0.04700000000000001
v 0.018629946157200757 0.015911477184089504 0.04700000000000001
v 0.019820916362186213 0.014400738681165596 0.04700000000000001
v 0.020835571345981643 0.012768054542163336 0.04700000000000001
v 0.021632248093885486 0.011022180933612007 0.04700000000000001
v 0.022278324656631293 0.009227984219727611 0.04700000000000001
v 0.02277198820811719 0.0073990674912007654 0.04700000000000001
v 0.02311273641970704 0.005548877078589073 0.04700000000000001
v 0.02330131798271968 0.0036905662075171117 0.04700000000000001
v 0.0233396578279237 0.0018368709077601652 0.04700000000000001
v 0.023230769230769232 2.844948718019236e-18 0.04700000000000001
v 0.022978655216292405 -0.001808459386056621 0.04700000000000001
v 0.02271683183368817 -0.0035979926959253073 0.04700000000000001
v 0.022364508169146567 -0.0053692433686858216 0.04700000000000001
v 0.021874299874788533 -0.007107390870623798 0.04700000000000001
v 0.021249229247759596 -0.008801718944397062 0.04700000000000001
v 0.020493150056332468 -0.010441781494009563 0.04700000000000001
v 0.019610723780144123 -0.01201746698846682 0.04700000000000001
v 0.01860739087062379 -0.013519060802726881 0.04700000000000001
v 0.017489337208800707 -0.014937305111594228 0.04700000000000001
v 0.016263455967290598 -0.01626345596729059 0.04700000000000001
v 0.014937305111594234 -0.017489337208800703 0.04700000000000001
v 0.013519060802726886 -0.01860739087062379 0.04700000000000001
v 0.012017466988466837 -0.019610723780144113 0.04700000000000001
v 0.010441781494009579 -0.020493150056332458 0.04700000000000001
v 0.008801718944397078 -0.02124922924775959 0.04700000000000001
v 0.007107390870623793 -0.021874299874788533 0.04700000000000001
v 0.005369243368685818 -0.022364508169146567 0.04700000000000001
v 0.003597992695925314 -0.022716831833688167 0.04700000000000001
v 0.0018045592017404276 -0.022929098675861945 0.04700000000000001
v 4.2250314570583685e-18 -0.023 0.04700000000000001
v -0.0018045592017404194 -0.022929098675861945 0.04700000000000001
v -0.0035979926959253056 -0.02271683183368817 0.04700000000000001
v -0.005369243368685809 -0.022364508169146567 0.04700000000000001
v -0.0071073908706237865 -0.021874299874788533 0.04700000000000001
v -0.00880171894439707 -0.021249229247759592 0.04700000000000001
v -0.010441781494009572 -0.020493150056332465 0.04700000000000001
v -0.012017466988466827 -0.019610723780144116 0.04700000000000001
v -0.013519060802726877 -0.018607390870623793 0.04700000000000001
v -0.014937305111594228 -0.01748933720880071 0.04700000000000001
v -0.016263455967290587 -0.016263455967290598 0.04700000000000001
v -0.0174893372088007 -0.014937305111594234 0.04700000000000001
v -0.01860739087062379 -0.013519060802726888 0.04700000000000001
v -0.019610723780144113 -0.012017466988466837 0.04700000000000001
v -0.020493150056332458 -0.01044178149400958 0.04700000000000001
v -0.02124922924775959 -0.00880171894439708 0.04700000000000001
v -0.021874299874788533 -0.007107390870623795 0.04700000000000001
v -0.022364508169146567 -0.005369243368685821 0.04700000000000001
v -0.022716831833688167 -0.0035979926959253156 0.04700000000000001
v -0.022978655216292398 -0.0018084593860566293 0.04700000000000001
v -0.02323076923076923 -5.689897436038471e-18 0.04700000000000001
v -0.02407692307692308 0 0.04900000000000001
v -0.024062869060282325 0.0018937888661415216 0.04900000000000001
v -0.023899348890627142 0.0037852849981628075 0.04900000000000001
v -0.02358628750639773 0.0056625666358428115 0.04900000000000001
v -0.02312458583552657 0.007513633405191063 0.04900000000000001
v -0.022516140583228112 0.009326490801872336 0.04900000000000001
v -0.02176385592637184 0.011089238473616597 0.04900000000000001
v -0.020871646466444058 0.012790161404414944 0.04900000000000001
v -0.01982091636218621 0.014400738681165592 0.04900000000000001
v -0.018629946157200757 0.0159114771840895 0.04900000000000001
v -0.017324116139070415 0.017324116139070415 0.04900000000000001
v -0.015911477184089497 0.018629946157200764 0.04900000000000001
v -0.014400738681165592 0.01982091636218621 0.04900000000000001
v -0.012801214835540748 0.020889684026675258 0.04900000000000001
v -0.011122767243618902 0.021829659842615014 0.04900000000000001
v -0.0093757440929447 0.02263504854652653 0.04900000000000001
v -0.007570916362186215 0.023300884649231267 0.04900000000000001
v -0.005719411414469684 0.023823063049743076 0.04900000000000001
v -0.0038326443934856578 0.024198364344580878 0.04900000000000001
v -0.0019222478453322022 0.024424474676461635 0.04900000000000001
v -1.5001923289555076e-18 0.024499999999999997 0.04900000000000001
v 0.0019222478453321994 0.024424474676461635 0.04900000000000001
v 0.003832644393485661 0.024198364344580874 0.04900000000000001
v 0.0057194114144696745 0.023823063049743076 0.04900000000000001
v 0.007570916362186211 0.023300884649231267 0.04900000000000001
v 0.009375744092944699 0.02263504854652653 0.04900000000000001
v 0.011122767243618895 0.021829659842615014 0.04900000000000001
v 0.012801214835540748 0.020889684026675258 0.04900000000000001
v 0.014400738681165589 0.019820916362186213 0.04900000000000001
v 0.015911477184089497 0.018629946157200764 0.04900000000000001
v 0.017324116139070415 0.017324116139070415 0.04900000000000001
v 0.018629946157200757 0.015911477184089504 0.04900000000000001
v 0.01982091636218621 0.014400738681165594 0.04900000000000001
v 0.020871646466444058 0.012790161404414946 0.04900000000000001
v 0.02176385592637184 0.011089238473616604 0.04900000000000001
v 0.022516140583228112 0.00932649080187234 0.04900000000000001
v 0.02312458583552657 0.007513633405191065 0.04900000000000001
v 0.02358628750639773 0.005662566635842816 0.04900000000000001
v 0.023899348890627142 0.00378528499816281 0.04900000000000001
v 0.024062869060282325 0.0018937888661415246 0.04900000000000001
v 0.02407692307692308 2.948572677947089e-18 0.04900000000000001
v 0.023942534856405226 -0.0018843183589069984 0.04900000000000001
v 0.023704520174283306 -0.0037544271609655376 0.04900000000000001
v 0.023336878089544242 -0.005602688732541727 0.04900000000000001
v 0.022825356391083684 -0.007416407864998745 0.04900000000000001
v 0.02217310878027089 -0.009184402376762152 0.04900000000000001
v 0.021384156580520834 -0.010895771993749111 0.04900000000000001
v 0.020463363944498214 -0.012539965553182769 0.04900000000000001
v 0.01941640786499874 -0.014106846055019353 0.04900000000000001
v 0.018249743174400736 -0.015586753159924414 0.04900000000000001
v 0.016970562748477146 -0.01697056274847714 0.04900000000000001
v 0.01558675315992442 -0.018249743174400736 0.04900000000000001
v 0.014106846055019358 -0.019416407864998736 0.04900000000000001
v 0.012539965553182784 -0.020463363944498204 0.04900000000000001
v 0.010895771993749127 -0.021384156580520827 0.04900000000000001
v 0.009184402376762168 -0.022173108780270876 0.04900000000000001
v 0.007416407864998742 -0.022825356391083684 0.04900000000000001
v 0.005602688732541723 -0.023336878089544242 0.04900000000000001
v 0.003754427160965545 -0.0237045201742833 0.04900000000000001
v 0.0018830182974682724 -0.023926016009595073 0.04900000000000001
v 4.408728476930471e-18 -0.024 0.04900000000000001
v -0.0018830182974682638 -0.02392601600959507 0.04900000000000001
v -0.0037544271609655363 -0.023704520174283306 0.04900000000000001
v -0.005602688732541714 -0.02333687808954424 0.04900000000000001
v -0.007416407864998734 -0.02282535639108369 0.04900000000000001
v -0.009184402376762161 -0.02217310878027088 0.04900000000000001
v -0.010895771993749118 -0.021384156580520834 0.04900000000000001
v -0.012539965553182778 -0.02046336394449821 0.04900000000000001
v -0.01410684605501935 -0.019416407864998743 0.04900000000000001
v -0.015586753159924414 -0.01824974317440074 0.04900000000000001
v -0.016970562748477136 -0.016970562748477146 0.04900000000000001
v -0.018249743174400732 -0.01558675315992442 0.04900000000000001
v -0.019416407864998736 -0.014106846055019362 0.04900000000000001
v -0.020463363944498204 -0.01253996555318279 0.04900000000000001
v -0.021384156580520827 -0.010895771993749127 0.04900000000000001
v -0.022173108780270876 -0.00918440237676217 0.04900000000000001
v -0.022825356391083684 -0.007416407864998742 0.04900000000000001
v -0.023336878089544242 -0.005602688732541725 0.04900000000000001
v -0.0237045201742833 -0.0037544271609655467 0.04900000000000001
v -0.023942534856405222 -0.0018843183589070073 0.04900000000000001
v -0.024076923076923076 -5.897145355894178e-18 0.04900000000000001
v -0.024500000000000004 0 0.05100000000000001
v -0.024424474676461635 0.0019222478453322013 0.05100000000000001
v -0.02419836434458088 0.0038326443934856565 0.05100000000000001
v -0.02382306304974308 0.005719411414469682 0.05100000000000001
v -0.02330088464923126 0.00757091636218621 0.05100000000000001
v -0.022635048546526527 0.0093757440929447 0.05100000000000001
v -0.021829659842615014 0.011122767243618895 0.05100000000000001
v -0.020889684026675258 0.012801214835540742 0.05100000000000001
v -0.01982091636218621 0.01440073868116559 0.05100000000000001
v -0.018629946157200757 0.0159114771840895 0.05100000000000001
v -0.017324116139070415 0.017324116139070412 0.05100000000000001
v -0.015911477184089497 0.01862994615720076 0.05100000000000001
v -0.01440073868116559 0.01982091636218621 0.05100000000000001
v -0.012801214835540751 0.02088968402667526 0.05100000000000001
v -0.0111227672436189 0.021829659842615014 0.05100000000000001
v -0.0093757440929447 0.022635048546526527 0.05100000000000001
v -0.007570916362186213 0.02330088464923126 0.05100000000000001
v -0.005719411414469684 0.02382306304974308 0.05100000000000001
v -0.0038326443934856573 0.02419836434458088 0.05100000000000001
v -0.0019222478453322026 0.024424474676461635 0.05100000000000001
v -1.500192328955508e-18 0.024500000000000004 0.05100000000000001
v 0.0019222478453321994 0.024424474676461635 0.05100000000000001
v 0.00383264439348566 0.02419836434458087 0.05100000000000001
v 0.005719411414469675 0.023823063049743076 0.05100000000000001
v 0.007570916362186209 0.023300884649231263 0.05100000000000001
v 0.009375744092944699 0.022635048546526527 0.05100000000000001
v 0.011122767243618895 0.021829659842615014 0.05100000000000001
v 0.012801214835540742 0.020889684026675258 0.05100000000000001
v 0.01440073868116559 0.019820916362186216 0.05100000000000001
v 0.015911477184089497 0.01862994615720076 0.05100000000000001
v 0.017324116139070412 0.017324116139070415 0.05100000000000001
v 0.018629946157200754 0.015911477184089504 0.05100000000000001
v 0.019820916362186213 0.0144007386811656 0.05100000000000001
v 0.02088968402667526 0.012801214835540751 0.05100000000000001
v 0.021829659842615014 0.0111227672436189 0.05100000000000001
v 0.022635048546526527 0.009375744092944702 0.05100000000000001
v 0.02330088464923126 0.007570916362186215 0.05100000000000001
v 0.02382306304974308 0.005719411414469686 0.05100000000000001
v 0.024198364344580878 0.003832644393485659 0.05100000000000001
v 0.024424474676461635 0.001922247845332204 0.05100000000000001
v 0.024500000000000004 3.000384657911016e-18 0.05100000000000001
v 0.02442447467646164 -0.0019222478453321873 0.05100000000000001
v 0.02419836434458088 -0.003832644393485653 0.05100000000000001
v 0.02382306304974308 -0.00571941141446968 0.05100000000000001
v 0.02330088464923126 -0.00757091636218622 0.05100000000000001
v 0.02263504854652653 -0.009375744092944697 0.05100000000000001
v 0.02182965984261502 -0.011122767243618884 0.05100000000000001
v 0.02088968402667526 -0.012801214835540742 0.05100000000000001
v 0.019820916362186213 -0.01440073868116559 0.05100000000000001
v 0.018629946157200754 -0.015911477184089504 0.05100000000000001
v 0.01732411613907042 -0.017324116139070412 0.05100000000000001
v 0.01591147718408951 -0.01862994615720075 0.05100000000000001
v 0.014400738681165596 -0.01982091636218621 0.05100000000000001
v 0.01280121483554076 -0.020889684026675254 0.05100000000000001
v 0.0111227672436189 -0.021829659842615014 0.05100000000000001
v 0.009375744092944713 -0.02263504854652652 0.05100000000000001
v 0.007570916362186215 -0.02330088464923126 0.05100000000000001
v 0.005719411414469676 -0.02382306304974308 0.05100000000000001
v 0.0038326443934856604 -0.024198364344580878 0.05100000000000001
v 0.0019222478453321946 -0.024424474676461635 0.05100000000000001
v 4.500576986866523e-18 -0.024500000000000004 0.05100000000000001
v -0.001922247845332186 -0.02442447467646164 0.05100000000000001
v -0.0038326443934856512 -0.02419836434458088 0.05100000000000001
v -0.0057194114144696676 -0.023823063049743083 0.05100000000000001
v -0.007570916362186208 -0.023300884649231267 0.05100000000000001
v -0.009375744092944706 -0.022635048546526523 0.05100000000000001
v -0.011122767243618895 -0.021829659842615017 0.05100000000000001
v -0.012801214835540751 -0.020889684026675254 0.05100000000000001
v -0.014400738681165589 -0.019820916362186216 0.05100000000000001
v -0.015911477184089504 -0.018629946157200757 0.05100000000000001
v -0.017324116139070412 -0.01732411613907042 0.05100000000000001
v -0.018629946157200747 -0.01591147718408951 0.05100000000000001
v -0.01982091636218621 -0.014400738681165598 0.05100000000000001
v -0.020889684026675254 -0.01280121483554076 0.05100000000000001
v -0.021829659842615014 -0.011122767243618902 0.05100000000000001
v -0.02263504854652652 -0.009375744092944715 0.05100000000000001
v -0.02330088464923126 -0.007570916362186217 0.05100000000000001
v -0.02382306304974308 -0.005719411414469677 0.05100000000000001
v -0.024198364344580878 -0.0038326443934856625 0.05100000000000001
v -0.024424474676461635 -0.0019222478453321964 0.05100000000000001
v -0.024500000000000004 -6.000769315822032e-18 0.05100000000000001
v -0.024500000000000004 0 0.052400000000000016
v -0.024424474676461635 0.0019222478453322013 0.052400000000000016
v -0.02419836434458088 0.0038326443934856565 0.052400000000000016
v -0.02382306304974308 0.005719411414469682 0.052400000000000016
v -0.02330088464923126 0.00757091636218621 0.052400000000000016
v -0.022635048546526527 0.0093757440929447 0.052400000000000016
v -0.021829659842615014 0.011122767243618895 0.052400000000000016
v -0.020889684026675258 0.012801214835540742 0.052400000000000016
v -0.01982091636218621 0.01440073868116559 0.052400000000000016
v -0.018629946157200757 0.0159114771840895 0.052400000000000016
v -0.017324116139070415 0.017324116139070412 0.052400000000000016
v -0.015911477184089497 0.01862994615720076 0.052400000000000016
v -0.01440073868116559 0.01982091636218621 0.052400000000000016
v -0.012801214835540751 0.02088968402667526 0.052400000000000016
v -0.0111227672436189 0.021829659842615014 0.052400000000000016
v -0.0093757440929447 0.022635048546526527 0.052400000000000016
v -0.007570916362186213 0.02330088464923126 0.052400000000000016
v -0.005719411414469684 0.02382306304974308 0.052400000000000016
v -0.0038326443934856573 0.02419836434458088 0.052400000000000016
v -0.0019222478453322026 0.024424474676461635 0.052400000000000016
v -1.500192328955508e-18 0.024500000000000004 0.052400000000000016
v 0.0019222478453321994 0.024424474676461635 0.052400000000000016
v 0.00383264439348566 0.02419836434458087 0.052400000000000016
v 0.005719411414469675 0.023823063049743076 0.052400000000000016
v 0.007570916362186209 0.023300884649231263 0.052400000000000016
v 0.009375744092944699 0.022635048546526527 0.052400000000000016
v 0.011122767243618895 0.021829659842615014 0.052400000000000016
v 0.012801214835540742 0.020889684026675258 0.052400000000000016
v 0.01440073868116559 0.019820916362186216 0.052400000000000016
v 0.015911477184089497 0.01862994615720076 0.052400000000000016
v 0.017324116139070412 0.017324116139070415 0.052400000000000016
v 0.018629946157200754 0.015911477184089504 0.052400000000000016
v 0.019820916362186213 0.0144007386811656 0.052400000000000016
v 0.02088968402667526 0.012801214835540751 0.052400000000000016
v 0.021829659842615014 0.0111227672436189 0.052400000000000016
v 0.022635048546526527 0.009375744092944702 0.052400000000000016
v 0.02330088464923126 0.007570916362186215 0.052400000000000016
v 0.02382306304974308 0.005719411414469686 0.052400000000000016
v 0.024198364344580878 0.003832644393485659 0.052400000000000016
v 0.024424474676461635 0.001922247845332204 0.052400000000000016
v 0.024500000000000004 3.000384657911016e-18 0.052400000000000016
v 0.02442447467646164 -0.0019222478453321873 0.052400000000000016
v 0.02419836434458088 -0.003832644393485653 0.052400000000000016
v 0.02382306304974308 -0.00571941141446968 0.052400000000000016
v 0.02330088464923126 -0.00757091636218622 0.052400000000000016
v 0.02263504854652653 -0.009375744092944697 0.052400000000000016
v 0.02182965984261502 -0.011122767243618884 0.052400000000000016
v 0.02088968402667526 -0.012801214835540742 0.052400000000000016
v 0.019820916362186213 -0.01440073868116559 0.052400000000000016
v 0.018629946157200754 -0.015911477184089504 0.052400000000000016
v 0.01732411613907042 -0.017324116139070412 0.052400000000000016
v 0.01591147718408951 -0.01862994615720075 0.052400000000000016
v 0.014400738681165596 -0.01982091636218621 0.052400000000000016
v 0.01280121483554076 -0.020889684026675254 0.052400000000000016
v 0.0111227672436189 -0.021829659842615014 0.052400000000000016
v 0.009375744092944713 -0.02263504854652652 0.052400000000000016
v 0.007570916362186215 -0.02330088464923126 0.052400000000000016
v 0.005719411414469676 -0.02382306304974308 0.052400000000000016
v 0.0038326443934856604 -0.024198364344580878 0.052400000000000016
v 0.0019222478453321946 -0.024424474676461635 0.052400000000000016
v 4.500576986866523e-18 -0.024500000000000004 0.052400000000000016
v -0.001922247845332186 -0.02442447467646164 0.052400000000000016
v -0.0038326443934856512 -0.02419836434458088 0.052400000000000016
v -0.0057194114144696676 -0.023823063049743083 0.052400000000000016
v -0.007570916362186208 -0.023300884649231267 0.052400000000000016
v -0.009375744092944706 -0.022635048546526523 0.052400000000000016
v -0.011122767243618895 -0.021829659842615017 0.052400000000000016
v -0.012801214835540751 -0.020889684026675254 0.052400000000000016
v -0.014400738681165589 -0.019820916362186216 0.052400000000000016
v -0.015911477184089504 -0.018629946157200757 0.052400000000000016
v -0.017324116139070412 -0.01732411613907042 0.052400000000000016
v -0.018629946157200747 -0.01591147718408951 0.052400000000000016
v -0.01982091636218621 -0.014400738681165598 0.052400000000000016
v -0.020889684026675254 -0.01280121483554076 0.052400000000000016
v -0.021829659842615014 -0.011122767243618902 0.052400000000000016
v -0.02263504854652652 -0.009375744092944715 0.052400000000000016
v -0.02330088464923126 -0.007570916362186217 0.052400000000000016
v -0.02382306304974308 -0.005719411414469677 0.052400000000000016
v -0.024198364344580878 -0.0038326443934856625 0.052400000000000016
v -0.024424474676461635 -0.0019222478453321964 0.052400000000000016
v -0.024500000000000004 -6.000769315822032e-18 0.052400000000000016
v -0.024500000000000004 0 0.05440000000000002
v -0.024424474676461635 0.0019222478453322013 0.05440000000000002
v -0.02419836434458088 0.0038326443934856565 0.05440000000000002
v -0.02382306304974308 0.005719411414469682 0.05440000000000002
v -0.02330088464923126 0.00757091636218621 0.05440000000000002
v -0.022635048546526527 0.0093757440929447 0.05440000000000002
v -0.021829659842615014 0.011122767243618895 0.05440000000000002
v -0.020889684026675258 0.012801214835540742 0.05440000000000002
v -0.01982091636218621 0.01440073868116559 0.05440000000000002
v -0.018629946157200757 0.0159114771840895 0.05440000000000002
v -0.017324116139070415 0.017324116139070412 0.05440000000000002
v -0.015911477184089497 0.01862994615720076 0.05440000000000002
v -0.01440073868116559 0.01982091636218621 0.05440000000000002
v -0.012801214835540751 0.02088968402667526 0.05440000000000002
v -0.0111227672436189 0.021829659842615014 0.05440000000000002
v -0.0093757440929447 0.022635048546526527 0.05440000000000002
v -0.007570916362186213 0.02330088464923126 0.05440000000000002
v -0.005719411414469684 0.02382306304974308 0.05440000000000002
v -0.0038326443934856573 0.02419836434458088 0.05440000000000002
v -0.0019222478453322026 0.024424474676461635 0.05440000000000002
v -1.500192328955508e-18 0.024500000000000004 0.05440000000000002
v 0.0019222478453321994 0.024424474676461635 0.05440000000000002
v 0.00383264439348566 0.02419836434458087 0.05440000000000002
v 0.005719411414469675 0.023823063049743076 0.05440000000000002
v 0.007570916362186209 0.023300884649231263 0.05440000000000002
v 0.009375744092944699 0.022635048546526527 0.05440000000000002
v 0.011122767243618895 0.021829659842615014 0.05440000000000002
v 0.012801214835540742 0.020889684026675258 0.05440000000000002
v 0.01440073868116559 0.019820916362186216 0.05440000000000002
v 0.015911477184089497 0.01862994615720076 0.05440000000000002
v 0.017324116139070412 0.017324116139070415 0.05440000000000002
v 0.018629946157200754 0.015911477184089504 0.05440000000000002
v 0.019820916362186213 0.0144007386811656 0.05440000000000002
v 0.02088968402667526 0.012801214835540751 0.05440000000000002
v 0.021829659842615014 0.0111227672436189 0.05440000000000002
v 0.022635048546526527 0.009375744092944702 0.05440000000000002
v 0.02330088464923126 0.007570916362186215 0.05440000000000002
v 0.02382306304974308 0.005719411414469686 0.05440000000000002
v 0.024198364344580878 0.003832644393485659 0.05440000000000002
v 0.024424474676461635 0.001922247845332204 0.05440000000000002
v 0.024500000000000004 3.000384657911016e-18 0.05440000000000002
v 0.02442447467646164 -0.0019222478453321873 0.05440000000000002
v 0.02419836434458088 -0.003832644393485653 0.05440000000000002
v 0.02382306304974308 -0.00571941141446968 0.05440000000000002
v 0.02330088464923126 -0.00757091636218622 0.05440000000000002
v 0.02263504854652653 -0.009375744092944697 0.05440000000000002
v 0.02182965984261502 -0.011122767243618884 0.05440000000000002
v 0.02088968402667526 -0.012801214835540742 0.05440000000000002
v 0.019820916362186213 -0.01440073868116559 0.05440000000000002
v 0.018629946157200754 -0.015911477184089504 0.05440000000000002
v 0.01732411613907042 -0.017324116139070412 0.05440000000000002
v 0.01591147718408951 -0.01862994615720075 0.05440000000000002
v 0.014400738681165596 -0.01982091636218621 0.05440000000000002
v 0.01280121483554076 -0.020889684026675254 0.05440000000000002
v 0.0111227672436189 -0.021829659842615014 0.05440000000000002
v 0.009375744092944713 -0.02263504854652652 0.05440000000000002
v 0.007570916362186215 -0.02330088464923126 0.05440000000000002
v 0.005719411414469676 -0.02382306304974308 0.05440000000000002
v 0.0038326443934856604 -0.024198364344580878 0.05440000000000002
v 0.0019222478453321946 -0.024424474676461635 0.05440000000000002
v 4.500576986866523e-18 -0.024500000000000004 0.05440000000000002
v -0.001922247845332186 -0.02442447467646164 0.05440000000000002
v -0.0038326443934856512 -0.02419836434458088 0.05440000000000002
v -0.0057194114144696676 -0.023823063049743083 0.05440000000000002
v -0.007570916362186208 -0.023300884649231267 0.05440000000000002
v -0.009375744092944706 -0.022635048546526523 0.05440000000000002
v -0.011122767243618895 -0.021829659842615017 0.05440000000000002
v -0.012801214835540751 -0.020889684026675254 0.05440000000000002
v -0.014400738681165589 -0.019820916362186216 0.05440000000000002
v -0.015911477184089504 -0.018629946157200757 0.05440000000000002
v -0.017324116139070412 -0.01732411613907042 0.05440000000000002
v -0.018629946157200747 -0.01591147718408951 0.05440000000000002
v -0.01982091636218621 -0.014400738681165598 0.05440000000000002
v -0.020889684026675254 -0.01280121483554076 0.05440000000000002
v -0.021829659842615014 -0.011122767243618902 0.05440000000000002
v -0.02263504854652652 -0.009375744092944715 0.05440000000000002
v -0.02330088464923126 -0.007570916362186217 0.05440000000000002
v -0.02382306304974308 -0.005719411414469677 0.05440000000000002
v -0.024198364344580878 -0.0038326443934856625 0.05440000000000002
v -0.024424474676461635 -0.0019222478453321964 0.05440000000000002
v -0.024500000000000004 -6.000769315822032e-18 0.05440000000000002
v -0.02407692307692308 0 0.05640000000000002
v -0.024062869060282325 0.0018937888661415216 0.05640000000000002
v -0.023899348890627142 0.0037852849981628075 0.05640000000000002
v -0.02358628750639773 0.0056625666358428115 0.05640000000000002
v -0.02312458583552657 0.007513633405191063 0.05640000000000002
v -0.022516140583228112 0.009326490801872336 0.05640000000000002
v -0.02176385592637184 0.011089238473616597 0.05640000000000002
v -0.020871646466444058 0.012790161404414944 0.05640000000000002
v -0.01982091636218621 0.014400738681165592 0.05640000000000002
v -0.018629946157200757 0.0159114771840895 0.05640000000000002
v -0.017324116139070415 0.017324116139070415 0.05640000000000002
v -0.015911477184089497 0.018629946157200764 0.05640000000000002
v -0.014400738681165592 0.01982091636218621 0.05640000000000002
v -0.012801214835540748 0.020889684026675258 0.05640000000000002
v -0.011122767243618902 0.021829659842615014 0.05640000000000002
v -0.0093757440929447 0.02263504854652653 0.05640000000000002
v -0.007570916362186215 0.023300884649231267 0.05640000000000002
v -0.005719411414469684 0.023823063049743076 0.05640000000000002
v -0.0038326443934856578 0.024198364344580878 0.05640000000000002
v -0.0019222478453322022 0.024424474676461635 0.05640000000000002
v -1.5001923289555076e-18 0.024499999999999997 0.05640000000000002
v 0.0019222478453321994 0.024424474676461635 0.05640000000000002
v 0.003832644393485661 0.024198364344580874 0.05640000000000002
v 0.0057194114144696745 0.023823063049743076 0.05640000000000002
v 0.007570916362186211 0.023300884649231267 0.05640000000000002
v 0.009375744092944699 0.02263504854652653 0.05640000000000002
v 0.011122767243618895 0.021829659842615014 0.05640000000000002
v 0.012801214835540748 0.020889684026675258 0.05640000000000002
v 0.014400738681165589 0.019820916362186213 0.05640000000000002
v 0.015911477184089497 0.018629946157200764 0.05640000000000002
v 0.017324116139070415 0.017324116139070415 0.05640000000000002
v 0.018629946157200757 0.015911477184089504 0.05640000000000002
v 0.01982091636218621 0.014400738681165594 0.05640000000000002
v 0.020871646466444058 0.012790161404414946 0.05640000000000002
v 0.02176385592637184 0.011089238473616604 0.05640000000000002
v 0.022516140583228112 0.00932649080187234 0.05640000000000002
v 0.02312458583552657 0.007513633405191065 0.05640000000000002
v 0.02358628750639773 0.005662566635842816 0.05640000000000002
v 0.023899348890627142 0.00378528499816281 0.05640000000000002
v 0.024062869060282325 0.0018937888661415246 0.05640000000000002
v 0.02407692307692308 2.948572677947089e-18 0.05640000000000002
v 0.023942534856405226 -0.0018843183589069984 0.05640000000000002
v 0.023704520174283306 -0.0037544271609655376 0.05640000000000002
v 0.023336878089544242 -0.005602688732541727 0.05640000000000002
v 0.022825356391083684 -0.007416407864998745 0.05640000000000002
v 0.02217310878027089 -0.009184402376762152 0.05640000000000002
v 0.021384156580520834 -0.010895771993749111 0.05640000000000002
v 0.020463363944498214 -0.012539965553182769 0.05640000000000002
v 0.01941640786499874 -0.014106846055019353 0.05640000000000002
v 0.018249743174400736 -0.015586753159924414 0.05640000000000002
v 0.016970562748477146 -0.01697056274847714 0.05640000000000002
v 0.01558675315992442 -0.018249743174400736 0.05640000000000002
v 0.014106846055019358 -0.019416407864998736 0.05640000000000002
v 0.012539965553182784 -0.020463363944498204 0.05640000000000002
v 0.010895771993749127 -0.021384156580520827 0.05640000000000002
v 0.009184402376762168 -0.022173108780270876 0.05640000000000002
v 0.007416407864998742 -0.022825356391083684 0.05640000000000002
v 0.005602688732541723 -0.023336878089544242 0.05640000000000002
v 0.003754427160965545 -0.0237045201742833 0.05640000000000002
v 0.0018830182974682724 -0.023926016009595073 0.05640000000000002
v 4.408728476930471e-18 -0.024 0.05640000000000002
v -0.0018830182974682638 -0.02392601600959507 0.05640000000000002
v -0.0037544271609655363 -0.023704520174283306 0.05640000000000002
v -0.005602688732541714 -0.02333687808954424 0.05640000000000002
v -0.007416407864998734 -0.02282535639108369 0.05640000000000002
v -0.009184402376762161 -0.02217310878027088 0.05640000000000002
v -0.010895771993749118 -0.021384156580520834 0.05640000000000002
v -0.012539965553182778 -0.02046336394449821 0.05640000000000002
v -0.01410684605501935 -0.019416407864998743 0.05640000000000002
v -0.015586753159924414 -0.01824974317440074 0.05640000000000002
v -0.016970562748477136 -0.016970562748477146 0.05640000000000002
v -0.018249743174400732 -0.01558675315992442 0.05640000000000002
v -0.019416407864998736 -0.014106846055019362 0.05640000000000002
v -0.020463363944498204 -0.01253996555318279 0.05640000000000002
v -0.021384156580520827 -0.010895771993749127 0.05640000000000002
v -0.022173108780270876 -0.00918440237676217 0.05640000000000002
v -0.022825356391083684 -0.007416407864998742 0.05640000000000002
v -0.023336878089544242 -0.005602688732541725 0.05640000000000002
v -0.0237045201742833 -0.0037544271609655467 0.05640000000000002
v -0.023942534856405222 -0.0018843183589070073 0.05640000000000002
v -0.024076923076923076 -5.897145355894178e-18 0.05640000000000002
v -0.023230769230769232 0 0.058400000000000014
v -0.0233396578279237 0.0018368709077601622 0.058400000000000014
v -0.023301317982719682 0.0036905662075171096 0.058400000000000014
v -0.02311273641970704 0.00554887707858907 0.058400000000000014
v -0.02277198820811719 0.007399067491200762 0.058400000000000014
v -0.022278324656631293 0.009227984219727607 0.058400000000000014
v -0.02163224809388549 0.011022180933612001 0.058400000000000014
v -0.020835571345981647 0.012768054542163332 0.058400000000000014
v -0.019820916362186213 0.014400738681165592 0.058400000000000014
v -0.018629946157200757 0.015911477184089497 0.058400000000000014
v -0.01732411613907042 0.017324116139070412 0.058400000000000014
v -0.015911477184089497 0.01862994615720076 0.058400000000000014
v -0.014400738681165592 0.019820916362186213 0.058400000000000014
v -0.012801214835540748 0.020889684026675258 0.058400000000000014
v -0.011122767243618898 0.021829659842615014 0.058400000000000014
v -0.0093757440929447 0.022635048546526527 0.058400000000000014
v -0.007570916362186214 0.023300884649231263 0.058400000000000014
v -0.005719411414469684 0.023823063049743073 0.058400000000000014
v -0.003832644393485658 0.024198364344580878 0.058400000000000014
v -0.0019222478453322024 0.024424474676461635 0.058400000000000014
v -1.5001923289555078e-18 0.0245 0.058400000000000014
v 0.0019222478453321996 0.024424474676461635 0.058400000000000014
v 0.0038326443934856604 0.02419836434458087 0.058400000000000014
v 0.005719411414469675 0.023823063049743076 0.058400000000000014
v 0.00757091636218621 0.023300884649231263 0.058400000000000014
v 0.009375744092944699 0.022635048546526527 0.058400000000000014
v 0.011122767243618896 0.021829659842615014 0.058400000000000014
v 0.012801214835540746 0.02088968402667526 0.058400000000000014
v 0.01440073868116559 0.019820916362186216 0.058400000000000014
v 0.015911477184089497 0.01862994615720076 0.058400000000000014
v 0.017324116139070412 0.01732411613907042 0.058400000000000014
v 0.018629946157200757 0.015911477184089504 0.058400000000000014
v 0.019820916362186213 0.014400738681165596 0.058400000000000014
v 0.020835571345981643 0.012768054542163336 0.058400000000000014
v 0.021632248093885486 0.011022180933612007 0.058400000000000014
v 0.022278324656631293 0.009227984219727611 0.058400000000000014
v 0.02277198820811719 0.0073990674912007654 0.058400000000000014
v 0.02311273641970704 0.005548877078589073 0.058400000000000014
v 0.02330131798271968 0.0036905662075171117 0.058400000000000014
v 0.0233396578279237 0.0018368709077601652 0.058400000000000014
v 0.023230769230769232 2.844948718019236e-18 0.058400000000000014
v 0.022978655216292405 -0.001808459386056621 0.058400000000000014
v 0.02271683183368817 -0.0035979926959253073 0.058400000000000014
v 0.022364508169146567 -0.0053692433686858216 0.058400000000000014
v 0.021874299874788533 -0.007107390870623798 0.058400000000000014
v 0.021249229247759596 -0.008801718944397062 0.058400000000000014
v 0.020493150056332468 -0.010441781494009563 0.058400000000000014
v 0.019610723780144123 -0.01201746698846682 0.058400000000000014
v 0.01860739087062379 -0.013519060802726881 0.058400000000000014
v 0.017489337208800707 -0.014937305111594228 0.058400000000000014
v 0.016263455967290598 -0.01626345596729059 0.058400000000000014
v 0.014937305111594234 -0.017489337208800703 0.058400000000000014
v 0.013519060802726886 -0.01860739087062379 0.058400000000000014
v 0.012017466988466837 -0.019610723780144113 0.058400000000000014
v 0.010441781494009579 -0.020493150056332458 0.058400000000000014
v 0.008801718944397078 -0.02124922924775959 0.058400000000000014
v 0.007107390870623793 -0.021874299874788533 0.058400000000000014
v 0.005369243368685818 -0.022364508169146567 0.058400000000000014
v 0.003597992695925314 -0.022716831833688167 0.058400000000000014
v 0.0018045592017404276 -0.022929098675861945 0.058400000000000014
v 4.2250314570583685e-18 -0.023 0.058400000000000014
v -0.0018045592017404194 -0.022929098675861945 0.058400000000000014
v -0.0035979926959253056 -0.02271683183368817 0.058400000000000014
v -0.005369243368685809 -0.022364508169146567 0.058400000000000014
v -0.0071073908706237865 -0.021874299874788533 0.058400000000000014
v -0.00880171894439707 -0.021249229247759592 0.058400000000000014
v -0.010441781494009572 -0.020493150056332465 0.058400000000000014
v -0.012017466988466827 -0.019610723780144116 0.058400000000000014
v -0.013519060802726877 -0.018607390870623793 0.058400000000000014
v -0.014937305111594228 -0.01748933720880071 0.058400000000000014
v -0.016263455967290587 -0.016263455967290598 0.058400000000000014
v -0.0174893372088007 -0.014937305111594234 0.058400000000000014
v -0.01860739087062379 -0.013519060802726888 0.058400000000000014
v -0.019610723780144113 -0.012017466988466837 0.058400000000000014
v -0.020493150056332458 -0.01044178149400958 0.058400000000000014
v -0.02124922924775959 -0.00880171894439708 0.058400000000000014
v -0.021874299874788533 -0.007107390870623795 0.058400000000000014
v -0.022364508169146567 -0.005369243368685821 0.058400000000000014
v -0.022716831833688167 -0.0035979926959253156 0.058400000000000014
v -0.022978655216292398 -0.0018084593860566293 0.058400000000000014
v -0.02323076923076923 -5.689897436038471e-18 0.058400000000000014
v -0.02407692307692308 0 0.060400000000000016
v -0.024062869060282325 0.0018937888661415216 0.060400000000000016
v -0.023899348890627142 0.0037852849981628075 0.060400000000000016
v -0.02358628750639773 0.0056625666358428115 0.060400000000000016
v -0.02312458583552657 0.007513633405191063 0.060400000000000016
v -0.022516140583228112 0.009326490801872336 0.060400000000000016
v -0.02176385592637184 0.011089238473616597 0.060400000000000016
v -0.020871646466444058 0.012790161404414944 0.060400000000000016
v -0.01982091636218621 0.014400738681165592 0.060400000000000016
v -0.018629946157200757 0.0159114771840895 0.060400000000000016
v -0.017324116139070415 0.017324116139070415 0.060400000000000016
v -0.015911477184089497 0.018629946157200764 0.060400000000000016
v -0.014400738681165592 0.01982091636218621 0.060400000000000016
v -0.012801214835540748 0.020889684026675258 0.060400000000000016
v -0.011122767243618902 0.021829659842615014 0.060400000000000016
v -0.0093757440929447 0.02263504854652653 0.060400000000000016
v -0.007570916362186215 0.023300884649231267 0.060400000000000016
v -0.005719411414469684 0.023823063049743076 0.060400000000000016
v -0.0038326443934856578 0.024198364344580878 0.060400000000000016
v -0.0019222478453322022 0.024424474676461635 0.060400000000000016
v -1.5001923289555076e-18 0.024499999999999997 0.060400000000000016
v 0.0019222478453321994 0.024424474676461635 0.060400000000000016
v 0.003832644393485661 0.024198364344580874 0.060400000000000016
v 0.0057194114144696745 0.023823063049743076 0.060400000000000016
v 0.007570916362186211 0.023300884649231267 0.060400000000000016
v 0.009375744092944699 0.02263504854652653 0.060400000000000016
v 0.011122767243618895 0.021829659842615014 0.060400000000000016
v 0.012801214835540748 0.020889684026675258 0.060400000000000016
v 0.014400738681165589 0.019820916362186213 0.060400000000000016
v 0.015911477184089497 0.018629946157200764 0.060400000000000016
v 0.017324116139070415 0.017324116139070415 0.060400000000000016
v 0.018629946157200757 0.015911477184089504 0.060400000000000016
v 0.01982091636218621 0.014400738681165594 0.060400000000000016
v 0.020871646466444058 0.012790161404414946 0.060400000000000016
v 0.02176385592637184 0.011089238473616604 0.060400000000000016
v 0.022516140583228112 0.00932649080187234 0.060400000000000016
v 0.02312458583552657 0.007513633405191065 0.060400000000000016
v 0.02358628750639773 0.005662566635842816 0.060400000000000016
v 0.023899348890627142 0.00378528499816281 0.060400000000000016
v 0.024062869060282325 0.0018937888661415246 0.060400000000000016
v 0.02407692307692308 2.948572677947089e-18 0.060400000000000016
v 0.023942534856405226 -0.0018843183589069984 0.060400000000000016
v 0.023704520174283306 -0.0037544271609655376 0.060400000000000016
v 0.023336878089544242 -0.005602688732541727 0.060400000000000016
v 0.022825356391083684 -0.007416407864998745 0.060400000000000016
v 0.02217310878027089 -0.009184402376762152 0.060400000000000016
v 0.021384156580520834 -0.010895771993749111 0.060400000000000016
v 0.020463363944498214 -0.012539965553182769 0.060400000000000016
v 0.01941640786499874 -0.014106846055019353 0.060400000000000016
v 0.018249743174400736 -0.015586753159924414 0.060400000000000016
v 0.016970562748477146 -0.01697056274847714 0.060400000000000016
v 0.01558675315992442 -0.018249743174400736 0.060400000000000016
v 0.014106846055019358 -0.019416407864998736 0.060400000000000016
v 0.012539965553182784 -0.020463363944498204 0.060400000000000016
v 0.010895771993749127 -0.021384156580520827 0.060400000000000016
v 0.009184402376762168 -0.022173108780270876 0.060400000000000016
v 0.007416407864998742 -0.022825356391083684 0.060400000000000016
v 0.005602688732541723 -0.023336878089544242 0.060400000000000016
v 0.003754427160965545 -0.0237045201742833 0.060400000000000016
v 0.0018830182974682724 -0.023926016009595073 0.060400000000000016
v 4.408728476930471e-18 -0.024 0.060400000000000016
v -0.0018830182974682638 -0.02392601600959507 0.060400000000000016
v -0.0037544271609655363 -0.023704520174283306 0.060400000000000016
v -0.005602688732541714 -0.02333687808954424 0.060400000000000016
v -0.007416407864998734 -0.02282535639108369 0.060400000000000016
v -0.009184402376762161 -0.02217310878027088 0.060400000000000016
v -0.010895771993749118 -0.021384156580520834 0.060400000000000016
v -0.012539965553182778 -0.02046336394449821 0.060400000000000016
v -0.01410684605501935 -0.019416407864998743 0.060400000000000016
v -0.015586753159924414 -0.01824974317440074 0.060400000000000016
v -0.016970562748477136 -0.016970562748477146 0.060400000000000016
v -0.018249743174400732 -0.01558675315992442 0.060400000000000016
v -0.019416407864998736 -0.014106846055019362 0.060400000000000016
v -0.020463363944498204 -0.01253996555318279 0.060400000000000016
v -0.021384156580520827 -0.010895771993749127 0.060400000000000016
v -0.022173108780270876 -0.00918440237676217 0.060400000000000016
v -0.022825356391083684 -0.007416407864998742 0.060400000000000016
v -0.023336878089544242 -0.005602688732541725 0.060400000000000016
v -0.0237045201742833 -0.0037544271609655467 0.060400000000000016
v -0.023942534856405222 -0.0018843183589070073 0.060400000000000016
v -0.024076923076923076 -5.897145355894178e-18 0.060400000000000016
v -0.024500000000000004 0 0.06240000000000002
v -0.024424474676461635 0.0019222478453322013 0.06240000000000002
v -0.02419836434458088 0.0038326443934856565 0.06240000000000002
v -0.02382306304974308 0.005719411414469682 0.06240000000000002
v -0.02330088464923126 0.00757091636218621 0.06240000000000002
v -0.022635048546526527 0.0093757440929447 0.06240000000000002
v -0.021829659842615014 0.011122767243618895 0.06240000000000002
v -0.020889684026675258 0.012801214835540742 0.06240000000000002
v -0.01982091636218621 0.01440073868116559 0.06240000000000002
v -0.018629946157200757 0.0159114771840895 0.06240000000000002
v -0.017324116139070415 0.017324116139070412 0.06240000000000002
v -0.015911477184089497 0.01862994615720076 0.06240000000000002
v -0.01440073868116559 0.01982091636218621 0.06240000000000002
v -0.012801214835540751 0.02088968402667526 0.06240000000000002
v -0.0111227672436189 0.021829659842615014 0.06240000000000002
v -0.0093757440929447 0.022635048546526527 0.06240000000000002
v -0.007570916362186213 0.02330088464923126 0.06240000000000002
v -0.005719411414469684 0.02382306304974308 0.06240000000000002
v -0.0038326443934856573 0.02419836434458088 0.06240000000000002
v -0.0019222478453322026 0.024424474676461635 0.06240000000000002
v -1.500192328955508e-18 0.024500000000000004 0.06240000000000002
v 0.0019222478453321994 0.024424474676461635 0.06240000000000002
v 0.00383264439348566 0.02419836434458087 0.06240000000000002
v 0.005719411414469675 0.023823063049743076 0.06240000000000002
v 0.007570916362186209 0.023300884649231263 0.06240000000000002
v 0.009375744092944699 0.022635048546526527 0.06240000000000002
v 0.011122767243618895 0.021829659842615014 0.06240000000000002
v 0.012801214835540742 0.020889684026675258 0.06240000000000002
v 0.01440073868116559 0.019820916362186216 0.06240000000000002
v 0.015911477184089497 0.01862994615720076 0.06240000000000002
v 0.017324116139070412 0.017324116139070415 0.06240000000000002
v 0.018629946157200754 0.015911477184089504 0.06240000000000002
v 0.019820916362186213 0.0144007386811656 0.06240000000000002
v 0.02088968402667526 0.012801214835540751 0.06240000000000002
v 0.021829659842615014 0.0111227672436189 0.06240000000000002
v 0.022635048546526527 0.009375744092944702 0.06240000000000002
v 0.02330088464923126 0.007570916362186215 0.06240000000000002
v 0.02382306304974308 0.005719411414469686 0.06240000000000002
v 0.024198364344580878 0.003832644393485659 0.06240000000000002
v 0.024424474676461635 0.001922247845332204 0.06240000000000002
v 0.024500000000000004 3.000384657911016e-18 0.06240000000000002
v 0.02442447467646164 -0.0019222478453321873 0.06240000000000002
v 0.02419836434458088 -0.003832644393485653 0.06240000000000002
v 0.02382306304974308 -0.00571941141446968 0.06240000000000002
v 0.02330088464923126 -0.00757091636218622 0.06240000000000002
v 0.02263504854652653 -0.009375744092944697 0.06240000000000002
v 0.02182965984261502 -0.011122767243618884 0.06240000000000002
v 0.02088968402667526 -0.012801214835540742 0.06240000000000002
v 0.019820916362186213 -0.01440073868116559 0.06240000000000002
v 0.018629946157200754 -0.015911477184089504 0.06240000000000002
v 0.01732411613907042 -0.017324116139070412 0.06240000000000002
v 0.01591147718408951 -0.01862994615720075 0.06240000000000002
v 0.014400738681165596 -0.01982091636218621 0.06240000000000002
v 0.01280121483554076 -0.020889684026675254 0.06240000000000002
v 0.0111227672436189 -0.021829659842615014 0.06240000000000002
v 0.009375744092944713 -0.02263504854652652 0.06240000000000002
v 0.007570916362186215 -0.02330088464923126 0.06240000000000002
v 0.005719411414469676 -0.02382306304974308 0.06240000000000002
v 0.0038326443934856604 -0.024198364344580878 0.06240000000000002
v 0.0019222478453321946 -0.024424474676461635 0.06240000000000002
v 4.500576986866523e-18 -0.024500000000000004 0.06240000000000002
v -0.001922247845332186 -0.02442447467646164 0.06240000000000002
v -0.0038326443934856512 -0.02419836434458088 0.06240000000000002
v -0.0057194114144696676 -0.023823063049743083 0.06240000000000002
v -0.007570916362186208 -0.023300884649231267 0.06240000000000002
v -0.009375744092944706 -0.022635048546526523 0.06240000000000002
v -0.011122767243618895 -0.021829659842615017 0.06240000000000002
v -0.012801214835540751 -0.020889684026675254 0.06240000000000002
v -0.014400738681165589 -0.019820916362186216 0.06240000000000002
v -0.015911477184089504 -0.018629946157200757 0.06240000000000002
v -0.017324116139070412 -0.01732411613907042 0.06240000000000002
v -0.018629946157200747 -0.01591147718408951 0.06240000000000002
v -0.01982091636218621 -0.014400738681165598 0.06240000000000002
v -0.020889684026675254 -0.01280121483554076 0.06240000000000002
v -0.021829659842615014 -0.011122767243618902 0.06240000000000002
v -0.02263504854652652 -0.009375744092944715 0.06240000000000002
v -0.02330088464923126 -0.007570916362186217 0.06240000000000002
v -0.02382306304974308 -0.005719411414469677 0.06240000000000002
v -0.024198364344580878 -0.0038326443934856625 0.06240000000000002
v -0.024424474676461635 -0.0019222478453321964 0.06240000000000002
v -0.024500000000000004 -6.000769315822032e-18 0.06240000000000002
v -0.0245 0 0.069
v -0.024424474676461635 0.0019222478453322011 0.069
v -0.024198364344580878 0.0038326443934856565 0.069
v -0.023823063049743076 0.005719411414469682 0.069
v -0.023300884649231263 0.007570916362186211 0.069
v -0.022635048546526527 0.0093757440929447 0.069
v -0.021829659842615014 0.011122767243618896 0.069
v -0.02088968402667526 0.012801214835540746 0.069
v -0.019820916362186213 0.014400738681165592 0.069
v -0.018629946157200757 0.0159114771840895 0.069
v -0.017324116139070415 0.017324116139070412 0.069
v -0.015911477184089497 0.01862994615720076 0.069
v -0.014400738681165592 0.019820916362186213 0.069
v -0.01280121483554075 0.020889684026675258 0.069
v -0.011122767243618898 0.02182965984261501 0.069
v -0.0093757440929447 0.022635048546526527 0.069
v -0.007570916362186213 0.023300884649231263 0.069
v -0.005719411414469684 0.023823063049743076 0.069
v -0.0038326443934856578 0.024198364344580878 0.069
v -0.0019222478453322026 0.024424474676461635 0.069
v -1.5001923289555078e-18 0.0245 0.069
v 0.0019222478453321994 0.024424474676461635 0.069
v 0.0038326443934856604 0.024198364344580874 0.069
v 0.005719411414469676 0.02382306304974308 0.069
v 0.00757091636218621 0.023300884649231267 0.069
v 0.009375744092944699 0.022635048546526527 0.069
v 0.011122767243618896 0.021829659842615014 0.069
v 0.012801214835540746 0.02088968402667526 0.069
v 0.014400738681165589 0.019820916362186213 0.069
v 0.015911477184089497 0.01862994615720076 0.069
v 0.017324116139070412 0.017324116139070415 0.069
v 0.018629946157200757 0.015911477184089504 0.069
v 0.01982091636218621 0.014400738681165596 0.069
v 0.020889684026675258 0.01280121483554075 0.069
v 0.02182965984261501 0.011122767243618898 0.069
v 0.022635048546526527 0.009375744092944702 0.069
v 0.023300884649231263 0.007570916362186215 0.069
v 0.023823063049743076 0.005719411414469686 0.069
v 0.024198364344580874 0.003832644393485659 0.069
v 0.024424474676461635 0.0019222478453322042 0.069
v 0.0245 3.0003846579110156e-18 0.069
v 0.02442447467646164 -0.0019222478453321873 0.069
v 0.024198364344580878 -0.003832644393485653 0.069
v 0.02382306304974308 -0.00571941141446968 0.069
v 0.023300884649231263 -0.00757091636218622 0.069
v 0.02263504854652653 -0.009375744092944697 0.069
v 0.02182965984261502 -0.011122767243618884 0.069
v 0.02088968402667526 -0.012801214835540742 0.069
v 0.019820916362186213 -0.014400738681165589 0.069
v 0.018629946157200754 -0.015911477184089504 0.069
v 0.01732411613907042 -0.017324116139070412 0.069
v 0.01591147718408951 -0.01862994615720075 0.069
v 0.014400738681165596 -0.01982091636218621 0.069
v 0.01280121483554076 -0.02088968402667525 0.069
v 0.0111227672436189 -0.02182965984261501 0.069
v 0.009375744092944713 -0.02263504854652652 0.069
v 0.0075709163621862155 -0.023300884649231263 0.069
v 0.005719411414469676 -0.02382306304974308 0.069
v 0.0038326443934856604 -0.024198364344580874 0.069
v 0.0019222478453321946 -0.024424474676461635 0.069
v 4.500576986866523e-18 -0.0245 0.069
v -0.001922247845332186 -0.02442447467646164 0.069
v -0.0038326443934856517 -0.024198364344580878 0.069
v -0.0057194114144696676 -0.023823063049743083 0.069
v -0.007570916362186208 -0.023300884649231267 0.069
v -0.009375744092944706 -0.022635048546526523 0.069
v -0.011122767243618893 -0.021829659842615017 0.069
v -0.012801214835540751 -0.020889684026675258 0.069
v -0.014400738681165587 -0.019820916362186216 0.069
v -0.015911477184089504 -0.018629946157200757 0.069
v -0.017324116139070412 -0.01732411613907042 0.069
v -0.018629946157200747 -0.01591147718408951 0.069
v -0.01982091636218621 -0.014400738681165598 0.069
v -0.02088968402667525 -0.012801214835540762 0.069
v -0.02182965984261501 -0.011122767243618902 0.069
v -0.02263504854652652 -0.009375744092944715 0.069
v -0.023300884649231263 -0.007570916362186217 0.069
v -0.02382306304974308 -0.005719411414469678 0.069
v -0.024198364344580874 -0.0038326443934856625 0.069
v -0.024424474676461635 -0.0019222478453321964 0.069
v -0.0245 -6.000769315822031e-18 0.069
v -0.0245 0 0.077
v -0.024424474676461635 0.0019222478453322011 0.077
v -0.024198364344580878 0.0038326443934856565 0.077
v -0.023823063049743076 0.005719411414469682 0.077
v -0.023300884649231263 0.007570916362186211 0.077
v -0.022635048546526527 0.0093757440929447 0.077
v -0.021829659842615014 0.011122767243618896 0.077
v -0.02088968402667526 0.012801214835540746 0.077
v -0.019820916362186213 0.014400738681165592 0.077
v -0.018629946157200757 0.0159114771840895 0.077
v -0.017324116139070415 0.017324116139070412 0.077
v -0.015911477184089497 0.01862994615720076 0.077
v -0.014400738681165592 0.019820916362186213 0.077
v -0.01280121483554075 0.020889684026675258 0.077
v -0.011122767243618898 0.02182965984261501 0.077
v -0.0093757440929447 0.022635048546526527 0.077
v -0.007570916362186213 0.023300884649231263 0.077
v -0.005719411414469684 0.023823063049743076 0.077
v -0.0038326443934856578 0.024198364344580878 0.077
v -0.0019222478453322026 0.024424474676461635 0.077
v -1.5001923289555078e-18 0.0245 0.077
v 0.0019222478453321994 0.024424474676461635 0.077
v 0.0038326443934856604 0.024198364344580874 0.077
v 0.005719411414469676 0.02382306304974308 0.077
v 0.00757091636218621 0.023300884649231267 0.077
v 0.009375744092944699 0.022635048546526527 0.077
v 0.011122767243618896 0.021829659842615014 0.077
v 0.012801214835540746 0.02088968402667526 0.077
v 0.014400738681165589 0.019820916362186213 0.077
v 0.015911477184089497 0.01862994615720076 0.077
v 0.017324116139070412 0.017324116139070415 0.077
v 0.018629946157200757 0.015911477184089504 0.077
v 0.01982091636218621 0.014400738681165596 0.077
v 0.020889684026675258 0.01280121483554075 0.077
v 0.02182965984261501 0.011122767243618898 0.077
v 0.022635048546526527 0.009375744092944702 0.077
v 0.023300884649231263 0.007570916362186215 0.077
v 0.023823063049743076 0.005719411414469686 0.077
v 0.024198364344580874 0.003832644393485659 0.077
v 0.024424474676461635 0.0019222478453322042 0.077
v 0.0245 3.0003846579110156e-18 0.077
v 0.02442447467646164 -0.0019222478453321873 0.077
v 0.024198364344580878 -0.003832644393485653 0.077
v 0.02382306304974308 -0.00571941141446968 0.077
v 0.023300884649231263 -0.00757091636218622 0.077
v 0.02263504854652653 -0.009375744092944697 0.077
v 0.02182965984261502 -0.011122767243618884 0.077
v 0.02088968402667526 -0.012801214835540742 0.077
v 0.019820916362186213 -0.014400738681165589 0.077
v 0.018629946157200754 -0.015911477184089504 0.077
v 0.01732411613907042 -0.017324116139070412 0.077
v 0.01591147718408951 -0.01862994615720075 0.077
v 0.014400738681165596 -0.01982091636218621 0.077
v 0.01280121483554076 -0.02088968402667525 0.077
v 0.0111227672436189 -0.02182965984261501 0.077
v 0.009375744092944713 -0.02263504854652652 0.077
v 0.0075709163621862155 -0.023300884649231263 0.077
v 0.005719411414469676 -0.02382306304974308 0.077
v 0.0038326443934856604 -0.024198364344580874 0.077
v 0.0019222478453321946 -0.024424474676461635 0.077
v 4.500576986866523e-18 -0.0245 0.077
v -0.001922247845332186 -0.02442447467646164 0.077
v -0.0038326443934856517 -0.024198364344580878 0.077
v -0.0057194114144696676 -0.023823063049743083 0.077
v -0.007570916362186208 -0.023300884649231267 0.077
v -0.009375744092944706 -0.022635048546526523 0.077
v -0.011122767243618893 -0.021829659842615017 0.077
v -0.012801214835540751 -0.020889684026675258 0.077
v -0.014400738681165587 -0.019820916362186216 0.077
v -0.015911477184089504 -0.018629946157200757 0.077
v -0.017324116139070412 -0.01732411613907042 0.077
v -0.018629946157200747 -0.01591147718408951 0.077
v -0.01982091636218621 -0.014400738681165598 0.077
v -0.02088968402667525 -0.012801214835540762 0.077
v -0.02182965984261501 -0.011122767243618902 0.077
v -0.02263504854652652 -0.009375744092944715 0.077
v -0.023300884649231263 -0.007570916362186217 0.077
v -0.02382306304974308 -0.005719411414469678 0.077
v -0.024198364344580874 -0.0038326443934856625 0.077
v -0.024424474676461635 -0.0019222478453321964 0.077
v -0.0245 -6.000769315822031e-18 0.077
v -0.023 0 0.085
v -0.02292909867586194 0.0018045592017404337 0.085
v -0.022716831833688167 0.00359799269592531 0.085
v -0.02236450816914656 0.005369243368685824 0.085
v -0.02187429987478853 0.00710739087062379 0.085
v -0.021249229247759596 0.008801718944397064 0.085
v -0.02049315005633246 0.010441781494009575 0.085
v -0.019610723780144123 0.012017466988466822 0.085
v -0.01860739087062379 0.013519060802726883 0.085
v -0.01748933720880071 0.014937305111594223 0.085
v -0.016263455967290594 0.01626345596729059 0.085
v -0.014937305111594221 0.017489337208800713 0.085
v -0.013519060802726883 0.01860739087062379 0.085
v -0.012017466988466825 0.01961072378014412 0.085
v -0.010441781494009577 0.020493150056332458 0.085
v -0.008801718944397066 0.021249229247759596 0.085
v -0.007107390870623791 0.02187429987478853 0.085
v -0.005369243368685826 0.02236450816914656 0.085
v -0.0035979926959253112 0.022716831833688167 0.085
v -0.001804559201740435 0.02292909867586194 0.085
v -1.4083438190194562e-18 0.023 0.085
v 0.0018045592017404322 0.02292909867586194 0.085
v 0.003597992695925314 0.022716831833688167 0.085
v 0.005369243368685818 0.022364508169146563 0.085
v 0.007107390870623789 0.021874299874788533 0.085
v 0.008801718944397064 0.021249229247759596 0.085
v 0.010441781494009575 0.02049315005633246 0.085
v 0.012017466988466822 0.019610723780144123 0.085
v 0.01351906080272688 0.01860739087062379 0.085
v 0.014937305111594221 0.017489337208800713 0.085
v 0.01626345596729059 0.016263455967290594 0.085
v 0.01748933720880071 0.014937305111594227 0.085
v 0.01860739087062379 0.013519060802726884 0.085
v 0.01961072378014412 0.012017466988466825 0.085
v 0.020493150056332458 0.010441781494009577 0.085
v 0.021249229247759596 0.008801718944397068 0.085
v 0.02187429987478853 0.0071073908706237926 0.085
v 0.02236450816914656 0.005369243368685827 0.085
v 0.022716831833688167 0.0035979926959253125 0.085
v 0.02292909867586194 0.0018045592017404365 0.085
v 0.023 2.8166876380389123e-18 0.085
v 0.022929098675861945 -0.0018045592017404207 0.085
v 0.022716831833688167 -0.003597992695925307 0.085
v 0.022364508169146563 -0.0053692433686858216 0.085
v 0.02187429987478853 -0.007107390870623798 0.085
v 0.021249229247759596 -0.008801718944397062 0.085
v 0.020493150056332468 -0.010441781494009563 0.085
v 0.019610723780144123 -0.01201746698846682 0.085
v 0.01860739087062379 -0.01351906080272688 0.085
v 0.017489337208800707 -0.014937305111594228 0.085
v 0.016263455967290598 -0.01626345596729059 0.085
v 0.014937305111594234 -0.017489337208800703 0.085
v 0.013519060802726884 -0.01860739087062379 0.085
v 0.012017466988466835 -0.019610723780144113 0.085
v 0.010441781494009579 -0.020493150056332458 0.085
v 0.008801718944397078 -0.02124922924775959 0.085
v 0.007107390870623793 -0.02187429987478853 0.085
v 0.005369243368685818 -0.022364508169146563 0.085
v 0.003597992695925314 -0.022716831833688167 0.085
v 0.0018045592017404276 -0.02292909867586194 0.085
v 4.2250314570583685e-18 -0.023 0.085
v -0.0018045592017404194 -0.022929098675861945 0.085
v -0.0035979926959253056 -0.022716831833688167 0.085
v -0.00536924336868581 -0.022364508169146567 0.085
v -0.0071073908706237865 -0.021874299874788533 0.085
v -0.00880171894439707 -0.021249229247759592 0.085
v -0.010441781494009572 -0.020493150056332465 0.085
v -0.012017466988466827 -0.019610723780144116 0.085
v -0.013519060802726877 -0.018607390870623793 0.085
v -0.014937305111594228 -0.01748933720880071 0.085
v -0.016263455967290587 -0.016263455967290598 0.085
v -0.0174893372088007 -0.014937305111594234 0.085
v -0.01860739087062379 -0.013519060802726888 0.085
v -0.019610723780144113 -0.012017466988466837 0.085
v -0.020493150056332458 -0.01044178149400958 0.085
v -0.02124922924775959 -0.00880171894439708 0.085
v -0.02187429987478853 -0.007107390870623795 0.085
v -0.022364508169146563 -0.00536924336868582 0.085
v -0.022716831833688167 -0.0035979926959253156 0.085
v -0.02292909867586194 -0.0018045592017404291 0.085
v -0.023 -5.6333752760778246e-18 0.085
v -0.021 0 0.088
v -0.02093526400839569 0.001647641010284744 0.088
v -0.020741455152497895 0.0032851237658448485 0.088
v -0.02041976832835121 0.004902352640974014 0.088
v -0.019972186842198224 0.006489356881873896 0.088
v -0.019401470182737024 0.008036352079666886 0.088
v -0.018711137007955726 0.009533800494530483 0.088
v -0.01790544345143594 0.010972469859034925 0.088
v -0.016989356881873897 0.012343490298141937 0.088
v -0.01596852527760065 0.013638409014933857 0.088
v -0.0148492424049175 0.014849242404917497 0.088
v -0.013638409014933855 0.01596852527760065 0.088
v -0.012343490298141937 0.016989356881873897 0.088
v -0.010972469859034929 0.017905443451435937 0.088
v -0.009533800494530485 0.018711137007955726 0.088
v -0.008036352079666888 0.019401470182737024 0.088
v -0.006489356881873897 0.019972186842198224 0.088
v -0.004902352640974016 0.02041976832835121 0.088
v -0.00328512376584485 0.020741455152497895 0.088
v -0.001647641010284745 0.02093526400839569 0.088
v -1.285879139104721e-18 0.021 0.088
v 0.0016476410102847425 0.02093526400839569 0.088
v 0.003285123765844852 0.02074145515249789 0.088
v 0.004902352640974009 0.020419768328351212 0.088
v 0.006489356881873894 0.019972186842198227 0.088
v 0.008036352079666884 0.019401470182737024 0.088
v 0.009533800494530483 0.018711137007955726 0.088
v 0.010972469859034925 0.01790544345143594 0.088
v 0.012343490298141935 0.016989356881873897 0.088
v 0.013638409014933855 0.01596852527760065 0.088
v 0.014849242404917497 0.0148492424049175 0.088
v 0.015968525277600648 0.01363840901493386 0.088
v 0.016989356881873894 0.012343490298141939 0.088
v 0.017905443451435937 0.010972469859034929 0.088
v 0.018711137007955726 0.009533800494530485 0.088
v 0.019401470182737024 0.008036352079666888 0.088
v 0.019972186842198224 0.006489356881873898 0.088
v 0.02041976832835121 0.0049023526409740165 0.088
v 0.02074145515249789 0.0032851237658448507 0.088
v 0.02093526400839569 0.0016476410102847466 0.088
v 0.021 2.571758278209442e-18 0.088
v 0.020935264008395692 -0.0016476410102847319 0.088
v 0.020741455152497895 -0.0032851237658448455 0.088
v 0.020419768328351212 -0.004902352640974011 0.088
v 0.019972186842198224 -0.006489356881873903 0.088
v 0.019401470182737024 -0.008036352079666884 0.088
v 0.018711137007955733 -0.009533800494530472 0.088
v 0.01790544345143594 -0.010972469859034923 0.088
v 0.016989356881873897 -0.012343490298141935 0.088
v 0.015968525277600645 -0.013638409014933862 0.088
v 0.014849242404917503 -0.014849242404917497 0.088
v 0.013638409014933867 -0.015968525277600645 0.088
v 0.012343490298141939 -0.016989356881873894 0.088
v 0.010972469859034937 -0.01790544345143593 0.088
v 0.009533800494530486 -0.018711137007955726 0.088
v 0.008036352079666898 -0.019401470182737017 0.088
v 0.006489356881873899 -0.019972186842198224 0.088
v 0.004902352640974009 -0.020419768328351212 0.088
v 0.003285123765844852 -0.02074145515249789 0.088
v 0.0016476410102847384 -0.02093526400839569 0.088
v 3.8576374173141625e-18 -0.021 0.088
v -0.0016476410102847308 -0.020935264008395692 0.088
v -0.003285123765844844 -0.020741455152497895 0.088
v -0.004902352640974001 -0.020419768328351212 0.088
v -0.006489356881873892 -0.019972186842198227 0.088
v -0.008036352079666891 -0.01940147018273702 0.088
v -0.00953380049453048 -0.01871113700795573 0.088
v -0.01097246985903493 -0.017905443451435934 0.088
v -0.012343490298141932 -0.0169893568818739 0.088
v -0.013638409014933862 -0.015968525277600648 0.088
v -0.014849242404917496 -0.014849242404917503 0.088
v -0.01596852527760064 -0.013638409014933867 0.088
v -0.016989356881873894 -0.012343490298141942 0.088
v -0.01790544345143593 -0.010972469859034939 0.088
v -0.018711137007955726 -0.009533800494530486 0.088
v -0.019401470182737017 -0.008036352079666898 0.088
v -0.019972186842198224 -0.0064893568818739 0.088
v -0.020419768328351212 -0.0049023526409740096 0.088
v -0.02074145515249789 -0.0032851237658448537 0.088
v -0.02093526400839569 -0.00164764101028474 0.088
v -0.021 -5.143516556418884e-18 0.088
v 0 0 -0.093
v 0 0 0.088
vt 0 0
vt 0 0.0125
vt 0 0.025
vt 0 0.0375
vt 0 0.05
vt 0 0.0625
vt 0 0.075
vt 0 0.0875
vt 0 0.1
vt 0 0.1125
vt 0 0.125
vt 0 0.1375
vt 0 0.15
vt 0 0.1625
vt 0 0.175
vt 0 0.1875
vt 0 0.2
vt 0 0.2125
vt 0 0.225
vt 0 0.2375
vt 0 0.25
vt 0 0.2625
vt 0 0.275
vt 0 0.2875
vt 0 0.3
vt 0 0.3125
vt 0 0.325
vt 0 0.3375
vt 0 0.35
vt 0 0.3625
vt 0 0.375
vt 0 0.3875
vt 0 0.4
vt 0 0.4125
vt 0 0.425
vt 0 0.4375
vt 0 0.45
vt 0 0.4625
vt 0 0.475
vt 0 0.4875
vt 0 0.5
vt 0 0.5125
vt 0 0.525
vt 0 0.5375
vt 0 0.55
vt 0 0.5625
vt 0 0.575
vt 0 0.5875
vt 0 0.6
vt 0 0.6125
vt 0 0.625
vt 0 0.6375
vt 0 0.65
vt 0 0.6625
vt 0 0.675
vt 0 0.6875
vt 0 0.7
vt 0 0.7125
vt 0 0.725
vt 0 0.7375
vt 0 0.75
vt 0 0.7625
vt 0 0.775
vt 0 0.7875
vt 0 0.8
vt 0 0.8125
vt 0 0.825
vt 0 0.8375
vt 0 0.85
vt 0 0.8625
vt 0 0.875
vt 0 0.8875
vt 0 0.9
vt 0 0.9125
vt 0 0.925
vt 0 0.9375
vt 0 0.95
vt 0 0.9625
vt 0 0.975
vt 0 0.9875
vt 0 1
vt 0.016574585635359133 0
vt 0.016574585635359133 0.0125
vt 0.016574585635359133 0.025
vt 0.016574585635359133 0.0375
vt 0.016574585635359133 0.05
vt 0.016574585635359133 0.0625
vt 0.016574585635359133 0.075
vt 0.016574585635359133 0.0875
vt 0.016574585635359133 0.1
vt 0.016574585635359133 0.1125
vt 0.016574585635359133 0.125
vt 0.016574585635359133 0.1375
vt 0.016574585635359133 0.15
vt 0.016574585635359133 0.1625
vt 0.016574585635359133 0.175
vt 0.016574585635359133 0.1875
vt 0.016574585635359133 0.2
vt 0.016574585635359133 0.2125
vt 0.016574585635359133 0.225
vt 0.016574585635359133 0.2375
vt 0.016574585635359133 0.25
vt 0.016574585635359133 0.2625
vt 0.016574585635359133 0.275
vt 0.016574585635359133 0.2875
vt 0.016574585635359133 0.3
vt 0.016574585635359133 0.3125
vt 0.016574585635359133 0.325
vt 0.016574585635359133 0.3375
vt 0.016574585635359133 0.35
vt 0.016574585635359133 0.3625
vt 0.016574585635359133 0.375
vt 0.016574585635359133 0.3875
vt 0.016574585635359133 0.4
vt 0.016574585635359133 0.4125
vt 0.016574585635359133 0.425
vt 0.016574585635359133 0.4375
vt 0.016574585635359133 0.45
vt 0.016574585635359133 0.4625
vt 0.016574585635359133 0.475
vt 0.016574585635359133 0.4875
vt 0.016574585635359133 0.5
vt 0.016574585635359133 0.5125
vt 0.016574585635359133 0.525
vt 0.016574585635359133 0.5375
vt 0.016574585635359133 0.55
vt 0.016574585635359133 0.5625
vt 0.016574585635359133 0.575
vt 0.016574585635359133 0.5875
vt 0.016574585635359133 0.6
vt 0.016574585635359133 0.6125
vt 0.016574585635359133 0.625
vt 0.016574585635359133 0.6375
vt 0.016574585635359133 0.65
vt 0.016574585635359133 0.6625
vt 0.016574585635359133 0.675
vt 0.016574585635359133 0.6875
vt 0.016574585635359133 0.7
vt 0.016574585635359133 0.7125
vt 0.016574585635359133 0.725
vt 0.016574585635359133 0.7375
vt 0.016574585635359133 0.75
vt 0.016574585635359133 0.7625
vt 0.016574585635359133 0.775
vt 0.016574585635359133 0.7875
vt 0.016574585635359133 0.8
vt 0.016574585635359133 0.8125
vt 0.016574585635359133 0.825
vt 0.016574585635359133 0.8375
vt 0.016574585635359133 0.85
vt 0.016574585635359133 0.8625
vt 0.016574585635359133 0.875
vt 0.016574585635359133 0.8875
vt 0.016574585635359133 0.9
vt 0.016574585635359133 0.9125
vt 0.016574585635359133 0.925
vt 0.016574585635359133 0.9375
vt 0.016574585635359133 0.95
vt 0.016574585635359133 0.9625
vt 0.016574585635359133 0.975
vt 0.016574585635359133 0.9875
vt 0.016574585635359133 1
vt 0.04972375690607732 0
vt 0.04972375690607732 0.0125
vt 0.04972375690607732 0.025
vt 0.04972375690607732 0.0375
vt 0.04972375690607732 0.05
vt 0.04972375690607732 0.0625
vt 0.04972375690607732 0.075
vt 0.04972375690607732 0.0875
vt 0.04972375690607732 0.1
vt 0.04972375690607732 0.1125
vt 0.04972375690607732 0.125
vt 0.04972375690607732 0.1375
vt 0.04972375690607732 0.15
vt 0.04972375690607732 0.1625
vt 0.04972375690607732 0.175
vt 0.04972375690607732 0.1875
vt 0.04972375690607732 0.2
vt 0.04972375690607732 0.2125
vt 0.04972375690607732 0.225
vt 0.04972375690607732 0.2375
vt 0.04972375690607732 0.25
vt 0.04972375690607732 0.2625
vt 0.04972375690607732 0.275
vt 0.04972375690607732 0.2875
vt 0.04972375690607732 0.3
vt 0.04972375690607732 0.3125
vt 0.04972375690607732 0.325
vt 0.04972375690607732 0.3375
vt 0.04972375690607732 0.35
vt 0.04972375690607732 0.3625
vt 0.04972375690607732 0.375
vt 0.04972375690607732 0.3875
vt 0.04972375690607732 0.4
vt 0.04972375690607732 0.4125
vt 0.04972375690607732 0.425
vt 0.04972375690607732 0.4375
vt 0.04972375690607732 0.45
vt 0.04972375690607732 0.4625
vt 0.04972375690607732 0.475
vt 0.04972375690607732 0.4875
vt 0.04972375690607732 0.5
vt 0.04972375690607732 0.5125
vt 0.04972375690607732 0.525
vt 0.04972375690607732 0.5375
vt 0.04972375690607732 0.55
vt 0.04972375690607732 0.5625
vt 0.04972375690607732 0.575
vt 0.04972375690607732 0.5875
vt 0.04972375690607732 0.6
vt 0.04972375690607732 0.6125
vt 0.04972375690607732 0.625
vt 0.04972375690607732 0.6375
vt 0.04972375690607732 0.65
vt 0.04972375690607732 0.6625
vt 0.04972375690607732 0.675
vt 0.04972375690607732 0.6875
vt 0.04972375690607732 0.7
vt 0.04972375690607732 0.7125
vt 0.04972375690607732 0.725
vt 0.04972375690607732 0.7375
vt 0.04972375690607732 0.75
vt 0.04972375690607732 0.7625
vt 0.04972375690607732 0.775
vt 0.04972375690607732 0.7875
vt 0.04972375690607732 0.8
vt 0.04972375690607732 0.8125
vt 0.04972375690607732 0.825
vt 0.04972375690607732 0.8375
vt 0.04972375690607732 0.85
vt 0.04972375690607732 0.8625
vt 0.04972375690607732 0.875
vt 0.04972375690607732 0.8875
vt 0.04972375690607732 0.9
vt 0.04972375690607732 0.9125
vt 0.04972375690607732 0.925
vt 0.04972375690607732 0.9375
vt 0.04972375690607732 0.95
vt 0.04972375690607732 0.9625
vt 0.04972375690607732 0.975
vt 0.04972375690607732 0.9875
vt 0.04972375690607732 1
vt 0.08839779005524863 0
vt 0.08839779005524863 0.0125
vt 0.08839779005524863 0.025
vt 0.08839779005524863 0.0375
vt 0.08839779005524863 0.05
vt 0.08839779005524863 0.0625
vt 0.08839779005524863 0.075
vt 0.08839779005524863 0.0875
vt 0.08839779005524863 0.1
vt 0.08839779005524863 0.1125
vt 0.08839779005524863 0.125
vt 0.08839779005524863 0.1375
vt 0.08839779005524863 0.15
vt 0.08839779005524863 0.1625
vt 0.08839779005524863 0.175
vt 0.08839779005524863 0.1875
vt 0.08839779005524863 0.2
vt 0.08839779005524863 0.2125
vt 0.08839779005524863 0.225
vt 0.08839779005524863 0.2375
vt 0.08839779005524863 0.25
vt 0.08839779005524863 0.2625
vt 0.08839779005524863 0.275
vt 0.08839779005524863 0.2875
vt 0.08839779005524863 0.3
vt 0.08839779005524863 0.3125
vt 0.08839779005524863 0.325
vt 0.08839779005524863 0.3375
vt 0.08839779005524863 0.35
vt 0.08839779005524863 0.3625
vt 0.08839779005524863 0.375
vt 0.08839779005524863 0.3875
vt 0.08839779005524863 0.4
vt 0.08839779005524863 0.4125
vt 0.08839779005524863 0.425
vt 0.08839779005524863 0.4375
vt 0.08839779005524863 0.45
vt 0.08839779005524863 0.4625
vt 0.08839779005524863 0.475
vt 0.08839779005524863 0.4875
vt 0.08839779005524863 0.5
vt 0.08839779005524863 0.5125
vt 0.08839779005524863 0.525
vt 0.08839779005524863 0.5375
vt 0.08839779005524863 0.55
vt 0.08839779005524863 0.5625
vt 0.08839779005524863 0.575
vt 0.08839779005524863 0.5875
vt 0.08839779005524863 0.6
vt 0.08839779005524863 0.6125
vt 0.08839779005524863 0.625
vt 0.08839779005524863 0.6375
vt 0.08839779005524863 0.65
vt 0.08839779005524863 0.6625
vt 0.08839779005524863 0.675
vt 0.08839779005524863 0.6875
vt 0.08839779005524863 0.7
vt 0.08839779005524863 0.7125
vt 0.08839779005524863 0.725
vt 0.08839779005524863 0.7375
vt 0.08839779005524863 0.75
vt 0.08839779005524863 0.7625
vt 0.08839779005524863 0.775
vt 0.08839779005524863 0.7875
vt 0.08839779005524863 0.8
vt 0.08839779005524863 0.8125
vt 0.08839779005524863 0.825
vt 0.08839779005524863 0.8375
vt 0.08839779005524863 0.85
vt 0.08839779005524863 0.8625
vt 0.08839779005524863 0.875
vt 0.08839779005524863 0.8875
vt 0.08839779005524863 0.9
vt 0.08839779005524863 0.9125
vt 0.08839779005524863 0.925
vt 0.08839779005524863 0.9375
vt 0.08839779005524863 0.95
vt 0.08839779005524863 0.9625
vt 0.08839779005524863 0.975
vt 0.08839779005524863 0.9875
vt 0.08839779005524863 1
vt 0.1104972375690608 0
vt 0.1104972375690608 0.0125
vt 0.1104972375690608 0.025
vt 0.1104972375690608 0.0375
vt 0.1104972375690608 0.05
vt 0.1104972375690608 0.0625
vt 0.1104972375690608 0.075
vt 0.1104972375690608 0.0875
vt 0.1104972375690608 0.1
vt 0.1104972375690608 0.1125
vt 0.1104972375690608 0.125
vt 0.1104972375690608 0.1375
vt 0.1104972375690608 0.15
vt 0.1104972375690608 0.1625
vt 0.1104972375690608 0.175
vt 0.1104972375690608 0.1875
vt 0.1104972375690608 0.2
vt 0.1104972375690608 0.2125
vt 0.1104972375690608 0.225
vt 0.1104972375690608 0.2375
vt 0.1104972375690608 0.25
vt 0.1104972375690608 0.2625
vt 0.1104972375690608 0.275
vt 0.1104972375690608 0.2875
vt 0.1104972375690608 0.3
vt 0.1104972375690608 0.3125
vt 0.1104972375690608 0.325
vt 0.1104972375690608 0.3375
vt 0.1104972375690608 0.35
vt 0.1104972375690608 0.3625
vt 0.1104972375690608 0.375
vt 0.1104972375690608 0.3875
vt 0.1104972375690608 0.4
vt 0.1104972375690608 0.4125
vt 0.1104972375690608 0.425
vt 0.1104972375690608 0.4375
vt 0.1104972375690608 0.45
vt 0.1104972375690608 0.4625
vt 0.1104972375690608 0.475
vt 0.1104972375690608 0.4875
vt 0.1104972375690608 0.5
vt 0.1104972375690608 0.5125
vt 0.1104972375690608 0.525
vt 0.1104972375690608 0.5375
vt 0.1104972375690608 0.55
vt 0.1104972375690608 0.5625
vt 0.1104972375690608 0.575
vt 0.1104972375690608 0.5875
vt 0.1104972375690608 0.6
vt 0.1104972375690608 0.6125
vt 0.1104972375690608 0.625
vt 0.1104972375690608 0.6375
vt 0.1104972375690608 0.65
vt 0.1104972375690608 0.6625
vt 0.1104972375690608 0.675
vt 0.1104972375690608 0.6875
vt 0.1104972375690608 0.7
vt 0.1104972375690608 0.7125
vt 0.1104972375690608 0.725
vt 0.1104972375690608 0.7375
vt 0.1104972375690608 0.75
vt 0.1104972375690608 0.7625
vt 0.1104972375690608 0.775
vt 0.1104972375690608 0.7875
vt 0.1104972375690608 0.8
vt 0.1104972375690608 0.8125
vt 0.1104972375690608 0.825
vt 0.1104972375690608 0.8375
vt 0.1104972375690608 0.85
vt 0.1104972375690608 0.8625
vt 0.1104972375690608 0.875
vt 0.1104972375690608 0.8875
vt 0.1104972375690608 0.9
vt 0.1104972375690608 0.9125
vt 0.1104972375690608 0.925
vt 0.1104972375690608 0.9375
vt 0.1104972375690608 0.95
vt 0.1104972375690608 0.9625
vt 0.1104972375690608 0.975
vt 0.1104972375690608 0.9875
vt 0.1104972375690608 1
vt 0.12154696132596689 0
vt 0.12154696132596689 0.0125
vt 0.12154696132596689 0.025
vt 0.12154696132596689 0.0375
vt 0.12154696132596689 0.05
vt 0.12154696132596689 0.0625
vt 0.12154696132596689 0.075
vt 0.12154696132596689 0.0875
vt 0.12154696132596689 0.1
vt 0.12154696132596689 0.1125
vt 0.12154696132596689 0.125
vt 0.12154696132596689 0.1375
vt 0.12154696132596689 0.15
vt 0.12154696132596689 0.1625
vt 0.12154696132596689 0.175
vt 0.12154696132596689 0.1875
vt 0.12154696132596689 0.2
vt 0.12154696132596689 0.2125
vt 0.12154696132596689 0.225
vt 0.12154696132596689 0.2375
vt 0.12154696132596689 0.25
vt 0.12154696132596689 0.2625
vt 0.12154696132596689 0.275
vt 0.12154696132596689 0.2875
vt 0.12154696132596689 0.3
vt 0.12154696132596689 0.3125
vt 0.12154696132596689 0.325
vt 0.12154696132596689 0.3375
vt 0.12154696132596689 0.35
vt 0.12154696132596689 0.3625
vt 0.12154696132596689 0.375
vt 0.12154696132596689 0.3875
vt 0.12154696132596689 0.4
vt 0.12154696132596689 0.4125
vt 0.12154696132596689 0.425
vt 0.12154696132596689 0.4375
vt 0.12154696132596689 0.45
vt 0.12154696132596689 0.4625
vt 0.12154696132596689 0.475
vt 0.12154696132596689 0.4875
vt 0.12154696132596689 0.5
vt 0.12154696132596689 0.5125
vt 0.12154696132596689 0.525
vt 0.12154696132596689 0.5375
vt 0.12154696132596689 0.55
vt 0.12154696132596689 0.5625
vt 0.12154696132596689 0.575
vt 0.12154696132596689 0.5875
vt 0.12154696132596689 0.6
vt 0.12154696132596689 0.6125
vt 0.12154696132596689 0.625
vt 0.12154696132596689 0.6375
vt 0.12154696132596689 0.65
vt 0.12154696132596689 0.6625
vt 0.12154696132596689 0.675
vt 0.12154696132596689 0.6875
vt 0.12154696132596689 0.7
vt 0.12154696132596689 0.7125
vt 0.12154696132596689 0.725
vt 0.12154696132596689 0.7375
vt 0.12154696132596689 0.75
vt 0.12154696132596689 0.7625
vt 0.12154696132596689 0.775
vt 0.12154696132596689 0.7875
vt 0.12154696132596689 0.8
vt 0.12154696132596689 0.8125
vt 0.12154696132596689 0.825
vt 0.12154696132596689 0.8375
vt 0.12154696132596689 0.85
vt 0.12154696132596689 0.8625
vt 0.12154696132596689 0.875
vt 0.12154696132596689 0.8875
vt 0.12154696132596689 0.9
vt 0.12154696132596689 0.9125
vt 0.12154696132596689 0.925
vt 0.12154696132596689 0.9375
vt 0.12154696132596689 0.95
vt 0.12154696132596689 0.9625
vt 0.12154696132596689 0.975
vt 0.12154696132596689 0.9875
vt 0.12154696132596689 1
vt 0.13259668508287298 0
vt 0.13259668508287298 0.0125
vt 0.13259668508287298 0.025
vt 0.13259668508287298 0.0375
vt 0.13259668508287298 0.05
vt 0.13259668508287298 0.0625
vt 0.13259668508287298 0.075
vt 0.13259668508287298 0.0875
vt 0.13259668508287298 0.1
vt 0.13259668508287298 0.1125
vt 0.13259668508287298 0.125
vt 0.13259668508287298 0.1375
vt 0.13259668508287298 0.15
vt 0.13259668508287298 0.1625
vt 0.13259668508287298 0.175
vt 0.13259668508287298 0.1875
vt 0.13259668508287298 0.2
vt 0.13259668508287298 0.2125
vt 0.13259668508287298 0.225
vt 0.13259668508287298 0.2375
vt 0.13259668508287298 0.25
vt 0.13259668508287298 0.2625
vt 0.13259668508287298 0.275
vt 0.13259668508287298 0.2875
vt 0.13259668508287298 0.3
vt 0.13259668508287298 0.3125
vt 0.13259668508287298 0.325
vt 0.13259668508287298 0.3375
vt 0.13259668508287298 0.35
vt 0.13259668508287298 0.3625
vt 0.13259668508287298 0.375
vt 0.13259668508287298 0.3875
vt 0.13259668508287298 0.4
vt 0.13259668508287298 0.4125
vt 0.13259668508287298 0.425
vt 0.13259668508287298 0.4375
vt 0.13259668508287298 0.45
vt 0.13259668508287298 0.4625
vt 0.13259668508287298 0.475
vt 0.13259668508287298 0.4875
vt 0.13259668508287298 0.5
vt 0.13259668508287298 0.5125
vt 0.13259668508287298 0.525
vt 0.13259668508287298 0.5375
vt 0.13259668508287298 0.55
vt 0.13259668508287298 0.5625
vt 0.13259668508287298 0.575
vt 0.13259668508287298 0.5875
vt 0.13259668508287298 0.6
vt 0.13259668508287298 0.6125
vt 0.13259668508287298 0.625
vt 0.13259668508287298 0.6375
vt 0.13259668508287298 0.65
vt 0.13259668508287298 0.6625
vt 0.13259668508287298 0.675
vt 0.13259668508287298 0.6875
vt 0.13259668508287298 0.7
vt 0.13259668508287298 0.7125
vt 0.13259668508287298 0.725
vt 0.13259668508287298 0.7375
vt 0.13259668508287298 0.75
vt 0.13259668508287298 0.7625
vt 0.13259668508287298 0.775
vt 0.13259668508287298 0.7875
vt 0.13259668508287298 0.8
vt 0.13259668508287298 0.8125
vt 0.13259668508287298 0.825
vt 0.13259668508287298 0.8375
vt 0.13259668508287298 0.85
vt 0.13259668508287298 0.8625
vt 0.13259668508287298 0.875
vt 0.13259668508287298 0.8875
vt 0.13259668508287298 0.9
vt 0.13259668508287298 0.9125
vt 0.13259668508287298 0.925
vt 0.13259668508287298 0.9375
vt 0.13259668508287298 0.95
vt 0.13259668508287298 0.9625
vt 0.13259668508287298 0.975
vt 0.13259668508287298 0.9875
vt 0.13259668508287298 1
vt 0.14364640883977906 0
vt 0.14364640883977906 0.0125
vt 0.14364640883977906 0.025
vt 0.14364640883977906 0.0375
vt 0.14364640883977906 0.05
vt 0.14364640883977906 0.0625
vt 0.14364640883977906 0.075
vt 0.14364640883977906 0.0875
vt 0.14364640883977906 0.1
vt 0.14364640883977906 0.1125
vt 0.14364640883977906 0.125
vt 0.14364640883977906 0.1375
vt 0.14364640883977906 0.15
vt 0.14364640883977906 0.1625
vt 0.14364640883977906 0.175
vt 0.14364640883977906 0.1875
vt 0.14364640883977906 0.2
vt 0.14364640883977906 0.2125
vt 0.14364640883977906 0.225
vt 0.14364640883977906 0.2375
vt 0.14364640883977906 0.25
vt 0.14364640883977906 0.2625
vt 0.14364640883977906 0.275
vt 0.14364640883977906 0.2875
vt 0.14364640883977906 0.3
vt 0.14364640883977906 0.3125
vt 0.14364640883977906 0.325
vt 0.14364640883977906 0.3375
vt 0.14364640883977906 0.35
vt 0.14364640883977906 0.3625
vt 0.14364640883977906 0.375
vt 0.14364640883977906 0.3875
vt 0.14364640883977906 0.4
vt 0.14364640883977906 0.4125
vt 0.14364640883977906 0.425
vt 0.14364640883977906 0.4375
vt 0.14364640883977906 0.45
vt 0.14364640883977906 0.4625
vt 0.14364640883977906 0.475
vt 0.14364640883977906 0.4875
vt 0.14364640883977906 0.5
vt 0.14364640883977906 0.5125
vt 0.14364640883977906 0.525
vt 0.14364640883977906 0.5375
vt 0.14364640883977906 0.55
vt 0.14364640883977906 0.5625
vt 0.14364640883977906 0.575
vt 0.14364640883977906 0.5875
vt 0.14364640883977906 0.6
vt 0.14364640883977906 0.6125
vt 0.14364640883977906 0.625
vt 0.14364640883977906 0.6375
vt 0.14364640883977906 0.65
vt 0.14364640883977906 0.6625
vt 0.14364640883977906 0.675
vt 0.14364640883977906 0.6875
vt 0.14364640883977906 0.7
vt 0.14364640883977906 0.7125
vt 0.14364640883977906 0.725
vt 0.14364640883977906 0.7375
vt 0.14364640883977906 0.75
vt 0.14364640883977906 0.7625
vt 0.14364640883977906 0.775
vt 0.14364640883977906 0.7875
vt 0.14364640883977906 0.8
vt 0.14364640883977906 0.8125
vt 0.14364640883977906 0.825
vt 0.14364640883977906 0.8375
vt 0.14364640883977906 0.85
vt 0.14364640883977906 0.8625
vt 0.14364640883977906 0.875
vt 0.14364640883977906 0.8875
vt 0.14364640883977906 0.9
vt 0.14364640883977906 0.9125
vt 0.14364640883977906 0.925
vt 0.14364640883977906 0.9375
vt 0.14364640883977906 0.95
vt 0.14364640883977906 0.9625
vt 0.14364640883977906 0.975
vt 0.14364640883977906 0.9875
vt 0.14364640883977906 1
vt 0.15469613259668508 0
vt 0.15469613259668508 0.0125
vt 0.15469613259668508 0.025
vt 0.15469613259668508 0.0375
vt 0.15469613259668508 0.05
vt 0.15469613259668508 0.0625
vt 0.15469613259668508 0.075
vt 0.15469613259668508 0.0875
vt 0.15469613259668508 0.1
vt 0.15469613259668508 0.1125
vt 0.15469613259668508 0.125
vt 0.15469613259668508 0.1375
vt 0.15469613259668508 0.15
vt 0.15469613259668508 0.1625
vt 0.15469613259668508 0.175
vt 0.15469613259668508 0.1875
vt 0.15469613259668508 0.2
vt 0.15469613259668508 0.2125
vt 0.15469613259668508 0.225
vt 0.15469613259668508 0.2375
vt 0.15469613259668508 0.25
vt 0.15469613259668508 0.2625
vt 0.15469613259668508 0.275
vt 0.15469613259668508 0.2875
vt 0.15469613259668508 0.3
vt 0.15469613259668508 0.3125
vt 0.15469613259668508 0.325
vt 0.15469613259668508 0.3375
vt 0.15469613259668508 0.35
vt 0.15469613259668508 0.3625
vt 0.15469613259668508 0.375
vt 0.15469613259668508 0.3875
vt 0.15469613259668508 0.4
vt 0.15469613259668508 0.4125
vt 0.15469613259668508 0.425
vt 0.15469613259668508 0.4375
vt 0.15469613259668508 0.45
vt 0.15469613259668508 0.4625
vt 0.15469613259668508 0.475
vt 0.15469613259668508 0.4875
vt 0.15469613259668508 0.5
vt 0.15469613259668508 0.5125
vt 0.15469613259668508 0.525
vt 0.15469613259668508 0.5375
vt 0.15469613259668508 0.55
vt 0.15469613259668508 0.5625
vt 0.15469613259668508 0.575
vt 0.15469613259668508 0.5875
vt 0.15469613259668508 0.6
vt 0.15469613259668508 0.6125
vt 0.15469613259668508 0.625
vt 0.15469613259668508 0.6375
vt 0.15469613259668508 0.65
vt 0.15469613259668508 0.6625
vt 0.15469613259668508 0.675
vt 0.15469613259668508 0.6875
vt 0.15469613259668508 0.7
vt 0.15469613259668508 0.7125
vt 0.15469613259668508 0.725
vt 0.15469613259668508 0.7375
vt 0.15469613259668508 0.75
vt 0.15469613259668508 0.7625
vt 0.15469613259668508 0.775
vt 0.15469613259668508 0.7875
vt 0.15469613259668508 0.8
vt 0.15469613259668508 0.8125
vt 0.15469613259668508 0.825
vt 0.15469613259668508 0.8375
vt 0.15469613259668508 0.85
vt 0.15469613259668508 0.8625
vt 0.15469613259668508 0.875
vt 0.15469613259668508 0.8875
vt 0.15469613259668508 0.9
vt 0.15469613259668508 0.9125
vt 0.15469613259668508 0.925
vt 0.15469613259668508 0.9375
vt 0.15469613259668508 0.95
vt 0.15469613259668508 0.9625
vt 0.15469613259668508 0.975
vt 0.15469613259668508 0.9875
vt 0.15469613259668508 1
vt 0.16574585635359115 0
vt 0.16574585635359115 0.0125
vt 0.16574585635359115 0.025
vt 0.16574585635359115 0.0375
vt 0.16574585635359115 0.05
vt 0.16574585635359115 0.0625
vt 0.16574585635359115 0.075
vt 0.16574585635359115 0.0875
vt 0.16574585635359115 0.1
vt 0.16574585635359115 0.1125
vt 0.16574585635359115 0.125
vt 0.16574585635359115 0.1375
vt 0.16574585635359115 0.15
vt 0.16574585635359115 0.1625
vt 0.16574585635359115 0.175
vt 0.16574585635359115 0.1875
vt 0.16574585635359115 0.2
vt 0.16574585635359115 0.2125
vt 0.16574585635359115 0.225
vt 0.16574585635359115 0.2375
vt 0.16574585635359115 0.25
vt 0.16574585635359115 0.2625
vt 0.16574585635359115 0.275
vt 0.16574585635359115 0.2875
vt 0.16574585635359115 0.3
vt 0.16574585635359115 0.3125
vt 0.16574585635359115 0.325
vt 0.16574585635359115 0.3375
vt 0.16574585635359115 0.35
vt 0.16574585635359115 0.3625
vt 0.16574585635359115 0.375
vt 0.16574585635359115 0.3875
vt 0.16574585635359115 0.4
vt 0.16574585635359115 0.4125
vt 0.16574585635359115 0.425
vt 0.16574585635359115 0.4375
vt 0.16574585635359115 0.45
vt 0.16574585635359115 0.4625
vt 0.16574585635359115 0.475
vt 0.16574585635359115 0.4875
vt 0.16574585635359115 0.5
vt 0.16574585635359115 0.5125
vt 0.16574585635359115 0.525
vt 0.16574585635359115 0.5375
vt 0.16574585635359115 0.55
vt 0.16574585635359115 0.5625
vt 0.16574585635359115 0.575
vt 0.16574585635359115 0.5875
vt 0.16574585635359115 0.6
vt 0.16574585635359115 0.6125
vt 0.16574585635359115 0.625
vt 0.16574585635359115 0.6375
vt 0.16574585635359115 0.65
vt 0.16574585635359115 0.6625
vt 0.16574585635359115 0.675
vt 0.16574585635359115 0.6875
vt 0.16574585635359115 0.7
vt 0.16574585635359115 0.7125
vt 0.16574585635359115 0.725
vt 0.16574585635359115 0.7375
vt 0.16574585635359115 0.75
vt 0.16574585635359115 0.7625
vt 0.16574585635359115 0.775
vt 0.16574585635359115 0.7875
vt 0.16574585635359115 0.8
vt 0.16574585635359115 0.8125
vt 0.16574585635359115 0.825
vt 0.16574585635359115 0.8375
vt 0.16574585635359115 0.85
vt 0.16574585635359115 0.8625
vt 0.16574585635359115 0.875
vt 0.16574585635359115 0.8875
vt 0.16574585635359115 0.9
vt 0.16574585635359115 0.9125
vt 0.16574585635359115 0.925
vt 0.16574585635359115 0.9375
vt 0.16574585635359115 0.95
vt 0.16574585635359115 0.9625
vt 0.16574585635359115 0.975
vt 0.16574585635359115 0.9875
vt 0.16574585635359115 1
vt 0.17348066298342543 0
vt 0.17348066298342543 0.0125
vt 0.17348066298342543 0.025
vt 0.17348066298342543 0.0375
vt 0.17348066298342543 0.05
vt 0.17348066298342543 0.0625
vt 0.17348066298342543 0.075
vt 0.17348066298342543 0.0875
vt 0.17348066298342543 0.1
vt 0.17348066298342543 0.1125
vt 0.17348066298342543 0.125
vt 0.17348066298342543 0.1375
vt 0.17348066298342543 0.15
vt 0.17348066298342543 0.1625
vt 0.17348066298342543 0.175
vt 0.17348066298342543 0.1875
vt 0.17348066298342543 0.2
vt 0.17348066298342543 0.2125
vt 0.17348066298342543 0.225
vt 0.17348066298342543 0.2375
vt 0.17348066298342543 0.25
vt 0.17348066298342543 0.2625
vt 0.17348066298342543 0.275
vt 0.17348066298342543 0.2875
vt 0.17348066298342543 0.3
vt 0.17348066298342543 0.3125
vt 0.17348066298342543 0.325
vt 0.17348066298342543 0.3375
vt 0.17348066298342543 0.35
vt 0.17348066298342543 0.3625
vt 0.17348066298342543 0.375
vt 0.17348066298342543 0.3875
vt 0.17348066298342543 0.4
vt 0.17348066298342543 0.4125
vt 0.17348066298342543 0.425
vt 0.17348066298342543 0.4375
vt 0.17348066298342543 0.45
vt 0.17348066298342543 0.4625
vt 0.17348066298342543 0.475
vt 0.17348066298342543 0.4875
vt 0.17348066298342543 0.5
vt 0.17348066298342543 0.5125
vt 0.17348066298342543 0.525
vt 0.17348066298342543 0.5375
vt 0.17348066298342543 0.55
vt 0.17348066298342543 0.5625
vt 0.17348066298342543 0.575
vt 0.17348066298342543 0.5875
vt 0.17348066298342543 0.6
vt 0.17348066298342543 0.6125
vt 0.17348066298342543 0.625
vt 0.17348066298342543 0.6375
vt 0.17348066298342543 0.65
vt 0.17348066298342543 0.6625
vt 0.17348066298342543 0.675
vt 0.17348066298342543 0.6875
vt 0.17348066298342543 0.7
vt 0.17348066298342543 0.7125
vt 0.17348066298342543 0.725
vt 0.17348066298342543 0.7375
vt 0.17348066298342543 0.75
vt 0.17348066298342543 0.7625
vt 0.17348066298342543 0.775
vt 0.17348066298342543 0.7875
vt 0.17348066298342543 0.8
vt 0.17348066298342543 0.8125
vt 0.17348066298342543 0.825
vt 0.17348066298342543 0.8375
vt 0.17348066298342543 0.85
vt 0.17348066298342543 0.8625
vt 0.17348066298342543 0.875
vt 0.17348066298342543 0.8875
vt 0.17348066298342543 0.9
vt 0.17348066298342543 0.9125
vt 0.17348066298342543 0.925
vt 0.17348066298342543 0.9375
vt 0.17348066298342543 0.95
vt 0.17348066298342543 0.9625
vt 0.17348066298342543 0.975
vt 0.17348066298342543 0.9875
vt 0.17348066298342543 1
vt 0.18453038674033154 0
vt 0.18453038674033154 0.0125
vt 0.18453038674033154 0.025
vt 0.18453038674033154 0.0375
vt 0.18453038674033154 0.05
vt 0.18453038674033154 0.0625
vt 0.18453038674033154 0.075
vt 0.18453038674033154 0.0875
vt 0.18453038674033154 0.1
vt 0.18453038674033154 0.1125
vt 0.18453038674033154 0.125
vt 0.18453038674033154 0.1375
vt 0.18453038674033154 0.15
vt 0.18453038674033154 0.1625
vt 0.18453038674033154 0.175
vt 0.18453038674033154 0.1875
vt 0.18453038674033154 0.2
vt 0.18453038674033154 0.2125
vt 0.18453038674033154 0.225
vt 0.18453038674033154 0.2375
vt 0.18453038674033154 0.25
vt 0.18453038674033154 0.2625
vt 0.18453038674033154 0.275
vt 0.18453038674033154 0.2875
vt 0.18453038674033154 0.3
vt 0.18453038674033154 0.3125
vt 0.18453038674033154 0.325
vt 0.18453038674033154 0.3375
vt 0.18453038674033154 0.35
vt 0.18453038674033154 0.3625
vt 0.18453038674033154 0.375
vt 0.18453038674033154 0.3875
vt 0.18453038674033154 0.4
vt 0.18453038674033154 0.4125
vt 0.18453038674033154 0.425
vt 0.18453038674033154 0.4375
vt 0.18453038674033154 0.45
vt 0.18453038674033154 0.4625
vt 0.18453038674033154 0.475
vt 0.18453038674033154 0.4875
vt 0.18453038674033154 0.5
vt 0.18453038674033154 0.5125
vt 0.18453038674033154 0.525
vt 0.18453038674033154 0.5375
vt 0.18453038674033154 0.55
vt 0.18453038674033154 0.5625
vt 0.18453038674033154 0.575
vt 0.18453038674033154 0.5875
vt 0.18453038674033154 0.6
vt 0.18453038674033154 0.6125
vt 0.18453038674033154 0.625
vt 0.18453038674033154 0.6375
vt 0.18453038674033154 0.65
vt 0.18453038674033154 0.6625
vt 0.18453038674033154 0.675
vt 0.18453038674033154 0.6875
vt 0.18453038674033154 0.7
vt 0.18453038674033154 0.7125
vt 0.18453038674033154 0.725
vt 0.18453038674033154 0.7375
vt 0.18453038674033154 0.75
vt 0.18453038674033154 0.7625
vt 0.18453038674033154 0.775
vt 0.18453038674033154 0.7875
vt 0.18453038674033154 0.8
vt 0.18453038674033154 0.8125
vt 0.18453038674033154 0.825
vt 0.18453038674033154 0.8375
vt 0.18453038674033154 0.85
vt 0.18453038674033154 0.8625
vt 0.18453038674033154 0.875
vt 0.18453038674033154 0.8875
vt 0.18453038674033154 0.9
vt 0.18453038674033154 0.9125
vt 0.18453038674033154 0.925
vt 0.18453038674033154 0.9375
vt 0.18453038674033154 0.95
vt 0.18453038674033154 0.9625
vt 0.18453038674033154 0.975
vt 0.18453038674033154 0.9875
vt 0.18453038674033154 1
vt 0.19558011049723759 0
vt 0.19558011049723759 0.0125
vt 0.19558011049723759 0.025
vt 0.19558011049723759 0.0375
vt 0.19558011049723759 0.05
vt 0.19558011049723759 0.0625
vt 0.19558011049723759 0.075
vt 0.19558011049723759 0.0875
vt 0.19558011049723759 0.1
vt 0.19558011049723759 0.1125
vt 0.19558011049723759 0.125
vt 0.19558011049723759 0.1375
vt 0.19558011049723759 0.15
vt 0.19558011049723759 0.1625
vt 0.19558011049723759 0.175
vt 0.19558011049723759 0.1875
vt 0.19558011049723759 0.2
vt 0.19558011049723759 0.2125
vt 0.19558011049723759 0.225
vt 0.19558011049723759 0.2375
vt 0.19558011049723759 0.25
vt 0.19558011049723759 0.2625
vt 0.19558011049723759 0.275
vt 0.19558011049723759 0.2875
vt 0.19558011049723759 0.3
vt 0.19558011049723759 0.3125
vt 0.19558011049723759 0.325
vt 0.19558011049723759 0.3375
vt 0.19558011049723759 0.35
vt 0.19558011049723759 0.3625
vt 0.19558011049723759 0.375
vt 0.19558011049723759 0.3875
vt 0.19558011049723759 0.4
vt 0.19558011049723759 0.4125
vt 0.19558011049723759 0.425
vt 0.19558011049723759 0.4375
vt 0.19558011049723759 0.45
vt 0.19558011049723759 0.4625
vt 0.19558011049723759 0.475
vt 0.19558011049723759 0.4875
vt 0.19558011049723759 0.5
vt 0.19558011049723759 0.5125
vt 0.19558011049723759 0.525
vt 0.19558011049723759 0.5375
vt 0.19558011049723759 0.55
vt 0.19558011049723759 0.5625
vt 0.19558011049723759 0.575
vt 0.19558011049723759 0.5875
vt 0.19558011049723759 0.6
vt 0.19558011049723759 0.6125
vt 0.19558011049723759 0.625
vt 0.19558011049723759 0.6375
vt 0.19558011049723759 0.65
vt 0.19558011049723759 0.6625
vt 0.19558011049723759 0.675
vt 0.19558011049723759 0.6875
vt 0.19558011049723759 0.7
vt 0.19558011049723759 0.7125
vt 0.19558011049723759 0.725
vt 0.19558011049723759 0.7375
vt 0.19558011049723759 0.75
vt 0.19558011049723759 0.7625
vt 0.19558011049723759 0.775
vt 0.19558011049723759 0.7875
vt 0.19558011049723759 0.8
vt 0.19558011049723759 0.8125
vt 0.19558011049723759 0.825
vt 0.19558011049723759 0.8375
vt 0.19558011049723759 0.85
vt 0.19558011049723759 0.8625
vt 0.19558011049723759 0.875
vt 0.19558011049723759 0.8875
vt 0.19558011049723759 0.9
vt 0.19558011049723759 0.9125
vt 0.19558011049723759 0.925
vt 0.19558011049723759 0.9375
vt 0.19558011049723759 0.95
vt 0.19558011049723759 0.9625
vt 0.19558011049723759 0.975
vt 0.19558011049723759 0.9875
vt 0.19558011049723759 1
vt 0.20662983425414366 0
vt 0.20662983425414366 0.0125
vt 0.20662983425414366 0.025
vt 0.20662983425414366 0.0375
vt 0.20662983425414366 0.05
vt 0.20662983425414366 0.0625
vt 0.20662983425414366 0.075
vt 0.20662983425414366 0.0875
vt 0.20662983425414366 0.1
vt 0.20662983425414366 0.1125
vt 0.20662983425414366 0.125
vt 0.20662983425414366 0.1375
vt 0.20662983425414366 0.15
vt 0.20662983425414366 0.1625
vt 0.20662983425414366 0.175
vt 0.20662983425414366 0.1875
vt 0.20662983425414366 0.2
vt 0.20662983425414366 0.2125
vt 0.20662983425414366 0.225
vt 0.20662983425414366 0.2375
vt 0.20662983425414366 0.25
vt 0.20662983425414366 0.2625
vt 0.20662983425414366 0.275
vt 0.20662983425414366 0.2875
vt 0.20662983425414366 0.3
vt 0.20662983425414366 0.3125
vt 0.20662983425414366 0.325
vt 0.20662983425414366 0.3375
vt 0.20662983425414366 0.35
vt 0.20662983425414366 0.3625
vt 0.20662983425414366 0.375
vt 0.20662983425414366 0.3875
vt 0.20662983425414366 0.4
vt 0.20662983425414366 0.4125
vt 0.20662983425414366 0.425
vt 0.20662983425414366 0.4375
vt 0.20662983425414366 0.45
vt 0.20662983425414366 0.4625
vt 0.20662983425414366 0.475
vt 0.20662983425414366 0.4875
vt 0.20662983425414366 0.5
vt 0.20662983425414366 0.5125
vt 0.20662983425414366 0.525
vt 0.20662983425414366 0.5375
vt 0.20662983425414366 0.55
vt 0.20662983425414366 0.5625
vt 0.20662983425414366 0.575
vt 0.20662983425414366 0.5875
vt 0.20662983425414366 0.6
vt 0.20662983425414366 0.6125
vt 0.20662983425414366 0.625
vt 0.20662983425414366 0.6375
vt 0.20662983425414366 0.65
vt 0.20662983425414366 0.6625
vt 0.20662983425414366 0.675
vt 0.20662983425414366 0.6875
vt 0.20662983425414366 0.7
vt 0.20662983425414366 0.7125
vt 0.20662983425414366 0.725
vt 0.20662983425414366 0.7375
vt 0.20662983425414366 0.75
vt 0.20662983425414366 0.7625
vt 0.20662983425414366 0.775
vt 0.20662983425414366 0.7875
vt 0.20662983425414366 0.8
vt 0.20662983425414366 0.8125
vt 0.20662983425414366 0.825
vt 0.20662983425414366 0.8375
vt 0.20662983425414366 0.85
vt 0.20662983425414366 0.8625
vt 0.20662983425414366 0.875
vt 0.20662983425414366 0.8875
vt 0.20662983425414366 0.9
vt 0.20662983425414366 0.9125
vt 0.20662983425414366 0.925
vt 0.20662983425414366 0.9375
vt 0.20662983425414366 0.95
vt 0.20662983425414366 0.9625
vt 0.20662983425414366 0.975
vt 0.20662983425414366 0.9875
vt 0.20662983425414366 1
vt 0.21767955801104977 0
vt 0.21767955801104977 0.0125
vt 0.21767955801104977 0.025
vt 0.21767955801104977 0.0375
vt 0.21767955801104977 0.05
vt 0.21767955801104977 0.0625
vt 0.21767955801104977 0.075
vt 0.21767955801104977 0.0875
vt 0.21767955801104977 0.1
vt 0.21767955801104977 0.1125
vt 0.21767955801104977 0.125
vt 0.21767955801104977 0.1375
vt 0.21767955801104977 0.15
vt 0.21767955801104977 0.1625
vt 0.21767955801104977 0.175
vt 0.21767955801104977 0.1875
vt 0.21767955801104977 0.2
vt 0.21767955801104977 0.2125
vt 0.21767955801104977 0.225
vt 0.21767955801104977 0.2375
vt 0.21767955801104977 0.25
vt 0.21767955801104977 0.2625
vt 0.21767955801104977 0.275
vt 0.21767955801104977 0.2875
vt 0.21767955801104977 0.3
vt 0.21767955801104977 0.3125
vt 0.21767955801104977 0.325
vt 0.21767955801104977 0.3375
vt 0.21767955801104977 0.35
vt 0.21767955801104977 0.3625
vt 0.21767955801104977 0.375
vt 0.21767955801104977 0.3875
vt 0.21767955801104977 0.4
vt 0.21767955801104977 0.4125
vt 0.21767955801104977 0.425
vt 0.21767955801104977 0.4375
vt 0.21767955801104977 0.45
vt 0.21767955801104977 0.4625
vt 0.21767955801104977 0.475
vt 0.21767955801104977 0.4875
vt 0.21767955801104977 0.5
vt 0.21767955801104977 0.5125
vt 0.21767955801104977 0.525
vt 0.21767955801104977 0.5375
vt 0.21767955801104977 0.55
vt 0.21767955801104977 0.5625
vt 0.21767955801104977 0.575
vt 0.21767955801104977 0.5875
vt 0.21767955801104977 0.6
vt 0.21767955801104977 0.6125
vt 0.21767955801104977 0.625
vt 0.21767955801104977 0.6375
vt 0.21767955801104977 0.65
vt 0.21767955801104977 0.6625
vt 0.21767955801104977 0.675
vt 0.21767955801104977 0.6875
vt 0.21767955801104977 0.7
vt 0.21767955801104977 0.7125
vt 0.21767955801104977 0.725
vt 0.21767955801104977 0.7375
vt 0.21767955801104977 0.75
vt 0.21767955801104977 0.7625
vt 0.21767955801104977 0.775
vt 0.21767955801104977 0.7875
vt 0.21767955801104977 0.8
vt 0.21767955801104977 0.8125
vt 0.21767955801104977 0.825
vt 0.21767955801104977 0.8375
vt 0.21767955801104977 0.85
vt 0.21767955801104977 0.8625
vt 0.21767955801104977 0.875
vt 0.21767955801104977 0.8875
vt 0.21767955801104977 0.9
vt 0.21767955801104977 0.9125
vt 0.21767955801104977 0.925
vt 0.21767955801104977 0.9375
vt 0.21767955801104977 0.95
vt 0.21767955801104977 0.9625
vt 0.21767955801104977 0.975
vt 0.21767955801104977 0.9875
vt 0.21767955801104977 1
vt 0.22872928176795584 0
vt 0.22872928176795584 0.0125
vt 0.22872928176795584 0.025
vt 0.22872928176795584 0.0375
vt 0.22872928176795584 0.05
vt 0.22872928176795584 0.0625
vt 0.22872928176795584 0.075
vt 0.22872928176795584 0.0875
vt 0.22872928176795584 0.1
vt 0.22872928176795584 0.1125
vt 0.22872928176795584 0.125
vt 0.22872928176795584 0.1375
vt 0.22872928176795584 0.15
vt 0.22872928176795584 0.1625
vt 0.22872928176795584 0.175
vt 0.22872928176795584 0.1875
vt 0.22872928176795584 0.2
vt 0.22872928176795584 0.2125
vt 0.22872928176795584 0.225
vt 0.22872928176795584 0.2375
vt 0.22872928176795584 0.25
vt 0.22872928176795584 0.2625
vt 0.22872928176795584 0.275
vt 0.22872928176795584 0.2875
vt 0.22872928176795584 0.3
vt 0.22872928176795584 0.3125
vt 0.22872928176795584 0.325
vt 0.22872928176795584 0.3375
vt 0.22872928176795584 0.35
vt 0.22872928176795584 0.3625
vt 0.22872928176795584 0.375
vt 0.22872928176795584 0.3875
vt 0.22872928176795584 0.4
vt 0.22872928176795584 0.4125
vt 0.22872928176795584 0.425
vt 0.22872928176795584 0.4375
vt 0.22872928176795584 0.45
vt 0.22872928176795584 0.4625
vt 0.22872928176795584 0.475
vt 0.22872928176795584 0.4875
vt 0.22872928176795584 0.5
vt 0.22872928176795584 0.5125
vt 0.22872928176795584 0.525
vt 0.22872928176795584 0.5375
vt 0.22872928176795584 0.55
vt 0.22872928176795584 0.5625
vt 0.22872928176795584 0.575
vt 0.22872928176795584 0.5875
vt 0.22872928176795584 0.6
vt 0.22872928176795584 0.6125
vt 0.22872928176795584 0.625
vt 0.22872928176795584 0.6375
vt 0.22872928176795584 0.65
vt 0.22872928176795584 0.6625
vt 0.22872928176795584 0.675
vt 0.22872928176795584 0.6875
vt 0.22872928176795584 0.7
vt 0.22872928176795584 0.7125
vt 0.22872928176795584 0.725
vt 0.22872928176795584 0.7375
vt 0.22872928176795584 0.75
vt 0.22872928176795584 0.7625
vt 0.22872928176795584 0.775
vt 0.22872928176795584 0.7875
vt 0.22872928176795584 0.8
vt 0.22872928176795584 0.8125
vt 0.22872928176795584 0.825
vt 0.22872928176795584 0.8375
vt 0.22872928176795584 0.85
vt 0.22872928176795584 0.8625
vt 0.22872928176795584 0.875
vt 0.22872928176795584 0.8875
vt 0.22872928176795584 0.9
vt 0.22872928176795584 0.9125
vt 0.22872928176795584 0.925
vt 0.22872928176795584 0.9375
vt 0.22872928176795584 0.95
vt 0.22872928176795584 0.9625
vt 0.22872928176795584 0.975
vt 0.22872928176795584 0.9875
vt 0.22872928176795584 1
vt 0.2364640883977901 0
vt 0.2364640883977901 0.0125
vt 0.2364640883977901 0.025
vt 0.2364640883977901 0.0375
vt 0.2364640883977901 0.05
vt 0.2364640883977901 0.0625
vt 0.2364640883977901 0.075
vt 0.2364640883977901 0.0875
vt 0.2364640883977901 0.1
vt 0.2364640883977901 0.1125
vt 0.2364640883977901 0.125
vt 0.2364640883977901 0.1375
vt 0.2364640883977901 0.15
vt 0.2364640883977901 0.1625
vt 0.2364640883977901 0.175
vt 0.2364640883977901 0.1875
vt 0.2364640883977901 0.2
vt 0.2364640883977901 0.2125
vt 0.2364640883977901 0.225
vt 0.2364640883977901 0.2375
vt 0.2364640883977901 0.25
vt 0.2364640883977901 0.2625
vt 0.2364640883977901 0.275
vt 0.2364640883977901 0.2875
vt 0.2364640883977901 0.3
vt 0.2364640883977901 0.3125
vt 0.2364640883977901 0.325
vt 0.2364640883977901 0.3375
vt 0.2364640883977901 0.35
vt 0.2364640883977901 0.3625
vt 0.2364640883977901 0.375
vt 0.2364640883977901 0.3875
vt 0.2364640883977901 0.4
vt 0.2364640883977901 0.4125
vt 0.2364640883977901 0.425
vt 0.2364640883977901 0.4375
vt 0.2364640883977901 0.45
vt 0.2364640883977901 0.4625
vt 0.2364640883977901 0.475
vt 0.2364640883977901 0.4875
vt 0.2364640883977901 0.5
vt 0.2364640883977901 0.5125
vt 0.2364640883977901 0.525
vt 0.2364640883977901 0.5375
vt 0.2364640883977901 0.55
vt 0.2364640883977901 0.5625
vt 0.2364640883977901 0.575
vt 0.2364640883977901 0.5875
vt 0.2364640883977901 0.6
vt 0.2364640883977901 0.6125
vt 0.2364640883977901 0.625
vt 0.2364640883977901 0.6375
vt 0.2364640883977901 0.65
vt 0.2364640883977901 0.6625
vt 0.2364640883977901 0.675
vt 0.2364640883977901 0.6875
vt 0.2364640883977901 0.7
vt 0.2364640883977901 0.7125
vt 0.2364640883977901 0.725
vt 0.2364640883977901 0.7375
vt 0.2364640883977901 0.75
vt 0.2364640883977901 0.7625
vt 0.2364640883977901 0.775
vt 0.2364640883977901 0.7875
vt 0.2364640883977901 0.8
vt 0.2364640883977901 0.8125
vt 0.2364640883977901 0.825
vt 0.2364640883977901 0.8375
vt 0.2364640883977901 0.85
vt 0.2364640883977901 0.8625
vt 0.2364640883977901 0.875
vt 0.2364640883977901 0.8875
vt 0.2364640883977901 0.9
vt 0.2364640883977901 0.9125
vt 0.2364640883977901 0.925
vt 0.2364640883977901 0.9375
vt 0.2364640883977901 0.95
vt 0.2364640883977901 0.9625
vt 0.2364640883977901 0.975
vt 0.2364640883977901 0.9875
vt 0.2364640883977901 1
vt 0.24751381215469617 0
vt 0.24751381215469617 0.0125
vt 0.24751381215469617 0.025
vt 0.24751381215469617 0.0375
vt 0.24751381215469617 0.05
vt 0.24751381215469617 0.0625
vt 0.24751381215469617 0.075
vt 0.24751381215469617 0.0875
vt 0.24751381215469617 0.1
vt 0.24751381215469617 0.1125
vt 0.24751381215469617 0.125
vt 0.24751381215469617 0.1375
vt 0.24751381215469617 0.15
vt 0.24751381215469617 0.1625
vt 0.24751381215469617 0.175
vt 0.24751381215469617 0.1875
vt 0.24751381215469617 0.2
vt 0.24751381215469617 0.2125
vt 0.24751381215469617 0.225
vt 0.24751381215469617 0.2375
vt 0.24751381215469617 0.25
vt 0.24751381215469617 0.2625
vt 0.24751381215469617 0.275
vt 0.24751381215469617 0.2875
vt 0.24751381215469617 0.3
vt 0.24751381215469617 0.3125
vt 0.24751381215469617 0.325
vt 0.24751381215469617 0.3375
vt 0.24751381215469617 0.35
vt 0.24751381215469617 0.3625
vt 0.24751381215469617 0.375
vt 0.24751381215469617 0.3875
vt 0.24751381215469617 0.4
vt 0.24751381215469617 0.4125
vt 0.24751381215469617 0.425
vt 0.24751381215469617 0.4375
vt 0.24751381215469617 0.45
vt 0.24751381215469617 0.4625
vt 0.24751381215469617 0.475
vt 0.24751381215469617 0.4875
vt 0.24751381215469617 0.5
vt 0.24751381215469617 0.5125
vt 0.24751381215469617 0.525
vt 0.24751381215469617 0.5375
vt 0.24751381215469617 0.55
vt 0.24751381215469617 0.5625
vt 0.24751381215469617 0.575
vt 0.24751381215469617 0.5875
vt 0.24751381215469617 0.6
vt 0.24751381215469617 0.6125
vt 0.24751381215469617 0.625
vt 0.24751381215469617 0.6375
vt 0.24751381215469617 0.65
vt 0.24751381215469617 0.6625
vt 0.24751381215469617 0.675
vt 0.24751381215469617 0.6875
vt 0.24751381215469617 0.7
vt 0.24751381215469617 0.7125
vt 0.24751381215469617 0.725
vt 0.24751381215469617 0.7375
vt 0.24751381215469617 0.75
vt 0.24751381215469617 0.7625
vt 0.24751381215469617 0.775
vt 0.24751381215469617 0.7875
vt 0.24751381215469617 0.8
vt 0.24751381215469617 0.8125
vt 0.24751381215469617 0.825
vt 0.24751381215469617 0.8375
vt 0.24751381215469617 0.85
vt 0.24751381215469617 0.8625
vt 0.24751381215469617 0.875
vt 0.24751381215469617 0.8875
vt 0.24751381215469617 0.9
vt 0.24751381215469617 0.9125
vt 0.24751381215469617 0.925
vt 0.24751381215469617 0.9375
vt 0.24751381215469617 0.95
vt 0.24751381215469617 0.9625
vt 0.24751381215469617 0.975
vt 0.24751381215469617 0.9875
vt 0.24751381215469617 1
vt 0.25856353591160225 0
vt 0.25856353591160225 0.0125
vt 0.25856353591160225 0.025
vt 0.25856353591160225 0.0375
vt 0.25856353591160225 0.05
vt 0.25856353591160225 0.0625
vt 0.25856353591160225 0.075
vt 0.25856353591160225 0.0875
vt 0.25856353591160225 0.1
vt 0.25856353591160225 0.1125
vt 0.25856353591160225 0.125
vt 0.25856353591160225 0.1375
vt 0.25856353591160225 0.15
vt 0.25856353591160225 0.1625
vt 0.25856353591160225 0.175
vt 0.25856353591160225 0.1875
vt 0.25856353591160225 0.2
vt 0.25856353591160225 0.2125
vt 0.25856353591160225 0.225
vt 0.25856353591160225 0.2375
vt 0.25856353591160225 0.25
vt 0.25856353591160225 0.2625
vt 0.25856353591160225 0.275
vt 0.25856353591160225 0.2875
vt 0.25856353591160225 0.3
vt 0.25856353591160225 0.3125
vt 0.25856353591160225 0.325
vt 0.25856353591160225 0.3375
vt 0.25856353591160225 0.35
vt 0.25856353591160225 0.3625
vt 0.25856353591160225 0.375
vt 0.25856353591160225 0.3875
vt 0.25856353591160225 0.4
vt 0.25856353591160225 0.4125
vt 0.25856353591160225 0.425
vt 0.25856353591160225 0.4375
vt 0.25856353591160225 0.45
vt 0.25856353591160225 0.4625
vt 0.25856353591160225 0.475
vt 0.25856353591160225 0.4875
vt 0.25856353591160225 0.5
vt 0.25856353591160225 0.5125
vt 0.25856353591160225 0.525
vt 0.25856353591160225 0.5375
vt 0.25856353591160225 0.55
vt 0.25856353591160225 0.5625
vt 0.25856353591160225 0.575
vt 0.25856353591160225 0.5875
vt 0.25856353591160225 0.6
vt 0.25856353591160225 0.6125
vt 0.25856353591160225 0.625
vt 0.25856353591160225 0.6375
vt 0.25856353591160225 0.65
vt 0.25856353591160225 0.6625
vt 0.25856353591160225 0.675
vt 0.25856353591160225 0.6875
vt 0.25856353591160225 0.7
vt 0.25856353591160225 0.7125
vt 0.25856353591160225 0.725
vt 0.25856353591160225 0.7375
vt 0.25856353591160225 0.75
vt 0.25856353591160225 0.7625
vt 0.25856353591160225 0.775
vt 0.25856353591160225 0.7875
vt 0.25856353591160225 0.8
vt 0.25856353591160225 0.8125
vt 0.25856353591160225 0.825
vt 0.25856353591160225 0.8375
vt 0.25856353591160225 0.85
vt 0.25856353591160225 0.8625
vt 0.25856353591160225 0.875
vt 0.25856353591160225 0.8875
vt 0.25856353591160225 0.9
vt 0.25856353591160225 0.9125
vt 0.25856353591160225 0.925
vt 0.25856353591160225 0.9375
vt 0.25856353591160225 0.95
vt 0.25856353591160225 0.9625
vt 0.25856353591160225 0.975
vt 0.25856353591160225 0.9875
vt 0.25856353591160225 1
vt 0.2696132596685083 0
vt 0.2696132596685083 0.0125
vt 0.2696132596685083 0.025
vt 0.2696132596685083 0.0375
vt 0.2696132596685083 0.05
vt 0.2696132596685083 0.0625
vt 0.2696132596685083 0.075
vt 0.2696132596685083 0.0875
vt 0.2696132596685083 0.1
vt 0.2696132596685083 0.1125
vt 0.2696132596685083 0.125
vt 0.2696132596685083 0.1375
vt 0.2696132596685083 0.15
vt 0.2696132596685083 0.1625
vt 0.2696132596685083 0.175
vt 0.2696132596685083 0.1875
vt 0.2696132596685083 0.2
vt 0.2696132596685083 0.2125
vt 0.2696132596685083 0.225
vt 0.2696132596685083 0.2375
vt 0.2696132596685083 0.25
vt 0.2696132596685083 0.2625
vt 0.2696132596685083 0.275
vt 0.2696132596685083 0.2875
vt 0.2696132596685083 0.3
vt 0.2696132596685083 0.3125
vt 0.2696132596685083 0.325
vt 0.2696132596685083 0.3375
vt 0.2696132596685083 0.35
vt 0.2696132596685083 0.3625
vt 0.2696132596685083 0.375
vt 0.2696132596685083 0.3875
vt 0.2696132596685083 0.4
vt 0.2696132596685083 0.4125
vt 0.2696132596685083 0.425
vt 0.2696132596685083 0.4375
vt 0.2696132596685083 0.45
vt 0.2696132596685083 0.4625
vt 0.2696132596685083 0.475
vt 0.2696132596685083 0.4875
vt 0.2696132596685083 0.5
vt 0.2696132596685083 0.5125
vt 0.2696132596685083 0.525
vt 0.2696132596685083 0.5375
vt 0.2696132596685083 0.55
vt 0.2696132596685083 0.5625
vt 0.2696132596685083 0.575
vt 0.2696132596685083 0.5875
vt 0.2696132596685083 0.6
vt 0.2696132596685083 0.6125
vt 0.2696132596685083 0.625
vt 0.2696132596685083 0.6375
vt 0.2696132596685083 0.65
vt 0.2696132596685083 0.6625
vt 0.2696132596685083 0.675
vt 0.2696132596685083 0.6875
vt 0.2696132596685083 0.7
vt 0.2696132596685083 0.7125
vt 0.2696132596685083 0.725
vt 0.2696132596685083 0.7375
vt 0.2696132596685083 0.75
vt 0.2696132596685083 0.7625
vt 0.2696132596685083 0.775
vt 0.2696132596685083 0.7875
vt 0.2696132596685083 0.8
vt 0.2696132596685083 0.8125
vt 0.2696132596685083 0.825
vt 0.2696132596685083 0.8375
vt 0.2696132596685083 0.85
vt 0.2696132596685083 0.8625
vt 0.2696132596685083 0.875
vt 0.2696132596685083 0.8875
vt 0.2696132596685083 0.9
vt 0.2696132596685083 0.9125
vt 0.2696132596685083 0.925
vt 0.2696132596685083 0.9375
vt 0.2696132596685083 0.95
vt 0.2696132596685083 0.9625
vt 0.2696132596685083 0.975
vt 0.2696132596685083 0.9875
vt 0.2696132596685083 1
vt 0.2806629834254144 0
vt 0.2806629834254144 0.0125
vt 0.2806629834254144 0.025
vt 0.2806629834254144 0.0375
vt 0.2806629834254144 0.05
vt 0.2806629834254144 0.0625
vt 0.2806629834254144 0.075
vt 0.2806629834254144 0.0875
vt 0.2806629834254144 0.1
vt 0.2806629834254144 0.1125
vt 0.2806629834254144 0.125
vt 0.2806629834254144 0.1375
vt 0.2806629834254144 0.15
vt 0.2806629834254144 0.1625
vt 0.2806629834254144 0.175
vt 0.2806629834254144 0.1875
vt 0.2806629834254144 0.2
vt 0.2806629834254144 0.2125
vt 0.2806629834254144 0.225
vt 0.2806629834254144 0.2375
vt 0.2806629834254144 0.25
vt 0.2806629834254144 0.2625
vt 0.2806629834254144 0.275
vt 0.2806629834254144 0.2875
vt 0.2806629834254144 0.3
vt 0.2806629834254144 0.3125
vt 0.2806629834254144 0.325
vt 0.2806629834254144 0.3375
vt 0.2806629834254144 0.35
vt 0.2806629834254144 0.3625
vt 0.2806629834254144 0.375
vt 0.2806629834254144 0.3875
vt 0.2806629834254144 0.4
vt 0.2806629834254144 0.4125
vt 0.2806629834254144 0.425
vt 0.2806629834254144 0.4375
vt 0.2806629834254144 0.45
vt 0.2806629834254144 0.4625
vt 0.2806629834254144 0.475
vt 0.2806629834254144 0.4875
vt 0.2806629834254144 0.5
vt 0.2806629834254144 0.5125
vt 0.2806629834254144 0.525
vt 0.2806629834254144 0.5375
vt 0.2806629834254144 0.55
vt 0.2806629834254144 0.5625
vt 0.2806629834254144 0.575
vt 0.2806629834254144 0.5875
vt 0.2806629834254144 0.6
vt 0.2806629834254144 0.6125
vt 0.2806629834254144 0.625
vt 0.2806629834254144 0.6375
vt 0.2806629834254144 0.65
vt 0.2806629834254144 0.6625
vt 0.2806629834254144 0.675
vt 0.2806629834254144 0.6875
vt 0.2806629834254144 0.7
vt 0.2806629834254144 0.7125
vt 0.2806629834254144 0.725
vt 0.2806629834254144 0.7375
vt 0.2806629834254144 0.75
vt 0.2806629834254144 0.7625
vt 0.2806629834254144 0.775
vt 0.2806629834254144 0.7875
vt 0.2806629834254144 0.8
vt 0.2806629834254144 0.8125
vt 0.2806629834254144 0.825
vt 0.2806629834254144 0.8375
vt 0.2806629834254144 0.85
vt 0.2806629834254144 0.8625
vt 0.2806629834254144 0.875
vt 0.2806629834254144 0.8875
vt 0.2806629834254144 0.9
vt 0.2806629834254144 0.9125
vt 0.2806629834254144 0.925
vt 0.2806629834254144 0.9375
vt 0.2806629834254144 0.95
vt 0.2806629834254144 0.9625
vt 0.2806629834254144 0.975
vt 0.2806629834254144 0.9875
vt 0.2806629834254144 1
vt 0.2917127071823205 0
vt 0.2917127071823205 0.0125
vt 0.2917127071823205 0.025
vt 0.2917127071823205 0.0375
vt 0.2917127071823205 0.05
vt 0.2917127071823205 0.0625
vt 0.2917127071823205 0.075
vt 0.2917127071823205 0.0875
vt 0.2917127071823205 0.1
vt 0.2917127071823205 0.1125
vt 0.2917127071823205 0.125
vt 0.2917127071823205 0.1375
vt 0.2917127071823205 0.15
vt 0.2917127071823205 0.1625
vt 0.2917127071823205 0.175
vt 0.2917127071823205 0.1875
vt 0.2917127071823205 0.2
vt 0.2917127071823205 0.2125
vt 0.2917127071823205 0.225
vt 0.2917127071823205 0.2375
vt 0.2917127071823205 0.25
vt 0.2917127071823205 0.2625
vt 0.2917127071823205 0.275
vt 0.2917127071823205 0.2875
vt 0.2917127071823205 0.3
vt 0.2917127071823205 0.3125
vt 0.2917127071823205 0.325
vt 0.2917127071823205 0.3375
vt 0.2917127071823205 0.35
vt 0.2917127071823205 0.3625
vt 0.2917127071823205 0.375
vt 0.2917127071823205 0.3875
vt 0.2917127071823205 0.4
vt 0.2917127071823205 0.4125
vt 0.2917127071823205 0.425
vt 0.2917127071823205 0.4375
vt 0.2917127071823205 0.45
vt 0.2917127071823205 0.4625
vt 0.2917127071823205 0.475
vt 0.2917127071823205 0.4875
vt 0.2917127071823205 0.5
vt 0.2917127071823205 0.5125
vt 0.2917127071823205 0.525
vt 0.2917127071823205 0.5375
vt 0.2917127071823205 0.55
vt 0.2917127071823205 0.5625
vt 0.2917127071823205 0.575
vt 0.2917127071823205 0.5875
vt 0.2917127071823205 0.6
vt 0.2917127071823205 0.6125
vt 0.2917127071823205 0.625
vt 0.2917127071823205 0.6375
vt 0.2917127071823205 0.65
vt 0.2917127071823205 0.6625
vt 0.2917127071823205 0.675
vt 0.2917127071823205 0.6875
vt 0.2917127071823205 0.7
vt 0.2917127071823205 0.7125
vt 0.2917127071823205 0.725
vt 0.2917127071823205 0.7375
vt 0.2917127071823205 0.75
vt 0.2917127071823205 0.7625
vt 0.2917127071823205 0.775
vt 0.2917127071823205 0.7875
vt 0.2917127071823205 0.8
vt 0.2917127071823205 0.8125
vt 0.2917127071823205 0.825
vt 0.2917127071823205 0.8375
vt 0.2917127071823205 0.85
vt 0.2917127071823205 0.8625
vt 0.2917127071823205 0.875
vt 0.2917127071823205 0.8875
vt 0.2917127071823205 0.9
vt 0.2917127071823205 0.9125
vt 0.2917127071823205 0.925
vt 0.2917127071823205 0.9375
vt 0.2917127071823205 0.95
vt 0.2917127071823205 0.9625
vt 0.2917127071823205 0.975
vt 0.2917127071823205 0.9875
vt 0.2917127071823205 1
vt 0.29944751381215473 0
vt 0.29944751381215473 0.0125
vt 0.29944751381215473 0.025
vt 0.29944751381215473 0.0375
vt 0.29944751381215473 0.05
vt 0.29944751381215473 0.0625
vt 0.29944751381215473 0.075
vt 0.29944751381215473 0.0875
vt 0.29944751381215473 0.1
vt 0.29944751381215473 0.1125
vt 0.29944751381215473 0.125
vt 0.29944751381215473 0.1375
vt 0.29944751381215473 0.15
vt 0.29944751381215473 0.1625
vt 0.29944751381215473 0.175
vt 0.29944751381215473 0.1875
vt 0.29944751381215473 0.2
vt 0.29944751381215473 0.2125
vt 0.29944751381215473 0.225
vt 0.29944751381215473 0.2375
vt 0.29944751381215473 0.25
vt 0.29944751381215473 0.2625
vt 0.29944751381215473 0.275
vt 0.29944751381215473 0.2875
vt 0.29944751381215473 0.3
vt 0.29944751381215473 0.3125
vt 0.29944751381215473 0.325
vt 0.29944751381215473 0.3375
vt 0.29944751381215473 0.35
vt 0.29944751381215473 0.3625
vt 0.29944751381215473 0.375
vt 0.29944751381215473 0.3875
vt 0.29944751381215473 0.4
vt 0.29944751381215473 0.4125
vt 0.29944751381215473 0.425
vt 0.29944751381215473 0.4375
vt 0.29944751381215473 0.45
vt 0.29944751381215473 0.4625
vt 0.29944751381215473 0.475
vt 0.29944751381215473 0.4875
vt 0.29944751381215473 0.5
vt 0.29944751381215473 0.5125
vt 0.29944751381215473 0.525
vt 0.29944751381215473 0.5375
vt 0.29944751381215473 0.55
vt 0.29944751381215473 0.5625
vt 0.29944751381215473 0.575
vt 0.29944751381215473 0.5875
vt 0.29944751381215473 0.6
vt 0.29944751381215473 0.6125
vt 0.29944751381215473 0.625
vt 0.29944751381215473 0.6375
vt 0.29944751381215473 0.65
vt 0.29944751381215473 0.6625
vt 0.29944751381215473 0.675
vt 0.29944751381215473 0.6875
vt 0.29944751381215473 0.7
vt 0.29944751381215473 0.7125
vt 0.29944751381215473 0.725
vt 0.29944751381215473 0.7375
vt 0.29944751381215473 0.75
vt 0.29944751381215473 0.7625
vt 0.29944751381215473 0.775
vt 0.29944751381215473 0.7875
vt 0.29944751381215473 0.8
vt 0.29944751381215473 0.8125
vt 0.29944751381215473 0.825
vt 0.29944751381215473 0.8375
vt 0.29944751381215473 0.85
vt 0.29944751381215473 0.8625
vt 0.29944751381215473 0.875
vt 0.29944751381215473 0.8875
vt 0.29944751381215473 0.9
vt 0.29944751381215473 0.9125
vt 0.29944751381215473 0.925
vt 0.29944751381215473 0.9375
vt 0.29944751381215473 0.95
vt 0.29944751381215473 0.9625
vt 0.29944751381215473 0.975
vt 0.29944751381215473 0.9875
vt 0.29944751381215473 1
vt 0.31049723756906084 0
vt 0.31049723756906084 0.0125
vt 0.31049723756906084 0.025
vt 0.31049723756906084 0.0375
vt 0.31049723756906084 0.05
vt 0.31049723756906084 0.0625
vt 0.31049723756906084 0.075
vt 0.31049723756906084 0.0875
vt 0.31049723756906084 0.1
vt 0.31049723756906084 0.1125
vt 0.31049723756906084 0.125
vt 0.31049723756906084 0.1375
vt 0.31049723756906084 0.15
vt 0.31049723756906084 0.1625
vt 0.31049723756906084 0.175
vt 0.31049723756906084 0.1875
vt 0.31049723756906084 0.2
vt 0.31049723756906084 0.2125
vt 0.31049723756906084 0.225
vt 0.31049723756906084 0.2375
vt 0.31049723756906084 0.25
vt 0.31049723756906084 0.2625
vt 0.31049723756906084 0.275
vt 0.31049723756906084 0.2875
vt 0.31049723756906084 0.3
vt 0.31049723756906084 0.3125
vt 0.31049723756906084 0.325
vt 0.31049723756906084 0.3375
vt 0.31049723756906084 0.35
vt 0.31049723756906084 0.3625
vt 0.31049723756906084 0.375
vt 0.31049723756906084 0.3875
vt 0.31049723756906084 0.4
vt 0.31049723756906084 0.4125
vt 0.31049723756906084 0.425
vt 0.31049723756906084 0.4375
vt 0.31049723756906084 0.45
vt 0.31049723756906084 0.4625
vt 0.31049723756906084 0.475
vt 0.31049723756906084 0.4875
vt 0.31049723756906084 0.5
vt 0.31049723756906084 0.5125
vt 0.31049723756906084 0.525
vt 0.31049723756906084 0.5375
vt 0.31049723756906084 0.55
vt 0.31049723756906084 0.5625
vt 0.31049723756906084 0.575
vt 0.31049723756906084 0.5875
vt 0.31049723756906084 0.6
vt 0.31049723756906084 0.6125
vt 0.31049723756906084 0.625
vt 0.31049723756906084 0.6375
vt 0.31049723756906084 0.65
vt 0.31049723756906084 0.6625
vt 0.31049723756906084 0.675
vt 0.31049723756906084 0.6875
vt 0.31049723756906084 0.7
vt 0.31049723756906084 0.7125
vt 0.31049723756906084 0.725
vt 0.31049723756906084 0.7375
vt 0.31049723756906084 0.75
vt 0.31049723756906084 0.7625
vt 0.31049723756906084 0.775
vt 0.31049723756906084 0.7875
vt 0.31049723756906084 0.8
vt 0.31049723756906084 0.8125
vt 0.31049723756906084 0.825
vt 0.31049723756906084 0.8375
vt 0.31049723756906084 0.85
vt 0.31049723756906084 0.8625
vt 0.31049723756906084 0.875
vt 0.31049723756906084 0.8875
vt 0.31049723756906084 0.9
vt 0.31049723756906084 0.9125
vt 0.31049723756906084 0.925
vt 0.31049723756906084 0.9375
vt 0.31049723756906084 0.95
vt 0.31049723756906084 0.9625
vt 0.31049723756906084 0.975
vt 0.31049723756906084 0.9875
vt 0.31049723756906084 1
vt 0.3215469613259669 0
vt 0.3215469613259669 0.0125
vt 0.3215469613259669 0.025
vt 0.3215469613259669 0.0375
vt 0.3215469613259669 0.05
vt 0.3215469613259669 0.0625
vt 0.3215469613259669 0.075
vt 0.3215469613259669 0.0875
vt 0.3215469613259669 0.1
vt 0.3215469613259669 0.1125
vt 0.3215469613259669 0.125
vt 0.3215469613259669 0.1375
vt 0.3215469613259669 0.15
vt 0.3215469613259669 0.1625
vt 0.3215469613259669 0.175
vt 0.3215469613259669 0.1875
vt 0.3215469613259669 0.2
vt 0.3215469613259669 0.2125
vt 0.3215469613259669 0.225
vt 0.3215469613259669 0.2375
vt 0.3215469613259669 0.25
vt 0.3215469613259669 0.2625
vt 0.3215469613259669 0.275
vt 0.3215469613259669 0.2875
vt 0.3215469613259669 0.3
vt 0.3215469613259669 0.3125
vt 0.3215469613259669 0.325
vt 0.3215469613259669 0.3375
vt 0.3215469613259669 0.35
vt 0.3215469613259669 0.3625
vt 0.3215469613259669 0.375
vt 0.3215469613259669 0.3875
vt 0.3215469613259669 0.4
vt 0.3215469613259669 0.4125
vt 0.3215469613259669 0.425
vt 0.3215469613259669 0.4375
vt 0.3215469613259669 0.45
vt 0.3215469613259669 0.4625
vt 0.3215469613259669 0.475
vt 0.3215469613259669 0.4875
vt 0.3215469613259669 0.5
vt 0.3215469613259669 0.5125
vt 0.3215469613259669 0.525
vt 0.3215469613259669 0.5375
vt 0.3215469613259669 0.55
vt 0.3215469613259669 0.5625
vt 0.3215469613259669 0.575
vt 0.3215469613259669 0.5875
vt 0.3215469613259669 0.6
vt 0.3215469613259669 0.6125
vt 0.3215469613259669 0.625
vt 0.3215469613259669 0.6375
vt 0.3215469613259669 0.65
vt 0.3215469613259669 0.6625
vt 0.3215469613259669 0.675
vt 0.3215469613259669 0.6875
vt 0.3215469613259669 0.7
vt 0.3215469613259669 0.7125
vt 0.3215469613259669 0.725
vt 0.3215469613259669 0.7375
vt 0.3215469613259669 0.75
vt 0.3215469613259669 0.7625
vt 0.3215469613259669 0.775
vt 0.3215469613259669 0.7875
vt 0.3215469613259669 0.8
vt 0.3215469613259669 0.8125
vt 0.3215469613259669 0.825
vt 0.3215469613259669 0.8375
vt 0.3215469613259669 0.85
vt 0.3215469613259669 0.8625
vt 0.3215469613259669 0.875
vt 0.3215469613259669 0.8875
vt 0.3215469613259669 0.9
vt 0.3215469613259669 0.9125
vt 0.3215469613259669 0.925
vt 0.3215469613259669 0.9375
vt 0.3215469613259669 0.95
vt 0.3215469613259669 0.9625
vt 0.3215469613259669 0.975
vt 0.3215469613259669 0.9875
vt 0.3215469613259669 1
vt 0.33259668508287293 0
vt 0.33259668508287293 0.0125
vt 0.33259668508287293 0.025
vt 0.33259668508287293 0.0375
vt 0.33259668508287293 0.05
vt 0.33259668508287293 0.0625
vt 0.33259668508287293 0.075
vt 0.33259668508287293 0.0875
vt 0.33259668508287293 0.1
vt 0.33259668508287293 0.1125
vt 0.33259668508287293 0.125
vt 0.33259668508287293 0.1375
vt 0.33259668508287293 0.15
vt 0.33259668508287293 0.1625
vt 0.33259668508287293 0.175
vt 0.33259668508287293 0.1875
vt 0.33259668508287293 0.2
vt 0.33259668508287293 0.2125
vt 0.33259668508287293 0.225
vt 0.33259668508287293 0.2375
vt 0.33259668508287293 0.25
vt 0.33259668508287293 0.2625
vt 0.33259668508287293 0.275
vt 0.33259668508287293 0.2875
vt 0.33259668508287293 0.3
vt 0.33259668508287293 0.3125
vt 0.33259668508287293 0.325
vt 0.33259668508287293 0.3375
vt 0.33259668508287293 0.35
vt 0.33259668508287293 0.3625
vt 0.33259668508287293 0.375
vt 0.33259668508287293 0.3875
vt 0.33259668508287293 0.4
vt 0.33259668508287293 0.4125
vt 0.33259668508287293 0.425
vt 0.33259668508287293 0.4375
vt 0.33259668508287293 0.45
vt 0.33259668508287293 0.4625
vt 0.33259668508287293 0.475
vt 0.33259668508287293 0.4875
vt 0.33259668508287293 0.5
vt 0.33259668508287293 0.5125
vt 0.33259668508287293 0.525
vt 0.33259668508287293 0.5375
vt 0.33259668508287293 0.55
vt 0.33259668508287293 0.5625
vt 0.33259668508287293 0.575
vt 0.33259668508287293 0.5875
vt 0.33259668508287293 0.6
vt 0.33259668508287293 0.6125
vt 0.33259668508287293 0.625
vt 0.33259668508287293 0.6375
vt 0.33259668508287293 0.65
vt 0.33259668508287293 0.6625
vt 0.33259668508287293 0.675
vt 0.33259668508287293 0.6875
vt 0.33259668508287293 0.7
vt 0.33259668508287293 0.7125
vt 0.33259668508287293 0.725
vt 0.33259668508287293 0.7375
vt 0.33259668508287293 0.75
vt 0.33259668508287293 0.7625
vt 0.33259668508287293 0.775
vt 0.33259668508287293 0.7875
vt 0.33259668508287293 0.8
vt 0.33259668508287293 0.8125
vt 0.33259668508287293 0.825
vt 0.33259668508287293 0.8375
vt 0.33259668508287293 0.85
vt 0.33259668508287293 0.8625
vt 0.33259668508287293 0.875
vt 0.33259668508287293 0.8875
vt 0.33259668508287293 0.9
vt 0.33259668508287293 0.9125
vt 0.33259668508287293 0.925
vt 0.33259668508287293 0.9375
vt 0.33259668508287293 0.95
vt 0.33259668508287293 0.9625
vt 0.33259668508287293 0.975
vt 0.33259668508287293 0.9875
vt 0.33259668508287293 1
vt 0.34364640883977904 0
vt 0.34364640883977904 0.0125
vt 0.34364640883977904 0.025
vt 0.34364640883977904 0.0375
vt 0.34364640883977904 0.05
vt 0.34364640883977904 0.0625
vt 0.34364640883977904 0.075
vt 0.34364640883977904 0.0875
vt 0.34364640883977904 0.1
vt 0.34364640883977904 0.1125
vt 0.34364640883977904 0.125
vt 0.34364640883977904 0.1375
vt 0.34364640883977904 0.15
vt 0.34364640883977904 0.1625
vt 0.34364640883977904 0.175
vt 0.34364640883977904 0.1875
vt 0.34364640883977904 0.2
vt 0.34364640883977904 0.2125
vt 0.34364640883977904 0.225
vt 0.34364640883977904 0.2375
vt 0.34364640883977904 0.25
vt 0.34364640883977904 0.2625
vt 0.34364640883977904 0.275
vt 0.34364640883977904 0.2875
vt 0.34364640883977904 0.3
vt 0.34364640883977904 0.3125
vt 0.34364640883977904 0.325
vt 0.34364640883977904 0.3375
vt 0.34364640883977904 0.35
vt 0.34364640883977904 0.3625
vt 0.34364640883977904 0.375
vt 0.34364640883977904 0.3875
vt 0.34364640883977904 0.4
vt 0.34364640883977904 0.4125
vt 0.34364640883977904 0.425
vt 0.34364640883977904 0.4375
vt 0.34364640883977904 0.45
vt 0.34364640883977904 0.4625
vt 0.34364640883977904 0.475
vt 0.34364640883977904 0.4875
vt 0.34364640883977904 0.5
vt 0.34364640883977904 0.5125
vt 0.34364640883977904 0.525
vt 0.34364640883977904 0.5375
vt 0.34364640883977904 0.55
vt 0.34364640883977904 0.5625
vt 0.34364640883977904 0.575
vt 0.34364640883977904 0.5875
vt 0.34364640883977904 0.6
vt 0.34364640883977904 0.6125
vt 0.34364640883977904 0.625
vt 0.34364640883977904 0.6375
vt 0.34364640883977904 0.65
vt 0.34364640883977904 0.6625
vt 0.34364640883977904 0.675
vt 0.34364640883977904 0.6875
vt 0.34364640883977904 0.7
vt 0.34364640883977904 0.7125
vt 0.34364640883977904 0.725
vt 0.34364640883977904 0.7375
vt 0.34364640883977904 0.75
vt 0.34364640883977904 0.7625
vt 0.34364640883977904 0.775
vt 0.34364640883977904 0.7875
vt 0.34364640883977904 0.8
vt 0.34364640883977904 0.8125
vt 0.34364640883977904 0.825
vt 0.34364640883977904 0.8375
vt 0.34364640883977904 0.85
vt 0.34364640883977904 0.8625
vt 0.34364640883977904 0.875
vt 0.34364640883977904 0.8875
vt 0.34364640883977904 0.9
vt 0.34364640883977904 0.9125
vt 0.34364640883977904 0.925
vt 0.34364640883977904 0.9375
vt 0.34364640883977904 0.95
vt 0.34364640883977904 0.9625
vt 0.34364640883977904 0.975
vt 0.34364640883977904 0.9875
vt 0.34364640883977904 1
vt 0.35469613259668514 0
vt 0.35469613259668514 0.0125
vt 0.35469613259668514 0.025
vt 0.35469613259668514 0.0375
vt 0.35469613259668514 0.05
vt 0.35469613259668514 0.0625
vt 0.35469613259668514 0.075
vt 0.35469613259668514 0.0875
vt 0.35469613259668514 0.1
vt 0.35469613259668514 0.1125
vt 0.35469613259668514 0.125
vt 0.35469613259668514 0.1375
vt 0.35469613259668514 0.15
vt 0.35469613259668514 0.1625
vt 0.35469613259668514 0.175
vt 0.35469613259668514 0.1875
vt 0.35469613259668514 0.2
vt 0.35469613259668514 0.2125
vt 0.35469613259668514 0.225
vt 0.35469613259668514 0.2375
vt 0.35469613259668514 0.25
vt 0.35469613259668514 0.2625
vt 0.35469613259668514 0.275
vt 0.35469613259668514 0.2875
vt 0.35469613259668514 0.3
vt 0.35469613259668514 0.3125
vt 0.35469613259668514 0.325
vt 0.35469613259668514 0.3375
vt 0.35469613259668514 0.35
vt 0.35469613259668514 0.3625
vt 0.35469613259668514 0.375
vt 0.35469613259668514 0.3875
vt 0.35469613259668514 0.4
vt 0.35469613259668514 0.4125
vt 0.35469613259668514 0.425
vt 0.35469613259668514 0.4375
vt 0.35469613259668514 0.45
vt 0.35469613259668514 0.4625
vt 0.35469613259668514 0.475
vt 0.35469613259668514 0.4875
vt 0.35469613259668514 0.5
vt 0.35469613259668514 0.5125
vt 0.35469613259668514 0.525
vt 0.35469613259668514 0.5375
vt 0.35469613259668514 0.55
vt 0.35469613259668514 0.5625
vt 0.35469613259668514 0.575
vt 0.35469613259668514 0.5875
vt 0.35469613259668514 0.6
vt 0.35469613259668514 0.6125
vt 0.35469613259668514 0.625
vt 0.35469613259668514 0.6375
vt 0.35469613259668514 0.65
vt 0.35469613259668514 0.6625
vt 0.35469613259668514 0.675
vt 0.35469613259668514 0.6875
vt 0.35469613259668514 0.7
vt 0.35469613259668514 0.7125
vt 0.35469613259668514 0.725
vt 0.35469613259668514 0.7375
vt 0.35469613259668514 0.75
vt 0.35469613259668514 0.7625
vt 0.35469613259668514 0.775
vt 0.35469613259668514 0.7875
vt 0.35469613259668514 0.8
vt 0.35469613259668514 0.8125
vt 0.35469613259668514 0.825
vt 0.35469613259668514 0.8375
vt 0.35469613259668514 0.85
vt 0.35469613259668514 0.8625
vt 0.35469613259668514 0.875
vt 0.35469613259668514 0.8875
vt 0.35469613259668514 0.9
vt 0.35469613259668514 0.9125
vt 0.35469613259668514 0.925
vt 0.35469613259668514 0.9375
vt 0.35469613259668514 0.95
vt 0.35469613259668514 0.9625
vt 0.35469613259668514 0.975
vt 0.35469613259668514 0.9875
vt 0.35469613259668514 1
vt 0.36243093922651937 0
vt 0.36243093922651937 0.0125
vt 0.36243093922651937 0.025
vt 0.36243093922651937 0.0375
vt 0.36243093922651937 0.05
vt 0.36243093922651937 0.0625
vt 0.36243093922651937 0.075
vt 0.36243093922651937 0.0875
vt 0.36243093922651937 0.1
vt 0.36243093922651937 0.1125
vt 0.36243093922651937 0.125
vt 0.36243093922651937 0.1375
vt 0.36243093922651937 0.15
vt 0.36243093922651937 0.1625
vt 0.36243093922651937 0.175
vt 0.36243093922651937 0.1875
vt 0.36243093922651937 0.2
vt 0.36243093922651937 0.2125
vt 0.36243093922651937 0.225
vt 0.36243093922651937 0.2375
vt 0.36243093922651937 0.25
vt 0.36243093922651937 0.2625
vt 0.36243093922651937 0.275
vt 0.36243093922651937 0.2875
vt 0.36243093922651937 0.3
vt 0.36243093922651937 0.3125
vt 0.36243093922651937 0.325
vt 0.36243093922651937 0.3375
vt 0.36243093922651937 0.35
vt 0.36243093922651937 0.3625
vt 0.36243093922651937 0.375
vt 0.36243093922651937 0.3875
vt 0.36243093922651937 0.4
vt 0.36243093922651937 0.4125
vt 0.36243093922651937 0.425
vt 0.36243093922651937 0.4375
vt 0.36243093922651937 0.45
vt 0.36243093922651937 0.4625
vt 0.36243093922651937 0.475
vt 0.36243093922651937 0.4875
vt 0.36243093922651937 0.5
vt 0.36243093922651937 0.5125
vt 0.36243093922651937 0.525
vt 0.36243093922651937 0.5375
vt 0.36243093922651937 0.55
vt 0.36243093922651937 0.5625
vt 0.36243093922651937 0.575
vt 0.36243093922651937 0.5875
vt 0.36243093922651937 0.6
vt 0.36243093922651937 0.6125
vt 0.36243093922651937 0.625
vt 0.36243093922651937 0.6375
vt 0.36243093922651937 0.65
vt 0.36243093922651937 0.6625
vt 0.36243093922651937 0.675
vt 0.36243093922651937 0.6875
vt 0.36243093922651937 0.7
vt 0.36243093922651937 0.7125
vt 0.36243093922651937 0.725
vt 0.36243093922651937 0.7375
vt 0.36243093922651937 0.75
vt 0.36243093922651937 0.7625
vt 0.36243093922651937 0.775
vt 0.36243093922651937 0.7875
vt 0.36243093922651937 0.8
vt 0.36243093922651937 0.8125
vt 0.36243093922651937 0.825
vt 0.36243093922651937 0.8375
vt 0.36243093922651937 0.85
vt 0.36243093922651937 0.8625
vt 0.36243093922651937 0.875
vt 0.36243093922651937 0.8875
vt 0.36243093922651937 0.9
vt 0.36243093922651937 0.9125
vt 0.36243093922651937 0.925
vt 0.36243093922651937 0.9375
vt 0.36243093922651937 0.95
vt 0.36243093922651937 0.9625
vt 0.36243093922651937 0.975
vt 0.36243093922651937 0.9875
vt 0.36243093922651937 1
vt 0.37348066298342547 0
vt 0.37348066298342547 0.0125
vt 0.37348066298342547 0.025
vt 0.37348066298342547 0.0375
vt 0.37348066298342547 0.05
vt 0.37348066298342547 0.0625
vt 0.37348066298342547 0.075
vt 0.37348066298342547 0.0875
vt 0.37348066298342547 0.1
vt 0.37348066298342547 0.1125
vt 0.37348066298342547 0.125
vt 0.37348066298342547 0.1375
vt 0.37348066298342547 0.15
vt 0.37348066298342547 0.1625
vt 0.37348066298342547 0.175
vt 0.37348066298342547 0.1875
vt 0.37348066298342547 0.2
vt 0.37348066298342547 0.2125
vt 0.37348066298342547 0.225
vt 0.37348066298342547 0.2375
vt 0.37348066298342547 0.25
vt 0.37348066298342547 0.2625
vt 0.37348066298342547 0.275
vt 0.37348066298342547 0.2875
vt 0.37348066298342547 0.3
vt 0.37348066298342547 0.3125
vt 0.37348066298342547 0.325
vt 0.37348066298342547 0.3375
vt 0.37348066298342547 0.35
vt 0.37348066298342547 0.3625
vt 0.37348066298342547 0.375
vt 0.37348066298342547 0.3875
vt 0.37348066298342547 0.4
vt 0.37348066298342547 0.4125
vt 0.37348066298342547 0.425
vt 0.37348066298342547 0.4375
vt 0.37348066298342547 0.45
vt 0.37348066298342547 0.4625
vt 0.37348066298342547 0.475
vt 0.37348066298342547 0.4875
vt 0.37348066298342547 0.5
vt 0.37348066298342547 0.5125
vt 0.37348066298342547 0.525
vt 0.37348066298342547 0.5375
vt 0.37348066298342547 0.55
vt 0.37348066298342547 0.5625
vt 0.37348066298342547 0.575
vt 0.37348066298342547 0.5875
vt 0.37348066298342547 0.6
vt 0.37348066298342547 0.6125
vt 0.37348066298342547 0.625
vt 0.37348066298342547 0.6375
vt 0.37348066298342547 0.65
vt 0.37348066298342547 0.6625
vt 0.37348066298342547 0.675
vt 0.37348066298342547 0.6875
vt 0.37348066298342547 0.7
vt 0.37348066298342547 0.7125
vt 0.37348066298342547 0.725
vt 0.37348066298342547 0.7375
vt 0.37348066298342547 0.75
vt 0.37348066298342547 0.7625
vt 0.37348066298342547 0.775
vt 0.37348066298342547 0.7875
vt 0.37348066298342547 0.8
vt 0.37348066298342547 0.8125
vt 0.37348066298342547 0.825
vt 0.37348066298342547 0.8375
vt 0.37348066298342547 0.85
vt 0.37348066298342547 0.8625
vt 0.37348066298342547 0.875
vt 0.37348066298342547 0.8875
vt 0.37348066298342547 0.9
vt 0.37348066298342547 0.9125
vt 0.37348066298342547 0.925
vt 0.37348066298342547 0.9375
vt 0.37348066298342547 0.95
vt 0.37348066298342547 0.9625
vt 0.37348066298342547 0.975
vt 0.37348066298342547 0.9875
vt 0.37348066298342547 1
vt 0.3845303867403316 0
vt 0.3845303867403316 0.0125
vt 0.3845303867403316 0.025
vt 0.3845303867403316 0.0375
vt 0.3845303867403316 0.05
vt 0.3845303867403316 0.0625
vt 0.3845303867403316 0.075
vt 0.3845303867403316 0.0875
vt 0.3845303867403316 0.1
vt 0.3845303867403316 0.1125
vt 0.3845303867403316 0.125
vt 0.3845303867403316 0.1375
vt 0.3845303867403316 0.15
vt 0.3845303867403316 0.1625
vt 0.3845303867403316 0.175
vt 0.3845303867403316 0.1875
vt 0.3845303867403316 0.2
vt 0.3845303867403316 0.2125
vt 0.3845303867403316 0.225
vt 0.3845303867403316 0.2375
vt 0.3845303867403316 0.25
vt 0.3845303867403316 0.2625
vt 0.3845303867403316 0.275
vt 0.3845303867403316 0.2875
vt 0.3845303867403316 0.3
vt 0.3845303867403316 0.3125
vt 0.3845303867403316 0.325
vt 0.3845303867403316 0.3375
vt 0.3845303867403316 0.35
vt 0.3845303867403316 0.3625
vt 0.3845303867403316 0.375
vt 0.3845303867403316 0.3875
vt 0.3845303867403316 0.4
vt 0.3845303867403316 0.4125
vt 0.3845303867403316 0.425
vt 0.3845303867403316 0.4375
vt 0.3845303867403316 0.45
vt 0.3845303867403316 0.4625
vt 0.3845303867403316 0.475
vt 0.3845303867403316 0.4875
vt 0.3845303867403316 0.5
vt 0.3845303867403316 0.5125
vt 0.3845303867403316 0.525
vt 0.3845303867403316 0.5375
vt 0.3845303867403316 0.55
vt 0.3845303867403316 0.5625
vt 0.3845303867403316 0.575
vt 0.3845303867403316 0.5875
vt 0.3845303867403316 0.6
vt 0.3845303867403316 0.6125
vt 0.3845303867403316 0.625
vt 0.3845303867403316 0.6375
vt 0.3845303867403316 0.65
vt 0.3845303867403316 0.6625
vt 0.3845303867403316 0.675
vt 0.3845303867403316 0.6875
vt 0.3845303867403316 0.7
vt 0.3845303867403316 0.7125
vt 0.3845303867403316 0.725
vt 0.3845303867403316 0.7375
vt 0.3845303867403316 0.75
vt 0.3845303867403316 0.7625
vt 0.3845303867403316 0.775
vt 0.3845303867403316 0.7875
vt 0.3845303867403316 0.8
vt 0.3845303867403316 0.8125
vt 0.3845303867403316 0.825
vt 0.3845303867403316 0.8375
vt 0.3845303867403316 0.85
vt 0.3845303867403316 0.8625
vt 0.3845303867403316 0.875
vt 0.3845303867403316 0.8875
vt 0.3845303867403316 0.9
vt 0.3845303867403316 0.9125
vt 0.3845303867403316 0.925
vt 0.3845303867403316 0.9375
vt 0.3845303867403316 0.95
vt 0.3845303867403316 0.9625
vt 0.3845303867403316 0.975
vt 0.3845303867403316 0.9875
vt 0.3845303867403316 1
vt 0.39558011049723757 0
vt 0.39558011049723757 0.0125
vt 0.39558011049723757 0.025
vt 0.39558011049723757 0.0375
vt 0.39558011049723757 0.05
vt 0.39558011049723757 0.0625
vt 0.39558011049723757 0.075
vt 0.39558011049723757 0.0875
vt 0.39558011049723757 0.1
vt 0.39558011049723757 0.1125
vt 0.39558011049723757 0.125
vt 0.39558011049723757 0.1375
vt 0.39558011049723757 0.15
vt 0.39558011049723757 0.1625
vt 0.39558011049723757 0.175
vt 0.39558011049723757 0.1875
vt 0.39558011049723757 0.2
vt 0.39558011049723757 0.2125
vt 0.39558011049723757 0.225
vt 0.39558011049723757 0.2375
vt 0.39558011049723757 0.25
vt 0.39558011049723757 0.2625
vt 0.39558011049723757 0.275
vt 0.39558011049723757 0.2875
vt 0.39558011049723757 0.3
vt 0.39558011049723757 0.3125
vt 0.39558011049723757 0.325
vt 0.39558011049723757 0.3375
vt 0.39558011049723757 0.35
vt 0.39558011049723757 0.3625
vt 0.39558011049723757 0.375
vt 0.39558011049723757 0.3875
vt 0.39558011049723757 0.4
vt 0.39558011049723757 0.4125
vt 0.39558011049723757 0.425
vt 0.39558011049723757 0.4375
vt 0.39558011049723757 0.45
vt 0.39558011049723757 0.4625
vt 0.39558011049723757 0.475
vt 0.39558011049723757 0.4875
vt 0.39558011049723757 0.5
vt 0.39558011049723757 0.5125
vt 0.39558011049723757 0.525
vt 0.39558011049723757 0.5375
vt 0.39558011049723757 0.55
vt 0.39558011049723757 0.5625
vt 0.39558011049723757 0.575
vt 0.39558011049723757 0.5875
vt 0.39558011049723757 0.6
vt 0.39558011049723757 0.6125
vt 0.39558011049723757 0.625
vt 0.39558011049723757 0.6375
vt 0.39558011049723757 0.65
vt 0.39558011049723757 0.6625
vt 0.39558011049723757 0.675
vt 0.39558011049723757 0.6875
vt 0.39558011049723757 0.7
vt 0.39558011049723757 0.7125
vt 0.39558011049723757 0.725
vt 0.39558011049723757 0.7375
vt 0.39558011049723757 0.75
vt 0.39558011049723757 0.7625
vt 0.39558011049723757 0.775
vt 0.39558011049723757 0.7875
vt 0.39558011049723757 0.8
vt 0.39558011049723757 0.8125
vt 0.39558011049723757 0.825
vt 0.39558011049723757 0.8375
vt 0.39558011049723757 0.85
vt 0.39558011049723757 0.8625
vt 0.39558011049723757 0.875
vt 0.39558011049723757 0.8875
vt 0.39558011049723757 0.9
vt 0.39558011049723757 0.9125
vt 0.39558011049723757 0.925
vt 0.39558011049723757 0.9375
vt 0.39558011049723757 0.95
vt 0.39558011049723757 0.9625
vt 0.39558011049723757 0.975
vt 0.39558011049723757 0.9875
vt 0.39558011049723757 1
vt 0.4066298342541437 0
vt 0.4066298342541437 0.0125
vt 0.4066298342541437 0.025
vt 0.4066298342541437 0.0375
vt 0.4066298342541437 0.05
vt 0.4066298342541437 0.0625
vt 0.4066298342541437 0.075
vt 0.4066298342541437 0.0875
vt 0.4066298342541437 0.1
vt 0.4066298342541437 0.1125
vt 0.4066298342541437 0.125
vt 0.4066298342541437 0.1375
vt 0.4066298342541437 0.15
vt 0.4066298342541437 0.1625
vt 0.4066298342541437 0.175
vt 0.4066298342541437 0.1875
vt 0.4066298342541437 0.2
vt 0.4066298342541437 0.2125
vt 0.4066298342541437 0.225
vt 0.4066298342541437 0.2375
vt 0.4066298342541437 0.25
vt 0.4066298342541437 0.2625
vt 0.4066298342541437 0.275
vt 0.4066298342541437 0.2875
vt 0.4066298342541437 0.3
vt 0.4066298342541437 0.3125
vt 0.4066298342541437 0.325
vt 0.4066298342541437 0.3375
vt 0.4066298342541437 0.35
vt 0.4066298342541437 0.3625
vt 0.4066298342541437 0.375
vt 0.4066298342541437 0.3875
vt 0.4066298342541437 0.4
vt 0.4066298342541437 0.4125
vt 0.4066298342541437 0.425
vt 0.4066298342541437 0.4375
vt 0.4066298342541437 0.45
vt 0.4066298342541437 0.4625
vt 0.4066298342541437 0.475
vt 0.4066298342541437 0.4875
vt 0.4066298342541437 0.5
vt 0.4066298342541437 0.5125
vt 0.4066298342541437 0.525
vt 0.4066298342541437 0.5375
vt 0.4066298342541437 0.55
vt 0.4066298342541437 0.5625
vt 0.4066298342541437 0.575
vt 0.4066298342541437 0.5875
vt 0.4066298342541437 0.6
vt 0.4066298342541437 0.6125
vt 0.4066298342541437 0.625
vt 0.4066298342541437 0.6375
vt 0.4066298342541437 0.65
vt 0.4066298342541437 0.6625
vt 0.4066298342541437 0.675
vt 0.4066298342541437 0.6875
vt 0.4066298342541437 0.7
vt 0.4066298342541437 0.7125
vt 0.4066298342541437 0.725
vt 0.4066298342541437 0.7375
vt 0.4066298342541437 0.75
vt 0.4066298342541437 0.7625
vt 0.4066298342541437 0.775
vt 0.4066298342541437 0.7875
vt 0.4066298342541437 0.8
vt 0.4066298342541437 0.8125
vt 0.4066298342541437 0.825
vt 0.4066298342541437 0.8375
vt 0.4066298342541437 0.85
vt 0.4066298342541437 0.8625
vt 0.4066298342541437 0.875
vt 0.4066298342541437 0.8875
vt 0.4066298342541437 0.9
vt 0.4066298342541437 0.9125
vt 0.4066298342541437 0.925
vt 0.4066298342541437 0.9375
vt 0.4066298342541437 0.95
vt 0.4066298342541437 0.9625
vt 0.4066298342541437 0.975
vt 0.4066298342541437 0.9875
vt 0.4066298342541437 1
vt 0.4176795580110497 0
vt 0.4176795580110497 0.0125
vt 0.4176795580110497 0.025
vt 0.4176795580110497 0.0375
vt 0.4176795580110497 0.05
vt 0.4176795580110497 0.0625
vt 0.4176795580110497 0.075
vt 0.4176795580110497 0.0875
vt 0.4176795580110497 0.1
vt 0.4176795580110497 0.1125
vt 0.4176795580110497 0.125
vt 0.4176795580110497 0.1375
vt 0.4176795580110497 0.15
vt 0.4176795580110497 0.1625
vt 0.4176795580110497 0.175
vt 0.4176795580110497 0.1875
vt 0.4176795580110497 0.2
vt 0.4176795580110497 0.2125
vt 0.4176795580110497 0.225
vt 0.4176795580110497 0.2375
vt 0.4176795580110497 0.25
vt 0.4176795580110497 0.2625
vt 0.4176795580110497 0.275
vt 0.4176795580110497 0.2875
vt 0.4176795580110497 0.3
vt 0.4176795580110497 0.3125
vt 0.4176795580110497 0.325
vt 0.4176795580110497 0.3375
vt 0.4176795580110497 0.35
vt 0.4176795580110497 0.3625
vt 0.4176795580110497 0.375
vt 0.4176795580110497 0.3875
vt 0.4176795580110497 0.4
vt 0.4176795580110497 0.4125
vt 0.4176795580110497 0.425
vt 0.4176795580110497 0.4375
vt 0.4176795580110497 0.45
vt 0.4176795580110497 0.4625
vt 0.4176795580110497 0.475
vt 0.4176795580110497 0.4875
vt 0.4176795580110497 0.5
vt 0.4176795580110497 0.5125
vt 0.4176795580110497 0.525
vt 0.4176795580110497 0.5375
vt 0.4176795580110497 0.55
vt 0.4176795580110497 0.5625
vt 0.4176795580110497 0.575
vt 0.4176795580110497 0.5875
vt 0.4176795580110497 0.6
vt 0.4176795580110497 0.6125
vt 0.4176795580110497 0.625
vt 0.4176795580110497 0.6375
vt 0.4176795580110497 0.65
vt 0.4176795580110497 0.6625
vt 0.4176795580110497 0.675
vt 0.4176795580110497 0.6875
vt 0.4176795580110497 0.7
vt 0.4176795580110497 0.7125
vt 0.4176795580110497 0.725
vt 0.4176795580110497 0.7375
vt 0.4176795580110497 0.75
vt 0.4176795580110497 0.7625
vt 0.4176795580110497 0.775
vt 0.4176795580110497 0.7875
vt 0.4176795580110497 0.8
vt 0.4176795580110497 0.8125
vt 0.4176795580110497 0.825
vt 0.4176795580110497 0.8375
vt 0.4176795580110497 0.85
vt 0.4176795580110497 0.8625
vt 0.4176795580110497 0.875
vt 0.4176795580110497 0.8875
vt 0.4176795580110497 0.9
vt 0.4176795580110497 0.9125
vt 0.4176795580110497 0.925
vt 0.4176795580110497 0.9375
vt 0.4176795580110497 0.95
vt 0.4176795580110497 0.9625
vt 0.4176795580110497 0.975
vt 0.4176795580110497 0.9875
vt 0.4176795580110497 1
vt 0.42541436464088406 0
vt 0.42541436464088406 0.0125
vt 0.42541436464088406 0.025
vt 0.42541436464088406 0.0375
vt 0.42541436464088406 0.05
vt 0.42541436464088406 0.0625
vt 0.42541436464088406 0.075
vt 0.42541436464088406 0.0875
vt 0.42541436464088406 0.1
vt 0.42541436464088406 0.1125
vt 0.42541436464088406 0.125
vt 0.42541436464088406 0.1375
vt 0.42541436464088406 0.15
vt 0.42541436464088406 0.1625
vt 0.42541436464088406 0.175
vt 0.42541436464088406 0.1875
vt 0.42541436464088406 0.2
vt 0.42541436464088406 0.2125
vt 0.42541436464088406 0.225
vt 0.42541436464088406 0.2375
vt 0.42541436464088406 0.25
vt 0.42541436464088406 0.2625
vt 0.42541436464088406 0.275
vt 0.42541436464088406 0.2875
vt 0.42541436464088406 0.3
vt 0.42541436464088406 0.3125
vt 0.42541436464088406 0.325
vt 0.42541436464088406 0.3375
vt 0.42541436464088406 0.35
vt 0.42541436464088406 0.3625
vt 0.42541436464088406 0.375
vt 0.42541436464088406 0.3875
vt 0.42541436464088406 0.4
vt 0.42541436464088406 0.4125
vt 0.42541436464088406 0.425
vt 0.42541436464088406 0.4375
vt 0.42541436464088406 0.45
vt 0.42541436464088406 0.4625
vt 0.42541436464088406 0.475
vt 0.42541436464088406 0.4875
vt 0.42541436464088406 0.5
vt 0.42541436464088406 0.5125
vt 0.42541436464088406 0.525
vt 0.42541436464088406 0.5375
vt 0.42541436464088406 0.55
vt 0.42541436464088406 0.5625
vt 0.42541436464088406 0.575
vt 0.42541436464088406 0.5875
vt 0.42541436464088406 0.6
vt 0.42541436464088406 0.6125
vt 0.42541436464088406 0.625
vt 0.42541436464088406 0.6375
vt 0.42541436464088406 0.65
vt 0.42541436464088406 0.6625
vt 0.42541436464088406 0.675
vt 0.42541436464088406 0.6875
vt 0.42541436464088406 0.7
vt 0.42541436464088406 0.7125
vt 0.42541436464088406 0.725
vt 0.42541436464088406 0.7375
vt 0.42541436464088406 0.75
vt 0.42541436464088406 0.7625
vt 0.42541436464088406 0.775
vt 0.42541436464088406 0.7875
vt 0.42541436464088406 0.8
vt 0.42541436464088406 0.8125
vt 0.42541436464088406 0.825
vt 0.42541436464088406 0.8375
vt 0.42541436464088406 0.85
vt 0.42541436464088406 0.8625
vt 0.42541436464088406 0.875
vt 0.42541436464088406 0.8875
vt 0.42541436464088406 0.9
vt 0.42541436464088406 0.9125
vt 0.42541436464088406 0.925
vt 0.42541436464088406 0.9375
vt 0.42541436464088406 0.95
vt 0.42541436464088406 0.9625
vt 0.42541436464088406 0.975
vt 0.42541436464088406 0.9875
vt 0.42541436464088406 1
vt 0.43646408839779005 0
vt 0.43646408839779005 0.0125
vt 0.43646408839779005 0.025
vt 0.43646408839779005 0.0375
vt 0.43646408839779005 0.05
vt 0.43646408839779005 0.0625
vt 0.43646408839779005 0.075
vt 0.43646408839779005 0.0875
vt 0.43646408839779005 0.1
vt 0.43646408839779005 0.1125
vt 0.43646408839779005 0.125
vt 0.43646408839779005 0.1375
vt 0.43646408839779005 0.15
vt 0.43646408839779005 0.1625
vt 0.43646408839779005 0.175
vt 0.43646408839779005 0.1875
vt 0.43646408839779005 0.2
vt 0.43646408839779005 0.2125
vt 0.43646408839779005 0.225
vt 0.43646408839779005 0.2375
vt 0.43646408839779005 0.25
vt 0.43646408839779005 0.2625
vt 0.43646408839779005 0.275
vt 0.43646408839779005 0.2875
vt 0.43646408839779005 0.3
vt 0.43646408839779005 0.3125
vt 0.43646408839779005 0.325
vt 0.43646408839779005 0.3375
vt 0.43646408839779005 0.35
vt 0.43646408839779005 0.3625
vt 0.43646408839779005 0.375
vt 0.43646408839779005 0.3875
vt 0.43646408839779005 0.4
vt 0.43646408839779005 0.4125
vt 0.43646408839779005 0.425
vt 0.43646408839779005 0.4375
vt 0.43646408839779005 0.45
vt 0.43646408839779005 0.4625
vt 0.43646408839779005 0.475
vt 0.43646408839779005 0.4875
vt 0.43646408839779005 0.5
vt 0.43646408839779005 0.5125
vt 0.43646408839779005 0.525
vt 0.43646408839779005 0.5375
vt 0.43646408839779005 0.55
vt 0.43646408839779005 0.5625
vt 0.43646408839779005 0.575
vt 0.43646408839779005 0.5875
vt 0.43646408839779005 0.6
vt 0.43646408839779005 0.6125
vt 0.43646408839779005 0.625
vt 0.43646408839779005 0.6375
vt 0.43646408839779005 0.65
vt 0.43646408839779005 0.6625
vt 0.43646408839779005 0.675
vt 0.43646408839779005 0.6875
vt 0.43646408839779005 0.7
vt 0.43646408839779005 0.7125
vt 0.43646408839779005 0.725
vt 0.43646408839779005 0.7375
vt 0.43646408839779005 0.75
vt 0.43646408839779005 0.7625
vt 0.43646408839779005 0.775
vt 0.43646408839779005 0.7875
vt 0.43646408839779005 0.8
vt 0.43646408839779005 0.8125
vt 0.43646408839779005 0.825
vt 0.43646408839779005 0.8375
vt 0.43646408839779005 0.85
vt 0.43646408839779005 0.8625
vt 0.43646408839779005 0.875
vt 0.43646408839779005 0.8875
vt 0.43646408839779005 0.9
vt 0.43646408839779005 0.9125
vt 0.43646408839779005 0.925
vt 0.43646408839779005 0.9375
vt 0.43646408839779005 0.95
vt 0.43646408839779005 0.9625
vt 0.43646408839779005 0.975
vt 0.43646408839779005 0.9875
vt 0.43646408839779005 1
vt 0.44751381215469616 0
vt 0.44751381215469616 0.0125
vt 0.44751381215469616 0.025
vt 0.44751381215469616 0.0375
vt 0.44751381215469616 0.05
vt 0.44751381215469616 0.0625
vt 0.44751381215469616 0.075
vt 0.44751381215469616 0.0875
vt 0.44751381215469616 0.1
vt 0.44751381215469616 0.1125
vt 0.44751381215469616 0.125
vt 0.44751381215469616 0.1375
vt 0.44751381215469616 0.15
vt 0.44751381215469616 0.1625
vt 0.44751381215469616 0.175
vt 0.44751381215469616 0.1875
vt 0.44751381215469616 0.2
vt 0.44751381215469616 0.2125
vt 0.44751381215469616 0.225
vt 0.44751381215469616 0.2375
vt 0.44751381215469616 0.25
vt 0.44751381215469616 0.2625
vt 0.44751381215469616 0.275
vt 0.44751381215469616 0.2875
vt 0.44751381215469616 0.3
vt 0.44751381215469616 0.3125
vt 0.44751381215469616 0.325
vt 0.44751381215469616 0.3375
vt 0.44751381215469616 0.35
vt 0.44751381215469616 0.3625
vt 0.44751381215469616 0.375
vt 0.44751381215469616 0.3875
vt 0.44751381215469616 0.4
vt 0.44751381215469616 0.4125
vt 0.44751381215469616 0.425
vt 0.44751381215469616 0.4375
vt 0.44751381215469616 0.45
vt 0.44751381215469616 0.4625
vt 0.44751381215469616 0.475
vt 0.44751381215469616 0.4875
vt 0.44751381215469616 0.5
vt 0.44751381215469616 0.5125
vt 0.44751381215469616 0.525
vt 0.44751381215469616 0.5375
vt 0.44751381215469616 0.55
vt 0.44751381215469616 0.5625
vt 0.44751381215469616 0.575
vt 0.44751381215469616 0.5875
vt 0.44751381215469616 0.6
vt 0.44751381215469616 0.6125
vt 0.44751381215469616 0.625
vt 0.44751381215469616 0.6375
vt 0.44751381215469616 0.65
vt 0.44751381215469616 0.6625
vt 0.44751381215469616 0.675
vt 0.44751381215469616 0.6875
vt 0.44751381215469616 0.7
vt 0.44751381215469616 0.7125
vt 0.44751381215469616 0.725
vt 0.44751381215469616 0.7375
vt 0.44751381215469616 0.75
vt 0.44751381215469616 0.7625
vt 0.44751381215469616 0.775
vt 0.44751381215469616 0.7875
vt 0.44751381215469616 0.8
vt 0.44751381215469616 0.8125
vt 0.44751381215469616 0.825
vt 0.44751381215469616 0.8375
vt 0.44751381215469616 0.85
vt 0.44751381215469616 0.8625
vt 0.44751381215469616 0.875
vt 0.44751381215469616 0.8875
vt 0.44751381215469616 0.9
vt 0.44751381215469616 0.9125
vt 0.44751381215469616 0.925
vt 0.44751381215469616 0.9375
vt 0.44751381215469616 0.95
vt 0.44751381215469616 0.9625
vt 0.44751381215469616 0.975
vt 0.44751381215469616 0.9875
vt 0.44751381215469616 1
vt 0.45856353591160226 0
vt 0.45856353591160226 0.0125
vt 0.45856353591160226 0.025
vt 0.45856353591160226 0.0375
vt 0.45856353591160226 0.05
vt 0.45856353591160226 0.0625
vt 0.45856353591160226 0.075
vt 0.45856353591160226 0.0875
vt 0.45856353591160226 0.1
vt 0.45856353591160226 0.1125
vt 0.45856353591160226 0.125
vt 0.45856353591160226 0.1375
vt 0.45856353591160226 0.15
vt 0.45856353591160226 0.1625
vt 0.45856353591160226 0.175
vt 0.45856353591160226 0.1875
vt 0.45856353591160226 0.2
vt 0.45856353591160226 0.2125
vt 0.45856353591160226 0.225
vt 0.45856353591160226 0.2375
vt 0.45856353591160226 0.25
vt 0.45856353591160226 0.2625
vt 0.45856353591160226 0.275
vt 0.45856353591160226 0.2875
vt 0.45856353591160226 0.3
vt 0.45856353591160226 0.3125
vt 0.45856353591160226 0.325
vt 0.45856353591160226 0.3375
vt 0.45856353591160226 0.35
vt 0.45856353591160226 0.3625
vt 0.45856353591160226 0.375
vt 0.45856353591160226 0.3875
vt 0.45856353591160226 0.4
vt 0.45856353591160226 0.4125
vt 0.45856353591160226 0.425
vt 0.45856353591160226 0.4375
vt 0.45856353591160226 0.45
vt 0.45856353591160226 0.4625
vt 0.45856353591160226 0.475
vt 0.45856353591160226 0.4875
vt 0.45856353591160226 0.5
vt 0.45856353591160226 0.5125
vt 0.45856353591160226 0.525
vt 0.45856353591160226 0.5375
vt 0.45856353591160226 0.55
vt 0.45856353591160226 0.5625
vt 0.45856353591160226 0.575
vt 0.45856353591160226 0.5875
vt 0.45856353591160226 0.6
vt 0.45856353591160226 0.6125
vt 0.45856353591160226 0.625
vt 0.45856353591160226 0.6375
vt 0.45856353591160226 0.65
vt 0.45856353591160226 0.6625
vt 0.45856353591160226 0.675
vt 0.45856353591160226 0.6875
vt 0.45856353591160226 0.7
vt 0.45856353591160226 0.7125
vt 0.45856353591160226 0.725
vt 0.45856353591160226 0.7375
vt 0.45856353591160226 0.75
vt 0.45856353591160226 0.7625
vt 0.45856353591160226 0.775
vt 0.45856353591160226 0.7875
vt 0.45856353591160226 0.8
vt 0.45856353591160226 0.8125
vt 0.45856353591160226 0.825
vt 0.45856353591160226 0.8375
vt 0.45856353591160226 0.85
vt 0.45856353591160226 0.8625
vt 0.45856353591160226 0.875
vt 0.45856353591160226 0.8875
vt 0.45856353591160226 0.9
vt 0.45856353591160226 0.9125
vt 0.45856353591160226 0.925
vt 0.45856353591160226 0.9375
vt 0.45856353591160226 0.95
vt 0.45856353591160226 0.9625
vt 0.45856353591160226 0.975
vt 0.45856353591160226 0.9875
vt 0.45856353591160226 1
vt 0.4696132596685083 0
vt 0.4696132596685083 0.0125
vt 0.4696132596685083 0.025
vt 0.4696132596685083 0.0375
vt 0.4696132596685083 0.05
vt 0.4696132596685083 0.0625
vt 0.4696132596685083 0.075
vt 0.4696132596685083 0.0875
vt 0.4696132596685083 0.1
vt 0.4696132596685083 0.1125
vt 0.4696132596685083 0.125
vt 0.4696132596685083 0.1375
vt 0.4696132596685083 0.15
vt 0.4696132596685083 0.1625
vt 0.4696132596685083 0.175
vt 0.4696132596685083 0.1875
vt 0.4696132596685083 0.2
vt 0.4696132596685083 0.2125
vt 0.4696132596685083 0.225
vt 0.4696132596685083 0.2375
vt 0.4696132596685083 0.25
vt 0.4696132596685083 0.2625
vt 0.4696132596685083 0.275
vt 0.4696132596685083 0.2875
vt 0.4696132596685083 0.3
vt 0.4696132596685083 0.3125
vt 0.4696132596685083 0.325
vt 0.4696132596685083 0.3375
vt 0.4696132596685083 0.35
vt 0.4696132596685083 0.3625
vt 0.4696132596685083 0.375
vt 0.4696132596685083 0.3875
vt 0.4696132596685083 0.4
vt 0.4696132596685083 0.4125
vt 0.4696132596685083 0.425
vt 0.4696132596685083 0.4375
vt 0.4696132596685083 0.45
vt 0.4696132596685083 0.4625
vt 0.4696132596685083 0.475
vt 0.4696132596685083 0.4875
vt 0.4696132596685083 0.5
vt 0.4696132596685083 0.5125
vt 0.4696132596685083 0.525
vt 0.4696132596685083 0.5375
vt 0.4696132596685083 0.55
vt 0.4696132596685083 0.5625
vt 0.4696132596685083 0.575
vt 0.4696132596685083 0.5875
vt 0.4696132596685083 0.6
vt 0.4696132596685083 0.6125
vt 0.4696132596685083 0.625
vt 0.4696132596685083 0.6375
vt 0.4696132596685083 0.65
vt 0.4696132596685083 0.6625
vt 0.4696132596685083 0.675
vt 0.4696132596685083 0.6875
vt 0.4696132596685083 0.7
vt 0.4696132596685083 0.7125
vt 0.4696132596685083 0.725
vt 0.4696132596685083 0.7375
vt 0.4696132596685083 0.75
vt 0.4696132596685083 0.7625
vt 0.4696132596685083 0.775
vt 0.4696132596685083 0.7875
vt 0.4696132596685083 0.8
vt 0.4696132596685083 0.8125
vt 0.4696132596685083 0.825
vt 0.4696132596685083 0.8375
vt 0.4696132596685083 0.85
vt 0.4696132596685083 0.8625
vt 0.4696132596685083 0.875
vt 0.4696132596685083 0.8875
vt 0.4696132596685083 0.9
vt 0.4696132596685083 0.9125
vt 0.4696132596685083 0.925
vt 0.4696132596685083 0.9375
vt 0.4696132596685083 0.95
vt 0.4696132596685083 0.9625
vt 0.4696132596685083 0.975
vt 0.4696132596685083 0.9875
vt 0.4696132596685083 1
vt 0.4806629834254144 0
vt 0.4806629834254144 0.0125
vt 0.4806629834254144 0.025
vt 0.4806629834254144 0.0375
vt 0.4806629834254144 0.05
vt 0.4806629834254144 0.0625
vt 0.4806629834254144 0.075
vt 0.4806629834254144 0.0875
vt 0.4806629834254144 0.1
vt 0.4806629834254144 0.1125
vt 0.4806629834254144 0.125
vt 0.4806629834254144 0.1375
vt 0.4806629834254144 0.15
vt 0.4806629834254144 0.1625
vt 0.4806629834254144 0.175
vt 0.4806629834254144 0.1875
vt 0.4806629834254144 0.2
vt 0.4806629834254144 0.2125
vt 0.4806629834254144 0.225
vt 0.4806629834254144 0.2375
vt 0.4806629834254144 0.25
vt 0.4806629834254144 0.2625
vt 0.4806629834254144 0.275
vt 0.4806629834254144 0.2875
vt 0.4806629834254144 0.3
vt 0.4806629834254144 0.3125
vt 0.4806629834254144 0.325
vt 0.4806629834254144 0.3375
vt 0.4806629834254144 0.35
vt 0.4806629834254144 0.3625
vt 0.4806629834254144 0.375
vt 0.4806629834254144 0.3875
vt 0.4806629834254144 0.4
vt 0.4806629834254144 0.4125
vt 0.4806629834254144 0.425
vt 0.4806629834254144 0.4375
vt 0.4806629834254144 0.45
vt 0.4806629834254144 0.4625
vt 0.4806629834254144 0.475
vt 0.4806629834254144 0.4875
vt 0.4806629834254144 0.5
vt 0.4806629834254144 0.5125
vt 0.4806629834254144 0.525
vt 0.4806629834254144 0.5375
vt 0.4806629834254144 0.55
vt 0.4806629834254144 0.5625
vt 0.4806629834254144 0.575
vt 0.4806629834254144 0.5875
vt 0.4806629834254144 0.6
vt 0.4806629834254144 0.6125
vt 0.4806629834254144 0.625
vt 0.4806629834254144 0.6375
vt 0.4806629834254144 0.65
vt 0.4806629834254144 0.6625
vt 0.4806629834254144 0.675
vt 0.4806629834254144 0.6875
vt 0.4806629834254144 0.7
vt 0.4806629834254144 0.7125
vt 0.4806629834254144 0.725
vt 0.4806629834254144 0.7375
vt 0.4806629834254144 0.75
vt 0.4806629834254144 0.7625
vt 0.4806629834254144 0.775
vt 0.4806629834254144 0.7875
vt 0.4806629834254144 0.8
vt 0.4806629834254144 0.8125
vt 0.4806629834254144 0.825
vt 0.4806629834254144 0.8375
vt 0.4806629834254144 0.85
vt 0.4806629834254144 0.8625
vt 0.4806629834254144 0.875
vt 0.4806629834254144 0.8875
vt 0.4806629834254144 0.9
vt 0.4806629834254144 0.9125
vt 0.4806629834254144 0.925
vt 0.4806629834254144 0.9375
vt 0.4806629834254144 0.95
vt 0.4806629834254144 0.9625
vt 0.4806629834254144 0.975
vt 0.4806629834254144 0.9875
vt 0.4806629834254144 1
vt 0.4883977900552487 0
vt 0.4883977900552487 0.0125
vt 0.4883977900552487 0.025
vt 0.4883977900552487 0.0375
vt 0.4883977900552487 0.05
vt 0.4883977900552487 0.0625
vt 0.4883977900552487 0.075
vt 0.4883977900552487 0.0875
vt 0.4883977900552487 0.1
vt 0.4883977900552487 0.1125
vt 0.4883977900552487 0.125
vt 0.4883977900552487 0.1375
vt 0.4883977900552487 0.15
vt 0.4883977900552487 0.1625
vt 0.4883977900552487 0.175
vt 0.4883977900552487 0.1875
vt 0.4883977900552487 0.2
vt 0.4883977900552487 0.2125
vt 0.4883977900552487 0.225
vt 0.4883977900552487 0.2375
vt 0.4883977900552487 0.25
vt 0.4883977900552487 0.2625
vt 0.4883977900552487 0.275
vt 0.4883977900552487 0.2875
vt 0.4883977900552487 0.3
vt 0.4883977900552487 0.3125
vt 0.4883977900552487 0.325
vt 0.4883977900552487 0.3375
vt 0.4883977900552487 0.35
vt 0.4883977900552487 0.3625
vt 0.4883977900552487 0.375
vt 0.4883977900552487 0.3875
vt 0.4883977900552487 0.4
vt 0.4883977900552487 0.4125
vt 0.4883977900552487 0.425
vt 0.4883977900552487 0.4375
vt 0.4883977900552487 0.45
vt 0.4883977900552487 0.4625
vt 0.4883977900552487 0.475
vt 0.4883977900552487 0.4875
vt 0.4883977900552487 0.5
vt 0.4883977900552487 0.5125
vt 0.4883977900552487 0.525
vt 0.4883977900552487 0.5375
vt 0.4883977900552487 0.55
vt 0.4883977900552487 0.5625
vt 0.4883977900552487 0.575
vt 0.4883977900552487 0.5875
vt 0.4883977900552487 0.6
vt 0.4883977900552487 0.6125
vt 0.4883977900552487 0.625
vt 0.4883977900552487 0.6375
vt 0.4883977900552487 0.65
vt 0.4883977900552487 0.6625
vt 0.4883977900552487 0.675
vt 0.4883977900552487 0.6875
vt 0.4883977900552487 0.7
vt 0.4883977900552487 0.7125
vt 0.4883977900552487 0.725
vt 0.4883977900552487 0.7375
vt 0.4883977900552487 0.75
vt 0.4883977900552487 0.7625
vt 0.4883977900552487 0.775
vt 0.4883977900552487 0.7875
vt 0.4883977900552487 0.8
vt 0.4883977900552487 0.8125
vt 0.4883977900552487 0.825
vt 0.4883977900552487 0.8375
vt 0.4883977900552487 0.85
vt 0.4883977900552487 0.8625
vt 0.4883977900552487 0.875
vt 0.4883977900552487 0.8875
vt 0.4883977900552487 0.9
vt 0.4883977900552487 0.9125
vt 0.4883977900552487 0.925
vt 0.4883977900552487 0.9375
vt 0.4883977900552487 0.95
vt 0.4883977900552487 0.9625
vt 0.4883977900552487 0.975
vt 0.4883977900552487 0.9875
vt 0.4883977900552487 1
vt 0.49944751381215474 0
vt 0.49944751381215474 0.0125
vt 0.49944751381215474 0.025
vt 0.49944751381215474 0.0375
vt 0.49944751381215474 0.05
vt 0.49944751381215474 0.0625
vt 0.49944751381215474 0.075
vt 0.49944751381215474 0.0875
vt 0.49944751381215474 0.1
vt 0.49944751381215474 0.1125
vt 0.49944751381215474 0.125
vt 0.49944751381215474 0.1375
vt 0.49944751381215474 0.15
vt 0.49944751381215474 0.1625
vt 0.49944751381215474 0.175
vt 0.49944751381215474 0.1875
vt 0.49944751381215474 0.2
vt 0.49944751381215474 0.2125
vt 0.49944751381215474 0.225
vt 0.49944751381215474 0.2375
vt 0.49944751381215474 0.25
vt 0.49944751381215474 0.2625
vt 0.49944751381215474 0.275
vt 0.49944751381215474 0.2875
vt 0.49944751381215474 0.3
vt 0.49944751381215474 0.3125
vt 0.49944751381215474 0.325
vt 0.49944751381215474 0.3375
vt 0.49944751381215474 0.35
vt 0.49944751381215474 0.3625
vt 0.49944751381215474 0.375
vt 0.49944751381215474 0.3875
vt 0.49944751381215474 0.4
vt 0.49944751381215474 0.4125
vt 0.49944751381215474 0.425
vt 0.49944751381215474 0.4375
vt 0.49944751381215474 0.45
vt 0.49944751381215474 0.4625
vt 0.49944751381215474 0.475
vt 0.49944751381215474 0.4875
vt 0.49944751381215474 0.5
vt 0.49944751381215474 0.5125
vt 0.49944751381215474 0.525
vt 0.49944751381215474 0.5375
vt 0.49944751381215474 0.55
vt 0.49944751381215474 0.5625
vt 0.49944751381215474 0.575
vt 0.49944751381215474 0.5875
vt 0.49944751381215474 0.6
vt 0.49944751381215474 0.6125
vt 0.49944751381215474 0.625
vt 0.49944751381215474 0.6375
vt 0.49944751381215474 0.65
vt 0.49944751381215474 0.6625
vt 0.49944751381215474 0.675
vt 0.49944751381215474 0.6875
vt 0.49944751381215474 0.7
vt 0.49944751381215474 0.7125
vt 0.49944751381215474 0.725
vt 0.49944751381215474 0.7375
vt 0.49944751381215474 0.75
vt 0.49944751381215474 0.7625
vt 0.49944751381215474 0.775
vt 0.49944751381215474 0.7875
vt 0.49944751381215474 0.8
vt 0.49944751381215474 0.8125
vt 0.49944751381215474 0.825
vt 0.49944751381215474 0.8375
vt 0.49944751381215474 0.85
vt 0.49944751381215474 0.8625
vt 0.49944751381215474 0.875
vt 0.49944751381215474 0.8875
vt 0.49944751381215474 0.9
vt 0.49944751381215474 0.9125
vt 0.49944751381215474 0.925
vt 0.49944751381215474 0.9375
vt 0.49944751381215474 0.95
vt 0.49944751381215474 0.9625
vt 0.49944751381215474 0.975
vt 0.49944751381215474 0.9875
vt 0.49944751381215474 1
vt 0.5104972375690608 0
vt 0.5104972375690608 0.0125
vt 0.5104972375690608 0.025
vt 0.5104972375690608 0.0375
vt 0.5104972375690608 0.05
vt 0.5104972375690608 0.0625
vt 0.5104972375690608 0.075
vt 0.5104972375690608 0.0875
vt 0.5104972375690608 0.1
vt 0.5104972375690608 0.1125
vt 0.5104972375690608 0.125
vt 0.5104972375690608 0.1375
vt 0.5104972375690608 0.15
vt 0.5104972375690608 0.1625
vt 0.5104972375690608 0.175
vt 0.5104972375690608 0.1875
vt 0.5104972375690608 0.2
vt 0.5104972375690608 0.2125
vt 0.5104972375690608 0.225
vt 0.5104972375690608 0.2375
vt 0.5104972375690608 0.25
vt 0.5104972375690608 0.2625
vt 0.5104972375690608 0.275
vt 0.5104972375690608 0.2875
vt 0.5104972375690608 0.3
vt 0.5104972375690608 0.3125
vt 0.5104972375690608 0.325
vt 0.5104972375690608 0.3375
vt 0.5104972375690608 0.35
vt 0.5104972375690608 0.3625
vt 0.5104972375690608 0.375
vt 0.5104972375690608 0.3875
vt 0.5104972375690608 0.4
vt 0.5104972375690608 0.4125
vt 0.5104972375690608 0.425
vt 0.5104972375690608 0.4375
vt 0.5104972375690608 0.45
vt 0.5104972375690608 0.4625
vt 0.5104972375690608 0.475
vt 0.5104972375690608 0.4875
vt 0.5104972375690608 0.5
vt 0.5104972375690608 0.5125
vt 0.5104972375690608 0.525
vt 0.5104972375690608 0.5375
vt 0.5104972375690608 0.55
vt 0.5104972375690608 0.5625
vt 0.5104972375690608 0.575
vt 0.5104972375690608 0.5875
vt 0.5104972375690608 0.6
vt 0.5104972375690608 0.6125
vt 0.5104972375690608 0.625
vt 0.5104972375690608 0.6375
vt 0.5104972375690608 0.65
vt 0.5104972375690608 0.6625
vt 0.5104972375690608 0.675
vt 0.5104972375690608 0.6875
vt 0.5104972375690608 0.7
vt 0.5104972375690608 0.7125
vt 0.5104972375690608 0.725
vt 0.5104972375690608 0.7375
vt 0.5104972375690608 0.75
vt 0.5104972375690608 0.7625
vt 0.5104972375690608 0.775
vt 0.5104972375690608 0.7875
vt 0.5104972375690608 0.8
vt 0.5104972375690608 0.8125
vt 0.5104972375690608 0.825
vt 0.5104972375690608 0.8375
vt 0.5104972375690608 0.85
vt 0.5104972375690608 0.8625
vt 0.5104972375690608 0.875
vt 0.5104972375690608 0.8875
vt 0.5104972375690608 0.9
vt 0.5104972375690608 0.9125
vt 0.5104972375690608 0.925
vt 0.5104972375690608 0.9375
vt 0.5104972375690608 0.95
vt 0.5104972375690608 0.9625
vt 0.5104972375690608 0.975
vt 0.5104972375690608 0.9875
vt 0.5104972375690608 1
vt 0.5215469613259669 0
vt 0.5215469613259669 0.0125
vt 0.5215469613259669 0.025
vt 0.5215469613259669 0.0375
vt 0.5215469613259669 0.05
vt 0.5215469613259669 0.0625
vt 0.5215469613259669 0.075
vt 0.5215469613259669 0.0875
vt 0.5215469613259669 0.1
vt 0.5215469613259669 0.1125
vt 0.5215469613259669 0.125
vt 0.5215469613259669 0.1375
vt 0.5215469613259669 0.15
vt 0.5215469613259669 0.1625
vt 0.5215469613259669 0.175
vt 0.5215469613259669 0.1875
vt 0.5215469613259669 0.2
vt 0.5215469613259669 0.2125
vt 0.5215469613259669 0.225
vt 0.5215469613259669 0.2375
vt 0.5215469613259669 0.25
vt 0.5215469613259669 0.2625
vt 0.5215469613259669 0.275
vt 0.5215469613259669 0.2875
vt 0.5215469613259669 0.3
vt 0.5215469613259669 0.3125
vt 0.5215469613259669 0.325
vt 0.5215469613259669 0.3375
vt 0.5215469613259669 0.35
vt 0.5215469613259669 0.3625
vt 0.5215469613259669 0.375
vt 0.5215469613259669 0.3875
vt 0.5215469613259669 0.4
vt 0.5215469613259669 0.4125
vt 0.5215469613259669 0.425
vt 0.5215469613259669 0.4375
vt 0.5215469613259669 0.45
vt 0.5215469613259669 0.4625
vt 0.5215469613259669 0.475
vt 0.5215469613259669 0.4875
vt 0.5215469613259669 0.5
vt 0.5215469613259669 0.5125
vt 0.5215469613259669 0.525
vt 0.5215469613259669 0.5375
vt 0.5215469613259669 0.55
vt 0.5215469613259669 0.5625
vt 0.5215469613259669 0.575
vt 0.5215469613259669 0.5875
vt 0.5215469613259669 0.6
vt 0.5215469613259669 0.6125
vt 0.5215469613259669 0.625
vt 0.5215469613259669 0.6375
vt 0.5215469613259669 0.65
vt 0.5215469613259669 0.6625
vt 0.5215469613259669 0.675
vt 0.5215469613259669 0.6875
vt 0.5215469613259669 0.7
vt 0.5215469613259669 0.7125
vt 0.5215469613259669 0.725
vt 0.5215469613259669 0.7375
vt 0.5215469613259669 0.75
vt 0.5215469613259669 0.7625
vt 0.5215469613259669 0.775
vt 0.5215469613259669 0.7875
vt 0.5215469613259669 0.8
vt 0.5215469613259669 0.8125
vt 0.5215469613259669 0.825
vt 0.5215469613259669 0.8375
vt 0.5215469613259669 0.85
vt 0.5215469613259669 0.8625
vt 0.5215469613259669 0.875
vt 0.5215469613259669 0.8875
vt 0.5215469613259669 0.9
vt 0.5215469613259669 0.9125
vt 0.5215469613259669 0.925
vt 0.5215469613259669 0.9375
vt 0.5215469613259669 0.95
vt 0.5215469613259669 0.9625
vt 0.5215469613259669 0.975
vt 0.5215469613259669 0.9875
vt 0.5215469613259669 1
vt 0.5325966850828731 0
vt 0.5325966850828731 0.0125
vt 0.5325966850828731 0.025
vt 0.5325966850828731 0.0375
vt 0.5325966850828731 0.05
vt 0.5325966850828731 0.0625
vt 0.5325966850828731 0.075
vt 0.5325966850828731 0.0875
vt 0.5325966850828731 0.1
vt 0.5325966850828731 0.1125
vt 0.5325966850828731 0.125
vt 0.5325966850828731 0.1375
vt 0.5325966850828731 0.15
vt 0.5325966850828731 0.1625
vt 0.5325966850828731 0.175
vt 0.5325966850828731 0.1875
vt 0.5325966850828731 0.2
vt 0.5325966850828731 0.2125
vt 0.5325966850828731 0.225
vt 0.5325966850828731 0.2375
vt 0.5325966850828731 0.25
vt 0.5325966850828731 0.2625
vt 0.5325966850828731 0.275
vt 0.5325966850828731 0.2875
vt 0.5325966850828731 0.3
vt 0.5325966850828731 0.3125
vt 0.5325966850828731 0.325
vt 0.5325966850828731 0.3375
vt 0.5325966850828731 0.35
vt 0.5325966850828731 0.3625
vt 0.5325966850828731 0.375
vt 0.5325966850828731 0.3875
vt 0.5325966850828731 0.4
vt 0.5325966850828731 0.4125
vt 0.5325966850828731 0.425
vt 0.5325966850828731 0.4375
vt 0.5325966850828731 0.45
vt 0.5325966850828731 0.4625
vt 0.5325966850828731 0.475
vt 0.5325966850828731 0.4875
vt 0.5325966850828731 0.5
vt 0.5325966850828731 0.5125
vt 0.5325966850828731 0.525
vt 0.5325966850828731 0.5375
vt 0.5325966850828731 0.55
vt 0.5325966850828731 0.5625
vt 0.5325966850828731 0.575
vt 0.5325966850828731 0.5875
vt 0.5325966850828731 0.6
vt 0.5325966850828731 0.6125
vt 0.5325966850828731 0.625
vt 0.5325966850828731 0.6375
vt 0.5325966850828731 0.65
vt 0.5325966850828731 0.6625
vt 0.5325966850828731 0.675
vt 0.5325966850828731 0.6875
vt 0.5325966850828731 0.7
vt 0.5325966850828731 0.7125
vt 0.5325966850828731 0.725
vt 0.5325966850828731 0.7375
vt 0.5325966850828731 0.75
vt 0.5325966850828731 0.7625
vt 0.5325966850828731 0.775
vt 0.5325966850828731 0.7875
vt 0.5325966850828731 0.8
vt 0.5325966850828731 0.8125
vt 0.5325966850828731 0.825
vt 0.5325966850828731 0.8375
vt 0.5325966850828731 0.85
vt 0.5325966850828731 0.8625
vt 0.5325966850828731 0.875
vt 0.5325966850828731 0.8875
vt 0.5325966850828731 0.9
vt 0.5325966850828731 0.9125
vt 0.5325966850828731 0.925
vt 0.5325966850828731 0.9375
vt 0.5325966850828731 0.95
vt 0.5325966850828731 0.9625
vt 0.5325966850828731 0.975
vt 0.5325966850828731 0.9875
vt 0.5325966850828731 1
vt 0.543646408839779 0
vt 0.543646408839779 0.0125
vt 0.543646408839779 0.025
vt 0.543646408839779 0.0375
vt 0.543646408839779 0.05
vt 0.543646408839779 0.0625
vt 0.543646408839779 0.075
vt 0.543646408839779 0.0875
vt 0.543646408839779 0.1
vt 0.543646408839779 0.1125
vt 0.543646408839779 0.125
vt 0.543646408839779 0.1375
vt 0.543646408839779 0.15
vt 0.543646408839779 0.1625
vt 0.543646408839779 0.175
vt 0.543646408839779 0.1875
vt 0.543646408839779 0.2
vt 0.543646408839779 0.2125
vt 0.543646408839779 0.225
vt 0.543646408839779 0.2375
vt 0.543646408839779 0.25
vt 0.543646408839779 0.2625
vt 0.543646408839779 0.275
vt 0.543646408839779 0.2875
vt 0.543646408839779 0.3
vt 0.543646408839779 0.3125
vt 0.543646408839779 0.325
vt 0.543646408839779 0.3375
vt 0.543646408839779 0.35
vt 0.543646408839779 0.3625
vt 0.543646408839779 0.375
vt 0.543646408839779 0.3875
vt 0.543646408839779 0.4
vt 0.543646408839779 0.4125
vt 0.543646408839779 0.425
vt 0.543646408839779 0.4375
vt 0.543646408839779 0.45
vt 0.543646408839779 0.4625
vt 0.543646408839779 0.475
vt 0.543646408839779 0.4875
vt 0.543646408839779 0.5
vt 0.543646408839779 0.5125
vt 0.543646408839779 0.525
vt 0.543646408839779 0.5375
vt 0.543646408839779 0.55
vt 0.543646408839779 0.5625
vt 0.543646408839779 0.575
vt 0.543646408839779 0.5875
vt 0.543646408839779 0.6
vt 0.543646408839779 0.6125
vt 0.543646408839779 0.625
vt 0.543646408839779 0.6375
vt 0.543646408839779 0.65
vt 0.543646408839779 0.6625
vt 0.543646408839779 0.675
vt 0.543646408839779 0.6875
vt 0.543646408839779 0.7
vt 0.543646408839779 0.7125
vt 0.543646408839779 0.725
vt 0.543646408839779 0.7375
vt 0.543646408839779 0.75
vt 0.543646408839779 0.7625
vt 0.543646408839779 0.775
vt 0.543646408839779 0.7875
vt 0.543646408839779 0.8
vt 0.543646408839779 0.8125
vt 0.543646408839779 0.825
vt 0.543646408839779 0.8375
vt 0.543646408839779 0.85
vt 0.543646408839779 0.8625
vt 0.543646408839779 0.875
vt 0.543646408839779 0.8875
vt 0.543646408839779 0.9
vt 0.543646408839779 0.9125
vt 0.543646408839779 0.925
vt 0.543646408839779 0.9375
vt 0.543646408839779 0.95
vt 0.543646408839779 0.9625
vt 0.543646408839779 0.975
vt 0.543646408839779 0.9875
vt 0.543646408839779 1
vt 0.5513812154696134 0
vt 0.5513812154696134 0.0125
vt 0.5513812154696134 0.025
vt 0.5513812154696134 0.0375
vt 0.5513812154696134 0.05
vt 0.5513812154696134 0.0625
vt 0.5513812154696134 0.075
vt 0.5513812154696134 0.0875
vt 0.5513812154696134 0.1
vt 0.5513812154696134 0.1125
vt 0.5513812154696134 0.125
vt 0.5513812154696134 0.1375
vt 0.5513812154696134 0.15
vt 0.5513812154696134 0.1625
vt 0.5513812154696134 0.175
vt 0.5513812154696134 0.1875
vt 0.5513812154696134 0.2
vt 0.5513812154696134 0.2125
vt 0.5513812154696134 0.225
vt 0.5513812154696134 0.2375
vt 0.5513812154696134 0.25
vt 0.5513812154696134 0.2625
vt 0.5513812154696134 0.275
vt 0.5513812154696134 0.2875
vt 0.5513812154696134 0.3
vt 0.5513812154696134 0.3125
vt 0.5513812154696134 0.325
vt 0.5513812154696134 0.3375
vt 0.5513812154696134 0.35
vt 0.5513812154696134 0.3625
vt 0.5513812154696134 0.375
vt 0.5513812154696134 0.3875
vt 0.5513812154696134 0.4
vt 0.5513812154696134 0.4125
vt 0.5513812154696134 0.425
vt 0.5513812154696134 0.4375
vt 0.5513812154696134 0.45
vt 0.5513812154696134 0.4625
vt 0.5513812154696134 0.475
vt 0.5513812154696134 0.4875
vt 0.5513812154696134 0.5
vt 0.5513812154696134 0.5125
vt 0.5513812154696134 0.525
vt 0.5513812154696134 0.5375
vt 0.5513812154696134 0.55
vt 0.5513812154696134 0.5625
vt 0.5513812154696134 0.575
vt 0.5513812154696134 0.5875
vt 0.5513812154696134 0.6
vt 0.5513812154696134 0.6125
vt 0.5513812154696134 0.625
vt 0.5513812154696134 0.6375
vt 0.5513812154696134 0.65
vt 0.5513812154696134 0.6625
vt 0.5513812154696134 0.675
vt 0.5513812154696134 0.6875
vt 0.5513812154696134 0.7
vt 0.5513812154696134 0.7125
vt 0.5513812154696134 0.725
vt 0.5513812154696134 0.7375
vt 0.5513812154696134 0.75
vt 0.5513812154696134 0.7625
vt 0.5513812154696134 0.775
vt 0.5513812154696134 0.7875
vt 0.5513812154696134 0.8
vt 0.5513812154696134 0.8125
vt 0.5513812154696134 0.825
vt 0.5513812154696134 0.8375
vt 0.5513812154696134 0.85
vt 0.5513812154696134 0.8625
vt 0.5513812154696134 0.875
vt 0.5513812154696134 0.8875
vt 0.5513812154696134 0.9
vt 0.5513812154696134 0.9125
vt 0.5513812154696134 0.925
vt 0.5513812154696134 0.9375
vt 0.5513812154696134 0.95
vt 0.5513812154696134 0.9625
vt 0.5513812154696134 0.975
vt 0.5513812154696134 0.9875
vt 0.5513812154696134 1
vt 0.5624309392265194 0
vt 0.5624309392265194 0.0125
vt 0.5624309392265194 0.025
vt 0.5624309392265194 0.0375
vt 0.5624309392265194 0.05
vt 0.5624309392265194 0.0625
vt 0.5624309392265194 0.075
vt 0.5624309392265194 0.0875
vt 0.5624309392265194 0.1
vt 0.5624309392265194 0.1125
vt 0.5624309392265194 0.125
vt 0.5624309392265194 0.1375
vt 0.5624309392265194 0.15
vt 0.5624309392265194 0.1625
vt 0.5624309392265194 0.175
vt 0.5624309392265194 0.1875
vt 0.5624309392265194 0.2
vt 0.5624309392265194 0.2125
vt 0.5624309392265194 0.225
vt 0.5624309392265194 0.2375
vt 0.5624309392265194 0.25
vt 0.5624309392265194 0.2625
vt 0.5624309392265194 0.275
vt 0.5624309392265194 0.2875
vt 0.5624309392265194 0.3
vt 0.5624309392265194 0.3125
vt 0.5624309392265194 0.325
vt 0.5624309392265194 0.3375
vt 0.5624309392265194 0.35
vt 0.5624309392265194 0.3625
vt 0.5624309392265194 0.375
vt 0.5624309392265194 0.3875
vt 0.5624309392265194 0.4
vt 0.5624309392265194 0.4125
vt 0.5624309392265194 0.425
vt 0.5624309392265194 0.4375
vt 0.5624309392265194 0.45
vt 0.5624309392265194 0.4625
vt 0.5624309392265194 0.475
vt 0.5624309392265194 0.4875
vt 0.5624309392265194 0.5
vt 0.5624309392265194 0.5125
vt 0.5624309392265194 0.525
vt 0.5624309392265194 0.5375
vt 0.5624309392265194 0.55
vt 0.5624309392265194 0.5625
vt 0.5624309392265194 0.575
vt 0.5624309392265194 0.5875
vt 0.5624309392265194 0.6
vt 0.5624309392265194 0.6125
vt 0.5624309392265194 0.625
vt 0.5624309392265194 0.6375
vt 0.5624309392265194 0.65
vt 0.5624309392265194 0.6625
vt 0.5624309392265194 0.675
vt 0.5624309392265194 0.6875
vt 0.5624309392265194 0.7
vt 0.5624309392265194 0.7125
vt 0.5624309392265194 0.725
vt 0.5624309392265194 0.7375
vt 0.5624309392265194 0.75
vt 0.5624309392265194 0.7625
vt 0.5624309392265194 0.775
vt 0.5624309392265194 0.7875
vt 0.5624309392265194 0.8
vt 0.5624309392265194 0.8125
vt 0.5624309392265194 0.825
vt 0.5624309392265194 0.8375
vt 0.5624309392265194 0.85
vt 0.5624309392265194 0.8625
vt 0.5624309392265194 0.875
vt 0.5624309392265194 0.8875
vt 0.5624309392265194 0.9
vt 0.5624309392265194 0.9125
vt 0.5624309392265194 0.925
vt 0.5624309392265194 0.9375
vt 0.5624309392265194 0.95
vt 0.5624309392265194 0.9625
vt 0.5624309392265194 0.975
vt 0.5624309392265194 0.9875
vt 0.5624309392265194 1
vt 0.5734806629834255 0
vt 0.5734806629834255 0.0125
vt 0.5734806629834255 0.025
vt 0.5734806629834255 0.0375
vt 0.5734806629834255 0.05
vt 0.5734806629834255 0.0625
vt 0.5734806629834255 0.075
vt 0.5734806629834255 0.0875
vt 0.5734806629834255 0.1
vt 0.5734806629834255 0.1125
vt 0.5734806629834255 0.125
vt 0.5734806629834255 0.1375
vt 0.5734806629834255 0.15
vt 0.5734806629834255 0.1625
vt 0.5734806629834255 0.175
vt 0.5734806629834255 0.1875
vt 0.5734806629834255 0.2
vt 0.5734806629834255 0.2125
vt 0.5734806629834255 0.225
vt 0.5734806629834255 0.2375
vt 0.5734806629834255 0.25
vt 0.5734806629834255 0.2625
vt 0.5734806629834255 0.275
vt 0.5734806629834255 0.2875
vt 0.5734806629834255 0.3
vt 0.5734806629834255 0.3125
vt 0.5734806629834255 0.325
vt 0.5734806629834255 0.3375
vt 0.5734806629834255 0.35
vt 0.5734806629834255 0.3625
vt 0.5734806629834255 0.375
vt 0.5734806629834255 0.3875
vt 0.5734806629834255 0.4
vt 0.5734806629834255 0.4125
vt 0.5734806629834255 0.425
vt 0.5734806629834255 0.4375
vt 0.5734806629834255 0.45
vt 0.5734806629834255 0.4625
vt 0.5734806629834255 0.475
vt 0.5734806629834255 0.4875
vt 0.5734806629834255 0.5
vt 0.5734806629834255 0.5125
vt 0.5734806629834255 0.525
vt 0.5734806629834255 0.5375
vt 0.5734806629834255 0.55
vt 0.5734806629834255 0.5625
vt 0.5734806629834255 0.575
vt 0.5734806629834255 0.5875
vt 0.5734806629834255 0.6
vt 0.5734806629834255 0.6125
vt 0.5734806629834255 0.625
vt 0.5734806629834255 0.6375
vt 0.5734806629834255 0.65
vt 0.5734806629834255 0.6625
vt 0.5734806629834255 0.675
vt 0.5734806629834255 0.6875
vt 0.5734806629834255 0.7
vt 0.5734806629834255 0.7125
vt 0.5734806629834255 0.725
vt 0.5734806629834255 0.7375
vt 0.5734806629834255 0.75
vt 0.5734806629834255 0.7625
vt 0.5734806629834255 0.775
vt 0.5734806629834255 0.7875
vt 0.5734806629834255 0.8
vt 0.5734806629834255 0.8125
vt 0.5734806629834255 0.825
vt 0.5734806629834255 0.8375
vt 0.5734806629834255 0.85
vt 0.5734806629834255 0.8625
vt 0.5734806629834255 0.875
vt 0.5734806629834255 0.8875
vt 0.5734806629834255 0.9
vt 0.5734806629834255 0.9125
vt 0.5734806629834255 0.925
vt 0.5734806629834255 0.9375
vt 0.5734806629834255 0.95
vt 0.5734806629834255 0.9625
vt 0.5734806629834255 0.975
vt 0.5734806629834255 0.9875
vt 0.5734806629834255 1
vt 0.5845303867403316 0
vt 0.5845303867403316 0.0125
vt 0.5845303867403316 0.025
vt 0.5845303867403316 0.0375
vt 0.5845303867403316 0.05
vt 0.5845303867403316 0.0625
vt 0.5845303867403316 0.075
vt 0.5845303867403316 0.0875
vt 0.5845303867403316 0.1
vt 0.5845303867403316 0.1125
vt 0.5845303867403316 0.125
vt 0.5845303867403316 0.1375
vt 0.5845303867403316 0.15
vt 0.5845303867403316 0.1625
vt 0.5845303867403316 0.175
vt 0.5845303867403316 0.1875
vt 0.5845303867403316 0.2
vt 0.5845303867403316 0.2125
vt 0.5845303867403316 0.225
vt 0.5845303867403316 0.2375
vt 0.5845303867403316 0.25
vt 0.5845303867403316 0.2625
vt 0.5845303867403316 0.275
vt 0.5845303867403316 0.2875
vt 0.5845303867403316 0.3
vt 0.5845303867403316 0.3125
vt 0.5845303867403316 0.325
vt 0.5845303867403316 0.3375
vt 0.5845303867403316 0.35
vt 0.5845303867403316 0.3625
vt 0.5845303867403316 0.375
vt 0.5845303867403316 0.3875
vt 0.5845303867403316 0.4
vt 0.5845303867403316 0.4125
vt 0.5845303867403316 0.425
vt 0.5845303867403316 0.4375
vt 0.5845303867403316 0.45
vt 0.5845303867403316 0.4625
vt 0.5845303867403316 0.475
vt 0.5845303867403316 0.4875
vt 0.5845303867403316 0.5
vt 0.5845303867403316 0.5125
vt 0.5845303867403316 0.525
vt 0.5845303867403316 0.5375
vt 0.5845303867403316 0.55
vt 0.5845303867403316 0.5625
vt 0.5845303867403316 0.575
vt 0.5845303867403316 0.5875
vt 0.5845303867403316 0.6
vt 0.5845303867403316 0.6125
vt 0.5845303867403316 0.625
vt 0.5845303867403316 0.6375
vt 0.5845303867403316 0.65
vt 0.5845303867403316 0.6625
vt 0.5845303867403316 0.675
vt 0.5845303867403316 0.6875
vt 0.5845303867403316 0.7
vt 0.5845303867403316 0.7125
vt 0.5845303867403316 0.725
vt 0.5845303867403316 0.7375
vt 0.5845303867403316 0.75
vt 0.5845303867403316 0.7625
vt 0.5845303867403316 0.775
vt 0.5845303867403316 0.7875
vt 0.5845303867403316 0.8
vt 0.5845303867403316 0.8125
vt 0.5845303867403316 0.825
vt 0.5845303867403316 0.8375
vt 0.5845303867403316 0.85
vt 0.5845303867403316 0.8625
vt 0.5845303867403316 0.875
vt 0.5845303867403316 0.8875
vt 0.5845303867403316 0.9
vt 0.5845303867403316 0.9125
vt 0.5845303867403316 0.925
vt 0.5845303867403316 0.9375
vt 0.5845303867403316 0.95
vt 0.5845303867403316 0.9625
vt 0.5845303867403316 0.975
vt 0.5845303867403316 0.9875
vt 0.5845303867403316 1
vt 0.5955801104972376 0
vt 0.5955801104972376 0.0125
vt 0.5955801104972376 0.025
vt 0.5955801104972376 0.0375
vt 0.5955801104972376 0.05
vt 0.5955801104972376 0.0625
vt 0.5955801104972376 0.075
vt 0.5955801104972376 0.0875
vt 0.5955801104972376 0.1
vt 0.5955801104972376 0.1125
vt 0.5955801104972376 0.125
vt 0.5955801104972376 0.1375
vt 0.5955801104972376 0.15
vt 0.5955801104972376 0.1625
vt 0.5955801104972376 0.175
vt 0.5955801104972376 0.1875
vt 0.5955801104972376 0.2
vt 0.5955801104972376 0.2125
vt 0.5955801104972376 0.225
vt 0.5955801104972376 0.2375
vt 0.5955801104972376 0.25
vt 0.5955801104972376 0.2625
vt 0.5955801104972376 0.275
vt 0.5955801104972376 0.2875
vt 0.5955801104972376 0.3
vt 0.5955801104972376 0.3125
vt 0.5955801104972376 0.325
vt 0.5955801104972376 0.3375
vt 0.5955801104972376 0.35
vt 0.5955801104972376 0.3625
vt 0.5955801104972376 0.375
vt 0.5955801104972376 0.3875
vt 0.5955801104972376 0.4
vt 0.5955801104972376 0.4125
vt 0.5955801104972376 0.425
vt 0.5955801104972376 0.4375
vt 0.5955801104972376 0.45
vt 0.5955801104972376 0.4625
vt 0.5955801104972376 0.475
vt 0.5955801104972376 0.4875
vt 0.5955801104972376 0.5
vt 0.5955801104972376 0.5125
vt 0.5955801104972376 0.525
vt 0.5955801104972376 0.5375
vt 0.5955801104972376 0.55
vt 0.5955801104972376 0.5625
vt 0.5955801104972376 0.575
vt 0.5955801104972376 0.5875
vt 0.5955801104972376 0.6
vt 0.5955801104972376 0.6125
vt 0.5955801104972376 0.625
vt 0.5955801104972376 0.6375
vt 0.5955801104972376 0.65
vt 0.5955801104972376 0.6625
vt 0.5955801104972376 0.675
vt 0.5955801104972376 0.6875
vt 0.5955801104972376 0.7
vt 0.5955801104972376 0.7125
vt 0.5955801104972376 0.725
vt 0.5955801104972376 0.7375
vt 0.5955801104972376 0.75
vt 0.5955801104972376 0.7625
vt 0.5955801104972376 0.775
vt 0.5955801104972376 0.7875
vt 0.5955801104972376 0.8
vt 0.5955801104972376 0.8125
vt 0.5955801104972376 0.825
vt 0.5955801104972376 0.8375
vt 0.5955801104972376 0.85
vt 0.5955801104972376 0.8625
vt 0.5955801104972376 0.875
vt 0.5955801104972376 0.8875
vt 0.5955801104972376 0.9
vt 0.5955801104972376 0.9125
vt 0.5955801104972376 0.925
vt 0.5955801104972376 0.9375
vt 0.5955801104972376 0.95
vt 0.5955801104972376 0.9625
vt 0.5955801104972376 0.975
vt 0.5955801104972376 0.9875
vt 0.5955801104972376 1
vt 0.6066298342541437 0
vt 0.6066298342541437 0.0125
vt 0.6066298342541437 0.025
vt 0.6066298342541437 0.0375
vt 0.6066298342541437 0.05
vt 0.6066298342541437 0.0625
vt 0.6066298342541437 0.075
vt 0.6066298342541437 0.0875
vt 0.6066298342541437 0.1
vt 0.6066298342541437 0.1125
vt 0.6066298342541437 0.125
vt 0.6066298342541437 0.1375
vt 0.6066298342541437 0.15
vt 0.6066298342541437 0.1625
vt 0.6066298342541437 0.175
vt 0.6066298342541437 0.1875
vt 0.6066298342541437 0.2
vt 0.6066298342541437 0.2125
vt 0.6066298342541437 0.225
vt 0.6066298342541437 0.2375
vt 0.6066298342541437 0.25
vt 0.6066298342541437 0.2625
vt 0.6066298342541437 0.275
vt 0.6066298342541437 0.2875
vt 0.6066298342541437 0.3
vt 0.6066298342541437 0.3125
vt 0.6066298342541437 0.325
vt 0.6066298342541437 0.3375
vt 0.6066298342541437 0.35
vt 0.6066298342541437 0.3625
vt 0.6066298342541437 0.375
vt 0.6066298342541437 0.3875
vt 0.6066298342541437 0.4
vt 0.6066298342541437 0.4125
vt 0.6066298342541437 0.425
vt 0.6066298342541437 0.4375
vt 0.6066298342541437 0.45
vt 0.6066298342541437 0.4625
vt 0.6066298342541437 0.475
vt 0.6066298342541437 0.4875
vt 0.6066298342541437 0.5
vt 0.6066298342541437 0.5125
vt 0.6066298342541437 0.525
vt 0.6066298342541437 0.5375
vt 0.6066298342541437 0.55
vt 0.6066298342541437 0.5625
vt 0.6066298342541437 0.575
vt 0.6066298342541437 0.5875
vt 0.6066298342541437 0.6
vt 0.6066298342541437 0.6125
vt 0.6066298342541437 0.625
vt 0.6066298342541437 0.6375
vt 0.6066298342541437 0.65
vt 0.6066298342541437 0.6625
vt 0.6066298342541437 0.675
vt 0.6066298342541437 0.6875
vt 0.6066298342541437 0.7
vt 0.6066298342541437 0.7125
vt 0.6066298342541437 0.725
vt 0.6066298342541437 0.7375
vt 0.6066298342541437 0.75
vt 0.6066298342541437 0.7625
vt 0.6066298342541437 0.775
vt 0.6066298342541437 0.7875
vt 0.6066298342541437 0.8
vt 0.6066298342541437 0.8125
vt 0.6066298342541437 0.825
vt 0.6066298342541437 0.8375
vt 0.6066298342541437 0.85
vt 0.6066298342541437 0.8625
vt 0.6066298342541437 0.875
vt 0.6066298342541437 0.8875
vt 0.6066298342541437 0.9
vt 0.6066298342541437 0.9125
vt 0.6066298342541437 0.925
vt 0.6066298342541437 0.9375
vt 0.6066298342541437 0.95
vt 0.6066298342541437 0.9625
vt 0.6066298342541437 0.975
vt 0.6066298342541437 0.9875
vt 0.6066298342541437 1
vt 0.6143646408839779 0
vt 0.6143646408839779 0.0125
vt 0.6143646408839779 0.025
vt 0.6143646408839779 0.0375
vt 0.6143646408839779 0.05
vt 0.6143646408839779 0.0625
vt 0.6143646408839779 0.075
vt 0.6143646408839779 0.0875
vt 0.6143646408839779 0.1
vt 0.6143646408839779 0.1125
vt 0.6143646408839779 0.125
vt 0.6143646408839779 0.1375
vt 0.6143646408839779 0.15
vt 0.6143646408839779 0.1625
vt 0.6143646408839779 0.175
vt 0.6143646408839779 0.1875
vt 0.6143646408839779 0.2
vt 0.6143646408839779 0.2125
vt 0.6143646408839779 0.225
vt 0.6143646408839779 0.2375
vt 0.6143646408839779 0.25
vt 0.6143646408839779 0.2625
vt 0.6143646408839779 0.275
vt 0.6143646408839779 0.2875
vt 0.6143646408839779 0.3
vt 0.6143646408839779 0.3125
vt 0.6143646408839779 0.325
vt 0.6143646408839779 0.3375
vt 0.6143646408839779 0.35
vt 0.6143646408839779 0.3625
vt 0.6143646408839779 0.375
vt 0.6143646408839779 0.3875
vt 0.6143646408839779 0.4
vt 0.6143646408839779 0.4125
vt 0.6143646408839779 0.425
vt 0.6143646408839779 0.4375
vt 0.6143646408839779 0.45
vt 0.6143646408839779 0.4625
vt 0.6143646408839779 0.475
vt 0.6143646408839779 0.4875
vt 0.6143646408839779 0.5
vt 0.6143646408839779 0.5125
vt 0.6143646408839779 0.525
vt 0.6143646408839779 0.5375
vt 0.6143646408839779 0.55
vt 0.6143646408839779 0.5625
vt 0.6143646408839779 0.575
vt 0.6143646408839779 0.5875
vt 0.6143646408839779 0.6
vt 0.6143646408839779 0.6125
vt 0.6143646408839779 0.625
vt 0.6143646408839779 0.6375
vt 0.6143646408839779 0.65
vt 0.6143646408839779 0.6625
vt 0.6143646408839779 0.675
vt 0.6143646408839779 0.6875
vt 0.6143646408839779 0.7
vt 0.6143646408839779 0.7125
vt 0.6143646408839779 0.725
vt 0.6143646408839779 0.7375
vt 0.6143646408839779 0.75
vt 0.6143646408839779 0.7625
vt 0.6143646408839779 0.775
vt 0.6143646408839779 0.7875
vt 0.6143646408839779 0.8
vt 0.6143646408839779 0.8125
vt 0.6143646408839779 0.825
vt 0.6143646408839779 0.8375
vt 0.6143646408839779 0.85
vt 0.6143646408839779 0.8625
vt 0.6143646408839779 0.875
vt 0.6143646408839779 0.8875
vt 0.6143646408839779 0.9
vt 0.6143646408839779 0.9125
vt 0.6143646408839779 0.925
vt 0.6143646408839779 0.9375
vt 0.6143646408839779 0.95
vt 0.6143646408839779 0.9625
vt 0.6143646408839779 0.975
vt 0.6143646408839779 0.9875
vt 0.6143646408839779 1
vt 0.6254143646408841 0
vt 0.6254143646408841 0.0125
vt 0.6254143646408841 0.025
vt 0.6254143646408841 0.0375
vt 0.6254143646408841 0.05
vt 0.6254143646408841 0.0625
vt 0.6254143646408841 0.075
vt 0.6254143646408841 0.0875
vt 0.6254143646408841 0.1
vt 0.6254143646408841 0.1125
vt 0.6254143646408841 0.125
vt 0.6254143646408841 0.1375
vt 0.6254143646408841 0.15
vt 0.6254143646408841 0.1625
vt 0.6254143646408841 0.175
vt 0.6254143646408841 0.1875
vt 0.6254143646408841 0.2
vt 0.6254143646408841 0.2125
vt 0.6254143646408841 0.225
vt 0.6254143646408841 0.2375
vt 0.6254143646408841 0.25
vt 0.6254143646408841 0.2625
vt 0.6254143646408841 0.275
vt 0.6254143646408841 0.2875
vt 0.6254143646408841 0.3
vt 0.6254143646408841 0.3125
vt 0.6254143646408841 0.325
vt 0.6254143646408841 0.3375
vt 0.6254143646408841 0.35
vt 0.6254143646408841 0.3625
vt 0.6254143646408841 0.375
vt 0.6254143646408841 0.3875
vt 0.6254143646408841 0.4
vt 0.6254143646408841 0.4125
vt 0.6254143646408841 0.425
vt 0.6254143646408841 0.4375
vt 0.6254143646408841 0.45
vt 0.6254143646408841 0.4625
vt 0.6254143646408841 0.475
vt 0.6254143646408841 0.4875
vt 0.6254143646408841 0.5
vt 0.6254143646408841 0.5125
vt 0.6254143646408841 0.525
vt 0.6254143646408841 0.5375
vt 0.6254143646408841 0.55
vt 0.6254143646408841 0.5625
vt 0.6254143646408841 0.575
vt 0.6254143646408841 0.5875
vt 0.6254143646408841 0.6
vt 0.6254143646408841 0.6125
vt 0.6254143646408841 0.625
vt 0.6254143646408841 0.6375
vt 0.6254143646408841 0.65
vt 0.6254143646408841 0.6625
vt 0.6254143646408841 0.675
vt 0.6254143646408841 0.6875
vt 0.6254143646408841 0.7
vt 0.6254143646408841 0.7125
vt 0.6254143646408841 0.725
vt 0.6254143646408841 0.7375
vt 0.6254143646408841 0.75
vt 0.6254143646408841 0.7625
vt 0.6254143646408841 0.775
vt 0.6254143646408841 0.7875
vt 0.6254143646408841 0.8
vt 0.6254143646408841 0.8125
vt 0.6254143646408841 0.825
vt 0.6254143646408841 0.8375
vt 0.6254143646408841 0.85
vt 0.6254143646408841 0.8625
vt 0.6254143646408841 0.875
vt 0.6254143646408841 0.8875
vt 0.6254143646408841 0.9
vt 0.6254143646408841 0.9125
vt 0.6254143646408841 0.925
vt 0.6254143646408841 0.9375
vt 0.6254143646408841 0.95
vt 0.6254143646408841 0.9625
vt 0.6254143646408841 0.975
vt 0.6254143646408841 0.9875
vt 0.6254143646408841 1
vt 0.6364640883977901 0
vt 0.6364640883977901 0.0125
vt 0.6364640883977901 0.025
vt 0.6364640883977901 0.0375
vt 0.6364640883977901 0.05
vt 0.6364640883977901 0.0625
vt 0.6364640883977901 0.075
vt 0.6364640883977901 0.0875
vt 0.6364640883977901 0.1
vt 0.6364640883977901 0.1125
vt 0.6364640883977901 0.125
vt 0.6364640883977901 0.1375
vt 0.6364640883977901 0.15
vt 0.6364640883977901 0.1625
vt 0.6364640883977901 0.175
vt 0.6364640883977901 0.1875
vt 0.6364640883977901 0.2
vt 0.6364640883977901 0.2125
vt 0.6364640883977901 0.225
vt 0.6364640883977901 0.2375
vt 0.6364640883977901 0.25
vt 0.6364640883977901 0.2625
vt 0.6364640883977901 0.275
vt 0.6364640883977901 0.2875
vt 0.6364640883977901 0.3
vt 0.6364640883977901 0.3125
vt 0.6364640883977901 0.325
vt 0.6364640883977901 0.3375
vt 0.6364640883977901 0.35
vt 0.6364640883977901 0.3625
vt 0.6364640883977901 0.375
vt 0.6364640883977901 0.3875
vt 0.6364640883977901 0.4
vt 0.6364640883977901 0.4125
vt 0.6364640883977901 0.425
vt 0.6364640883977901 0.4375
vt 0.6364640883977901 0.45
vt 0.6364640883977901 0.4625
vt 0.6364640883977901 0.475
vt 0.6364640883977901 0.4875
vt 0.6364640883977901 0.5
vt 0.6364640883977901 0.5125
vt 0.6364640883977901 0.525
vt 0.6364640883977901 0.5375
vt 0.6364640883977901 0.55
vt 0.6364640883977901 0.5625
vt 0.6364640883977901 0.575
vt 0.6364640883977901 0.5875
vt 0.6364640883977901 0.6
vt 0.6364640883977901 0.6125
vt 0.6364640883977901 0.625
vt 0.6364640883977901 0.6375
vt 0.6364640883977901 0.65
vt 0.6364640883977901 0.6625
vt 0.6364640883977901 0.675
vt 0.6364640883977901 0.6875
vt 0.6364640883977901 0.7
vt 0.6364640883977901 0.7125
vt 0.6364640883977901 0.725
vt 0.6364640883977901 0.7375
vt 0.6364640883977901 0.75
vt 0.6364640883977901 0.7625
vt 0.6364640883977901 0.775
vt 0.6364640883977901 0.7875
vt 0.6364640883977901 0.8
vt 0.6364640883977901 0.8125
vt 0.6364640883977901 0.825
vt 0.6364640883977901 0.8375
vt 0.6364640883977901 0.85
vt 0.6364640883977901 0.8625
vt 0.6364640883977901 0.875
vt 0.6364640883977901 0.8875
vt 0.6364640883977901 0.9
vt 0.6364640883977901 0.9125
vt 0.6364640883977901 0.925
vt 0.6364640883977901 0.9375
vt 0.6364640883977901 0.95
vt 0.6364640883977901 0.9625
vt 0.6364640883977901 0.975
vt 0.6364640883977901 0.9875
vt 0.6364640883977901 1
vt 0.6475138121546962 0
vt 0.6475138121546962 0.0125
vt 0.6475138121546962 0.025
vt 0.6475138121546962 0.0375
vt 0.6475138121546962 0.05
vt 0.6475138121546962 0.0625
vt 0.6475138121546962 0.075
vt 0.6475138121546962 0.0875
vt 0.6475138121546962 0.1
vt 0.6475138121546962 0.1125
vt 0.6475138121546962 0.125
vt 0.6475138121546962 0.1375
vt 0.6475138121546962 0.15
vt 0.6475138121546962 0.1625
vt 0.6475138121546962 0.175
vt 0.6475138121546962 0.1875
vt 0.6475138121546962 0.2
vt 0.6475138121546962 0.2125
vt 0.6475138121546962 0.225
vt 0.6475138121546962 0.2375
vt 0.6475138121546962 0.25
vt 0.6475138121546962 0.2625
vt 0.6475138121546962 0.275
vt 0.6475138121546962 0.2875
vt 0.6475138121546962 0.3
vt 0.6475138121546962 0.3125
vt 0.6475138121546962 0.325
vt 0.6475138121546962 0.3375
vt 0.6475138121546962 0.35
vt 0.6475138121546962 0.3625
vt 0.6475138121546962 0.375
vt 0.6475138121546962 0.3875
vt 0.6475138121546962 0.4
vt 0.6475138121546962 0.4125
vt 0.6475138121546962 0.425
vt 0.6475138121546962 0.4375
vt 0.6475138121546962 0.45
vt 0.6475138121546962 0.4625
vt 0.6475138121546962 0.475
vt 0.6475138121546962 0.4875
vt 0.6475138121546962 0.5
vt 0.6475138121546962 0.5125
vt 0.6475138121546962 0.525
vt 0.6475138121546962 0.5375
vt 0.6475138121546962 0.55
vt 0.6475138121546962 0.5625
vt 0.6475138121546962 0.575
vt 0.6475138121546962 0.5875
vt 0.6475138121546962 0.6
vt 0.6475138121546962 0.6125
vt 0.6475138121546962 0.625
vt 0.6475138121546962 0.6375
vt 0.6475138121546962 0.65
vt 0.6475138121546962 0.6625
vt 0.6475138121546962 0.675
vt 0.6475138121546962 0.6875
vt 0.6475138121546962 0.7
vt 0.6475138121546962 0.7125
vt 0.6475138121546962 0.725
vt 0.6475138121546962 0.7375
vt 0.6475138121546962 0.75
vt 0.6475138121546962 0.7625
vt 0.6475138121546962 0.775
vt 0.6475138121546962 0.7875
vt 0.6475138121546962 0.8
vt 0.6475138121546962 0.8125
vt 0.6475138121546962 0.825
vt 0.6475138121546962 0.8375
vt 0.6475138121546962 0.85
vt 0.6475138121546962 0.8625
vt 0.6475138121546962 0.875
vt 0.6475138121546962 0.8875
vt 0.6475138121546962 0.9
vt 0.6475138121546962 0.9125
vt 0.6475138121546962 0.925
vt 0.6475138121546962 0.9375
vt 0.6475138121546962 0.95
vt 0.6475138121546962 0.9625
vt 0.6475138121546962 0.975
vt 0.6475138121546962 0.9875
vt 0.6475138121546962 1
vt 0.6585635359116022 0
vt 0.6585635359116022 0.0125
vt 0.6585635359116022 0.025
vt 0.6585635359116022 0.0375
vt 0.6585635359116022 0.05
vt 0.6585635359116022 0.0625
vt 0.6585635359116022 0.075
vt 0.6585635359116022 0.0875
vt 0.6585635359116022 0.1
vt 0.6585635359116022 0.1125
vt 0.6585635359116022 0.125
vt 0.6585635359116022 0.1375
vt 0.6585635359116022 0.15
vt 0.6585635359116022 0.1625
vt 0.6585635359116022 0.175
vt 0.6585635359116022 0.1875
vt 0.6585635359116022 0.2
vt 0.6585635359116022 0.2125
vt 0.6585635359116022 0.225
vt 0.6585635359116022 0.2375
vt 0.6585635359116022 0.25
vt 0.6585635359116022 0.2625
vt 0.6585635359116022 0.275
vt 0.6585635359116022 0.2875
vt 0.6585635359116022 0.3
vt 0.6585635359116022 0.3125
vt 0.6585635359116022 0.325
vt 0.6585635359116022 0.3375
vt 0.6585635359116022 0.35
vt 0.6585635359116022 0.3625
vt 0.6585635359116022 0.375
vt 0.6585635359116022 0.3875
vt 0.6585635359116022 0.4
vt 0.6585635359116022 0.4125
vt 0.6585635359116022 0.425
vt 0.6585635359116022 0.4375
vt 0.6585635359116022 0.45
vt 0.6585635359116022 0.4625
vt 0.6585635359116022 0.475
vt 0.6585635359116022 0.4875
vt 0.6585635359116022 0.5
vt 0.6585635359116022 0.5125
vt 0.6585635359116022 0.525
vt 0.6585635359116022 0.5375
vt 0.6585635359116022 0.55
vt 0.6585635359116022 0.5625
vt 0.6585635359116022 0.575
vt 0.6585635359116022 0.5875
vt 0.6585635359116022 0.6
vt 0.6585635359116022 0.6125
vt 0.6585635359116022 0.625
vt 0.6585635359116022 0.6375
vt 0.6585635359116022 0.65
vt 0.6585635359116022 0.6625
vt 0.6585635359116022 0.675
vt 0.6585635359116022 0.6875
vt 0.6585635359116022 0.7
vt 0.6585635359116022 0.7125
vt 0.6585635359116022 0.725
vt 0.6585635359116022 0.7375
vt 0.6585635359116022 0.75
vt 0.6585635359116022 0.7625
vt 0.6585635359116022 0.775
vt 0.6585635359116022 0.7875
vt 0.6585635359116022 0.8
vt 0.6585635359116022 0.8125
vt 0.6585635359116022 0.825
vt 0.6585635359116022 0.8375
vt 0.6585635359116022 0.85
vt 0.6585635359116022 0.8625
vt 0.6585635359116022 0.875
vt 0.6585635359116022 0.8875
vt 0.6585635359116022 0.9
vt 0.6585635359116022 0.9125
vt 0.6585635359116022 0.925
vt 0.6585635359116022 0.9375
vt 0.6585635359116022 0.95
vt 0.6585635359116022 0.9625
vt 0.6585635359116022 0.975
vt 0.6585635359116022 0.9875
vt 0.6585635359116022 1
vt 0.6696132596685084 0
vt 0.6696132596685084 0.0125
vt 0.6696132596685084 0.025
vt 0.6696132596685084 0.0375
vt 0.6696132596685084 0.05
vt 0.6696132596685084 0.0625
vt 0.6696132596685084 0.075
vt 0.6696132596685084 0.0875
vt 0.6696132596685084 0.1
vt 0.6696132596685084 0.1125
vt 0.6696132596685084 0.125
vt 0.6696132596685084 0.1375
vt 0.6696132596685084 0.15
vt 0.6696132596685084 0.1625
vt 0.6696132596685084 0.175
vt 0.6696132596685084 0.1875
vt 0.6696132596685084 0.2
vt 0.6696132596685084 0.2125
vt 0.6696132596685084 0.225
vt 0.6696132596685084 0.2375
vt 0.6696132596685084 0.25
vt 0.6696132596685084 0.2625
vt 0.6696132596685084 0.275
vt 0.6696132596685084 0.2875
vt 0.6696132596685084 0.3
vt 0.6696132596685084 0.3125
vt 0.6696132596685084 0.325
vt 0.6696132596685084 0.3375
vt 0.6696132596685084 0.35
vt 0.6696132596685084 0.3625
vt 0.6696132596685084 0.375
vt 0.6696132596685084 0.3875
vt 0.6696132596685084 0.4
vt 0.6696132596685084 0.4125
vt 0.6696132596685084 0.425
vt 0.6696132596685084 0.4375
vt 0.6696132596685084 0.45
vt 0.6696132596685084 0.4625
vt 0.6696132596685084 0.475
vt 0.6696132596685084 0.4875
vt 0.6696132596685084 0.5
vt 0.6696132596685084 0.5125
vt 0.6696132596685084 0.525
vt 0.6696132596685084 0.5375
vt 0.6696132596685084 0.55
vt 0.6696132596685084 0.5625
vt 0.6696132596685084 0.575
vt 0.6696132596685084 0.5875
vt 0.6696132596685084 0.6
vt 0.6696132596685084 0.6125
vt 0.6696132596685084 0.625
vt 0.6696132596685084 0.6375
vt 0.6696132596685084 0.65
vt 0.6696132596685084 0.6625
vt 0.6696132596685084 0.675
vt 0.6696132596685084 0.6875
vt 0.6696132596685084 0.7
vt 0.6696132596685084 0.7125
vt 0.6696132596685084 0.725
vt 0.6696132596685084 0.7375
vt 0.6696132596685084 0.75
vt 0.6696132596685084 0.7625
vt 0.6696132596685084 0.775
vt 0.6696132596685084 0.7875
vt 0.6696132596685084 0.8
vt 0.6696132596685084 0.8125
vt 0.6696132596685084 0.825
vt 0.6696132596685084 0.8375
vt 0.6696132596685084 0.85
vt 0.6696132596685084 0.8625
vt 0.6696132596685084 0.875
vt 0.6696132596685084 0.8875
vt 0.6696132596685084 0.9
vt 0.6696132596685084 0.9125
vt 0.6696132596685084 0.925
vt 0.6696132596685084 0.9375
vt 0.6696132596685084 0.95
vt 0.6696132596685084 0.9625
vt 0.6696132596685084 0.975
vt 0.6696132596685084 0.9875
vt 0.6696132596685084 1
vt 0.6773480662983425 0
vt 0.6773480662983425 0.0125
vt 0.6773480662983425 0.025
vt 0.6773480662983425 0.0375
vt 0.6773480662983425 0.05
vt 0.6773480662983425 0.0625
vt 0.6773480662983425 0.075
vt 0.6773480662983425 0.0875
vt 0.6773480662983425 0.1
vt 0.6773480662983425 0.1125
vt 0.6773480662983425 0.125
vt 0.6773480662983425 0.1375
vt 0.6773480662983425 0.15
vt 0.6773480662983425 0.1625
vt 0.6773480662983425 0.175
vt 0.6773480662983425 0.1875
vt 0.6773480662983425 0.2
vt 0.6773480662983425 0.2125
vt 0.6773480662983425 0.225
vt 0.6773480662983425 0.2375
vt 0.6773480662983425 0.25
vt 0.6773480662983425 0.2625
vt 0.6773480662983425 0.275
vt 0.6773480662983425 0.2875
vt 0.6773480662983425 0.3
vt 0.6773480662983425 0.3125
vt 0.6773480662983425 0.325
vt 0.6773480662983425 0.3375
vt 0.6773480662983425 0.35
vt 0.6773480662983425 0.3625
vt 0.6773480662983425 0.375
vt 0.6773480662983425 0.3875
vt 0.6773480662983425 0.4
vt 0.6773480662983425 0.4125
vt 0.6773480662983425 0.425
vt 0.6773480662983425 0.4375
vt 0.6773480662983425 0.45
vt 0.6773480662983425 0.4625
vt 0.6773480662983425 0.475
vt 0.6773480662983425 0.4875
vt 0.6773480662983425 0.5
vt 0.6773480662983425 0.5125
vt 0.6773480662983425 0.525
vt 0.6773480662983425 0.5375
vt 0.6773480662983425 0.55
vt 0.6773480662983425 0.5625
vt 0.6773480662983425 0.575
vt 0.6773480662983425 0.5875
vt 0.6773480662983425 0.6
vt 0.6773480662983425 0.6125
vt 0.6773480662983425 0.625
vt 0.6773480662983425 0.6375
vt 0.6773480662983425 0.65
vt 0.6773480662983425 0.6625
vt 0.6773480662983425 0.675
vt 0.6773480662983425 0.6875
vt 0.6773480662983425 0.7
vt 0.6773480662983425 0.7125
vt 0.6773480662983425 0.725
vt 0.6773480662983425 0.7375
vt 0.6773480662983425 0.75
vt 0.6773480662983425 0.7625
vt 0.6773480662983425 0.775
vt 0.6773480662983425 0.7875
vt 0.6773480662983425 0.8
vt 0.6773480662983425 0.8125
vt 0.6773480662983425 0.825
vt 0.6773480662983425 0.8375
vt 0.6773480662983425 0.85
vt 0.6773480662983425 0.8625
vt 0.6773480662983425 0.875
vt 0.6773480662983425 0.8875
vt 0.6773480662983425 0.9
vt 0.6773480662983425 0.9125
vt 0.6773480662983425 0.925
vt 0.6773480662983425 0.9375
vt 0.6773480662983425 0.95
vt 0.6773480662983425 0.9625
vt 0.6773480662983425 0.975
vt 0.6773480662983425 0.9875
vt 0.6773480662983425 1
vt 0.6883977900552487 0
vt 0.6883977900552487 0.0125
vt 0.6883977900552487 0.025
vt 0.6883977900552487 0.0375
vt 0.6883977900552487 0.05
vt 0.6883977900552487 0.0625
vt 0.6883977900552487 0.075
vt 0.6883977900552487 0.0875
vt 0.6883977900552487 0.1
vt 0.6883977900552487 0.1125
vt 0.6883977900552487 0.125
vt 0.6883977900552487 0.1375
vt 0.6883977900552487 0.15
vt 0.6883977900552487 0.1625
vt 0.6883977900552487 0.175
vt 0.6883977900552487 0.1875
vt 0.6883977900552487 0.2
vt 0.6883977900552487 0.2125
vt 0.6883977900552487 0.225
vt 0.6883977900552487 0.2375
vt 0.6883977900552487 0.25
vt 0.6883977900552487 0.2625
vt 0.6883977900552487 0.275
vt 0.6883977900552487 0.2875
vt 0.6883977900552487 0.3
vt 0.6883977900552487 0.3125
vt 0.6883977900552487 0.325
vt 0.6883977900552487 0.3375
vt 0.6883977900552487 0.35
vt 0.6883977900552487 0.3625
vt 0.6883977900552487 0.375
vt 0.6883977900552487 0.3875
vt 0.6883977900552487 0.4
vt 0.6883977900552487 0.4125
vt 0.6883977900552487 0.425
vt 0.6883977900552487 0.4375
vt 0.6883977900552487 0.45
vt 0.6883977900552487 0.4625
vt 0.6883977900552487 0.475
vt 0.6883977900552487 0.4875
vt 0.6883977900552487 0.5
vt 0.6883977900552487 0.5125
vt 0.6883977900552487 0.525
vt 0.6883977900552487 0.5375
vt 0.6883977900552487 0.55
vt 0.6883977900552487 0.5625
vt 0.6883977900552487 0.575
vt 0.6883977900552487 0.5875
vt 0.6883977900552487 0.6
vt 0.6883977900552487 0.6125
vt 0.6883977900552487 0.625
vt 0.6883977900552487 0.6375
vt 0.6883977900552487 0.65
vt 0.6883977900552487 0.6625
vt 0.6883977900552487 0.675
vt 0.6883977900552487 0.6875
vt 0.6883977900552487 0.7
vt 0.6883977900552487 0.7125
vt 0.6883977900552487 0.725
vt 0.6883977900552487 0.7375
vt 0.6883977900552487 0.75
vt 0.6883977900552487 0.7625
vt 0.6883977900552487 0.775
vt 0.6883977900552487 0.7875
vt 0.6883977900552487 0.8
vt 0.6883977900552487 0.8125
vt 0.6883977900552487 0.825
vt 0.6883977900552487 0.8375
vt 0.6883977900552487 0.85
vt 0.6883977900552487 0.8625
vt 0.6883977900552487 0.875
vt 0.6883977900552487 0.8875
vt 0.6883977900552487 0.9
vt 0.6883977900552487 0.9125
vt 0.6883977900552487 0.925
vt 0.6883977900552487 0.9375
vt 0.6883977900552487 0.95
vt 0.6883977900552487 0.9625
vt 0.6883977900552487 0.975
vt 0.6883977900552487 0.9875
vt 0.6883977900552487 1
vt 0.6994475138121546 0
vt 0.6994475138121546 0.0125
vt 0.6994475138121546 0.025
vt 0.6994475138121546 0.0375
vt 0.6994475138121546 0.05
vt 0.6994475138121546 0.0625
vt 0.6994475138121546 0.075
vt 0.6994475138121546 0.0875
vt 0.6994475138121546 0.1
vt 0.6994475138121546 0.1125
vt 0.6994475138121546 0.125
vt 0.6994475138121546 0.1375
vt 0.6994475138121546 0.15
vt 0.6994475138121546 0.1625
vt 0.6994475138121546 0.175
vt 0.6994475138121546 0.1875
vt 0.6994475138121546 0.2
vt 0.6994475138121546 0.2125
vt 0.6994475138121546 0.225
vt 0.6994475138121546 0.2375
vt 0.6994475138121546 0.25
vt 0.6994475138121546 0.2625
vt 0.6994475138121546 0.275
vt 0.6994475138121546 0.2875
vt 0.6994475138121546 0.3
vt 0.6994475138121546 0.3125
vt 0.6994475138121546 0.325
vt 0.6994475138121546 0.3375
vt 0.6994475138121546 0.35
vt 0.6994475138121546 0.3625
vt 0.6994475138121546 0.375
vt 0.6994475138121546 0.3875
vt 0.6994475138121546 0.4
vt 0.6994475138121546 0.4125
vt 0.6994475138121546 0.425
vt 0.6994475138121546 0.4375
vt 0.6994475138121546 0.45
vt 0.6994475138121546 0.4625
vt 0.6994475138121546 0.475
vt 0.6994475138121546 0.4875
vt 0.6994475138121546 0.5
vt 0.6994475138121546 0.5125
vt 0.6994475138121546 0.525
vt 0.6994475138121546 0.5375
vt 0.6994475138121546 0.55
vt 0.6994475138121546 0.5625
vt 0.6994475138121546 0.575
vt 0.6994475138121546 0.5875
vt 0.6994475138121546 0.6
vt 0.6994475138121546 0.6125
vt 0.6994475138121546 0.625
vt 0.6994475138121546 0.6375
vt 0.6994475138121546 0.65
vt 0.6994475138121546 0.6625
vt 0.6994475138121546 0.675
vt 0.6994475138121546 0.6875
vt 0.6994475138121546 0.7
vt 0.6994475138121546 0.7125
vt 0.6994475138121546 0.725
vt 0.6994475138121546 0.7375
vt 0.6994475138121546 0.75
vt 0.6994475138121546 0.7625
vt 0.6994475138121546 0.775
vt 0.6994475138121546 0.7875
vt 0.6994475138121546 0.8
vt 0.6994475138121546 0.8125
vt 0.6994475138121546 0.825
vt 0.6994475138121546 0.8375
vt 0.6994475138121546 0.85
vt 0.6994475138121546 0.8625
vt 0.6994475138121546 0.875
vt 0.6994475138121546 0.8875
vt 0.6994475138121546 0.9
vt 0.6994475138121546 0.9125
vt 0.6994475138121546 0.925
vt 0.6994475138121546 0.9375
vt 0.6994475138121546 0.95
vt 0.6994475138121546 0.9625
vt 0.6994475138121546 0.975
vt 0.6994475138121546 0.9875
vt 0.6994475138121546 1
vt 0.7104972375690608 0
vt 0.7104972375690608 0.0125
vt 0.7104972375690608 0.025
vt 0.7104972375690608 0.0375
vt 0.7104972375690608 0.05
vt 0.7104972375690608 0.0625
vt 0.7104972375690608 0.075
vt 0.7104972375690608 0.0875
vt 0.7104972375690608 0.1
vt 0.7104972375690608 0.1125
vt 0.7104972375690608 0.125
vt 0.7104972375690608 0.1375
vt 0.7104972375690608 0.15
vt 0.7104972375690608 0.1625
vt 0.7104972375690608 0.175
vt 0.7104972375690608 0.1875
vt 0.7104972375690608 0.2
vt 0.7104972375690608 0.2125
vt 0.7104972375690608 0.225
vt 0.7104972375690608 0.2375
vt 0.7104972375690608 0.25
vt 0.7104972375690608 0.2625
vt 0.7104972375690608 0.275
vt 0.7104972375690608 0.2875
vt 0.7104972375690608 0.3
vt 0.7104972375690608 0.3125
vt 0.7104972375690608 0.325
vt 0.7104972375690608 0.3375
vt 0.7104972375690608 0.35
vt 0.7104972375690608 0.3625
vt 0.7104972375690608 0.375
vt 0.7104972375690608 0.3875
vt 0.7104972375690608 0.4
vt 0.7104972375690608 0.4125
vt 0.7104972375690608 0.425
vt 0.7104972375690608 0.4375
vt 0.7104972375690608 0.45
vt 0.7104972375690608 0.4625
vt 0.7104972375690608 0.475
vt 0.7104972375690608 0.4875
vt 0.7104972375690608 0.5
vt 0.7104972375690608 0.5125
vt 0.7104972375690608 0.525
vt 0.7104972375690608 0.5375
vt 0.7104972375690608 0.55
vt 0.7104972375690608 0.5625
vt 0.7104972375690608 0.575
vt 0.7104972375690608 0.5875
vt 0.7104972375690608 0.6
vt 0.7104972375690608 0.6125
vt 0.7104972375690608 0.625
vt 0.7104972375690608 0.6375
vt 0.7104972375690608 0.65
vt 0.7104972375690608 0.6625
vt 0.7104972375690608 0.675
vt 0.7104972375690608 0.6875
vt 0.7104972375690608 0.7
vt 0.7104972375690608 0.7125
vt 0.7104972375690608 0.725
vt 0.7104972375690608 0.7375
vt 0.7104972375690608 0.75
vt 0.7104972375690608 0.7625
vt 0.7104972375690608 0.775
vt 0.7104972375690608 0.7875
vt 0.7104972375690608 0.8
vt 0.7104972375690608 0.8125
vt 0.7104972375690608 0.825
vt 0.7104972375690608 0.8375
vt 0.7104972375690608 0.85
vt 0.7104972375690608 0.8625
vt 0.7104972375690608 0.875
vt 0.7104972375690608 0.8875
vt 0.7104972375690608 0.9
vt 0.7104972375690608 0.9125
vt 0.7104972375690608 0.925
vt 0.7104972375690608 0.9375
vt 0.7104972375690608 0.95
vt 0.7104972375690608 0.9625
vt 0.7104972375690608 0.975
vt 0.7104972375690608 0.9875
vt 0.7104972375690608 1
vt 0.7215469613259669 0
vt 0.7215469613259669 0.0125
vt 0.7215469613259669 0.025
vt 0.7215469613259669 0.0375
vt 0.7215469613259669 0.05
vt 0.7215469613259669 0.0625
vt 0.7215469613259669 0.075
vt 0.7215469613259669 0.0875
vt 0.7215469613259669 0.1
vt 0.7215469613259669 0.1125
vt 0.7215469613259669 0.125
vt 0.7215469613259669 0.1375
vt 0.7215469613259669 0.15
vt 0.7215469613259669 0.1625
vt 0.7215469613259669 0.175
vt 0.7215469613259669 0.1875
vt 0.7215469613259669 0.2
vt 0.7215469613259669 0.2125
vt 0.7215469613259669 0.225
vt 0.7215469613259669 0.2375
vt 0.7215469613259669 0.25
vt 0.7215469613259669 0.2625
vt 0.7215469613259669 0.275
vt 0.7215469613259669 0.2875
vt 0.7215469613259669 0.3
vt 0.7215469613259669 0.3125
vt 0.7215469613259669 0.325
vt 0.7215469613259669 0.3375
vt 0.7215469613259669 0.35
vt 0.7215469613259669 0.3625
vt 0.7215469613259669 0.375
vt 0.7215469613259669 0.3875
vt 0.7215469613259669 0.4
vt 0.7215469613259669 0.4125
vt 0.7215469613259669 0.425
vt 0.7215469613259669 0.4375
vt 0.7215469613259669 0.45
vt 0.7215469613259669 0.4625
vt 0.7215469613259669 0.475
vt 0.7215469613259669 0.4875
vt 0.7215469613259669 0.5
vt 0.7215469613259669 0.5125
vt 0.7215469613259669 0.525
vt 0.7215469613259669 0.5375
vt 0.7215469613259669 0.55
vt 0.7215469613259669 0.5625
vt 0.7215469613259669 0.575
vt 0.7215469613259669 0.5875
vt 0.7215469613259669 0.6
vt 0.7215469613259669 0.6125
vt 0.7215469613259669 0.625
vt 0.7215469613259669 0.6375
vt 0.7215469613259669 0.65
vt 0.7215469613259669 0.6625
vt 0.7215469613259669 0.675
vt 0.7215469613259669 0.6875
vt 0.7215469613259669 0.7
vt 0.7215469613259669 0.7125
vt 0.7215469613259669 0.725
vt 0.7215469613259669 0.7375
vt 0.7215469613259669 0.75
vt 0.7215469613259669 0.7625
vt 0.7215469613259669 0.775
vt 0.7215469613259669 0.7875
vt 0.7215469613259669 0.8
vt 0.7215469613259669 0.8125
vt 0.7215469613259669 0.825
vt 0.7215469613259669 0.8375
vt 0.7215469613259669 0.85
vt 0.7215469613259669 0.8625
vt 0.7215469613259669 0.875
vt 0.7215469613259669 0.8875
vt 0.7215469613259669 0.9
vt 0.7215469613259669 0.9125
vt 0.7215469613259669 0.925
vt 0.7215469613259669 0.9375
vt 0.7215469613259669 0.95
vt 0.7215469613259669 0.9625
vt 0.7215469613259669 0.975
vt 0.7215469613259669 0.9875
vt 0.7215469613259669 1
vt 0.7325966850828729 0
vt 0.7325966850828729 0.0125
vt 0.7325966850828729 0.025
vt 0.7325966850828729 0.0375
vt 0.7325966850828729 0.05
vt 0.7325966850828729 0.0625
vt 0.7325966850828729 0.075
vt 0.7325966850828729 0.0875
vt 0.7325966850828729 0.1
vt 0.7325966850828729 0.1125
vt 0.7325966850828729 0.125
vt 0.7325966850828729 0.1375
vt 0.7325966850828729 0.15
vt 0.7325966850828729 0.1625
vt 0.7325966850828729 0.175
vt 0.7325966850828729 0.1875
vt 0.7325966850828729 0.2
vt 0.7325966850828729 0.2125
vt 0.7325966850828729 0.225
vt 0.7325966850828729 0.2375
vt 0.7325966850828729 0.25
vt 0.7325966850828729 0.2625
vt 0.7325966850828729 0.275
vt 0.7325966850828729 0.2875
vt 0.7325966850828729 0.3
vt 0.7325966850828729 0.3125
vt 0.7325966850828729 0.325
vt 0.7325966850828729 0.3375
vt 0.7325966850828729 0.35
vt 0.7325966850828729 0.3625
vt 0.7325966850828729 0.375
vt 0.7325966850828729 0.3875
vt 0.7325966850828729 0.4
vt 0.7325966850828729 0.4125
vt 0.7325966850828729 0.425
vt 0.7325966850828729 0.4375
vt 0.7325966850828729 0.45
vt 0.7325966850828729 0.4625
vt 0.7325966850828729 0.475
vt 0.7325966850828729 0.4875
vt 0.7325966850828729 0.5
vt 0.7325966850828729 0.5125
vt 0.7325966850828729 0.525
vt 0.7325966850828729 0.5375
vt 0.7325966850828729 0.55
vt 0.7325966850828729 0.5625
vt 0.7325966850828729 0.575
vt 0.7325966850828729 0.5875
vt 0.7325966850828729 0.6
vt 0.7325966850828729 0.6125
vt 0.7325966850828729 0.625
vt 0.7325966850828729 0.6375
vt 0.7325966850828729 0.65
vt 0.7325966850828729 0.6625
vt 0.7325966850828729 0.675
vt 0.7325966850828729 0.6875
vt 0.7325966850828729 0.7
vt 0.7325966850828729 0.7125
vt 0.7325966850828729 0.725
vt 0.7325966850828729 0.7375
vt 0.7325966850828729 0.75
vt 0.7325966850828729 0.7625
vt 0.7325966850828729 0.775
vt 0.7325966850828729 0.7875
vt 0.7325966850828729 0.8
vt 0.7325966850828729 0.8125
vt 0.7325966850828729 0.825
vt 0.7325966850828729 0.8375
vt 0.7325966850828729 0.85
vt 0.7325966850828729 0.8625
vt 0.7325966850828729 0.875
vt 0.7325966850828729 0.8875
vt 0.7325966850828729 0.9
vt 0.7325966850828729 0.9125
vt 0.7325966850828729 0.925
vt 0.7325966850828729 0.9375
vt 0.7325966850828729 0.95
vt 0.7325966850828729 0.9625
vt 0.7325966850828729 0.975
vt 0.7325966850828729 0.9875
vt 0.7325966850828729 1
vt 0.7403314917127073 0
vt 0.7403314917127073 0.0125
vt 0.7403314917127073 0.025
vt 0.7403314917127073 0.0375
vt 0.7403314917127073 0.05
vt 0.7403314917127073 0.0625
vt 0.7403314917127073 0.075
vt 0.7403314917127073 0.0875
vt 0.7403314917127073 0.1
vt 0.7403314917127073 0.1125
vt 0.7403314917127073 0.125
vt 0.7403314917127073 0.1375
vt 0.7403314917127073 0.15
vt 0.7403314917127073 0.1625
vt 0.7403314917127073 0.175
vt 0.7403314917127073 0.1875
vt 0.7403314917127073 0.2
vt 0.7403314917127073 0.2125
vt 0.7403314917127073 0.225
vt 0.7403314917127073 0.2375
vt 0.7403314917127073 0.25
vt 0.7403314917127073 0.2625
vt 0.7403314917127073 0.275
vt 0.7403314917127073 0.2875
vt 0.7403314917127073 0.3
vt 0.7403314917127073 0.3125
vt 0.7403314917127073 0.325
vt 0.7403314917127073 0.3375
vt 0.7403314917127073 0.35
vt 0.7403314917127073 0.3625
vt 0.7403314917127073 0.375
vt 0.7403314917127073 0.3875
vt 0.7403314917127073 0.4
vt 0.7403314917127073 0.4125
vt 0.7403314917127073 0.425
vt 0.7403314917127073 0.4375
vt 0.7403314917127073 0.45
vt 0.7403314917127073 0.4625
vt 0.7403314917127073 0.475
vt 0.7403314917127073 0.4875
vt 0.7403314917127073 0.5
vt 0.7403314917127073 0.5125
vt 0.7403314917127073 0.525
vt 0.7403314917127073 0.5375
vt 0.7403314917127073 0.55
vt 0.7403314917127073 0.5625
vt 0.7403314917127073 0.575
vt 0.7403314917127073 0.5875
vt 0.7403314917127073 0.6
vt 0.7403314917127073 0.6125
vt 0.7403314917127073 0.625
vt 0.7403314917127073 0.6375
vt 0.7403314917127073 0.65
vt 0.7403314917127073 0.6625
vt 0.7403314917127073 0.675
vt 0.7403314917127073 0.6875
vt 0.7403314917127073 0.7
vt 0.7403314917127073 0.7125
vt 0.7403314917127073 0.725
vt 0.7403314917127073 0.7375
vt 0.7403314917127073 0.75
vt 0.7403314917127073 0.7625
vt 0.7403314917127073 0.775
vt 0.7403314917127073 0.7875
vt 0.7403314917127073 0.8
vt 0.7403314917127073 0.8125
vt 0.7403314917127073 0.825
vt 0.7403314917127073 0.8375
vt 0.7403314917127073 0.85
vt 0.7403314917127073 0.8625
vt 0.7403314917127073 0.875
vt 0.7403314917127073 0.8875
vt 0.7403314917127073 0.9
vt 0.7403314917127073 0.9125
vt 0.7403314917127073 0.925
vt 0.7403314917127073 0.9375
vt 0.7403314917127073 0.95
vt 0.7403314917127073 0.9625
vt 0.7403314917127073 0.975
vt 0.7403314917127073 0.9875
vt 0.7403314917127073 1
vt 0.7513812154696133 0
vt 0.7513812154696133 0.0125
vt 0.7513812154696133 0.025
vt 0.7513812154696133 0.0375
vt 0.7513812154696133 0.05
vt 0.7513812154696133 0.0625
vt 0.7513812154696133 0.075
vt 0.7513812154696133 0.0875
vt 0.7513812154696133 0.1
vt 0.7513812154696133 0.1125
vt 0.7513812154696133 0.125
vt 0.7513812154696133 0.1375
vt 0.7513812154696133 0.15
vt 0.7513812154696133 0.1625
vt 0.7513812154696133 0.175
vt 0.7513812154696133 0.1875
vt 0.7513812154696133 0.2
vt 0.7513812154696133 0.2125
vt 0.7513812154696133 0.225
vt 0.7513812154696133 0.2375
vt 0.7513812154696133 0.25
vt 0.7513812154696133 0.2625
vt 0.7513812154696133 0.275
vt 0.7513812154696133 0.2875
vt 0.7513812154696133 0.3
vt 0.7513812154696133 0.3125
vt 0.7513812154696133 0.325
vt 0.7513812154696133 0.3375
vt 0.7513812154696133 0.35
vt 0.7513812154696133 0.3625
vt 0.7513812154696133 0.375
vt 0.7513812154696133 0.3875
vt 0.7513812154696133 0.4
vt 0.7513812154696133 0.4125
vt 0.7513812154696133 0.425
vt 0.7513812154696133 0.4375
vt 0.7513812154696133 0.45
vt 0.7513812154696133 0.4625
vt 0.7513812154696133 0.475
vt 0.7513812154696133 0.4875
vt 0.7513812154696133 0.5
vt 0.7513812154696133 0.5125
vt 0.7513812154696133 0.525
vt 0.7513812154696133 0.5375
vt 0.7513812154696133 0.55
vt 0.7513812154696133 0.5625
vt 0.7513812154696133 0.575
vt 0.7513812154696133 0.5875
vt 0.7513812154696133 0.6
vt 0.7513812154696133 0.6125
vt 0.7513812154696133 0.625
vt 0.7513812154696133 0.6375
vt 0.7513812154696133 0.65
vt 0.7513812154696133 0.6625
vt 0.7513812154696133 0.675
vt 0.7513812154696133 0.6875
vt 0.7513812154696133 0.7
vt 0.7513812154696133 0.7125
vt 0.7513812154696133 0.725
vt 0.7513812154696133 0.7375
vt 0.7513812154696133 0.75
vt 0.7513812154696133 0.7625
vt 0.7513812154696133 0.775
vt 0.7513812154696133 0.7875
vt 0.7513812154696133 0.8
vt 0.7513812154696133 0.8125
vt 0.7513812154696133 0.825
vt 0.7513812154696133 0.8375
vt 0.7513812154696133 0.85
vt 0.7513812154696133 0.8625
vt 0.7513812154696133 0.875
vt 0.7513812154696133 0.8875
vt 0.7513812154696133 0.9
vt 0.7513812154696133 0.9125
vt 0.7513812154696133 0.925
vt 0.7513812154696133 0.9375
vt 0.7513812154696133 0.95
vt 0.7513812154696133 0.9625
vt 0.7513812154696133 0.975
vt 0.7513812154696133 0.9875
vt 0.7513812154696133 1
vt 0.7624309392265194 0
vt 0.7624309392265194 0.0125
vt 0.7624309392265194 0.025
vt 0.7624309392265194 0.0375
vt 0.7624309392265194 0.05
vt 0.7624309392265194 0.0625
vt 0.7624309392265194 0.075
vt 0.7624309392265194 0.0875
vt 0.7624309392265194 0.1
vt 0.7624309392265194 0.1125
vt 0.7624309392265194 0.125
vt 0.7624309392265194 0.1375
vt 0.7624309392265194 0.15
vt 0.7624309392265194 0.1625
vt 0.7624309392265194 0.175
vt 0.7624309392265194 0.1875
vt 0.7624309392265194 0.2
vt 0.7624309392265194 0.2125
vt 0.7624309392265194 0.225
vt 0.7624309392265194 0.2375
vt 0.7624309392265194 0.25
vt 0.7624309392265194 0.2625
vt 0.7624309392265194 0.275
vt 0.7624309392265194 0.2875
vt 0.7624309392265194 0.3
vt 0.7624309392265194 0.3125
vt 0.7624309392265194 0.325
vt 0.7624309392265194 0.3375
vt 0.7624309392265194 0.35
vt 0.7624309392265194 0.3625
vt 0.7624309392265194 0.375
vt 0.7624309392265194 0.3875
vt 0.7624309392265194 0.4
vt 0.7624309392265194 0.4125
vt 0.7624309392265194 0.425
vt 0.7624309392265194 0.4375
vt 0.7624309392265194 0.45
vt 0.7624309392265194 0.4625
vt 0.7624309392265194 0.475
vt 0.7624309392265194 0.4875
vt 0.7624309392265194 0.5
vt 0.7624309392265194 0.5125
vt 0.7624309392265194 0.525
vt 0.7624309392265194 0.5375
vt 0.7624309392265194 0.55
vt 0.7624309392265194 0.5625
vt 0.7624309392265194 0.575
vt 0.7624309392265194 0.5875
vt 0.7624309392265194 0.6
vt 0.7624309392265194 0.6125
vt 0.7624309392265194 0.625
vt 0.7624309392265194 0.6375
vt 0.7624309392265194 0.65
vt 0.7624309392265194 0.6625
vt 0.7624309392265194 0.675
vt 0.7624309392265194 0.6875
vt 0.7624309392265194 0.7
vt 0.7624309392265194 0.7125
vt 0.7624309392265194 0.725
vt 0.7624309392265194 0.7375
vt 0.7624309392265194 0.75
vt 0.7624309392265194 0.7625
vt 0.7624309392265194 0.775
vt 0.7624309392265194 0.7875
vt 0.7624309392265194 0.8
vt 0.7624309392265194 0.8125
vt 0.7624309392265194 0.825
vt 0.7624309392265194 0.8375
vt 0.7624309392265194 0.85
vt 0.7624309392265194 0.8625
vt 0.7624309392265194 0.875
vt 0.7624309392265194 0.8875
vt 0.7624309392265194 0.9
vt 0.7624309392265194 0.9125
vt 0.7624309392265194 0.925
vt 0.7624309392265194 0.9375
vt 0.7624309392265194 0.95
vt 0.7624309392265194 0.9625
vt 0.7624309392265194 0.975
vt 0.7624309392265194 0.9875
vt 0.7624309392265194 1
vt 0.7734806629834255 0
vt 0.7734806629834255 0.0125
vt 0.7734806629834255 0.025
vt 0.7734806629834255 0.0375
vt 0.7734806629834255 0.05
vt 0.7734806629834255 0.0625
vt 0.7734806629834255 0.075
vt 0.7734806629834255 0.0875
vt 0.7734806629834255 0.1
vt 0.7734806629834255 0.1125
vt 0.7734806629834255 0.125
vt 0.7734806629834255 0.1375
vt 0.7734806629834255 0.15
vt 0.7734806629834255 0.1625
vt 0.7734806629834255 0.175
vt 0.7734806629834255 0.1875
vt 0.7734806629834255 0.2
vt 0.7734806629834255 0.2125
vt 0.7734806629834255 0.225
vt 0.7734806629834255 0.2375
vt 0.7734806629834255 0.25
vt 0.7734806629834255 0.2625
vt 0.7734806629834255 0.275
vt 0.7734806629834255 0.2875
vt 0.7734806629834255 0.3
vt 0.7734806629834255 0.3125
vt 0.7734806629834255 0.325
vt 0.7734806629834255 0.3375
vt 0.7734806629834255 0.35
vt 0.7734806629834255 0.3625
vt 0.7734806629834255 0.375
vt 0.7734806629834255 0.3875
vt 0.7734806629834255 0.4
vt 0.7734806629834255 0.4125
vt 0.7734806629834255 0.425
vt 0.7734806629834255 0.4375
vt 0.7734806629834255 0.45
vt 0.7734806629834255 0.4625
vt 0.7734806629834255 0.475
vt 0.7734806629834255 0.4875
vt 0.7734806629834255 0.5
vt 0.7734806629834255 0.5125
vt 0.7734806629834255 0.525
vt 0.7734806629834255 0.5375
vt 0.7734806629834255 0.55
vt 0.7734806629834255 0.5625
vt 0.7734806629834255 0.575
vt 0.7734806629834255 0.5875
vt 0.7734806629834255 0.6
vt 0.7734806629834255 0.6125
vt 0.7734806629834255 0.625
vt 0.7734806629834255 0.6375
vt 0.7734806629834255 0.65
vt 0.7734806629834255 0.6625
vt 0.7734806629834255 0.675
vt 0.7734806629834255 0.6875
vt 0.7734806629834255 0.7
vt 0.7734806629834255 0.7125
vt 0.7734806629834255 0.725
vt 0.7734806629834255 0.7375
vt 0.7734806629834255 0.75
vt 0.7734806629834255 0.7625
vt 0.7734806629834255 0.775
vt 0.7734806629834255 0.7875
vt 0.7734806629834255 0.8
vt 0.7734806629834255 0.8125
vt 0.7734806629834255 0.825
vt 0.7734806629834255 0.8375
vt 0.7734806629834255 0.85
vt 0.7734806629834255 0.8625
vt 0.7734806629834255 0.875
vt 0.7734806629834255 0.8875
vt 0.7734806629834255 0.9
vt 0.7734806629834255 0.9125
vt 0.7734806629834255 0.925
vt 0.7734806629834255 0.9375
vt 0.7734806629834255 0.95
vt 0.7734806629834255 0.9625
vt 0.7734806629834255 0.975
vt 0.7734806629834255 0.9875
vt 0.7734806629834255 1
vt 0.7845303867403316 0
vt 0.7845303867403316 0.0125
vt 0.7845303867403316 0.025
vt 0.7845303867403316 0.0375
vt 0.7845303867403316 0.05
vt 0.7845303867403316 0.0625
vt 0.7845303867403316 0.075
vt 0.7845303867403316 0.0875
vt 0.7845303867403316 0.1
vt 0.7845303867403316 0.1125
vt 0.7845303867403316 0.125
vt 0.7845303867403316 0.1375
vt 0.7845303867403316 0.15
vt 0.7845303867403316 0.1625
vt 0.7845303867403316 0.175
vt 0.7845303867403316 0.1875
vt 0.7845303867403316 0.2
vt 0.7845303867403316 0.2125
vt 0.7845303867403316 0.225
vt 0.7845303867403316 0.2375
vt 0.7845303867403316 0.25
vt 0.7845303867403316 0.2625
vt 0.7845303867403316 0.275
vt 0.7845303867403316 0.2875
vt 0.7845303867403316 0.3
vt 0.7845303867403316 0.3125
vt 0.7845303867403316 0.325
vt 0.7845303867403316 0.3375
vt 0.7845303867403316 0.35
vt 0.7845303867403316 0.3625
vt 0.7845303867403316 0.375
vt 0.7845303867403316 0.3875
vt 0.7845303867403316 0.4
vt 0.7845303867403316 0.4125
vt 0.7845303867403316 0.425
vt 0.7845303867403316 0.4375
vt 0.7845303867403316 0.45
vt 0.7845303867403316 0.4625
vt 0.7845303867403316 0.475
vt 0.7845303867403316 0.4875
vt 0.7845303867403316 0.5
vt 0.7845303867403316 0.5125
vt 0.7845303867403316 0.525
vt 0.7845303867403316 0.5375
vt 0.7845303867403316 0.55
vt 0.7845303867403316 0.5625
vt 0.7845303867403316 0.575
vt 0.7845303867403316 0.5875
vt 0.7845303867403316 0.6
vt 0.7845303867403316 0.6125
vt 0.7845303867403316 0.625
vt 0.7845303867403316 0.6375
vt 0.7845303867403316 0.65
vt 0.7845303867403316 0.6625
vt 0.7845303867403316 0.675
vt 0.7845303867403316 0.6875
vt 0.7845303867403316 0.7
vt 0.7845303867403316 0.7125
vt 0.7845303867403316 0.725
vt 0.7845303867403316 0.7375
vt 0.7845303867403316 0.75
vt 0.7845303867403316 0.7625
vt 0.7845303867403316 0.775
vt 0.7845303867403316 0.7875
vt 0.7845303867403316 0.8
vt 0.7845303867403316 0.8125
vt 0.7845303867403316 0.825
vt 0.7845303867403316 0.8375
vt 0.7845303867403316 0.85
vt 0.7845303867403316 0.8625
vt 0.7845303867403316 0.875
vt 0.7845303867403316 0.8875
vt 0.7845303867403316 0.9
vt 0.7845303867403316 0.9125
vt 0.7845303867403316 0.925
vt 0.7845303867403316 0.9375
vt 0.7845303867403316 0.95
vt 0.7845303867403316 0.9625
vt 0.7845303867403316 0.975
vt 0.7845303867403316 0.9875
vt 0.7845303867403316 1
vt 0.7955801104972376 0
vt 0.7955801104972376 0.0125
vt 0.7955801104972376 0.025
vt 0.7955801104972376 0.0375
vt 0.7955801104972376 0.05
vt 0.7955801104972376 0.0625
vt 0.7955801104972376 0.075
vt 0.7955801104972376 0.0875
vt 0.7955801104972376 0.1
vt 0.7955801104972376 0.1125
vt 0.7955801104972376 0.125
vt 0.7955801104972376 0.1375
vt 0.7955801104972376 0.15
vt 0.7955801104972376 0.1625
vt 0.7955801104972376 0.175
vt 0.7955801104972376 0.1875
vt 0.7955801104972376 0.2
vt 0.7955801104972376 0.2125
vt 0.7955801104972376 0.225
vt 0.7955801104972376 0.2375
vt 0.7955801104972376 0.25
vt 0.7955801104972376 0.2625
vt 0.7955801104972376 0.275
vt 0.7955801104972376 0.2875
vt 0.7955801104972376 0.3
vt 0.7955801104972376 0.3125
vt 0.7955801104972376 0.325
vt 0.7955801104972376 0.3375
vt 0.7955801104972376 0.35
vt 0.7955801104972376 0.3625
vt 0.7955801104972376 0.375
vt 0.7955801104972376 0.3875
vt 0.7955801104972376 0.4
vt 0.7955801104972376 0.4125
vt 0.7955801104972376 0.425
vt 0.7955801104972376 0.4375
vt 0.7955801104972376 0.45
vt 0.7955801104972376 0.4625
vt 0.7955801104972376 0.475
vt 0.7955801104972376 0.4875
vt 0.7955801104972376 0.5
vt 0.7955801104972376 0.5125
vt 0.7955801104972376 0.525
vt 0.7955801104972376 0.5375
vt 0.7955801104972376 0.55
vt 0.7955801104972376 0.5625
vt 0.7955801104972376 0.575
vt 0.7955801104972376 0.5875
vt 0.7955801104972376 0.6
vt 0.7955801104972376 0.6125
vt 0.7955801104972376 0.625
vt 0.7955801104972376 0.6375
vt 0.7955801104972376 0.65
vt 0.7955801104972376 0.6625
vt 0.7955801104972376 0.675
vt 0.7955801104972376 0.6875
vt 0.7955801104972376 0.7
vt 0.7955801104972376 0.7125
vt 0.7955801104972376 0.725
vt 0.7955801104972376 0.7375
vt 0.7955801104972376 0.75
vt 0.7955801104972376 0.7625
vt 0.7955801104972376 0.775
vt 0.7955801104972376 0.7875
vt 0.7955801104972376 0.8
vt 0.7955801104972376 0.8125
vt 0.7955801104972376 0.825
vt 0.7955801104972376 0.8375
vt 0.7955801104972376 0.85
vt 0.7955801104972376 0.8625
vt 0.7955801104972376 0.875
vt 0.7955801104972376 0.8875
vt 0.7955801104972376 0.9
vt 0.7955801104972376 0.9125
vt 0.7955801104972376 0.925
vt 0.7955801104972376 0.9375
vt 0.7955801104972376 0.95
vt 0.7955801104972376 0.9625
vt 0.7955801104972376 0.975
vt 0.7955801104972376 0.9875
vt 0.7955801104972376 1
vt 0.803314917127072 0
vt 0.803314917127072 0.0125
vt 0.803314917127072 0.025
vt 0.803314917127072 0.0375
vt 0.803314917127072 0.05
vt 0.803314917127072 0.0625
vt 0.803314917127072 0.075
vt 0.803314917127072 0.0875
vt 0.803314917127072 0.1
vt 0.803314917127072 0.1125
vt 0.803314917127072 0.125
vt 0.803314917127072 0.1375
vt 0.803314917127072 0.15
vt 0.803314917127072 0.1625
vt 0.803314917127072 0.175
vt 0.803314917127072 0.1875
vt 0.803314917127072 0.2
vt 0.803314917127072 0.2125
vt 0.803314917127072 0.225
vt 0.803314917127072 0.2375
vt 0.803314917127072 0.25
vt 0.803314917127072 0.2625
vt 0.803314917127072 0.275
vt 0.803314917127072 0.2875
vt 0.803314917127072 0.3
vt 0.803314917127072 0.3125
vt 0.803314917127072 0.325
vt 0.803314917127072 0.3375
vt 0.803314917127072 0.35
vt 0.803314917127072 0.3625
vt 0.803314917127072 0.375
vt 0.803314917127072 0.3875
vt 0.803314917127072 0.4
vt 0.803314917127072 0.4125
vt 0.803314917127072 0.425
vt 0.803314917127072 0.4375
vt 0.803314917127072 0.45
vt 0.803314917127072 0.4625
vt 0.803314917127072 0.475
vt 0.803314917127072 0.4875
vt 0.803314917127072 0.5
vt 0.803314917127072 0.5125
vt 0.803314917127072 0.525
vt 0.803314917127072 0.5375
vt 0.803314917127072 0.55
vt 0.803314917127072 0.5625
vt 0.803314917127072 0.575
vt 0.803314917127072 0.5875
vt 0.803314917127072 0.6
vt 0.803314917127072 0.6125
vt 0.803314917127072 0.625
vt 0.803314917127072 0.6375
vt 0.803314917127072 0.65
vt 0.803314917127072 0.6625
vt 0.803314917127072 0.675
vt 0.803314917127072 0.6875
vt 0.803314917127072 0.7
vt 0.803314917127072 0.7125
vt 0.803314917127072 0.725
vt 0.803314917127072 0.7375
vt 0.803314917127072 0.75
vt 0.803314917127072 0.7625
vt 0.803314917127072 0.775
vt 0.803314917127072 0.7875
vt 0.803314917127072 0.8
vt 0.803314917127072 0.8125
vt 0.803314917127072 0.825
vt 0.803314917127072 0.8375
vt 0.803314917127072 0.85
vt 0.803314917127072 0.8625
vt 0.803314917127072 0.875
vt 0.803314917127072 0.8875
vt 0.803314917127072 0.9
vt 0.803314917127072 0.9125
vt 0.803314917127072 0.925
vt 0.803314917127072 0.9375
vt 0.803314917127072 0.95
vt 0.803314917127072 0.9625
vt 0.803314917127072 0.975
vt 0.803314917127072 0.9875
vt 0.803314917127072 1
vt 0.8143646408839781 0
vt 0.8143646408839781 0.0125
vt 0.8143646408839781 0.025
vt 0.8143646408839781 0.0375
vt 0.8143646408839781 0.05
vt 0.8143646408839781 0.0625
vt 0.8143646408839781 0.075
vt 0.8143646408839781 0.0875
vt 0.8143646408839781 0.1
vt 0.8143646408839781 0.1125
vt 0.8143646408839781 0.125
vt 0.8143646408839781 0.1375
vt 0.8143646408839781 0.15
vt 0.8143646408839781 0.1625
vt 0.8143646408839781 0.175
vt 0.8143646408839781 0.1875
vt 0.8143646408839781 0.2
vt 0.8143646408839781 0.2125
vt 0.8143646408839781 0.225
vt 0.8143646408839781 0.2375
vt 0.8143646408839781 0.25
vt 0.8143646408839781 0.2625
vt 0.8143646408839781 0.275
vt 0.8143646408839781 0.2875
vt 0.8143646408839781 0.3
vt 0.8143646408839781 0.3125
vt 0.8143646408839781 0.325
vt 0.8143646408839781 0.3375
vt 0.8143646408839781 0.35
vt 0.8143646408839781 0.3625
vt 0.8143646408839781 0.375
vt 0.8143646408839781 0.3875
vt 0.8143646408839781 0.4
vt 0.8143646408839781 0.4125
vt 0.8143646408839781 0.425
vt 0.8143646408839781 0.4375
vt 0.8143646408839781 0.45
vt 0.8143646408839781 0.4625
vt 0.8143646408839781 0.475
vt 0.8143646408839781 0.4875
vt 0.8143646408839781 0.5
vt 0.8143646408839781 0.5125
vt 0.8143646408839781 0.525
vt 0.8143646408839781 0.5375
vt 0.8143646408839781 0.55
vt 0.8143646408839781 0.5625
vt 0.8143646408839781 0.575
vt 0.8143646408839781 0.5875
vt 0.8143646408839781 0.6
vt 0.8143646408839781 0.6125
vt 0.8143646408839781 0.625
vt 0.8143646408839781 0.6375
vt 0.8143646408839781 0.65
vt 0.8143646408839781 0.6625
vt 0.8143646408839781 0.675
vt 0.8143646408839781 0.6875
vt 0.8143646408839781 0.7
vt 0.8143646408839781 0.7125
vt 0.8143646408839781 0.725
vt 0.8143646408839781 0.7375
vt 0.8143646408839781 0.75
vt 0.8143646408839781 0.7625
vt 0.8143646408839781 0.775
vt 0.8143646408839781 0.7875
vt 0.8143646408839781 0.8
vt 0.8143646408839781 0.8125
vt 0.8143646408839781 0.825
vt 0.8143646408839781 0.8375
vt 0.8143646408839781 0.85
vt 0.8143646408839781 0.8625
vt 0.8143646408839781 0.875
vt 0.8143646408839781 0.8875
vt 0.8143646408839781 0.9
vt 0.8143646408839781 0.9125
vt 0.8143646408839781 0.925
vt 0.8143646408839781 0.9375
vt 0.8143646408839781 0.95
vt 0.8143646408839781 0.9625
vt 0.8143646408839781 0.975
vt 0.8143646408839781 0.9875
vt 0.8143646408839781 1
vt 0.8254143646408841 0
vt 0.8254143646408841 0.0125
vt 0.8254143646408841 0.025
vt 0.8254143646408841 0.0375
vt 0.8254143646408841 0.05
vt 0.8254143646408841 0.0625
vt 0.8254143646408841 0.075
vt 0.8254143646408841 0.0875
vt 0.8254143646408841 0.1
vt 0.8254143646408841 0.1125
vt 0.8254143646408841 0.125
vt 0.8254143646408841 0.1375
vt 0.8254143646408841 0.15
vt 0.8254143646408841 0.1625
vt 0.8254143646408841 0.175
vt 0.8254143646408841 0.1875
vt 0.8254143646408841 0.2
vt 0.8254143646408841 0.2125
vt 0.8254143646408841 0.225
vt 0.8254143646408841 0.2375
vt 0.8254143646408841 0.25
vt 0.8254143646408841 0.2625
vt 0.8254143646408841 0.275
vt 0.8254143646408841 0.2875
vt 0.8254143646408841 0.3
vt 0.8254143646408841 0.3125
vt 0.8254143646408841 0.325
vt 0.8254143646408841 0.3375
vt 0.8254143646408841 0.35
vt 0.8254143646408841 0.3625
vt 0.8254143646408841 0.375
vt 0.8254143646408841 0.3875
vt 0.8254143646408841 0.4
vt 0.8254143646408841 0.4125
vt 0.8254143646408841 0.425
vt 0.8254143646408841 0.4375
vt 0.8254143646408841 0.45
vt 0.8254143646408841 0.4625
vt 0.8254143646408841 0.475
vt 0.8254143646408841 0.4875
vt 0.8254143646408841 0.5
vt 0.8254143646408841 0.5125
vt 0.8254143646408841 0.525
vt 0.8254143646408841 0.5375
vt 0.8254143646408841 0.55
vt 0.8254143646408841 0.5625
vt 0.8254143646408841 0.575
vt 0.8254143646408841 0.5875
vt 0.8254143646408841 0.6
vt 0.8254143646408841 0.6125
vt 0.8254143646408841 0.625
vt 0.8254143646408841 0.6375
vt 0.8254143646408841 0.65
vt 0.8254143646408841 0.6625
vt 0.8254143646408841 0.675
vt 0.8254143646408841 0.6875
vt 0.8254143646408841 0.7
vt 0.8254143646408841 0.7125
vt 0.8254143646408841 0.725
vt 0.8254143646408841 0.7375
vt 0.8254143646408841 0.75
vt 0.8254143646408841 0.7625
vt 0.8254143646408841 0.775
vt 0.8254143646408841 0.7875
vt 0.8254143646408841 0.8
vt 0.8254143646408841 0.8125
vt 0.8254143646408841 0.825
vt 0.8254143646408841 0.8375
vt 0.8254143646408841 0.85
vt 0.8254143646408841 0.8625
vt 0.8254143646408841 0.875
vt 0.8254143646408841 0.8875
vt 0.8254143646408841 0.9
vt 0.8254143646408841 0.9125
vt 0.8254143646408841 0.925
vt 0.8254143646408841 0.9375
vt 0.8254143646408841 0.95
vt 0.8254143646408841 0.9625
vt 0.8254143646408841 0.975
vt 0.8254143646408841 0.9875
vt 0.8254143646408841 1
vt 0.8364640883977901 0
vt 0.8364640883977901 0.0125
vt 0.8364640883977901 0.025
vt 0.8364640883977901 0.0375
vt 0.8364640883977901 0.05
vt 0.8364640883977901 0.0625
vt 0.8364640883977901 0.075
vt 0.8364640883977901 0.0875
vt 0.8364640883977901 0.1
vt 0.8364640883977901 0.1125
vt 0.8364640883977901 0.125
vt 0.8364640883977901 0.1375
vt 0.8364640883977901 0.15
vt 0.8364640883977901 0.1625
vt 0.8364640883977901 0.175
vt 0.8364640883977901 0.1875
vt 0.8364640883977901 0.2
vt 0.8364640883977901 0.2125
vt 0.8364640883977901 0.225
vt 0.8364640883977901 0.2375
vt 0.8364640883977901 0.25
vt 0.8364640883977901 0.2625
vt 0.8364640883977901 0.275
vt 0.8364640883977901 0.2875
vt 0.8364640883977901 0.3
vt 0.8364640883977901 0.3125
vt 0.8364640883977901 0.325
vt 0.8364640883977901 0.3375
vt 0.8364640883977901 0.35
vt 0.8364640883977901 0.3625
vt 0.8364640883977901 0.375
vt 0.8364640883977901 0.3875
vt 0.8364640883977901 0.4
vt 0.8364640883977901 0.4125
vt 0.8364640883977901 0.425
vt 0.8364640883977901 0.4375
vt 0.8364640883977901 0.45
vt 0.8364640883977901 0.4625
vt 0.8364640883977901 0.475
vt 0.8364640883977901 0.4875
vt 0.8364640883977901 0.5
vt 0.8364640883977901 0.5125
vt 0.8364640883977901 0.525
vt 0.8364640883977901 0.5375
vt 0.8364640883977901 0.55
vt 0.8364640883977901 0.5625
vt 0.8364640883977901 0.575
vt 0.8364640883977901 0.5875
vt 0.8364640883977901 0.6
vt 0.8364640883977901 0.6125
vt 0.8364640883977901 0.625
vt 0.8364640883977901 0.6375
vt 0.8364640883977901 0.65
vt 0.8364640883977901 0.6625
vt 0.8364640883977901 0.675
vt 0.8364640883977901 0.6875
vt 0.8364640883977901 0.7
vt 0.8364640883977901 0.7125
vt 0.8364640883977901 0.725
vt 0.8364640883977901 0.7375
vt 0.8364640883977901 0.75
vt 0.8364640883977901 0.7625
vt 0.8364640883977901 0.775
vt 0.8364640883977901 0.7875
vt 0.8364640883977901 0.8
vt 0.8364640883977901 0.8125
vt 0.8364640883977901 0.825
vt 0.8364640883977901 0.8375
vt 0.8364640883977901 0.85
vt 0.8364640883977901 0.8625
vt 0.8364640883977901 0.875
vt 0.8364640883977901 0.8875
vt 0.8364640883977901 0.9
vt 0.8364640883977901 0.9125
vt 0.8364640883977901 0.925
vt 0.8364640883977901 0.9375
vt 0.8364640883977901 0.95
vt 0.8364640883977901 0.9625
vt 0.8364640883977901 0.975
vt 0.8364640883977901 0.9875
vt 0.8364640883977901 1
vt 0.8475138121546962 0
vt 0.8475138121546962 0.0125
vt 0.8475138121546962 0.025
vt 0.8475138121546962 0.0375
vt 0.8475138121546962 0.05
vt 0.8475138121546962 0.0625
vt 0.8475138121546962 0.075
vt 0.8475138121546962 0.0875
vt 0.8475138121546962 0.1
vt 0.8475138121546962 0.1125
vt 0.8475138121546962 0.125
vt 0.8475138121546962 0.1375
vt 0.8475138121546962 0.15
vt 0.8475138121546962 0.1625
vt 0.8475138121546962 0.175
vt 0.8475138121546962 0.1875
vt 0.8475138121546962 0.2
vt 0.8475138121546962 0.2125
vt 0.8475138121546962 0.225
vt 0.8475138121546962 0.2375
vt 0.8475138121546962 0.25
vt 0.8475138121546962 0.2625
vt 0.8475138121546962 0.275
vt 0.8475138121546962 0.2875
vt 0.8475138121546962 0.3
vt 0.8475138121546962 0.3125
vt 0.8475138121546962 0.325
vt 0.8475138121546962 0.3375
vt 0.8475138121546962 0.35
vt 0.8475138121546962 0.3625
vt 0.8475138121546962 0.375
vt 0.8475138121546962 0.3875
vt 0.8475138121546962 0.4
vt 0.8475138121546962 0.4125
vt 0.8475138121546962 0.425
vt 0.8475138121546962 0.4375
vt 0.8475138121546962 0.45
vt 0.8475138121546962 0.4625
vt 0.8475138121546962 0.475
vt 0.8475138121546962 0.4875
vt 0.8475138121546962 0.5
vt 0.8475138121546962 0.5125
vt 0.8475138121546962 0.525
vt 0.8475138121546962 0.5375
vt 0.8475138121546962 0.55
vt 0.8475138121546962 0.5625
vt 0.8475138121546962 0.575
vt 0.8475138121546962 0.5875
vt 0.8475138121546962 0.6
vt 0.8475138121546962 0.6125
vt 0.8475138121546962 0.625
vt 0.8475138121546962 0.6375
vt 0.8475138121546962 0.65
vt 0.8475138121546962 0.6625
vt 0.8475138121546962 0.675
vt 0.8475138121546962 0.6875
vt 0.8475138121546962 0.7
vt 0.8475138121546962 0.7125
vt 0.8475138121546962 0.725
vt 0.8475138121546962 0.7375
vt 0.8475138121546962 0.75
vt 0.8475138121546962 0.7625
vt 0.8475138121546962 0.775
vt 0.8475138121546962 0.7875
vt 0.8475138121546962 0.8
vt 0.8475138121546962 0.8125
vt 0.8475138121546962 0.825
vt 0.8475138121546962 0.8375
vt 0.8475138121546962 0.85
vt 0.8475138121546962 0.8625
vt 0.8475138121546962 0.875
vt 0.8475138121546962 0.8875
vt 0.8475138121546962 0.9
vt 0.8475138121546962 0.9125
vt 0.8475138121546962 0.925
vt 0.8475138121546962 0.9375
vt 0.8475138121546962 0.95
vt 0.8475138121546962 0.9625
vt 0.8475138121546962 0.975
vt 0.8475138121546962 0.9875
vt 0.8475138121546962 1
vt 0.8585635359116023 0
vt 0.8585635359116023 0.0125
vt 0.8585635359116023 0.025
vt 0.8585635359116023 0.0375
vt 0.8585635359116023 0.05
vt 0.8585635359116023 0.0625
vt 0.8585635359116023 0.075
vt 0.8585635359116023 0.0875
vt 0.8585635359116023 0.1
vt 0.8585635359116023 0.1125
vt 0.8585635359116023 0.125
vt 0.8585635359116023 0.1375
vt 0.8585635359116023 0.15
vt 0.8585635359116023 0.1625
vt 0.8585635359116023 0.175
vt 0.8585635359116023 0.1875
vt 0.8585635359116023 0.2
vt 0.8585635359116023 0.2125
vt 0.8585635359116023 0.225
vt 0.8585635359116023 0.2375
vt 0.8585635359116023 0.25
vt 0.8585635359116023 0.2625
vt 0.8585635359116023 0.275
vt 0.8585635359116023 0.2875
vt 0.8585635359116023 0.3
vt 0.8585635359116023 0.3125
vt 0.8585635359116023 0.325
vt 0.8585635359116023 0.3375
vt 0.8585635359116023 0.35
vt 0.8585635359116023 0.3625
vt 0.8585635359116023 0.375
vt 0.8585635359116023 0.3875
vt 0.8585635359116023 0.4
vt 0.8585635359116023 0.4125
vt 0.8585635359116023 0.425
vt 0.8585635359116023 0.4375
vt 0.8585635359116023 0.45
vt 0.8585635359116023 0.4625
vt 0.8585635359116023 0.475
vt 0.8585635359116023 0.4875
vt 0.8585635359116023 0.5
vt 0.8585635359116023 0.5125
vt 0.8585635359116023 0.525
vt 0.8585635359116023 0.5375
vt 0.8585635359116023 0.55
vt 0.8585635359116023 0.5625
vt 0.8585635359116023 0.575
vt 0.8585635359116023 0.5875
vt 0.8585635359116023 0.6
vt 0.8585635359116023 0.6125
vt 0.8585635359116023 0.625
vt 0.8585635359116023 0.6375
vt 0.8585635359116023 0.65
vt 0.8585635359116023 0.6625
vt 0.8585635359116023 0.675
vt 0.8585635359116023 0.6875
vt 0.8585635359116023 0.7
vt 0.8585635359116023 0.7125
vt 0.8585635359116023 0.725
vt 0.8585635359116023 0.7375
vt 0.8585635359116023 0.75
vt 0.8585635359116023 0.7625
vt 0.8585635359116023 0.775
vt 0.8585635359116023 0.7875
vt 0.8585635359116023 0.8
vt 0.8585635359116023 0.8125
vt 0.8585635359116023 0.825
vt 0.8585635359116023 0.8375
vt 0.8585635359116023 0.85
vt 0.8585635359116023 0.8625
vt 0.8585635359116023 0.875
vt 0.8585635359116023 0.8875
vt 0.8585635359116023 0.9
vt 0.8585635359116023 0.9125
vt 0.8585635359116023 0.925
vt 0.8585635359116023 0.9375
vt 0.8585635359116023 0.95
vt 0.8585635359116023 0.9625
vt 0.8585635359116023 0.975
vt 0.8585635359116023 0.9875
vt 0.8585635359116023 1
vt 0.8950276243093923 0
vt 0.8950276243093923 0.0125
vt 0.8950276243093923 0.025
vt 0.8950276243093923 0.0375
vt 0.8950276243093923 0.05
vt 0.8950276243093923 0.0625
vt 0.8950276243093923 0.075
vt 0.8950276243093923 0.0875
vt 0.8950276243093923 0.1
vt 0.8950276243093923 0.1125
vt 0.8950276243093923 0.125
vt 0.8950276243093923 0.1375
vt 0.8950276243093923 0.15
vt 0.8950276243093923 0.1625
vt 0.8950276243093923 0.175
vt 0.8950276243093923 0.1875
vt 0.8950276243093923 0.2
vt 0.8950276243093923 0.2125
vt 0.8950276243093923 0.225
vt 0.8950276243093923 0.2375
vt 0.8950276243093923 0.25
vt 0.8950276243093923 0.2625
vt 0.8950276243093923 0.275
vt 0.8950276243093923 0.2875
vt 0.8950276243093923 0.3
vt 0.8950276243093923 0.3125
vt 0.8950276243093923 0.325
vt 0.8950276243093923 0.3375
vt 0.8950276243093923 0.35
vt 0.8950276243093923 0.3625
vt 0.8950276243093923 0.375
vt 0.8950276243093923 0.3875
vt 0.8950276243093923 0.4
vt 0.8950276243093923 0.4125
vt 0.8950276243093923 0.425
vt 0.8950276243093923 0.4375
vt 0.8950276243093923 0.45
vt 0.8950276243093923 0.4625
vt 0.8950276243093923 0.475
vt 0.8950276243093923 0.4875
vt 0.8950276243093923 0.5
vt 0.8950276243093923 0.5125
vt 0.8950276243093923 0.525
vt 0.8950276243093923 0.5375
vt 0.8950276243093923 0.55
vt 0.8950276243093923 0.5625
vt 0.8950276243093923 0.575
vt 0.8950276243093923 0.5875
vt 0.8950276243093923 0.6
vt 0.8950276243093923 0.6125
vt 0.8950276243093923 0.625
vt 0.8950276243093923 0.6375
vt 0.8950276243093923 0.65
vt 0.8950276243093923 0.6625
vt 0.8950276243093923 0.675
vt 0.8950276243093923 0.6875
vt 0.8950276243093923 0.7
vt 0.8950276243093923 0.7125
vt 0.8950276243093923 0.725
vt 0.8950276243093923 0.7375
vt 0.8950276243093923 0.75
vt 0.8950276243093923 0.7625
vt 0.8950276243093923 0.775
vt 0.8950276243093923 0.7875
vt 0.8950276243093923 0.8
vt 0.8950276243093923 0.8125
vt 0.8950276243093923 0.825
vt 0.8950276243093923 0.8375
vt 0.8950276243093923 0.85
vt 0.8950276243093923 0.8625
vt 0.8950276243093923 0.875
vt 0.8950276243093923 0.8875
vt 0.8950276243093923 0.9
vt 0.8950276243093923 0.9125
vt 0.8950276243093923 0.925
vt 0.8950276243093923 0.9375
vt 0.8950276243093923 0.95
vt 0.8950276243093923 0.9625
vt 0.8950276243093923 0.975
vt 0.8950276243093923 0.9875
vt 0.8950276243093923 1
vt 0.9392265193370165 0
vt 0.9392265193370165 0.0125
vt 0.9392265193370165 0.025
vt 0.9392265193370165 0.0375
vt 0.9392265193370165 0.05
vt 0.9392265193370165 0.0625
vt 0.9392265193370165 0.075
vt 0.9392265193370165 0.0875
vt 0.9392265193370165 0.1
vt 0.9392265193370165 0.1125
vt 0.9392265193370165 0.125
vt 0.9392265193370165 0.1375
vt 0.9392265193370165 0.15
vt 0.9392265193370165 0.1625
vt 0.9392265193370165 0.175
vt 0.9392265193370165 0.1875
vt 0.9392265193370165 0.2
vt 0.9392265193370165 0.2125
vt 0.9392265193370165 0.225
vt 0.9392265193370165 0.2375
vt 0.9392265193370165 0.25
vt 0.9392265193370165 0.2625
vt 0.9392265193370165 0.275
vt 0.9392265193370165 0.2875
vt 0.9392265193370165 0.3
vt 0.9392265193370165 0.3125
vt 0.9392265193370165 0.325
vt 0.9392265193370165 0.3375
vt 0.9392265193370165 0.35
vt 0.9392265193370165 0.3625
vt 0.9392265193370165 0.375
vt 0.9392265193370165 0.3875
vt 0.9392265193370165 0.4
vt 0.9392265193370165 0.4125
vt 0.9392265193370165 0.425
vt 0.9392265193370165 0.4375
vt 0.9392265193370165 0.45
vt 0.9392265193370165 0.4625
vt 0.9392265193370165 0.475
vt 0.9392265193370165 0.4875
vt 0.9392265193370165 0.5
vt 0.9392265193370165 0.5125
vt 0.9392265193370165 0.525
vt 0.9392265193370165 0.5375
vt 0.9392265193370165 0.55
vt 0.9392265193370165 0.5625
vt 0.9392265193370165 0.575
vt 0.9392265193370165 0.5875
vt 0.9392265193370165 0.6
vt 0.9392265193370165 0.6125
vt 0.9392265193370165 0.625
vt 0.9392265193370165 0.6375
vt 0.9392265193370165 0.65
vt 0.9392265193370165 0.6625
vt 0.9392265193370165 0.675
vt 0.9392265193370165 0.6875
vt 0.9392265193370165 0.7
vt 0.9392265193370165 0.7125
vt 0.9392265193370165 0.725
vt 0.9392265193370165 0.7375
vt 0.9392265193370165 0.75
vt 0.9392265193370165 0.7625
vt 0.9392265193370165 0.775
vt 0.9392265193370165 0.7875
vt 0.9392265193370165 0.8
vt 0.9392265193370165 0.8125
vt 0.9392265193370165 0.825
vt 0.9392265193370165 0.8375
vt 0.9392265193370165 0.85
vt 0.9392265193370165 0.8625
vt 0.9392265193370165 0.875
vt 0.9392265193370165 0.8875
vt 0.9392265193370165 0.9
vt 0.9392265193370165 0.9125
vt 0.9392265193370165 0.925
vt 0.9392265193370165 0.9375
vt 0.9392265193370165 0.95
vt 0.9392265193370165 0.9625
vt 0.9392265193370165 0.975
vt 0.9392265193370165 0.9875
vt 0.9392265193370165 1
vt 0.9834254143646408 0
vt 0.9834254143646408 0.0125
vt 0.9834254143646408 0.025
vt 0.9834254143646408 0.0375
vt 0.9834254143646408 0.05
vt 0.9834254143646408 0.0625
vt 0.9834254143646408 0.075
vt 0.9834254143646408 0.0875
vt 0.9834254143646408 0.1
vt 0.9834254143646408 0.1125
vt 0.9834254143646408 0.125
vt 0.9834254143646408 0.1375
vt 0.9834254143646408 0.15
vt 0.9834254143646408 0.1625
vt 0.9834254143646408 0.175
vt 0.9834254143646408 0.1875
vt 0.9834254143646408 0.2
vt 0.9834254143646408 0.2125
vt 0.9834254143646408 0.225
vt 0.9834254143646408 0.2375
vt 0.9834254143646408 0.25
vt 0.9834254143646408 0.2625
vt 0.9834254143646408 0.275
vt 0.9834254143646408 0.2875
vt 0.9834254143646408 0.3
vt 0.9834254143646408 0.3125
vt 0.9834254143646408 0.325
vt 0.9834254143646408 0.3375
vt 0.9834254143646408 0.35
vt 0.9834254143646408 0.3625
vt 0.9834254143646408 0.375
vt 0.9834254143646408 0.3875
vt 0.9834254143646408 0.4
vt 0.9834254143646408 0.4125
vt 0.9834254143646408 0.425
vt 0.9834254143646408 0.4375
vt 0.9834254143646408 0.45
vt 0.9834254143646408 0.4625
vt 0.9834254143646408 0.475
vt 0.9834254143646408 0.4875
vt 0.9834254143646408 0.5
vt 0.9834254143646408 0.5125
vt 0.9834254143646408 0.525
vt 0.9834254143646408 0.5375
vt 0.9834254143646408 0.55
vt 0.9834254143646408 0.5625
vt 0.9834254143646408 0.575
vt 0.9834254143646408 0.5875
vt 0.9834254143646408 0.6
vt 0.9834254143646408 0.6125
vt 0.9834254143646408 0.625
vt 0.9834254143646408 0.6375
vt 0.9834254143646408 0.65
vt 0.9834254143646408 0.6625
vt 0.9834254143646408 0.675
vt 0.9834254143646408 0.6875
vt 0.9834254143646408 0.7
vt 0.9834254143646408 0.7125
vt 0.9834254143646408 0.725
vt 0.9834254143646408 0.7375
vt 0.9834254143646408 0.75
vt 0.9834254143646408 0.7625
vt 0.9834254143646408 0.775
vt 0.9834254143646408 0.7875
vt 0.9834254143646408 0.8
vt 0.9834254143646408 0.8125
vt 0.9834254143646408 0.825
vt 0.9834254143646408 0.8375
vt 0.9834254143646408 0.85
vt 0.9834254143646408 0.8625
vt 0.9834254143646408 0.875
vt 0.9834254143646408 0.8875
vt 0.9834254143646408 0.9
vt 0.9834254143646408 0.9125
vt 0.9834254143646408 0.925
vt 0.9834254143646408 0.9375
vt 0.9834254143646408 0.95
vt 0.9834254143646408 0.9625
vt 0.9834254143646408 0.975
vt 0.9834254143646408 0.9875
vt 0.9834254143646408 1
vt 1 0
vt 1 0.0125
vt 1 0.025
vt 1 0.0375
vt 1 0.05
vt 1 0.0625
vt 1 0.075
vt 1 0.0875
vt 1 0.1
vt 1 0.1125
vt 1 0.125
vt 1 0.1375
vt 1 0.15
vt 1 0.1625
vt 1 0.175
vt 1 0.1875
vt 1 0.2
vt 1 0.2125
vt 1 0.225
vt 1 0.2375
vt 1 0.25
vt 1 0.2625
vt 1 0.275
vt 1 0.2875
vt 1 0.3
vt 1 0.3125
vt 1 0.325
vt 1 0.3375
vt 1 0.35
vt 1 0.3625
vt 1 0.375
vt 1 0.3875
vt 1 0.4
vt 1 0.4125
vt 1 0.425
vt 1 0.4375
vt 1 0.45
vt 1 0.4625
vt 1 0.475
vt 1 0.4875
vt 1 0.5
vt 1 0.5125
vt 1 0.525
vt 1 0.5375
vt 1 0.55
vt 1 0.5625
vt 1 0.575
vt 1 0.5875
vt 1 0.6
vt 1 0.6125
vt 1 0.625
vt 1 0.6375
vt 1 0.65
vt 1 0.6625
vt 1 0.675
vt 1 0.6875
vt 1 0.7
vt 1 0.7125
vt 1 0.725
vt 1 0.7375
vt 1 0.75
vt 1 0.7625
vt 1 0.775
vt 1 0.7875
vt 1 0.8
vt 1 0.8125
vt 1 0.825
vt 1 0.8375
vt 1 0.85
vt 1 0.8625
vt 1 0.875
vt 1 0.8875
vt 1 0.9
vt 1 0.9125
vt 1 0.925
vt 1 0.9375
vt 1 0.95
vt 1 0.9625
vt 1 0.975
vt 1 0.9875
vt 1 1
vt 0.5 0.5
vt 0.5 0.5
s 1
f 83/83 2/2 1/1
f 82/82 83/83 1/1
f 84/84 3/3 2/2
f 83/83 84/84 2/2
f 85/85 4/4 3/3
f 84/84 85/85 3/3
f 86/86 5/5 4/4
f 85/85 86/86 4/4
f 87/87 6/6 5/5
f 86/86 87/87 5/5
f 88/88 7/7 6/6
f 87/87 88/88 6/6
f 89/89 8/8 7/7
f 88/88 89/89 7/7
f 90/90 9/9 8/8
f 89/89 90/90 8/8
f 91/91 10/10 9/9
f 90/90 91/91 9/9
f 92/92 11/11 10/10
f 91/91 92/92 10/10
f 93/93 12/12 11/11
f 92/92 93/93 11/11
f 94/94 13/13 12/12
f 93/93 94/94 12/12
f 95/95 14/14 13/13
f 94/94 95/95 13/13
f 96/96 15/15 14/14
f 95/95 96/96 14/14
f 97/97 16/16 15/15
f 96/96 97/97 15/15
f 98/98 17/17 16/16
f 97/97 98/98 16/16
f 99/99 18/18 17/17
f 98/98 99/99 17/17
f 100/100 19/19 18/18
f 99/99 100/100 18/18
f 101/101 20/20 19/19
f 100/100 101/101 19/19
f 102/102 21/21 20/20
f 101/101 102/102 20/20
f 103/103 22/22 21/21
f 102/102 103/103 21/21
f 104/104 23/23 22/22
f 103/103 104/104 22/22
f 105/105 24/24 23/23
f 104/104 105/105 23/23
f 106/106 25/25 24/24
f 105/105 106/106 24/24
f 107/107 26/26 25/25
f 106/106 107/107 25/25
f 108/108 27/27 26/26
f 107/107 108/108 26/26
f 109/109 28/28 27/27
f 108/108 109/109 27/27
f 110/110 29/29 28/28
f 109/109 110/110 28/28
f 111/111 30/30 29/29
f 110/110 111/111 29/29
f 112/112 31/31 30/30
f 111/111 112/112 30/30
f 113/113 32/32 31/31
f 112/112 113/113 31/31
f 114/114 33/33 32/32
f 113/113 114/114 32/32
f 115/115 34/34 33/33
f 114/114 115/115 33/33
f 116/116 35/35 34/34
f 115/115 116/116 34/34
f 117/117 36/36 35/35
f 116/116 117/117 35/35
f 118/118 37/37 36/36
f 117/117 118/118 36/36
f 119/119 38/38 37/37
f 118/118 119/119 37/37
f 120/120 39/39 38/38
f 119/119 120/120 38/38
f 121/121 40/40 39/39
f 120/120 121/121 39/39
f 122/122 41/41 40/40
f 121/121 122/122 40/40
f 123/123 42/42 41/41
f 122/122 123/123 41/41
f 124/124 43/43 42/42
f 123/123 124/124 42/42
f 125/125 44/44 43/43
f 124/124 125/125 43/43
f 126/126 45/45 44/44
f 125/125 126/126 44/44
f 127/127 46/46 45/45
f 126/126 127/127 45/45
f 128/128 47/47 46/46
f 127/127 128/128 46/46
f 129/129 48/48 47/47
f 128/128 129/129 47/47
f 130/130 49/49 48/48
f 129/129 130/130 48/48
f 131/131 50/50 49/49
f 130/130 131/131 49/49
f 132/132 51/51 50/50
f 131/131 132/132 50/50
f 133/133 52/52 51/51
f 132/132 133/133 51/51
f 134/134 53/53 52/52
f 133/133 134/134 52/52
f 135/135 54/54 53/53
f 134/134 135/135 53/53
f 136/136 55/55 54/54
f 135/135 136/136 54/54
f 137/137 56/56 55/55
f 136/136 137/137 55/55
f 138/138 57/57 56/56
f 137/137 138/138 56/56
f 139/139 58/58 57/57
f 138/138 139/139 57/57
f 140/140 59/59 58/58
f 139/139 140/140 58/58
f 141/141 60/60 59/59
f 140/140 141/141 59/59
f 142/142 61/61 60/60
f 141/141 142/142 60/60
f 143/143 62/62 61/61
f 142/142 143/143 61/61
f 144/144 63/63 62/62
f 143/143 144/144 62/62
f 145/145 64/64 63/63
f 144/144 145/145 63/63
f 146/146 65/65 64/64
f 145/145 146/146 64/64
f 147/147 66/66 65/65
f 146/146 147/147 65/65
f 148/148 67/67 66/66
f 147/147 148/148 66/66
f 149/149 68/68 67/67
f 148/148 149/149 67/67
f 150/150 69/69 68/68
f 149/149 150/150 68/68
f 151/151 70/70 69/69
f 150/150 151/151 69/69
f 152/152 71/71 70/70
f 151/151 152/152 70/70
f 153/153 72/72 71/71
f 152/152 153/153 71/71
f 154/154 73/73 72/72
f 153/153 154/154 72/72
f 155/155 74/74 73/73
f 154/154 155/155 73/73
f 156/156 75/75 74/74
f 155/155 156/156 74/74
f 157/157 76/76 75/75
f 156/156 157/157 75/75
f 158/158 77/77 76/76
f 157/157 158/158 76/76
f 159/159 78/78 77/77
f 158/158 159/159 77/77
f 160/160 79/79 78/78
f 159/159 160/160 78/78
f 161/161 80/80 79/79
f 160/160 161/161 79/79
f 162/162 81/81 80/80
f 161/161 162/162 80/80
f 164/164 83/83 82/82
f 163/163 164/164 82/82
f 165/165 84/84 83/83
f 164/164 165/165 83/83
f 166/166 85/85 84/84
f 165/165 166/166 84/84
f 167/167 86/86 85/85
f 166/166 167/167 85/85
f 168/168 87/87 86/86
f 167/167 168/168 86/86
f 169/169 88/88 87/87
f 168/168 169/169 87/87
f 170/170 89/89 88/88
f 169/169 170/170 88/88
f 171/171 90/90 89/89
f 170/170 171/171 89/89
f 172/172 91/91 90/90
f 171/171 172/172 90/90
f 173/173 92/92 91/91
f 172/172 173/173 91/91
f 174/174 93/93 92/92
f 173/173 174/174 92/92
f 175/175 94/94 93/93
f 174/174 175/175 93/93
f 176/176 95/95 94/94
f 175/175 176/176 94/94
f 177/177 96/96 95/95
f 176/176 177/177 95/95
f 178/178 97/97 96/96
f 177/177 178/178 96/96
f 179/179 98/98 97/97
f 178/178 179/179 97/97
f 180/180 99/99 98/98
f 179/179 180/180 98/98
f 181/181 100/100 99/99
f 180/180 181/181 99/99
f 182/182 101/101 100/100
f 181/181 182/182 100/100
f 183/183 102/102 101/101
f 182/182 183/183 101/101
f 184/184 103/103 102/102
f 183/183 184/184 102/102
f 185/185 104/104 103/103
f 184/184 185/185 103/103
f 186/186 105/105 104/104
f 185/185 186/186 104/104
f 187/187 106/106 105/105
f 186/186 187/187 105/105
f 188/188 107/107 106/106
f 187/187 188/188 106/106
f 189/189 108/108 107/107
f 188/188 189/189 107/107
f 190/190 109/109 108/108
f 189/189 190/190 108/108
f 191/191 110/110 109/109
f 190/190 191/191 109/109
f 192/192 111/111 110/110
f 191/191 192/192 110/110
f 193/193 112/112 111/111
f 192/192 193/193 111/111
f 194/194 113/113 112/112
f 193/193 194/194 112/112
f 195/195 114/114 113/113
f 194/194 195/195 113/113
f 196/196 115/115 114/114
f 195/195 196/196 114/114
f 197/197 116/116 115/115
f 196/196 197/197 115/115
f 198/198 117/117 116/116
f 197/197 198/198 116/116
f 199/199 118/118 117/117
f 198/198 199/199 117/117
f 200/200 119/119 118/118
f 199/199 200/200 118/118
f 201/201 120/120 119/119
f 200/200 201/201 119/119
f 202/202 121/121 120/120
f 201/201 202/202 120/120
f 203/203 122/122 121/121
f 202/202 203/203 121/121
f 204/204 123/123 122/122
f 203/203 204/204 122/122
f 205/205 124/124 123/123
f 204/204 205/205 123/123
f 206/206 125/125 124/124
f 205/205 206/206 124/124
f 207/207 126/126 125/125
f 206/206 207/207 125/125
f 208/208 127/127 126/126
f 207/207 208/208 126/126
f 209/209 128/128 127/127
f 208/208 209/209 127/127
f 210/210 129/129 128/128
f 209/209 210/210 128/128
f 211/211 130/130 129/129
f 210/210 211/211 129/129
f 212/212 131/131 130/130
f 211/211 212/212 130/130
f 213/213 132/132 131/131
f 212/212 213/213 131/131
f 214/214 133/133 132/132
f 213/213 214/214 132/132
f 215/215 134/134 133/133
f 214/214 215/215 133/133
f 216/216 135/135 134/134
f 215/215 216/216 134/134
f 217/217 136/136 135/135
f 216/216 217/217 135/135
f 218/218 137/137 136/136
f 217/217 218/218 136/136
f 219/219 138/138 137/137
f 218/218 219/219 137/137
f 220/220 139/139 138/138
f 219/219 220/220 138/138
f 221/221 140/140 139/139
f 220/220 221/221 139/139
f 222/222 141/141 140/140
f 221/221 222/222 140/140
f 223/223 142/142 141/141
f 222/222 223/223 141/141
f 224/224 143/143 142/142
f 223/223 224/224 142/142
f 225/225 144/144 143/143
f 224/224 225/225 143/143
f 226/226 145/145 144/144
f 225/225 226/226 144/144
f 227/227 146/146 145/145
f 226/226 227/227 145/145
f 228/228 147/147 146/146
f 227/227 228/228 146/146
f 229/229 148/148 147/147
f 228/228 229/229 147/147
f 230/230 149/149 148/148
f 229/229 230/230 148/148
f 231/231 150/150 149/149
f 230/230 231/231 149/149
f 232/232 151/151 150/150
f 231/231 232/232 150/150
f 233/233 152/152 151/151
f 232/232 233/233 151/151
f 234/234 153/153 152/152
f 233/233 234/234 152/152
f 235/235 154/154 153/153
f 234/234 235/235 153/153
f 236/236 155/155 154/154
f 235/235 236/236 154/154
f 237/237 156/156 155/155
f 236/236 237/237 155/155
f 238/238 157/157 156/156
f 237/237 238/238 156/156
f 239/239 158/158 157/157
f 238/238 239/239 157/157
f 240/240 159/159 158/158
f 239/239 240/240 158/158
f 241/241 160/160 159/159
f 240/240 241/241 159/159
f 242/242 161/161 160/160
f 241/241 242/242 160/160
f 243/243 162/162 161/161
f 242/242 243/243 161/161
f 245/245 164/164 163/163
f 244/244 245/245 163/163
f 246/246 165/165 164/164
f 245/245 246/246 164/164
f 247/247 166/166 165/165
f 246/246 247/247 165/165
f 248/248 167/167 166/166
f 247/247 248/248 166/166
f 249/249 168/168 167/167
f 248/248 249/249 167/167
f 250/250 169/169 168/168
f 249/249 250/250 168/168
f 251/251 170/170 169/169
f 250/250 251/251 169/169
f 252/252 171/171 170/170
f 251/251 252/252 170/170
f 253/253 172/172 171/171
f 252/252 253/253 171/171
f 254/254 173/173 172/172
f 253/253 254/254 172/172
f 255/255 174/174 173/173
f 254/254 255/255 173/173
f 256/256 175/175 174/174
f 255/255 256/256 174/174
f 257/257 176/176 175/175
f 256/256 257/257 175/175
f 258/258 177/177 176/176
f 257/257 258/258 176/176
f 259/259 178/178 177/177
f 258/258 259/259 177/177
f 260/260 179/179 178/178
f 259/259 260/260 178/178
f 261/261 180/180 179/179
f 260/260 261/261 179/179
f 262/262 181/181 180/180
f 261/261 262/262 180/180
f 263/263 182/182 181/181
f 262/262 263/263 181/181
f 264/264 183/183 182/182
f 263/263 264/264 182/182
f 265/265 184/184 183/183
f 264/264 265/265 183/183
f 266/266 185/185 184/184
f 265/265 266/266 184/184
f 267/267 186/186 185/185
f 266/266 267/267 185/185
f 268/268 187/187 186/186
f 267/267 268/268 186/186
f 269/269 188/188 187/187
f 268/268 269/269 187/187
f 270/270 189/189 188/188
f 269/269 270/270 188/188
f 271/271 190/190 189/189
f 270/270 271/271 189/189
f 272/272 191/191 190/190
f 271/271 272/272 190/190
f 273/273 192/192 191/191
f 272/272 273/273 191/191
f 274/274 193/193 192/192
f 273/273 274/274 192/192
f 275/275 194/194 193/193
f 274/274 275/275 193/193
f 276/276 195/195 194/194
f 275/275 276/276 194/194
f 277/277 196/196 195/195
f 276/276 277/277 195/195
f 278/278 197/197 196/196
f 277/277 278/278 196/196
f 279/279 198/198 197/197
f 278/278 279/279 197/197
f 280/280 199/199 198/198
f 279/279 280/280 198/198
f 281/281 200/200 199/199
f 280/280 281/281 199/199
f 282/282 201/201 200/200
f 281/281 282/282 200/200
f 283/283 202/202 201/201
f 282/282 283/283 201/201
f 284/284 203/203 202/202
f 283/283 284/284 202/202
f 285/285 204/204 203/203
f 284/284 285/285 203/203
f 286/286 205/205 204/204
f 285/285 286/286 204/204
f 287/287 206/206 205/205
f 286/286 287/287 205/205
f 288/288 207/207 206/206
f 287/287 288/288 206/206
f 289/289 208/208 207/207
f 288/288 289/289 207/207
f 290/290 209/209 208/208
f 289/289 290/290 208/208
f 291/291 210/210 209/209
f 290/290 291/291 209/209
f 292/292 211/211 210/210
f 291/291 292/292 210/210
f 293/293 212/212 211/211
f 292/292 293/293 211/211
f 294/294 213/213 212/212
f 293/293 294/294 212/212
f 295/295 214/214 213/213
f 294/294 295/295 213/213
f 296/296 215/215 214/214
f 295/295 296/296 214/214
f 297/297 216/216 215/215
f 296/296 297/297 215/215
f 298/298 217/217 216/216
f 297/297 298/298 216/216
f 299/299 218/218 217/217
f 298/298 299/299 217/217
f 300/300 219/219 218/218
f 299/299 300/300 218/218
f 301/301 220/220 219/219
f 300/300 301/301 219/219
f 302/302 221/221 220/220
f 301/301 302/302 220/220
f 303/303 222/222 221/221
f 302/302 303/303 221/221
f 304/304 223/223 222/222
f 303/303 304/304 222/222
f 305/305 224/224 223/223
f 304/304 305/305 223/223
f 306/306 225/225 224/224
f 305/305 306/306 224/224
f 307/307 226/226 225/225
f 306/306 307/307 225/225
f 308/308 227/227 226/226
f 307/307 308/308 226/226
f 309/309 228/228 227/227
f 308/308 309/309 227/227
f 310/310 229/229 228/228
f 309/309 310/310 228/228
f 311/311 230/230 229/229
f 310/310 311/311 229/229
f 312/312 231/231 230/230
f 311/311 312/312 230/230
f 313/313 232/232 231/231
f 312/312 313/313 231/231
f 314/314 233/233 232/232
f 313/313 314/314 232/232
f 315/315 234/234 233/233
f 314/314 315/315 233/233
f 316/316 235/235 234/234
f 315/315 316/316 234/234
f 317/317 236/236 235/235
f 316/316 317/317 235/235
f 318/318 237/237 236/236
f 317/317 318/318 236/236
f 319/319 238/238 237/237
f 318/318 319/319 237/237
f 320/320 239/239 238/238
f 319/319 320/320 238/238
f 321/321 240/240 239/239
f 320/320 321/321 239/239
f 322/322 241/241 240/240
f 321/321 322/322 240/240
f 323/323 242/242 241/241
f 322/322 323/323 241/241
f 324/324 243/243 242/242
f 323/323 324/324 242/242
f 326/326 245/245 244/244
f 325/325 326/326 244/244
f 327/327 246/246 245/245
f 326/326 327/327 245/245
f 328/328 247/247 246/246
f 327/327 328/328 246/246
f 329/329 248/248 247/247
f 328/328 329/329 247/247
f 330/330 249/249 248/248
f 329/329 330/330 248/248
f 331/331 250/250 249/249
f 330/330 331/331 249/249
f 332/332 251/251 250/250
f 331/331 332/332 250/250
f 333/333 252/252 251/251
f 332/332 333/333 251/251
f 334/334 253/253 252/252
f 333/333 334/334 252/252
f 335/335 254/254 253/253
f 334/334 335/335 253/253
f 336/336 255/255 254/254
f 335/335 336/336 254/254
f 337/337 256/256 255/255
f 336/336 337/337 255/255
f 338/338 257/257 256/256
f 337/337 338/338 256/256
f 339/339 258/258 257/257
f 338/338 339/339 257/257
f 340/340 259/259 258/258
f 339/339 340/340 258/258
f 341/341 260/260 259/259
f 340/340 341/341 259/259
f 342/342 261/261 260/260
f 341/341 342/342 260/260
f 343/343 262/262 261/261
f 342/342 343/343 261/261
f 344/344 263/263 262/262
f 343/343 344/344 262/262
f 345/345 264/264 263/263
f 344/344 345/345 263/263
f 346/346 265/265 264/264
f 345/345 346/346 264/264
f 347/347 266/266 265/265
f 346/346 347/347 265/265
f 348/348 267/267 266/266
f 347/347 348/348 266/266
f 349/349 268/268 267/267
f 348/348 349/349 267/267
f 350/350 269/269 268/268
f 349/349 350/350 268/268
f 351/351 270/270 269/269
f 350/350 351/351 269/269
f 352/352 271/271 270/270
f 351/351 352/352 270/270
f 353/353 272/272 271/271
f 352/352 353/353 271/271
f 354/354 273/273 272/272
f 353/353 354/354 272/272
f 355/355 274/274 273/273
f 354/354 355/355 273/273
f 356/356 275/275 274/274
f 355/355 356/356 274/274
f 357/357 276/276 275/275
f 356/356 357/357 275/275
f 358/358 277/277 276/276
f 357/357 358/358 276/276
f 359/359 278/278 277/277
f 358/358 359/359 277/277
f 360/360 279/279 278/278
f 359/359 360/360 278/278
f 361/361 280/280 279/279
f 360/360 361/361 279/279
f 362/362 281/281 280/280
f 361/361 362/362 280/280
f 363/363 282/282 281/281
f 362/362 363/363 281/281
f 364/364 283/283 282/282
f 363/363 364/364 282/282
f 365/365 284/284 283/283
f 364/364 365/365 283/283
f 366/366 285/285 284/284
f 365/365 366/366 284/284
f 367/367 286/286 285/285
f 366/366 367/367 285/285
f 368/368 287/287 286/286
f 367/367 368/368 286/286
f 369/369 288/288 287/287
f 368/368 369/369 287/287
f 370/370 289/289 288/288
f 369/369 370/370 288/288
f 371/371 290/290 289/289
f 370/370 371/371 289/289
f 372/372 291/291 290/290
f 371/371 372/372 290/290
f 373/373 292/292 291/291
f 372/372 373/373 291/291
f 374/374 293/293 292/292
f 373/373 374/374 292/292
f 375/375 294/294 293/293
f 374/374 375/375 293/293
f 376/376 295/295 294/294
f 375/375 376/376 294/294
f 377/377 296/296 295/295
f 376/376 377/377 295/295
f 378/378 297/297 296/296
f 377/377 378/378 296/296
f 379/379 298/298 297/297
f 378/378 379/379 297/297
f 380/380 299/299 298/298
f 379/379 380/380 298/298
f 381/381 300/300 299/299
f 380/380 381/381 299/299
f 382/382 301/301 300/300
f 381/381 382/382 300/300
f 383/383 302/302 301/301
f 382/382 383/383 301/301
f 384/384 303/303 302/302
f 383/383 384/384 302/302
f 385/385 304/304 303/303
f 384/384 385/385 303/303
f 386/386 305/305 304/304
f 385/385 386/386 304/304
f 387/387 306/306 305/305
f 386/386 387/387 305/305
f 388/388 307/307 306/306
f 387/387 388/388 306/306
f 389/389 308/308 307/307
f 388/388 389/389 307/307
f 390/390 309/309 308/308
f 389/389 390/390 308/308
f 391/391 310/310 309/309
f 390/390 391/391 309/309
f 392/392 311/311 310/310
f 391/391 392/392 310/310
f 393/393 312/312 311/311
f 392/392 393/393 311/311
f 394/394 313/313 312/312
f 393/393 394/394 312/312
f 395/395 314/314 313/313
f 394/394 395/395 313/313
f 396/396 315/315 314/314
f 395/395 396/396 314/314
f 397/397 316/316 315/315
f 396/396 397/397 315/315
f 398/398 317/317 316/316
f 397/397 398/398 316/316
f 399/399 318/318 317/317
f 398/398 399/399 317/317
f 400/400 319/319 318/318
f 399/399 400/400 318/318
f 401/401 320/320 319/319
f 400/400 401/401 319/319
f 402/402 321/321 320/320
f 401/401 402/402 320/320
f 403/403 322/322 321/321
f 402/402 403/403 321/321
f 404/404 323/323 322/322
f 403/403 404/404 322/322
f 405/405 324/324 323/323
f 404/404 405/405 323/323
f 407/407 326/326 325/325
f 406/406 407/407 325/325
f 408/408 327/327 326/326
f 407/407 408/408 326/326
f 409/409 328/328 327/327
f 408/408 409/409 327/327
f 410/410 329/329 328/328
f 409/409 410/410 328/328
f 411/411 330/330 329/329
f 410/410 411/411 329/329
f 412/412 331/331 330/330
f 411/411 412/412 330/330
f 413/413 332/332 331/331
f 412/412 413/413 331/331
f 414/414 333/333 332/332
f 413/413 414/414 332/332
f 415/415 334/334 333/333
f 414/414 415/415 333/333
f 416/416 335/335 334/334
f 415/415 416/416 334/334
f 417/417 336/336 335/335
f 416/416 417/417 335/335
f 418/418 337/337 336/336
f 417/417 418/418 336/336
f 419/419 338/338 337/337
f 418/418 419/419 337/337
f 420/420 339/339 338/338
f 419/419 420/420 338/338
f 421/421 340/340 339/339
f 420/420 421/421 339/339
f 422/422 341/341 340/340
f 421/421 422/422 340/340
f 423/423 342/342 341/341
f 422/422 423/423 341/341
f 424/424 343/343 342/342
f 423/423 424/424 342/342
f 425/425 344/344 343/343
f 424/424 425/425 343/343
f 426/426 345/345 344/344
f 425/425 426/426 344/344
f 427/427 346/346 345/345
f 426/426 427/427 345/345
f 428/428 347/347 346/346
f 427/427 428/428 346/346
f 429/429 348/348 347/347
f 428/428 429/429 347/347
f 430/430 349/349 348/348
f 429/429 430/430 348/348
f 431/431 350/350 349/349
f 430/430 431/431 349/349
f 432/432 351/351 350/350
f 431/431 432/432 350/350
f 433/433 352/352 351/351
f 432/432 433/433 351/351
f 434/434 353/353 352/352
f 433/433 434/434 352/352
f 435/435 354/354 353/353
f 434/434 435/435 353/353
f 436/436 355/355 354/354
f 435/435 436/436 354/354
f 437/437 356/356 355/355
f 436/436 437/437 355/355
f 438/438 357/357 356/356
f 437/437 438/438 356/356
f 439/439 358/358 357/357
f 438/438 439/439 357/357
f 440/440 359/359 358/358
f 439/439 440/440 358/358
f 441/441 360/360 359/359
f 440/440 441/441 359/359
f 442/442 361/361 360/360
f 441/441 442/442 360/360
f 443/443 362/362 361/361
f 442/442 443/443 361/361
f 444/444 363/363 362/362
f 443/443 444/444 362/362
f 445/445 364/364 363/363
f 444/444 445/445 363/363
f 446/446 365/365 364/364
f 445/445 446/446 364/364
f 447/447 366/366 365/365
f 446/446 447/447 365/365
f 448/448 367/367 366/366
f 447/447 448/448 366/366
f 449/449 368/368 367/367
f 448/448 449/449 367/367
f 450/450 369/369 368/368
f 449/449 450/450 368/368
f 451/451 370/370 369/369
f 450/450 451/451 369/369
f 452/452 371/371 370/370
f 451/451 452/452 370/370
f 453/453 372/372 371/371
f 452/452 453/453 371/371
f 454/454 373/373 372/372
f 453/453 454/454 372/372
f 455/455 374/374 373/373
f 454/454 455/455 373/373
f 456/456 375/375 374/374
f 455/455 456/456 374/374
f 457/457 376/376 375/375
f 456/456 457/457 375/375
f 458/458 377/377 376/376
f 457/457 458/458 376/376
f 459/459 378/378 377/377
f 458/458 459/459 377/377
f 460/460 379/379 378/378
f 459/459 460/460 378/378
f 461/461 380/380 379/379
f 460/460 461/461 379/379
f 462/462 381/381 380/380
f 461/461 462/462 380/380
f 463/463 382/382 381/381
f 462/462 463/463 381/381
f 464/464 383/383 382/382
f 463/463 464/464 382/382
f 465/465 384/384 383/383
f 464/464 465/465 383/383
f 466/466 385/385 384/384
f 465/465 466/466 384/384
f 467/467 386/386 385/385
f 466/466 467/467 385/385
f 468/468 387/387 386/386
f 467/467 468/468 386/386
f 469/469 388/388 387/387
f 468/468 469/469 387/387
f 470/470 389/389 388/388
f 469/469 470/470 388/388
f 471/471 390/390 389/389
f 470/470 471/471 389/389
f 472/472 391/391 390/390
f 471/471 472/472 390/390
f 473/473 392/392 391/391
f 472/472 473/473 391/391
f 474/474 393/393 392/392
f 473/473 474/474 392/392
f 475/475 394/394 393/393
f 474/474 475/475 393/393
f 476/476 395/395 394/394
f 475/475 476/476 394/394
f 477/477 396/396 395/395
f 476/476 477/477 395/395
f 478/478 397/397 396/396
f 477/477 478/478 396/396
f 479/479 398/398 397/397
f 478/478 479/479 397/397
f 480/480 399/399 398/398
f 479/479 480/480 398/398
f 481/481 400/400 399/399
f 480/480 481/481 399/399
f 482/482 401/401 400/400
f 481/481 482/482 400/400
f 483/483 402/402 401/401
f 482/482 483/483 401/401
f 484/484 403/403 402/402
f 483/483 484/484 402/402
f 485/485 404/404 403/403
f 484/484 485/485 403/403
f 486/486 405/405 404/404
f 485/485 486/486 404/404
f 488/488 407/407 406/406
f 487/487 488/488 406/406
f 489/489 408/408 407/407
f 488/488 489/489 407/407
f 490/490 409/409 408/408
f 489/489 490/490 408/408
f 491/491 410/410 409/409
f 490/490 491/491 409/409
f 492/492 411/411 410/410
f 491/491 492/492 410/410
f 493/493 412/412 411/411
f 492/492 493/493 411/411
f 494/494 413/413 412/412
f 493/493 494/494 412/412
f 495/495 414/414 413/413
f 494/494 495/495 413/413
f 496/496 415/415 414/414
f 495/495 496/496 414/414
f 497/497 416/416 415/415
f 496/496 497/497 415/415
f 498/498 417/417 416/416
f 497/497 498/498 416/416
f 499/499 418/418 417/417
f 498/498 499/499 417/417
f 500/500 419/419 418/418
f 499/499 500/500 418/418
f 501/501 420/420 419/419
f 500/500 501/501 419/419
f 502/502 421/421 420/420
f 501/501 502/502 420/420
f 503/503 422/422 421/421
f 502/502 503/503 421/421
f 504/504 423/423 422/422
f 503/503 504/504 422/422
f 505/505 424/424 423/423
f 504/504 505/505 423/423
f 506/506 425/425 424/424
f 505/505 506/506 424/424
f 507/507 426/426 425/425
f 506/506 507/507 425/425
f 508/508 427/427 426/426
f 507/507 508/508 426/426
f 509/509 428/428 427/427
f 508/508 509/509 427/427
f 510/510 429/429 428/428
f 509/509 510/510 428/428
f 511/511 430/430 429/429
f 510/510 511/511 429/429
f 512/512 431/431 430/430
f 511/511 512/512 430/430
f 513/513 432/432 431/431
f 512/512 513/513 431/431
f 514/514 433/433 432/432
f 513/513 514/514 432/432
f 515/515 434/434 433/433
f 514/514 515/515 433/433
f 516/516 435/435 434/434
f 515/515 516/516 434/434
f 517/517 436/436 435/435
f 516/516 517/517 435/435
f 518/518 437/437 436/436
f 517/517 518/518 436/436
f 519/519 438/438 437/437
f 518/518 519/519 437/437
f 520/520 439/439 438/438
f 519/519 520/520 438/438
f 521/521 440/440 439/439
f 520/520 521/521 439/439
f 522/522 441/441 440/440
f 521/521 522/522 440/440
f 523/523 442/442 441/441
f 522/522 523/523 441/441
f 524/524 443/443 442/442
f 523/523 524/524 442/442
f 525/525 444/444 443/443
f 524/524 525/525 443/443
f 526/526 445/445 444/444
f 525/525 526/526 444/444
f 527/527 446/446 445/445
f 526/526 527/527 445/445
f 528/528 447/447 446/446
f 527/527 528/528 446/446
f 529/529 448/448 447/447
f 528/528 529/529 447/447
f 530/530 449/449 448/448
f 529/529 530/530 448/448
f 531/531 450/450 449/449
f 530/530 531/531 449/449
f 532/532 451/451 450/450
f 531/531 532/532 450/450
f 533/533 452/452 451/451
f 532/532 533/533 451/451
f 534/534 453/453 452/452
f 533/533 534/534 452/452
f 535/535 454/454 453/453
f 534/534 535/535 453/453
f 536/536 455/455 454/454
f 535/535 536/536 454/454
f 537/537 456/456 455/455
f 536/536 537/537 455/455
f 538/538 457/457 456/456
f 537/537 538/538 456/456
f 539/539 458/458 457/457
f 538/538 539/539 457/457
f 540/540 459/459 458/458
f 539/539 540/540 458/458
f 541/541 460/460 459/459
f 540/540 541/541 459/459
f 542/542 461/461 460/460
f 541/541 542/542 460/460
f 543/543 462/462 461/461
f 542/542 543/543 461/461
f 544/544 463/463 462/462
f 543/543 544/544 462/462
f 545/545 464/464 463/463
f 544/544 545/545 463/463
f 546/546 465/465 464/464
f 545/545 546/546 464/464
f 547/547 466/466 465/465
f 546/546 547/547 465/465
f 548/548 467/467 466/466
f 547/547 548/548 466/466
f 549/549 468/468 467/467
f 548/548 549/549 467/467
f 550/550 469/469 468/468
f 549/549 550/550 468/468
f 551/551 470/470 469/469
f 550/550 551/551 469/469
f 552/552 471/471 470/470
f 551/551 552/552 470/470
f 553/553 472/472 471/471
f 552/552 553/553 471/471
f 554/554 473/473 472/472
f 553/553 554/554 472/472
f 555/555 474/474 473/473
f 554/554 555/555 473/473
f 556/556 475/475 474/474
f 555/555 556/556 474/474
f 557/557 476/476 475/475
f 556/556 557/557 475/475
f 558/558 477/477 476/476
f 557/557 558/558 476/476
f 559/559 478/478 477/477
f 558/558 559/559 477/477
f 560/560 479/479 478/478
f 559/559 560/560 478/478
f 561/561 480/480 479/479
f 560/560 561/561 479/479
f 562/562 481/481 480/480
f 561/561 562/562 480/480
f 563/563 482/482 481/481
f 562/562 563/563 481/481
f 564/564 483/483 482/482
f 563/563 564/564 482/482
f 565/565 484/484 483/483
f 564/564 565/565 483/483
f 566/566 485/485 484/484
f 565/565 566/566 484/484
f 567/567 486/486 485/485
f 566/566 567/567 485/485
f 569/569 488/488 487/487
f 568/568 569/569 487/487
f 570/570 489/489 488/488
f 569/569 570/570 488/488
f 571/571 490/490 489/489
f 570/570 571/571 489/489
f 572/572 491/491 490/490
f 571/571 572/572 490/490
f 573/573 492/492 491/491
f 572/572 573/573 491/491
f 574/574 493/493 492/492
f 573/573 574/574 492/492
f 575/575 494/494 493/493
f 574/574 575/575 493/493
f 576/576 495/495 494/494
f 575/575 576/576 494/494
f 577/577 496/496 495/495
f 576/576 577/577 495/495
f 578/578 497/497 496/496
f 577/577 578/578 496/496
f 579/579 498/498 497/497
f 578/578 579/579 497/497
f 580/580 499/499 498/498
f 579/579 580/580 498/498
f 581/581 500/500 499/499
f 580/580 581/581 499/499
f 582/582 501/501 500/500
f 581/581 582/582 500/500
f 583/583 502/502 501/501
f 582/582 583/583 501/501
f 584/584 503/503 502/502
f 583/583 584/584 502/502
f 585/585 504/504 503/503
f 584/584 585/585 503/503
f 586/586 505/505 504/504
f 585/585 586/586 504/504
f 587/587 506/506 505/505
f 586/586 587/587 505/505
f 588/588 507/507 506/506
f 587/587 588/588 506/506
f 589/589 508/508 507/507
f 588/588 589/589 507/507
f 590/590 509/509 508/508
f 589/589 590/590 508/508
f 591/591 510/510 509/509
f 590/590 591/591 509/509
f 592/592 511/511 510/510
f 591/591 592/592 510/510
f 593/593 512/512 511/511
f 592/592 593/593 511/511
f 594/594 513/513 512/512
f 593/593 594/594 512/512
f 595/595 514/514 513/513
f 594/594 595/595 513/513
f 596/596 515/515 514/514
f 595/595 596/596 514/514
f 597/597 516/516 515/515
f 596/596 597/597 515/515
f 598/598 517/517 516/516
f 597/597 598/598 516/516
f 599/599 518/518 517/517
f 598/598 599/599 517/517
f 600/600 519/519 518/518
f 599/599 600/600 518/518
f 601/601 520/520 519/519
f 600/600 601/601 519/519
f 602/602 521/521 520/520
f 601/601 602/602 520/520
f 603/603 522/522 521/521
f 602/602 603/603 521/521
f 604/604 523/523 522/522
f 603/603 604/604 522/522
f 605/605 524/524 523/523
f 604/604 605/605 523/523
f 606/606 525/525 524/524
f 605/605 606/606 524/524
f 607/607 526/526 525/525
f 606/606 607/607 525/525
f 608/608 527/527 526/526
f 607/607 608/608 526/526
f 609/609 528/528 527/527
f 608/608 609/609 527/527
f 610/610 529/529 528/528
f 609/609 610/610 528/528
f 611/611 530/530 529/529
f 610/610 611/611 529/529
f 612/612 531/531 530/530
f 611/611 612/612 530/530
f 613/613 532/532 531/531
f 612/612 613/613 531/531
f 614/614 533/533 532/532
f 613/613 614/614 532/532
f 615/615 534/534 533/533
f 614/614 615/615 533/533
f 616/616 535/535 534/534
f 615/615 616/616 534/534
f 617/617 536/536 535/535
f 616/616 617/617 535/535
f 618/618 537/537 536/536
f 617/617 618/618 536/536
f 619/619 538/538 537/537
f 618/618 619/619 537/537
f 620/620 539/539 538/538
f 619/619 620/620 538/538
f 621/621 540/540 539/539
f 620/620 621/621 539/539
f 622/622 541/541 540/540
f 621/621 622/622 540/540
f 623/623 542/542 541/541
f 622/622 623/623 541/541
f 624/624 543/543 542/542
f 623/623 624/624 542/542
f 625/625 544/544 543/543
f 624/624 625/625 543/543
f 626/626 545/545 544/544
f 625/625 626/626 544/544
f 627/627 546/546 545/545
f 626/626 627/627 545/545
f 628/628 547/547 546/546
f 627/627 628/628 546/546
f 629/629 548/548 547/547
f 628/628 629/629 547/547
f 630/630 549/549 548/548
f 629/629 630/630 548/548
f 631/631 550/550 549/549
f 630/630 631/631 549/549
f 632/632 551/551 550/550
f 631/631 632/632 550/550
f 633/633 552/552 551/551
f 632/632 633/633 551/551
f 634/634 553/553 552/552
f 633/633 634/634 552/552
f 635/635 554/554 553/553
f 634/634 635/635 553/553
f 636/636 555/555 554/554
f 635/635 636/636 554/554
f 637/637 556/556 555/555
f 636/636 637/637 555/555
f 638/638 557/557 556/556
f 637/637 638/638 556/556
f 639/639 558/558 557/557
f 638/638 639/639 557/557
f 640/640 559/559 558/558
f 639/639 640/640 558/558
f 641/641 560/560 559/559
f 640/640 641/641 559/559
f 642/642 561/561 560/560
f 641/641 642/642 560/560
f 643/643 562/562 561/561
f 642/642 643/643 561/561
f 644/644 563/563 562/562
f 643/643 644/644 562/562
f 645/645 564/564 563/563
f 644/644 645/645 563/563
f 646/646 565/565 564/564
f 645/645 646/646 564/564
f 647/647 566/566 565/565
f 646/646 647/647 565/565
f 648/648 567/567 566/566
f 647/647 648/648 566/566
f 650/650 569/569 568/568
f 649/649 650/650 568/568
f 651/651 570/570 569/569
f 650/650 651/651 569/569
f 652/652 571/571 570/570
f 651/651 652/652 570/570
f 653/653 572/572 571/571
f 652/652 653/653 571/571
f 654/654 573/573 572/572
f 653/653 654/654 572/572
f 655/655 574/574 573/573
f 654/654 655/655 573/573
f 656/656 575/575 574/574
f 655/655 656/656 574/574
f 657/657 576/576 575/575
f 656/656 657/657 575/575
f 658/658 577/577 576/576
f 657/657 658/658 576/576
f 659/659 578/578 577/577
f 658/658 659/659 577/577
f 660/660 579/579 578/578
f 659/659 660/660 578/578
f 661/661 580/580 579/579
f 660/660 661/661 579/579
f 662/662 581/581 580/580
f 661/661 662/662 580/580
f 663/663 582/582 581/581
f 662/662 663/663 581/581
f 664/664 583/583 582/582
f 663/663 664/664 582/582
f 665/665 584/584 583/583
f 664/664 665/665 583/583
f 666/666 585/585 584/584
f 665/665 666/666 584/584
f 667/667 586/586 585/585
f 666/666 667/667 585/585
f 668/668 587/587 586/586
f 667/667 668/668 586/586
f 669/669 588/588 587/587
f 668/668 669/669 587/587
f 670/670 589/589 588/588
f 669/669 670/670 588/588
f 671/671 590/590 589/589
f 670/670 671/671 589/589
f 672/672 591/591 590/590
f 671/671 672/672 590/590
f 673/673 592/592 591/591
f 672/672 673/673 591/591
f 674/674 593/593 592/592
f 673/673 674/674 592/592
f 675/675 594/594 593/593
f 674/674 675/675 593/593
f 676/676 595/595 594/594
f 675/675 676/676 594/594
f 677/677 596/596 595/595
f 676/676 677/677 595/595
f 678/678 597/597 596/596
f 677/677 678/678 596/596
f 679/679 598/598 597/597
f 678/678 679/679 597/597
f 680/680 599/599 598/598
f 679/679 680/680 598/598
f 681/681 600/600 599/599
f 680/680 681/681 599/599
f 682/682 601/601 600/600
f 681/681 682/682 600/600
f 683/683 602/602 601/601
f 682/682 683/683 601/601
f 684/684 603/603 602/602
f 683/683 684/684 602/602
f 685/685 604/604 603/603
f 684/684 685/685 603/603
f 686/686 605/605 604/604
f 685/685 686/686 604/604
f 687/687 606/606 605/605
f 686/686 687/687 605/605
f 688/688 607/607 606/606
f 687/687 688/688 606/606
f 689/689 608/608 607/607
f 688/688 689/689 607/607
f 690/690 609/609 608/608
f 689/689 690/690 608/608
f 691/691 610/610 609/609
f 690/690 691/691 609/609
f 692/692 611/611 610/610
f 691/691 692/692 610/610
f 693/693 612/612 611/611
f 692/692 693/693 611/611
f 694/694 613/613 612/612
f 693/693 694/694 612/612
f 695/695 614/614 613/613
f 694/694 695/695 613/613
f 696/696 615/615 614/614
f 695/695 696/696 614/614
f 697/697 616/616 615/615
f 696/696 697/697 615/615
f 698/698 617/617 616/616
f 697/697 698/698 616/616
f 699/699 618/618 617/617
f 698/698 699/699 617/617
f 700/700 619/619 618/618
f 699/699 700/700 618/618
f 701/701 620/620 619/619
f 700/700 701/701 619/619
f 702/702 621/621 620/620
f 701/701 702/702 620/620
f 703/703 622/622 621/621
f 702/702 703/703 621/621
f 704/704 623/623 622/622
f 703/703 704/704 622/622
f 705/705 624/624 623/623
f 704/704 705/705 623/623
f 706/706 625/625 624/624
f 705/705 706/706 624/624
f 707/707 626/626 625/625
f 706/706 707/707 625/625
f 708/708 627/627 626/626
f 707/707 708/708 626/626
f 709/709 628/628 627/627
f 708/708 709/709 627/627
f 710/710 629/629 628/628
f 709/709 710/710 628/628
f 711/711 630/630 629/629
f 710/710 711/711 629/629
f 712/712 631/631 630/630
f 711/711 712/712 630/630
f 713/713 632/632 631/631
f 712/712 713/713 631/631
f 714/714 633/633 632/632
f 713/713 714/714 632/632
f 715/715 634/634 633/633
f 714/714 715/715 633/633
f 716/716 635/635 634/634
f 715/715 716/716 634/634
f 717/717 636/636 635/635
f 716/716 717/717 635/635
f 718/718 637/637 636/636
f 717/717 718/718 636/636
f 719/719 638/638 637/637
f 718/718 719/719 637/637
f 720/720 639/639 638/638
f 719/719 720/720 638/638
f 721/721 640/640 639/639
f 720/720 721/721 639/639
f 722/722 641/641 640/640
f 721/721 722/722 640/640
f 723/723 642/642 641/641
f 722/722 723/723 641/641
f 724/724 643/643 642/642
f 723/723 724/724 642/642
f 725/725 644/644 643/643
f 724/724 725/725 643/643
f 726/726 645/645 644/644
f 725/725 726/726 644/644
f 727/727 646/646 645/645
f 726/726 727/727 645/645
f 728/728 647/647 646/646
f 727/727 728/728 646/646
f 729/729 648/648 647/647
f 728/728 729/729 647/647
f 731/731 650/650 649/649
f 730/730 731/731 649/649
f 732/732 651/651 650/650
f 731/731 732/732 650/650
f 733/733 652/652 651/651
f 732/732 733/733 651/651
f 734/734 653/653 652/652
f 733/733 734/734 652/652
f 735/735 654/654 653/653
f 734/734 735/735 653/653
f 736/736 655/655 654/654
f 735/735 736/736 654/654
f 737/737 656/656 655/655
f 736/736 737/737 655/655
f 738/738 657/657 656/656
f 737/737 738/738 656/656
f 739/739 658/658 657/657
f 738/738 739/739 657/657
f 740/740 659/659 658/658
f 739/739 740/740 658/658
f 741/741 660/660 659/659
f 740/740 741/741 659/659
f 742/742 661/661 660/660
f 741/741 742/742 660/660
f 743/743 662/662 661/661
f 742/742 743/743 661/661
f 744/744 663/663 662/662
f 743/743 744/744 662/662
f 745/745 664/664 663/663
f 744/744 745/745 663/663
f 746/746 665/665 664/664
f 745/745 746/746 664/664
f 747/747 666/666 665/665
f 746/746 747/747 665/665
f 748/748 667/667 666/666
f 747/747 748/748 666/666
f 749/749 668/668 667/667
f 748/748 749/749 667/667
f 750/750 669/669 668/668
f 749/749 750/750 668/668
f 751/751 670/670 669/669
f 750/750 751/751 669/669
f 752/752 671/671 670/670
f 751/751 752/752 670/670
f 753/753 672/672 671/671
f 752/752 753/753 671/671
f 754/754 673/673 672/672
f 753/753 754/754 672/672
f 755/755 674/674 673/673
f 754/754 755/755 673/673
f 756/756 675/675 674/674
f 755/755 756/756 674/674
f 757/757 676/676 675/675
f 756/756 757/757 675/675
f 758/758 677/677 676/676
f 757/757 758/758 676/676
f 759/759 678/678 677/677
f 758/758 759/759 677/677
f 760/760 679/679 678/678
f 759/759 760/760 678/678
f 761/761 680/680 679/679
f 760/760 761/761 679/679
f 762/762 681/681 680/680
f 761/761 762/762 680/680
f 763/763 682/682 681/681
f 762/762 763/763 681/681
f 764/764 683/683 682/682
f 763/763 764/764 682/682
f 765/765 684/684 683/683
f 764/764 765/765 683/683
f 766/766 685/685 684/684
f 765/765 766/766 684/684
f 767/767 686/686 685/685
f 766/766 767/767 685/685
f 768/768 687/687 686/686
f 767/767 768/768 686/686
f 769/769 688/688 687/687
f 768/768 769/769 687/687
f 770/770 689/689 688/688
f 769/769 770/770 688/688
f 771/771 690/690 689/689
f 770/770 771/771 689/689
f 772/772 691/691 690/690
f 771/771 772/772 690/690
f 773/773 692/692 691/691
f 772/772 773/773 691/691
f 774/774 693/693 692/692
f 773/773 774/774 692/692
f 775/775 694/694 693/693
f 774/774 775/775 693/693
f 776/776 695/695 694/694
f 775/775 776/776 694/694
f 777/777 696/696 695/695
f 776/776 777/777 695/695
f 778/778 697/697 696/696
f 777/777 778/778 696/696
f 779/779 698/698 697/697
f 778/778 779/779 697/697
f 780/780 699/699 698/698
f 779/779 780/780 698/698
f 781/781 700/700 699/699
f 780/780 781/781 699/699
f 782/782 701/701 700/700
f 781/781 782/782 700/700
f 783/783 702/702 701/701
f 782/782 783/783 701/701
f 784/784 703/703 702/702
f 783/783 784/784 702/702
f 785/785 704/704 703/703
f 784/784 785/785 703/703
f 786/786 705/705 704/704
f 785/785 786/786 704/704
f 787/787 706/706 705/705
f 786/786 787/787 705/705
f 788/788 707/707 706/706
f 787/787 788/788 706/706
f 789/789 708/708 707/707
f 788/788 789/789 707/707
f 790/790 709/709 708/708
f 789/789 790/790 708/708
f 791/791 710/710 709/709
f 790/790 791/791 709/709
f 792/792 711/711 710/710
f 791/791 792/792 710/710
f 793/793 712/712 711/711
f 792/792 793/793 711/711
f 794/794 713/713 712/712
f 793/793 794/794 712/712
f 795/795 714/714 713/713
f 794/794 795/795 713/713
f 796/796 715/715 714/714
f 795/795 796/796 714/714
f 797/797 716/716 715/715
f 796/796 797/797 715/715
f 798/798 717/717 716/716
f 797/797 798/798 716/716
f 799/799 718/718 717/717
f 798/798 799/799 717/717
f 800/800 719/719 718/718
f 799/799 800/800 718/718
f 801/801 720/720 719/719
f 800/800 801/801 719/719
f 802/802 721/721 720/720
f 801/801 802/802 720/720
f 803/803 722/722 721/721
f 802/802 803/803 721/721
f 804/804 723/723 722/722
f 803/803 804/804 722/722
f 805/805 724/724 723/723
f 804/804 805/805 723/723
f 806/806 725/725 724/724
f 805/805 806/806 724/724
f 807/807 726/726 725/725
f 806/806 807/807 725/725
f 808/808 727/727 726/726
f 807/807 808/808 726/726
f 809/809 728/728 727/727
f 808/808 809/809 727/727
f 810/810 729/729 728/728
f 809/809 810/810 728/728
f 812/812 731/731 730/730
f 811/811 812/812 730/730
f 813/813 732/732 731/731
f 812/812 813/813 731/731
f 814/814 733/733 732/732
f 813/813 814/814 732/732
f 815/815 734/734 733/733
f 814/814 815/815 733/733
f 816/816 735/735 734/734
f 815/815 816/816 734/734
f 817/817 736/736 735/735
f 816/816 817/817 735/735
f 818/818 737/737 736/736
f 817/817 818/818 736/736
f 819/819 738/738 737/737
f 818/818 819/819 737/737
f 820/820 739/739 738/738
f 819/819 820/820 738/738
f 821/821 740/740 739/739
f 820/820 821/821 739/739
f 822/822 741/741 740/740
f 821/821 822/822 740/740
f 823/823 742/742 741/741
f 822/822 823/823 741/741
f 824/824 743/743 742/742
f 823/823 824/824 742/742
f 825/825 744/744 743/743
f 824/824 825/825 743/743
f 826/826 745/745 744/744
f 825/825 826/826 744/744
f 827/827 746/746 745/745
f 826/826 827/827 745/745
f 828/828 747/747 746/746
f 827/827 828/828 746/746
f 829/829 748/748 747/747
f 828/828 829/829 747/747
f 830/830 749/749 748/748
f 829/829 830/830 748/748
f 831/831 750/750 749/749
f 830/830 831/831 749/749
f 832/832 751/751 750/750
f 831/831 832/832 750/750
f 833/833 752/752 751/751
f 832/832 833/833 751/751
f 834/834 753/753 752/752
f 833/833 834/834 752/752
f 835/835 754/754 753/753
f 834/834 835/835 753/753
f 836/836 755/755 754/754
f 835/835 836/836 754/754
f 837/837 756/756 755/755
f 836/836 837/837 755/755
f 838/838 757/757 756/756
f 837/837 838/838 756/756
f 839/839 758/758 757/757
f 838/838 839/839 757/757
f 840/840 759/759 758/758
f 839/839 840/840 758/758
f 841/841 760/760 759/759
f 840/840 841/841 759/759
f 842/842 761/761 760/760
f 841/841 842/842 760/760
f 843/843 762/762 761/761
f 842/842 843/843 761/761
f 844/844 763/763 762/762
f 843/843 844/844 762/762
f 845/845 764/764 763/763
f 844/844 845/845 763/763
f 846/846 765/765 764/764
f 845/845 846/846 764/764
f 847/847 766/766 765/765
f 846/846 847/847 765/765
f 848/848 767/767 766/766
f 847/847 848/848 766/766
f 849/849 768/768 767/767
f 848/848 849/849 767/767
f 850/850 769/769 768/768
f 849/849 850/850 768/768
f 851/851 770/770 769/769
f 850/850 851/851 769/769
f 852/852 771/771 770/770
f 851/851 852/852 770/770
f 853/853 772/772 771/771
f 852/852 853/853 771/771
f 854/854 773/773 772/772
f 853/853 854/854 772/772
f 855/855 774/774 773/773
f 854/854 855/855 773/773
f 856/856 775/775 774/774
f 855/855 856/856 774/774
f 857/857 776/776 775/775
f 856/856 857/857 775/775
f 858/858 777/777 776/776
f 857/857 858/858 776/776
f 859/859 778/778 777/777
f 858/858 859/859 777/777
f 860/860 779/779 778/778
f 859/859 860/860 778/778
f 861/861 780/780 779/779
f 860/860 861/861 779/779
f 862/862 781/781 780/780
f 861/861 862/862 780/780
f 863/863 782/782 781/781
f 862/862 863/863 781/781
f 864/864 783/783 782/782
f 863/863 864/864 782/782
f 865/865 784/784 783/783
f 864/864 865/865 783/783
f 866/866 785/785 784/784
f 865/865 866/866 784/784
f 867/867 786/786 785/785
f 866/866 867/867 785/785
f 868/868 787/787 786/786
f 867/867 868/868 786/786
f 869/869 788/788 787/787
f 868/868 869/869 787/787
f 870/870 789/789 788/788
f 869/869 870/870 788/788
f 871/871 790/790 789/789
f 870/870 871/871 789/789
f 872/872 791/791 790/790
f 871/871 872/872 790/790
f 873/873 792/792 791/791
f 872/872 873/873 791/791
f 874/874 793/793 792/792
f 873/873 874/874 792/792
f 875/875 794/794 793/793
f 874/874 875/875 793/793
f 876/876 795/795 794/794
f 875/875 876/876 794/794
f 877/877 796/796 795/795
f 876/876 877/877 795/795
f 878/878 797/797 796/796
f 877/877 878/878 796/796
f 879/879 798/798 797/797
f 878/878 879/879 797/797
f 880/880 799/799 798/798
f 879/879 880/880 798/798
f 881/881 800/800 799/799
f 880/880 881/881 799/799
f 882/882 801/801 800/800
f 881/881 882/882 800/800
f 883/883 802/802 801/801
f 882/882 883/883 801/801
f 884/884 803/803 802/802
f 883/883 884/884 802/802
f 885/885 804/804 803/803
f 884/884 885/885 803/803
f 886/886 805/805 804/804
f 885/885 886/886 804/804
f 887/887 806/806 805/805
f 886/886 887/887 805/805
f 888/888 807/807 806/806
f 887/887 888/888 806/806
f 889/889 808/808 807/807
f 888/888 889/889 807/807
f 890/890 809/809 808/808
f 889/889 890/890 808/808
f 891/891 810/810 809/809
f 890/890 891/891 809/809
f 893/893 812/812 811/811
f 892/892 893/893 811/811
f 894/894 813/813 812/812
f 893/893 894/894 812/812
f 895/895 814/814 813/813
f 894/894 895/895 813/813
f 896/896 815/815 814/814
f 895/895 896/896 814/814
f 897/897 816/816 815/815
f 896/896 897/897 815/815
f 898/898 817/817 816/816
f 897/897 898/898 816/816
f 899/899 818/818 817/817
f 898/898 899/899 817/817
f 900/900 819/819 818/818
f 899/899 900/900 818/818
f 901/901 820/820 819/819
f 900/900 901/901 819/819
f 902/902 821/821 820/820
f 901/901 902/902 820/820
f 903/903 822/822 821/821
f 902/902 903/903 821/821
f 904/904 823/823 822/822
f 903/903 904/904 822/822
f 905/905 824/824 823/823
f 904/904 905/905 823/823
f 906/906 825/825 824/824
f 905/905 906/906 824/824
f 907/907 826/826 825/825
f 906/906 907/907 825/825
f 908/908 827/827 826/826
f 907/907 908/908 826/826
f 909/909 828/828 827/827
f 908/908 909/909 827/827
f 910/910 829/829 828/828
f 909/909 910/910 828/828
f 911/911 830/830 829/829
f 910/910 911/911 829/829
f 912/912 831/831 830/830
f 911/911 912/912 830/830
f 913/913 832/832 831/831
f 912/912 913/913 831/831
f 914/914 833/833 832/832
f 913/913 914/914 832/832
f 915/915 834/834 833/833
f 914/914 915/915 833/833
f 916/916 835/835 834/834
f 915/915 916/916 834/834
f 917/917 836/836 835/835
f 916/916 917/917 835/835
f 918/918 837/837 836/836
f 917/917 918/918 836/836
f 919/919 838/838 837/837
f 918/918 919/919 837/837
f 920/920 839/839 838/838
f 919/919 920/920 838/838
f 921/921 840/840 839/839
f 920/920 921/921 839/839
f 922/922 841/841 840/840
f 921/921 922/922 840/840
f 923/923 842/842 841/841
f 922/922 923/923 841/841
f 924/924 843/843 842/842
f 923/923 924/924 842/842
f 925/925 844/844 843/843
f 924/924 925/925 843/843
f 926/926 845/845 844/844
f 925/925 926/926 844/844
f 927/927 846/846 845/845
f 926/926 927/927 845/845
f 928/928 847/847 846/846
f 927/927 928/928 846/846
f 929/929 848/848 847/847
f 928/928 929/929 847/847
f 930/930 849/849 848/848
f 929/929 930/930 848/848
f 931/931 850/850 849/849
f 930/930 931/931 849/849
f 932/932 851/851 850/850
f 931/931 932/932 850/850
f 933/933 852/852 851/851
f 932/932 933/933 851/851
f 934/934 853/853 852/852
f 933/933 934/934 852/852
f 935/935 854/854 853/853
f 934/934 935/935 853/853
f 936/936 855/855 854/854
f 935/935 936/936 854/854
f 937/937 856/856 855/855
f 936/936 937/937 855/855
f 938/938 857/857 856/856
f 937/937 938/938 856/856
f 939/939 858/858 857/857
f 938/938 939/939 857/857
f 940/940 859/859 858/858
f 939/939 940/940 858/858
f 941/941 860/860 859/859
f 940/940 941/941 859/859
f 942/942 861/861 860/860
f 941/941 942/942 860/860
f 943/943 862/862 861/861
f 942/942 943/943 861/861
f 944/944 863/863 862/862
f 943/943 944/944 862/862
f 945/945 864/864 863/863
f 944/944 945/945 863/863
f 946/946 865/865 864/864
f 945/945 946/946 864/864
f 947/947 866/866 865/865
f 946/946 947/947 865/865
f 948/948 867/867 866/866
f 947/947 948/948 866/866
f 949/949 868/868 867/867
f 948/948 949/949 867/867
f 950/950 869/869 868/868
f 949/949 950/950 868/868
f 951/951 870/870 869/869
f 950/950 951/951 869/869
f 952/952 871/871 870/870
f 951/951 952/952 870/870
f 953/953 872/872 871/871
f 952/952 953/953 871/871
f 954/954 873/873 872/872
f 953/953 954/954 872/872
f 955/955 874/874 873/873
f 954/954 955/955 873/873
f 956/956 875/875 874/874
f 955/955 956/956 874/874
f 957/957 876/876 875/875
f 956/956 957/957 875/875
f 958/958 877/877 876/876
f 957/957 958/958 876/876
f 959/959 878/878 877/877
f 958/958 959/959 877/877
f 960/960 879/879 878/878
f 959/959 960/960 878/878
f 961/961 880/880 879/879
f 960/960 961/961 879/879
f 962/962 881/881 880/880
f 961/961 962/962 880/880
f 963/963 882/882 881/881
f 962/962 963/963 881/881
f 964/964 883/883 882/882
f 963/963 964/964 882/882
f 965/965 884/884 883/883
f 964/964 965/965 883/883
f 966/966 885/885 884/884
f 965/965 966/966 884/884
f 967/967 886/886 885/885
f 966/966 967/967 885/885
f 968/968 887/887 886/886
f 967/967 968/968 886/886
f 969/969 888/888 887/887
f 968/968 969/969 887/887
f 970/970 889/889 888/888
f 969/969 970/970 888/888
f 971/971 890/890 889/889
f 970/970 971/971 889/889
f 972/972 891/891 890/890
f 971/971 972/972 890/890
f 974/974 893/893 892/892
f 973/973 974/974 892/892
f 975/975 894/894 893/893
f 974/974 975/975 893/893
f 976/976 895/895 894/894
f 975/975 976/976 894/894
f 977/977 896/896 895/895
f 976/976 977/977 895/895
f 978/978 897/897 896/896
f 977/977 978/978 896/896
f 979/979 898/898 897/897
f 978/978 979/979 897/897
f 980/980 899/899 898/898
f 979/979 980/980 898/898
f 981/981 900/900 899/899
f 980/980 981/981 899/899
f 982/982 901/901 900/900
f 981/981 982/982 900/900
f 983/983 902/902 901/901
f 982/982 983/983 901/901
f 984/984 903/903 902/902
f 983/983 984/984 902/902
f 985/985 904/904 903/903
f 984/984 985/985 903/903
f 986/986 905/905 904/904
f 985/985 986/986 904/904
f 987/987 906/906 905/905
f 986/986 987/987 905/905
f 988/988 907/907 906/906
f 987/987 988/988 906/906
f 989/989 908/908 907/907
f 988/988 989/989 907/907
f 990/990 909/909 908/908
f 989/989 990/990 908/908
f 991/991 910/910 909/909
f 990/990 991/991 909/909
f 992/992 911/911 910/910
f 991/991 992/992 910/910
f 993/993 912/912 911/911
f 992/992 993/993 911/911
f 994/994 913/913 912/912
f 993/993 994/994 912/912
f 995/995 914/914 913/913
f 994/994 995/995 913/913
f 996/996 915/915 914/914
f 995/995 996/996 914/914
f 997/997 916/916 915/915
f 996/996 997/997 915/915
f 998/998 917/917 916/916
f 997/997 998/998 916/916
f 999/999 918/918 917/917
f 998/998 999/999 917/917
f 1000/1000 919/919 918/918
f 999/999 1000/1000 918/918
f 1001/1001 920/920 919/919
f 1000/1000 1001/1001 919/919
f 1002/1002 921/921 920/920
f 1001/1001 1002/1002 920/920
f 1003/1003 922/922 921/921
f 1002/1002 1003/1003 921/921
f 1004/1004 923/923 922/922
f 1003/1003 1004/1004 922/922
f 1005/1005 924/924 923/923
f 1004/1004 1005/1005 923/923
f 1006/1006 925/925 924/924
f 1005/1005 1006/1006 924/924
f 1007/1007 926/926 925/925
f 1006/1006 1007/1007 925/925
f 1008/1008 927/927 926/926
f 1007/1007 1008/1008 926/926
f 1009/1009 928/928 927/927
f 1008/1008 1009/1009 927/927
f 1010/1010 929/929 928/928
f 1009/1009 1010/1010 928/928
f 1011/1011 930/930 929/929
f 1010/1010 1011/1011 929/929
f 1012/1012 931/931 930/930
f 1011/1011 1012/1012 930/930
f 1013/1013 932/932 931/931
f 1012/1012 1013/1013 931/931
f 1014/1014 933/933 932/932
f 1013/1013 1014/1014 932/932
f 1015/1015 934/934 933/933
f 1014/1014 1015/1015 933/933
f 1016/1016 935/935 934/934
f 1015/1015 1016/1016 934/934
f 1017/1017 936/936 935/935
f 1016/1016 1017/1017 935/935
f 1018/1018 937/937 936/936
f 1017/1017 1018/1018 936/936
f 1019/1019 938/938 937/937
f 1018/1018 1019/1019 937/937
f 1020/1020 939/939 938/938
f 1019/1019 1020/1020 938/938
f 1021/1021 940/940 939/939
f 1020/1020 1021/1021 939/939
f 1022/1022 941/941 940/940
f 1021/1021 1022/1022 940/940
f 1023/1023 942/942 941/941
f 1022/1022 1023/1023 941/941
f 1024/1024 943/943 942/942
f 1023/1023 1024/1024 942/942
f 1025/1025 944/944 943/943
f 1024/1024 1025/1025 943/943
f 1026/1026 945/945 944/944
f 1025/1025 1026/1026 944/944
f 1027/1027 946/946 945/945
f 1026/1026 1027/1027 945/945
f 1028/1028 947/947 946/946
f 1027/1027 1028/1028 946/946
f 1029/1029 948/948 947/947
f 1028/1028 1029/1029 947/947
f 1030/1030 949/949 948/948
f 1029/1029 1030/1030 948/948
f 1031/1031 950/950 949/949
f 1030/1030 1031/1031 949/949
f 1032/1032 951/951 950/950
f 1031/1031 1032/1032 950/950
f 1033/1033 952/952 951/951
f 1032/1032 1033/1033 951/951
f 1034/1034 953/953 952/952
f 1033/1033 1034/1034 952/952
f 1035/1035 954/954 953/953
f 1034/1034 1035/1035 953/953
f 1036/1036 955/955 954/954
f 1035/1035 1036/1036 954/954
f 1037/1037 956/956 955/955
f 1036/1036 1037/1037 955/955
f 1038/1038 957/957 956/956
f 1037/1037 1038/1038 956/956
f 1039/1039 958/958 957/957
f 1038/1038 1039/1039 957/957
f 1040/1040 959/959 958/958
f 1039/1039 1040/1040 958/958
f 1041/1041 960/960 959/959
f 1040/1040 1041/1041 959/959
f 1042/1042 961/961 960/960
f 1041/1041 1042/1042 960/960
f 1043/1043 962/962 961/961
f 1042/1042 1043/1043 961/961
f 1044/1044 963/963 962/962
f 1043/1043 1044/1044 962/962
f 1045/1045 964/964 963/963
f 1044/1044 1045/1045 963/963
f 1046/1046 965/965 964/964
f 1045/1045 1046/1046 964/964
f 1047/1047 966/966 965/965
f 1046/1046 1047/1047 965/965
f 1048/1048 967/967 966/966
f 1047/1047 1048/1048 966/966
f 1049/1049 968/968 967/967
f 1048/1048 1049/1049 967/967
f 1050/1050 969/969 968/968
f 1049/1049 1050/1050 968/968
f 1051/1051 970/970 969/969
f 1050/1050 1051/1051 969/969
f 1052/1052 971/971 970/970
f 1051/1051 1052/1052 970/970
f 1053/1053 972/972 971/971
f 1052/1052 1053/1053 971/971
f 1055/1055 974/974 973/973
f 1054/1054 1055/1055 973/973
f 1056/1056 975/975 974/974
f 1055/1055 1056/1056 974/974
f 1057/1057 976/976 975/975
f 1056/1056 1057/1057 975/975
f 1058/1058 977/977 976/976
f 1057/1057 1058/1058 976/976
f 1059/1059 978/978 977/977
f 1058/1058 1059/1059 977/977
f 1060/1060 979/979 978/978
f 1059/1059 1060/1060 978/978
f 1061/1061 980/980 979/979
f 1060/1060 1061/1061 979/979
f 1062/1062 981/981 980/980
f 1061/1061 1062/1062 980/980
f 1063/1063 982/982 981/981
f 1062/1062 1063/1063 981/981
f 1064/1064 983/983 982/982
f 1063/1063 1064/1064 982/982
f 1065/1065 984/984 983/983
f 1064/1064 1065/1065 983/983
f 1066/1066 985/985 984/984
f 1065/1065 1066/1066 984/984
f 1067/1067 986/986 985/985
f 1066/1066 1067/1067 985/985
f 1068/1068 987/987 986/986
f 1067/1067 1068/1068 986/986
f 1069/1069 988/988 987/987
f 1068/1068 1069/1069 987/987
f 1070/1070 989/989 988/988
f 1069/1069 1070/1070 988/988
f 1071/1071 990/990 989/989
f 1070/1070 1071/1071 989/989
f 1072/1072 991/991 990/990
f 1071/1071 1072/1072 990/990
f 1073/1073 992/992 991/991
f 1072/1072 1073/1073 991/991
f 1074/1074 993/993 992/992
f 1073/1073 1074/1074 992/992
f 1075/1075 994/994 993/993
f 1074/1074 1075/1075 993/993
f 1076/1076 995/995 994/994
f 1075/1075 1076/1076 994/994
f 1077/1077 996/996 995/995
f 1076/1076 1077/1077 995/995
f 1078/1078 997/997 996/996
f 1077/1077 1078/1078 996/996
f 1079/1079 998/998 997/997
f 1078/1078 1079/1079 997/997
f 1080/1080 999/999 998/998
f 1079/1079 1080/1080 998/998
f 1081/1081 1000/1000 999/999
f 1080/1080 1081/1081 999/999
f 1082/1082 1001/1001 1000/1000
f 1081/1081 1082/1082 1000/1000
f 1083/1083 1002/1002 1001/1001
f 1082/1082 1083/1083 1001/1001
f 1084/1084 1003/1003 1002/1002
f 1083/1083 1084/1084 1002/1002
f 1085/1085 1004/1004 1003/1003
f 1084/1084 1085/1085 1003/1003
f 1086/1086 1005/1005 1004/1004
f 1085/1085 1086/1086 1004/1004
f 1087/1087 1006/1006 1005/1005
f 1086/1086 1087/1087 1005/1005
f 1088/1088 1007/1007 1006/1006
f 1087/1087 1088/1088 1006/1006
f 1089/1089 1008/1008 1007/1007
f 1088/1088 1089/1089 1007/1007
f 1090/1090 1009/1009 1008/1008
f 1089/1089 1090/1090 1008/1008
f 1091/1091 1010/1010 1009/1009
f 1090/1090 1091/1091 1009/1009
f 1092/1092 1011/1011 1010/1010
f 1091/1091 1092/1092 1010/1010
f 1093/1093 1012/1012 1011/1011
f 1092/1092 1093/1093 1011/1011
f 1094/1094 1013/1013 1012/1012
f 1093/1093 1094/1094 1012/1012
f 1095/1095 1014/1014 1013/1013
f 1094/1094 1095/1095 1013/1013
f 1096/1096 1015/1015 1014/1014
f 1095/1095 1096/1096 1014/1014
f 1097/1097 1016/1016 1015/1015
f 1096/1096 1097/1097 1015/1015
f 1098/1098 1017/1017 1016/1016
f 1097/1097 1098/1098 1016/1016
f 1099/1099 1018/1018 1017/1017
f 1098/1098 1099/1099 1017/1017
f 1100/1100 1019/1019 1018/1018
f 1099/1099 1100/1100 1018/1018
f 1101/1101 1020/1020 1019/1019
f 1100/1100 1101/1101 1019/1019
f 1102/1102 1021/1021 1020/1020
f 1101/1101 1102/1102 1020/1020
f 1103/1103 1022/1022 1021/1021
f 1102/1102 1103/1103 1021/1021
f 1104/1104 1023/1023 1022/1022
f 1103/1103 1104/1104 1022/1022
f 1105/1105 1024/1024 1023/1023
f 1104/1104 1105/1105 1023/1023
f 1106/1106 1025/1025 1024/1024
f 1105/1105 1106/1106 1024/1024
f 1107/1107 1026/1026 1025/1025
f 1106/1106 1107/1107 1025/1025
f 1108/1108 1027/1027 1026/1026
f 1107/1107 1108/1108 1026/1026
f 1109/1109 1028/1028 1027/1027
f 1108/1108 1109/1109 1027/1027
f 1110/1110 1029/1029 1028/1028
f 1109/1109 1110/1110 1028/1028
f 1111/1111 1030/1030 1029/1029
f 1110/1110 1111/1111 1029/1029
f 1112/1112 1031/1031 1030/1030
f 1111/1111 1112/1112 1030/1030
f 1113/1113 1032/1032 1031/1031
f 1112/1112 1113/1113 1031/1031
f 1114/1114 1033/1033 1032/1032
f 1113/1113 1114/1114 1032/1032
f 1115/1115 1034/1034 1033/1033
f 1114/1114 1115/1115 1033/1033
f 1116/1116 1035/1035 1034/1034
f 1115/1115 1116/1116 1034/1034
f 1117/1117 1036/1036 1035/1035
f 1116/1116 1117/1117 1035/1035
f 1118/1118 1037/1037 1036/1036
f 1117/1117 1118/1118 1036/1036
f 1119/1119 1038/1038 1037/1037
f 1118/1118 1119/1119 1037/1037
f 1120/1120 1039/1039 1038/1038
f 1119/1119 1120/1120 1038/1038
f 1121/1121 1040/1040 1039/1039
f 1120/1120 1121/1121 1039/1039
f 1122/1122 1041/1041 1040/1040
f 1121/1121 1122/1122 1040/1040
f 1123/1123 1042/1042 1041/1041
f 1122/1122 1123/1123 1041/1041
f 1124/1124 1043/1043 1042/1042
f 1123/1123 1124/1124 1042/1042
f 1125/1125 1044/1044 1043/1043
f 1124/1124 1125/1125 1043/1043
f 1126/1126 1045/1045 1044/1044
f 1125/1125 1126/1126 1044/1044
f 1127/1127 1046/1046 1045/1045
f 1126/1126 1127/1127 1045/1045
f 1128/1128 1047/1047 1046/1046
f 1127/1127 1128/1128 1046/1046
f 1129/1129 1048/1048 1047/1047
f 1128/1128 1129/1129 1047/1047
f 1130/1130 1049/1049 1048/1048
f 1129/1129 1130/1130 1048/1048
f 1131/1131 1050/1050 1049/1049
f 1130/1130 1131/1131 1049/1049
f 1132/1132 1051/1051 1050/1050
f 1131/1131 1132/1132 1050/1050
f 1133/1133 1052/1052 1051/1051
f 1132/1132 1133/1133 1051/1051
f 1134/1134 1053/1053 1052/1052
f 1133/1133 1134/1134 1052/1052
f 1136/1136 1055/1055 1054/1054
f 1135/1135 1136/1136 1054/1054
f 1137/1137 1056/1056 1055/1055
f 1136/1136 1137/1137 1055/1055
f 1138/1138 1057/1057 1056/1056
f 1137/1137 1138/1138 1056/1056
f 1139/1139 1058/1058 1057/1057
f 1138/1138 1139/1139 1057/1057
f 1140/1140 1059/1059 1058/1058
f 1139/1139 1140/1140 1058/1058
f 1141/1141 1060/1060 1059/1059
f 1140/1140 1141/1141 1059/1059
f 1142/1142 1061/1061 1060/1060
f 1141/1141 1142/1142 1060/1060
f 1143/1143 1062/1062 1061/1061
f 1142/1142 1143/1143 1061/1061
f 1144/1144 1063/1063 1062/1062
f 1143/1143 1144/1144 1062/1062
f 1145/1145 1064/1064 1063/1063
f 1144/1144 1145/1145 1063/1063
f 1146/1146 1065/1065 1064/1064
f 1145/1145 1146/1146 1064/1064
f 1147/1147 1066/1066 1065/1065
f 1146/1146 1147/1147 1065/1065
f 1148/1148 1067/1067 1066/1066
f 1147/1147 1148/1148 1066/1066
f 1149/1149 1068/1068 1067/1067
f 1148/1148 1149/1149 1067/1067
f 1150/1150 1069/1069 1068/1068
f 1149/1149 1150/1150 1068/1068
f 1151/1151 1070/1070 1069/1069
f 1150/1150 1151/1151 1069/1069
f 1152/1152 1071/1071 1070/1070
f 1151/1151 1152/1152 1070/1070
f 1153/1153 1072/1072 1071/1071
f 1152/1152 1153/1153 1071/1071
f 1154/1154 1073/1073 1072/1072
f 1153/1153 1154/1154 1072/1072
f 1155/1155 1074/1074 1073/1073
f 1154/1154 1155/1155 1073/1073
f 1156/1156 1075/1075 1074/1074
f 1155/1155 1156/1156 1074/1074
f 1157/1157 1076/1076 1075/1075
f 1156/1156 1157/1157 1075/1075
f 1158/1158 1077/1077 1076/1076
f 1157/1157 1158/1158 1076/1076
f 1159/1159 1078/1078 1077/1077
f 1158/1158 1159/1159 1077/1077
f 1160/1160 1079/1079 1078/1078
f 1159/1159 1160/1160 1078/1078
f 1161/1161 1080/1080 1079/1079
f 1160/1160 1161/1161 1079/1079
f 1162/1162 1081/1081 1080/1080
f 1161/1161 1162/1162 1080/1080
f 1163/1163 1082/1082 1081/1081
f 1162/1162 1163/1163 1081/1081
f 1164/1164 1083/1083 1082/1082
f 1163/1163 1164/1164 1082/1082
f 1165/1165 1084/1084 1083/1083
f 1164/1164 1165/1165 1083/1083
f 1166/1166 1085/1085 1084/1084
f 1165/1165 1166/1166 1084/1084
f 1167/1167 1086/1086 1085/1085
f 1166/1166 1167/1167 1085/1085
f 1168/1168 1087/1087 1086/1086
f 1167/1167 1168/1168 1086/1086
f 1169/1169 1088/1088 1087/1087
f 1168/1168 1169/1169 1087/1087
f 1170/1170 1089/1089 1088/1088
f 1169/1169 1170/1170 1088/1088
f 1171/1171 1090/1090 1089/1089
f 1170/1170 1171/1171 1089/1089
f 1172/1172 1091/1091 1090/1090
f 1171/1171 1172/1172 1090/1090
f 1173/1173 1092/1092 1091/1091
f 1172/1172 1173/1173 1091/1091
f 1174/1174 1093/1093 1092/1092
f 1173/1173 1174/1174 1092/1092
f 1175/1175 1094/1094 1093/1093
f 1174/1174 1175/1175 1093/1093
f 1176/1176 1095/1095 1094/1094
f 1175/1175 1176/1176 1094/1094
f 1177/1177 1096/1096 1095/1095
f 1176/1176 1177/1177 1095/1095
f 1178/1178 1097/1097 1096/1096
f 1177/1177 1178/1178 1096/1096
f 1179/1179 1098/1098 1097/1097
f 1178/1178 1179/1179 1097/1097
f 1180/1180 1099/1099 1098/1098
f 1179/1179 1180/1180 1098/1098
f 1181/1181 1100/1100 1099/1099
f 1180/1180 1181/1181 1099/1099
f 1182/1182 1101/1101 1100/1100
f 1181/1181 1182/1182 1100/1100
f 1183/1183 1102/1102 1101/1101
f 1182/1182 1183/1183 1101/1101
f 1184/1184 1103/1103 1102/1102
f 1183/1183 1184/1184 1102/1102
f 1185/1185 1104/1104 1103/1103
f 1184/1184 1185/1185 1103/1103
f 1186/1186 1105/1105 1104/1104
f 1185/1185 1186/1186 1104/1104
f 1187/1187 1106/1106 1105/1105
f 1186/1186 1187/1187 1105/1105
f 1188/1188 1107/1107 1106/1106
f 1187/1187 1188/1188 1106/1106
f 1189/1189 1108/1108 1107/1107
f 1188/1188 1189/1189 1107/1107
f 1190/1190 1109/1109 1108/1108
f 1189/1189 1190/1190 1108/1108
f 1191/1191 1110/1110 1109/1109
f 1190/1190 1191/1191 1109/1109
f 1192/1192 1111/1111 1110/1110
f 1191/1191 1192/1192 1110/1110
f 1193/1193 1112/1112 1111/1111
f 1192/1192 1193/1193 1111/1111
f 1194/1194 1113/1113 1112/1112
f 1193/1193 1194/1194 1112/1112
f 1195/1195 1114/1114 1113/1113
f 1194/1194 1195/1195 1113/1113
f 1196/1196 1115/1115 1114/1114
f 1195/1195 1196/1196 1114/1114
f 1197/1197 1116/1116 1115/1115
f 1196/1196 1197/1197 1115/1115
f 1198/1198 1117/1117 1116/1116
f 1197/1197 1198/1198 1116/1116
f 1199/1199 1118/1118 1117/1117
f 1198/1198 1199/1199 1117/1117
f 1200/1200 1119/1119 1118/1118
f 1199/1199 1200/1200 1118/1118
f 1201/1201 1120/1120 1119/1119
f 1200/1200 1201/1201 1119/1119
f 1202/1202 1121/1121 1120/1120
f 1201/1201 1202/1202 1120/1120
f 1203/1203 1122/1122 1121/1121
f 1202/1202 1203/1203 1121/1121
f 1204/1204 1123/1123 1122/1122
f 1203/1203 1204/1204 1122/1122
f 1205/1205 1124/1124 1123/1123
f 1204/1204 1205/1205 1123/1123
f 1206/1206 1125/1125 1124/1124
f 1205/1205 1206/1206 1124/1124
f 1207/1207 1126/1126 1125/1125
f 1206/1206 1207/1207 1125/1125
f 1208/1208 1127/1127 1126/1126
f 1207/1207 1208/1208 1126/1126
f 1209/1209 1128/1128 1127/1127
f 1208/1208 1209/1209 1127/1127
f 1210/1210 1129/1129 1128/1128
f 1209/1209 1210/1210 1128/1128
f 1211/1211 1130/1130 1129/1129
f 1210/1210 1211/1211 1129/1129
f 1212/1212 1131/1131 1130/1130
f 1211/1211 1212/1212 1130/1130
f 1213/1213 1132/1132 1131/1131
f 1212/1212 1213/1213 1131/1131
f 1214/1214 1133/1133 1132/1132
f 1213/1213 1214/1214 1132/1132
f 1215/1215 1134/1134 1133/1133
f 1214/1214 1215/1215 1133/1133
f 1217/1217 1136/1136 1135/1135
f 1216/1216 1217/1217 1135/1135
f 1218/1218 1137/1137 1136/1136
f 1217/1217 1218/1218 1136/1136
f 1219/1219 1138/1138 1137/1137
f 1218/1218 1219/1219 1137/1137
f 1220/1220 1139/1139 1138/1138
f 1219/1219 1220/1220 1138/1138
f 1221/1221 1140/1140 1139/1139
f 1220/1220 1221/1221 1139/1139
f 1222/1222 1141/1141 1140/1140
f 1221/1221 1222/1222 1140/1140
f 1223/1223 1142/1142 1141/1141
f 1222/1222 1223/1223 1141/1141
f 1224/1224 1143/1143 1142/1142
f 1223/1223 1224/1224 1142/1142
f 1225/1225 1144/1144 1143/1143
f 1224/1224 1225/1225 1143/1143
f 1226/1226 1145/1145 1144/1144
f 1225/1225 1226/1226 1144/1144
f 1227/1227 1146/1146 1145/1145
f 1226/1226 1227/1227 1145/1145
f 1228/1228 1147/1147 1146/1146
f 1227/1227 1228/1228 1146/1146
f 1229/1229 1148/1148 1147/1147
f 1228/1228 1229/1229 1147/1147
f 1230/1230 1149/1149 1148/1148
f 1229/1229 1230/1230 1148/1148
f 1231/1231 1150/1150 1149/1149
f 1230/1230 1231/1231 1149/1149
f 1232/1232 1151/1151 1150/1150
f 1231/1231 1232/1232 1150/1150
f 1233/1233 1152/1152 1151/1151
f 1232/1232 1233/1233 1151/1151
f 1234/1234 1153/1153 1152/1152
f 1233/1233 1234/1234 1152/1152
f 1235/1235 1154/1154 1153/1153
f 1234/1234 1235/1235 1153/1153
f 1236/1236 1155/1155 1154/1154
f 1235/1235 1236/1236 1154/1154
f 1237/1237 1156/1156 1155/1155
f 1236/1236 1237/1237 1155/1155
f 1238/1238 1157/1157 1156/1156
f 1237/1237 1238/1238 1156/1156
f 1239/1239 1158/1158 1157/1157
f 1238/1238 1239/1239 1157/1157
f 1240/1240 1159/1159 1158/1158
f 1239/1239 1240/1240 1158/1158
f 1241/1241 1160/1160 1159/1159
f 1240/1240 1241/1241 1159/1159
f 1242/1242 1161/1161 1160/1160
f 1241/1241 1242/1242 1160/1160
f 1243/1243 1162/1162 1161/1161
f 1242/1242 1243/1243 1161/1161
f 1244/1244 1163/1163 1162/1162
f 1243/1243 1244/1244 1162/1162
f 1245/1245 1164/1164 1163/1163
f 1244/1244 1245/1245 1163/1163
f 1246/1246 1165/1165 1164/1164
f 1245/1245 1246/1246 1164/1164
f 1247/1247 1166/1166 1165/1165
f 1246/1246 1247/1247 1165/1165
f 1248/1248 1167/1167 1166/1166
f 1247/1247 1248/1248 1166/1166
f 1249/1249 1168/1168 1167/1167
f 1248/1248 1249/1249 1167/1167
f 1250/1250 1169/1169 1168/1168
f 1249/1249 1250/1250 1168/1168
f 1251/1251 1170/1170 1169/1169
f 1250/1250 1251/1251 1169/1169
f 1252/1252 1171/1171 1170/1170
f 1251/1251 1252/1252 1170/1170
f 1253/1253 1172/1172 1171/1171
f 1252/1252 1253/1253 1171/1171
f 1254/1254 1173/1173 1172/1172
f 1253/1253 1254/1254 1172/1172
f 1255/1255 1174/1174 1173/1173
f 1254/1254 1255/1255 1173/1173
f 1256/1256 1175/1175 1174/1174
f 1255/1255 1256/1256 1174/1174
f 1257/1257 1176/1176 1175/1175
f 1256/1256 1257/1257 1175/1175
f 1258/1258 1177/1177 1176/1176
f 1257/1257 1258/1258 1176/1176
f 1259/1259 1178/1178 1177/1177
f 1258/1258 1259/1259 1177/1177
f 1260/1260 1179/1179 1178/1178
f 1259/1259 1260/1260 1178/1178
f 1261/1261 1180/1180 1179/1179
f 1260/1260 1261/1261 1179/1179
f 1262/1262 1181/1181 1180/1180
f 1261/1261 1262/1262 1180/1180
f 1263/1263 1182/1182 1181/1181
f 1262/1262 1263/1263 1181/1181
f 1264/1264 1183/1183 1182/1182
f 1263/1263 1264/1264 1182/1182
f 1265/1265 1184/1184 1183/1183
f 1264/1264 1265/1265 1183/1183
f 1266/1266 1185/1185 1184/1184
f 1265/1265 1266/1266 1184/1184
f 1267/1267 1186/1186 1185/1185
f 1266/1266 1267/1267 1185/1185
f 1268/1268 1187/1187 1186/1186
f 1267/1267 1268/1268 1186/1186
f 1269/1269 1188/1188 1187/1187
f 1268/1268 1269/1269 1187/1187
f 1270/1270 1189/1189 1188/1188
f 1269/1269 1270/1270 1188/1188
f 1271/1271 1190/1190 1189/1189
f 1270/1270 1271/1271 1189/1189
f 1272/1272 1191/1191 1190/1190
f 1271/1271 1272/1272 1190/1190
f 1273/1273 1192/1192 1191/1191
f 1272/1272 1273/1273 1191/1191
f 1274/1274 1193/1193 1192/1192
f 1273/1273 1274/1274 1192/1192
f 1275/1275 1194/1194 1193/1193
f 1274/1274 1275/1275 1193/1193
f 1276/1276 1195/1195 1194/1194
f 1275/1275 1276/1276 1194/1194
f 1277/1277 1196/1196 1195/1195
f 1276/1276 1277/1277 1195/1195
f 1278/1278 1197/1197 1196/1196
f 1277/1277 1278/1278 1196/1196
f 1279/1279 1198/1198 1197/1197
f 1278/1278 1279/1279 1197/1197
f 1280/1280 1199/1199 1198/1198
f 1279/1279 1280/1280 1198/1198
f 1281/1281 1200/1200 1199/1199
f 1280/1280 1281/1281 1199/1199
f 1282/1282 1201/1201 1200/1200
f 1281/1281 1282/1282 1200/1200
f 1283/1283 1202/1202 1201/1201
f 1282/1282 1283/1283 1201/1201
f 1284/1284 1203/1203 1202/1202
f 1283/1283 1284/1284 1202/1202
f 1285/1285 1204/1204 1203/1203
f 1284/1284 1285/1285 1203/1203
f 1286/1286 1205/1205 1204/1204
f 1285/1285 1286/1286 1204/1204
f 1287/1287 1206/1206 1205/1205
f 1286/1286 1287/1287 1205/1205
f 1288/1288 1207/1207 1206/1206
f 1287/1287 1288/1288 1206/1206
f 1289/1289 1208/1208 1207/1207
f 1288/1288 1289/1289 1207/1207
f 1290/1290 1209/1209 1208/1208
f 1289/1289 1290/1290 1208/1208
f 1291/1291 1210/1210 1209/1209
f 1290/1290 1291/1291 1209/1209
f 1292/1292 1211/1211 1210/1210
f 1291/1291 1292/1292 1210/1210
f 1293/1293 1212/1212 1211/1211
f 1292/1292 1293/1293 1211/1211
f 1294/1294 1213/1213 1212/1212
f 1293/1293 1294/1294 1212/1212
f 1295/1295 1214/1214 1213/1213
f 1294/1294 1295/1295 1213/1213
f 1296/1296 1215/1215 1214/1214
f 1295/1295 1296/1296 1214/1214
f 1298/1298 1217/1217 1216/1216
f 1297/1297 1298/1298 1216/1216
f 1299/1299 1218/1218 1217/1217
f 1298/1298 1299/1299 1217/1217
f 1300/1300 1219/1219 1218/1218
f 1299/1299 1300/1300 1218/1218
f 1301/1301 1220/1220 1219/1219
f 1300/1300 1301/1301 1219/1219
f 1302/1302 1221/1221 1220/1220
f 1301/1301 1302/1302 1220/1220
f 1303/1303 1222/1222 1221/1221
f 1302/1302 1303/1303 1221/1221
f 1304/1304 1223/1223 1222/1222
f 1303/1303 1304/1304 1222/1222
f 1305/1305 1224/1224 1223/1223
f 1304/1304 1305/1305 1223/1223
f 1306/1306 1225/1225 1224/1224
f 1305/1305 1306/1306 1224/1224
f 1307/1307 1226/1226 1225/1225
f 1306/1306 1307/1307 1225/1225
f 1308/1308 1227/1227 1226/1226
f 1307/1307 1308/1308 1226/1226
f 1309/1309 1228/1228 1227/1227
f 1308/1308 1309/1309 1227/1227
f 1310/1310 1229/1229 1228/1228
f 1309/1309 1310/1310 1228/1228
f 1311/1311 1230/1230 1229/1229
f 1310/1310 1311/1311 1229/1229
f 1312/1312 1231/1231 1230/1230
f 1311/1311 1312/1312 1230/1230
f 1313/1313 1232/1232 1231/1231
f 1312/1312 1313/1313 1231/1231
f 1314/1314 1233/1233 1232/1232
f 1313/1313 1314/1314 1232/1232
f 1315/1315 1234/1234 1233/1233
f 1314/1314 1315/1315 1233/1233
f 1316/1316 1235/1235 1234/1234
f 1315/1315 1316/1316 1234/1234
f 1317/1317 1236/1236 1235/1235
f 1316/1316 1317/1317 1235/1235
f 1318/1318 1237/1237 1236/1236
f 1317/1317 1318/1318 1236/1236
f 1319/1319 1238/1238 1237/1237
f 1318/1318 1319/1319 1237/1237
f 1320/1320 1239/1239 1238/1238
f 1319/1319 1320/1320 1238/1238
f 1321/1321 1240/1240 1239/1239
f 1320/1320 1321/1321 1239/1239
f 1322/1322 1241/1241 1240/1240
f 1321/1321 1322/1322 1240/1240
f 1323/1323 1242/1242 1241/1241
f 1322/1322 1323/1323 1241/1241
f 1324/1324 1243/1243 1242/1242
f 1323/1323 1324/1324 1242/1242
f 1325/1325 1244/1244 1243/1243
f 1324/1324 1325/1325 1243/1243
f 1326/1326 1245/1245 1244/1244
f 1325/1325 1326/1326 1244/1244
f 1327/1327 1246/1246 1245/1245
f 1326/1326 1327/1327 1245/1245
f 1328/1328 1247/1247 1246/1246
f 1327/1327 1328/1328 1246/1246
f 1329/1329 1248/1248 1247/1247
f 1328/1328 1329/1329 1247/1247
f 1330/1330 1249/1249 1248/1248
f 1329/1329 1330/1330 1248/1248
f 1331/1331 1250/1250 1249/1249
f 1330/1330 1331/1331 1249/1249
f 1332/1332 1251/1251 1250/1250
f 1331/1331 1332/1332 1250/1250
f 1333/1333 1252/1252 1251/1251
f 1332/1332 1333/1333 1251/1251
f 1334/1334 1253/1253 1252/1252
f 1333/1333 1334/1334 1252/1252
f 1335/1335 1254/1254 1253/1253
f 1334/1334 1335/1335 1253/1253
f 1336/1336 1255/1255 1254/1254
f 1335/1335 1336/1336 1254/1254
f 1337/1337 1256/1256 1255/1255
f 1336/1336 1337/1337 1255/1255
f 1338/1338 1257/1257 1256/1256
f 1337/1337 1338/1338 1256/1256
f 1339/1339 1258/1258 1257/1257
f 1338/1338 1339/1339 1257/1257
f 1340/1340 1259/1259 1258/1258
f 1339/1339 1340/1340 1258/1258
f 1341/1341 1260/1260 1259/1259
f 1340/1340 1341/1341 1259/1259
f 1342/1342 1261/1261 1260/1260
f 1341/1341 1342/1342 1260/1260
f 1343/1343 1262/1262 1261/1261
f 1342/1342 1343/1343 1261/1261
f 1344/1344 1263/1263 1262/1262
f 1343/1343 1344/1344 1262/1262
f 1345/1345 1264/1264 1263/1263
f 1344/1344 1345/1345 1263/1263
f 1346/1346 1265/1265 1264/1264
f 1345/1345 1346/1346 1264/1264
f 1347/1347 1266/1266 1265/1265
f 1346/1346 1347/1347 1265/1265
f 1348/1348 1267/1267 1266/1266
f 1347/1347 1348/1348 1266/1266
f 1349/1349 1268/1268 1267/1267
f 1348/1348 1349/1349 1267/1267
f 1350/1350 1269/1269 1268/1268
f 1349/1349 1350/1350 1268/1268
f 1351/1351 1270/1270 1269/1269
f 1350/1350 1351/1351 1269/1269
f 1352/1352 1271/1271 1270/1270
f 1351/1351 1352/1352 1270/1270
f 1353/1353 1272/1272 1271/1271
f 1352/1352 1353/1353 1271/1271
f 1354/1354 1273/1273 1272/1272
f 1353/1353 1354/1354 1272/1272
f 1355/1355 1274/1274 1273/1273
f 1354/1354 1355/1355 1273/1273
f 1356/1356 1275/1275 1274/1274
f 1355/1355 1356/1356 1274/1274
f 1357/1357 1276/1276 1275/1275
f 1356/1356 1357/1357 1275/1275
f 1358/1358 1277/1277 1276/1276
f 1357/1357 1358/1358 1276/1276
f 1359/1359 1278/1278 1277/1277
f 1358/1358 1359/1359 1277/1277
f 1360/1360 1279/1279 1278/1278
f 1359/1359 1360/1360 1278/1278
f 1361/1361 1280/1280 1279/1279
f 1360/1360 1361/1361 1279/1279
f 1362/1362 1281/1281 1280/1280
f 1361/1361 1362/1362 1280/1280
f 1363/1363 1282/1282 1281/1281
f 1362/1362 1363/1363 1281/1281
f 1364/1364 1283/1283 1282/1282
f 1363/1363 1364/1364 1282/1282
f 1365/1365 1284/1284 1283/1283
f 1364/1364 1365/1365 1283/1283
f 1366/1366 1285/1285 1284/1284
f 1365/1365 1366/1366 1284/1284
f 1367/1367 1286/1286 1285/1285
f 1366/1366 1367/1367 1285/1285
f 1368/1368 1287/1287 1286/1286
f 1367/1367 1368/1368 1286/1286
f 1369/1369 1288/1288 1287/1287
f 1368/1368 1369/1369 1287/1287
f 1370/1370 1289/1289 1288/1288
f 1369/1369 1370/1370 1288/1288
f 1371/1371 1290/1290 1289/1289
f 1370/1370 1371/1371 1289/1289
f 1372/1372 1291/1291 1290/1290
f 1371/1371 1372/1372 1290/1290
f 1373/1373 1292/1292 1291/1291
f 1372/1372 1373/1373 1291/1291
f 1374/1374 1293/1293 1292/1292
f 1373/1373 1374/1374 1292/1292
f 1375/1375 1294/1294 1293/1293
f 1374/1374 1375/1375 1293/1293
f 1376/1376 1295/1295 1294/1294
f 1375/1375 1376/1376 1294/1294
f 1377/1377 1296/1296 1295/1295
f 1376/1376 1377/1377 1295/1295
f 1379/1379 1298/1298 1297/1297
f 1378/1378 1379/1379 1297/1297
f 1380/1380 1299/1299 1298/1298
f 1379/1379 1380/1380 1298/1298
f 1381/1381 1300/1300 1299/1299
f 1380/1380 1381/1381 1299/1299
f 1382/1382 1301/1301 1300/1300
f 1381/1381 1382/1382 1300/1300
f 1383/1383 1302/1302 1301/1301
f 1382/1382 1383/1383 1301/1301
f 1384/1384 1303/1303 1302/1302
f 1383/1383 1384/1384 1302/1302
f 1385/1385 1304/1304 1303/1303
f 1384/1384 1385/1385 1303/1303
f 1386/1386 1305/1305 1304/1304
f 1385/1385 1386/1386 1304/1304
f 1387/1387 1306/1306 1305/1305
f 1386/1386 1387/1387 1305/1305
f 1388/1388 1307/1307 1306/1306
f 1387/1387 1388/1388 1306/1306
f 1389/1389 1308/1308 1307/1307
f 1388/1388 1389/1389 1307/1307
f 1390/1390 1309/1309 1308/1308
f 1389/1389 1390/1390 1308/1308
f 1391/1391 1310/1310 1309/1309
f 1390/1390 1391/1391 1309/1309
f 1392/1392 1311/1311 1310/1310
f 1391/1391 1392/1392 1310/1310
f 1393/1393 1312/1312 1311/1311
f 1392/1392 1393/1393 1311/1311
f 1394/1394 1313/1313 1312/1312
f 1393/1393 1394/1394 1312/1312
f 1395/1395 1314/1314 1313/1313
f 1394/1394 1395/1395 1313/1313
f 1396/1396 1315/1315 1314/1314
f 1395/1395 1396/1396 1314/1314
f 1397/1397 1316/1316 1315/1315
f 1396/1396 1397/1397 1315/1315
f 1398/1398 1317/1317 1316/1316
f 1397/1397 1398/1398 1316/1316
f 1399/1399 1318/1318 1317/1317
f 1398/1398 1399/1399 1317/1317
f 1400/1400 1319/1319 1318/1318
f 1399/1399 1400/1400 1318/1318
f 1401/1401 1320/1320 1319/1319
f 1400/1400 1401/1401 1319/1319
f 1402/1402 1321/1321 1320/1320
f 1401/1401 1402/1402 1320/1320
f 1403/1403 1322/1322 1321/1321
f 1402/1402 1403/1403 1321/1321
f 1404/1404 1323/1323 1322/1322
f 1403/1403 1404/1404 1322/1322
f 1405/1405 1324/1324 1323/1323
f 1404/1404 1405/1405 1323/1323
f 1406/1406 1325/1325 1324/1324
f 1405/1405 1406/1406 1324/1324
f 1407/1407 1326/1326 1325/1325
f 1406/1406 1407/1407 1325/1325
f 1408/1408 1327/1327 1326/1326
f 1407/1407 1408/1408 1326/1326
f 1409/1409 1328/1328 1327/1327
f 1408/1408 1409/1409 1327/1327
f 1410/1410 1329/1329 1328/1328
f 1409/1409 1410/1410 1328/1328
f 1411/1411 1330/1330 1329/1329
f 1410/1410 1411/1411 1329/1329
f 1412/1412 1331/1331 1330/1330
f 1411/1411 1412/1412 1330/1330
f 1413/1413 1332/1332 1331/1331
f 1412/1412 1413/1413 1331/1331
f 1414/1414 1333/1333 1332/1332
f 1413/1413 1414/1414 1332/1332
f 1415/1415 1334/1334 1333/1333
f 1414/1414 1415/1415 1333/1333
f 1416/1416 1335/1335 1334/1334
f 1415/1415 1416/1416 1334/1334
f 1417/1417 1336/1336 1335/1335
f 1416/1416 1417/1417 1335/1335
f 1418/1418 1337/1337 1336/1336
f 1417/1417 1418/1418 1336/1336
f 1419/1419 1338/1338 1337/1337
f 1418/1418 1419/1419 1337/1337
f 1420/1420 1339/1339 1338/1338
f 1419/1419 1420/1420 1338/1338
f 1421/1421 1340/1340 1339/1339
f 1420/1420 1421/1421 1339/1339
f 1422/1422 1341/1341 1340/1340
f 1421/1421 1422/1422 1340/1340
f 1423/1423 1342/1342 1341/1341
f 1422/1422 1423/1423 1341/1341
f 1424/1424 1343/1343 1342/1342
f 1423/1423 1424/1424 1342/1342
f 1425/1425 1344/1344 1343/1343
f 1424/1424 1425/1425 1343/1343
f 1426/1426 1345/1345 1344/1344
f 1425/1425 1426/1426 1344/1344
f 1427/1427 1346/1346 1345/1345
f 1426/1426 1427/1427 1345/1345
f 1428/1428 1347/1347 1346/1346
f 1427/1427 1428/1428 1346/1346
f 1429/1429 1348/1348 1347/1347
f 1428/1428 1429/1429 1347/1347
f 1430/1430 1349/1349 1348/1348
f 1429/1429 1430/1430 1348/1348
f 1431/1431 1350/1350 1349/1349
f 1430/1430 1431/1431 1349/1349
f 1432/1432 1351/1351 1350/1350
f 1431/1431 1432/1432 1350/1350
f 1433/1433 1352/1352 1351/1351
f 1432/1432 1433/1433 1351/1351
f 1434/1434 1353/1353 1352/1352
f 1433/1433 1434/1434 1352/1352
f 1435/1435 1354/1354 1353/1353
f 1434/1434 1435/1435 1353/1353
f 1436/1436 1355/1355 1354/1354
f 1435/1435 1436/1436 1354/1354
f 1437/1437 1356/1356 1355/1355
f 1436/1436 1437/1437 1355/1355
f 1438/1438 1357/1357 1356/1356
f 1437/1437 1438/1438 1356/1356
f 1439/1439 1358/1358 1357/1357
f 1438/1438 1439/1439 1357/1357
f 1440/1440 1359/1359 1358/1358
f 1439/1439 1440/1440 1358/1358
f 1441/1441 1360/1360 1359/1359
f 1440/1440 1441/1441 1359/1359
f 1442/1442 1361/1361 1360/1360
f 1441/1441 1442/1442 1360/1360
f 1443/1443 1362/1362 1361/1361
f 1442/1442 1443/1443 1361/1361
f 1444/1444 1363/1363 1362/1362
f 1443/1443 1444/1444 1362/1362
f 1445/1445 1364/1364 1363/1363
f 1444/1444 1445/1445 1363/1363
f 1446/1446 1365/1365 1364/1364
f 1445/1445 1446/1446 1364/1364
f 1447/1447 1366/1366 1365/1365
f 1446/1446 1447/1447 1365/1365
f 1448/1448 1367/1367 1366/1366
f 1447/1447 1448/1448 1366/1366
f 1449/1449 1368/1368 1367/1367
f 1448/1448 1449/1449 1367/1367
f 1450/1450 1369/1369 1368/1368
f 1449/1449 1450/1450 1368/1368
f 1451/1451 1370/1370 1369/1369
f 1450/1450 1451/1451 1369/1369
f 1452/1452 1371/1371 1370/1370
f 1451/1451 1452/1452 1370/1370
f 1453/1453 1372/1372 1371/1371
f 1452/1452 1453/1453 1371/1371
f 1454/1454 1373/1373 1372/1372
f 1453/1453 1454/1454 1372/1372
f 1455/1455 1374/1374 1373/1373
f 1454/1454 1455/1455 1373/1373
f 1456/1456 1375/1375 1374/1374
f 1455/1455 1456/1456 1374/1374
f 1457/1457 1376/1376 1375/1375
f 1456/1456 1457/1457 1375/1375
f 1458/1458 1377/1377 1376/1376
f 1457/1457 1458/1458 1376/1376
f 1460/1460 1379/1379 1378/1378
f 1459/1459 1460/1460 1378/1378
f 1461/1461 1380/1380 1379/1379
f 1460/1460 1461/1461 1379/1379
f 1462/1462 1381/1381 1380/1380
f 1461/1461 1462/1462 1380/1380
f 1463/1463 1382/1382 1381/1381
f 1462/1462 1463/1463 1381/1381
f 1464/1464 1383/1383 1382/1382
f 1463/1463 1464/1464 1382/1382
f 1465/1465 1384/1384 1383/1383
f 1464/1464 1465/1465 1383/1383
f 1466/1466 1385/1385 1384/1384
f 1465/1465 1466/1466 1384/1384
f 1467/1467 1386/1386 1385/1385
f 1466/1466 1467/1467 1385/1385
f 1468/1468 1387/1387 1386/1386
f 1467/1467 1468/1468 1386/1386
f 1469/1469 1388/1388 1387/1387
f 1468/1468 1469/1469 1387/1387
f 1470/1470 1389/1389 1388/1388
f 1469/1469 1470/1470 1388/1388
f 1471/1471 1390/1390 1389/1389
f 1470/1470 1471/1471 1389/1389
f 1472/1472 1391/1391 1390/1390
f 1471/1471 1472/1472 1390/1390
f 1473/1473 1392/1392 1391/1391
f 1472/1472 1473/1473 1391/1391
f 1474/1474 1393/1393 1392/1392
f 1473/1473 1474/1474 1392/1392
f 1475/1475 1394/1394 1393/1393
f 1474/1474 1475/1475 1393/1393
f 1476/1476 1395/1395 1394/1394
f 1475/1475 1476/1476 1394/1394
f 1477/1477 1396/1396 1395/1395
f 1476/1476 1477/1477 1395/1395
f 1478/1478 1397/1397 1396/1396
f 1477/1477 1478/1478 1396/1396
f 1479/1479 1398/1398 1397/1397
f 1478/1478 1479/1479 1397/1397
f 1480/1480 1399/1399 1398/1398
f 1479/1479 1480/1480 1398/1398
f 1481/1481 1400/1400 1399/1399
f 1480/1480 1481/1481 1399/1399
f 1482/1482 1401/1401 1400/1400
f 1481/1481 1482/1482 1400/1400
f 1483/1483 1402/1402 1401/1401
f 1482/1482 1483/1483 1401/1401
f 1484/1484 1403/1403 1402/1402
f 1483/1483 1484/1484 1402/1402
f 1485/1485 1404/1404 1403/1403
f 1484/1484 1485/1485 1403/1403
f 1486/1486 1405/1405 1404/1404
f 1485/1485 1486/1486 1404/1404
f 1487/1487 1406/1406 1405/1405
f 1486/1486 1487/1487 1405/1405
f 1488/1488 1407/1407 1406/1406
f 1487/1487 1488/1488 1406/1406
f 1489/1489 1408/1408 1407/1407
f 1488/1488 1489/1489 1407/1407
f 1490/1490 1409/1409 1408/1408
f 1489/1489 1490/1490 1408/1408
f 1491/1491 1410/1410 1409/1409
f 1490/1490 1491/1491 1409/1409
f 1492/1492 1411/1411 1410/1410
f 1491/1491 1492/1492 1410/1410
f 1493/1493 1412/1412 1411/1411
f 1492/1492 1493/1493 1411/1411
f 1494/1494 1413/1413 1412/1412
f 1493/1493 1494/1494 1412/1412
f 1495/1495 1414/1414 1413/1413
f 1494/1494 1495/1495 1413/1413
f 1496/1496 1415/1415 1414/1414
f 1495/1495 1496/1496 1414/1414
f 1497/1497 1416/1416 1415/1415
f 1496/1496 1497/1497 1415/1415
f 1498/1498 1417/1417 1416/1416
f 1497/1497 1498/1498 1416/1416
f 1499/1499 1418/1418 1417/1417
f 1498/1498 1499/1499 1417/1417
f 1500/1500 1419/1419 1418/1418
f 1499/1499 1500/1500 1418/1418
f 1501/1501 1420/1420 1419/1419
f 1500/1500 1501/1501 1419/1419
f 1502/1502 1421/1421 1420/1420
f 1501/1501 1502/1502 1420/1420
f 1503/1503 1422/1422 1421/1421
f 1502/1502 1503/1503 1421/1421
f 1504/1504 1423/1423 1422/1422
f 1503/1503 1504/1504 1422/1422
f 1505/1505 1424/1424 1423/1423
f 1504/1504 1505/1505 1423/1423
f 1506/1506 1425/1425 1424/1424
f 1505/1505 1506/1506 1424/1424
f 1507/1507 1426/1426 1425/1425
f 1506/1506 1507/1507 1425/1425
f 1508/1508 1427/1427 1426/1426
f 1507/1507 1508/1508 1426/1426
f 1509/1509 1428/1428 1427/1427
f 1508/1508 1509/1509 1427/1427
f 1510/1510 1429/1429 1428/1428
f 1509/1509 1510/1510 1428/1428
f 1511/1511 1430/1430 1429/1429
f 1510/1510 1511/1511 1429/1429
f 1512/1512 1431/1431 1430/1430
f 1511/1511 1512/1512 1430/1430
f 1513/1513 1432/1432 1431/1431
f 1512/1512 1513/1513 1431/1431
f 1514/1514 1433/1433 1432/1432
f 1513/1513 1514/1514 1432/1432
f 1515/1515 1434/1434 1433/1433
f 1514/1514 1515/1515 1433/1433
f 1516/1516 1435/1435 1434/1434
f 1515/1515 1516/1516 1434/1434
f 1517/1517 1436/1436 1435/1435
f 1516/1516 1517/1517 1435/1435
f 1518/1518 1437/1437 1436/1436
f 1517/1517 1518/1518 1436/1436
f 1519/1519 1438/1438 1437/1437
f 1518/1518 1519/1519 1437/1437
f 1520/1520 1439/1439 1438/1438
f 1519/1519 1520/1520 1438/1438
f 1521/1521 1440/1440 1439/1439
f 1520/1520 1521/1521 1439/1439
f 1522/1522 1441/1441 1440/1440
f 1521/1521 1522/1522 1440/1440
f 1523/1523 1442/1442 1441/1441
f 1522/1522 1523/1523 1441/1441
f 1524/1524 1443/1443 1442/1442
f 1523/1523 1524/1524 1442/1442
f 1525/1525 1444/1444 1443/1443
f 1524/1524 1525/1525 1443/1443
f 1526/1526 1445/1445 1444/1444
f 1525/1525 1526/1526 1444/1444
f 1527/1527 1446/1446 1445/1445
f 1526/1526 1527/1527 1445/1445
f 1528/1528 1447/1447 1446/1446
f 1527/1527 1528/1528 1446/1446
f 1529/1529 1448/1448 1447/1447
f 1528/1528 1529/1529 1447/1447
f 1530/1530 1449/1449 1448/1448
f 1529/1529 1530/1530 1448/1448
f 1531/1531 1450/1450 1449/1449
f 1530/1530 1531/1531 1449/1449
f 1532/1532 1451/1451 1450/1450
f 1531/1531 1532/1532 1450/1450
f 1533/1533 1452/1452 1451/1451
f 1532/1532 1533/1533 1451/1451
f 1534/1534 1453/1453 1452/1452
f 1533/1533 1534/1534 1452/1452
f 1535/1535 1454/1454 1453/1453
f 1534/1534 1535/1535 1453/1453
f 1536/1536 1455/1455 1454/1454
f 1535/1535 1536/1536 1454/1454
f 1537/1537 1456/1456 1455/1455
f 1536/1536 1537/1537 1455/1455
f 1538/1538 1457/1457 1456/1456
f 1537/1537 1538/1538 1456/1456
f 1539/1539 1458/1458 1457/1457
f 1538/1538 1539/1539 1457/1457
f 1541/1541 1460/1460 1459/1459
f 1540/1540 1541/1541 1459/1459
f 1542/1542 1461/1461 1460/1460
f 1541/1541 1542/1542 1460/1460
f 1543/1543 1462/1462 1461/1461
f 1542/1542 1543/1543 1461/1461
f 1544/1544 1463/1463 1462/1462
f 1543/1543 1544/1544 1462/1462
f 1545/1545 1464/1464 1463/1463
f 1544/1544 1545/1545 1463/1463
f 1546/1546 1465/1465 1464/1464
f 1545/1545 1546/1546 1464/1464
f 1547/1547 1466/1466 1465/1465
f 1546/1546 1547/1547 1465/1465
f 1548/1548 1467/1467 1466/1466
f 1547/1547 1548/1548 1466/1466
f 1549/1549 1468/1468 1467/1467
f 1548/1548 1549/1549 1467/1467
f 1550/1550 1469/1469 1468/1468
f 1549/1549 1550/1550 1468/1468
f 1551/1551 1470/1470 1469/1469
f 1550/1550 1551/1551 1469/1469
f 1552/1552 1471/1471 1470/1470
f 1551/1551 1552/1552 1470/1470
f 1553/1553 1472/1472 1471/1471
f 1552/1552 1553/1553 1471/1471
f 1554/1554 1473/1473 1472/1472
f 1553/1553 1554/1554 1472/1472
f 1555/1555 1474/1474 1473/1473
f 1554/1554 1555/1555 1473/1473
f 1556/1556 1475/1475 1474/1474
f 1555/1555 1556/1556 1474/1474
f 1557/1557 1476/1476 1475/1475
f 1556/1556 1557/1557 1475/1475
f 1558/1558 1477/1477 1476/1476
f 1557/1557 1558/1558 1476/1476
f 1559/1559 1478/1478 1477/1477
f 1558/1558 1559/1559 1477/1477
f 1560/1560 1479/1479 1478/1478
f 1559/1559 1560/1560 1478/1478
f 1561/1561 1480/1480 1479/1479
f 1560/1560 1561/1561 1479/1479
f 1562/1562 1481/1481 1480/1480
f 1561/1561 1562/1562 1480/1480
f 1563/1563 1482/1482 1481/1481
f 1562/1562 1563/1563 1481/1481
f 1564/1564 1483/1483 1482/1482
f 1563/1563 1564/1564 1482/1482
f 1565/1565 1484/1484 1483/1483
f 1564/1564 1565/1565 1483/1483
f 1566/1566 1485/1485 1484/1484
f 1565/1565 1566/1566 1484/1484
f 1567/1567 1486/1486 1485/1485
f 1566/1566 1567/1567 1485/1485
f 1568/1568 1487/1487 1486/1486
f 1567/1567 1568/1568 1486/1486
f 1569/1569 1488/1488 1487/1487
f 1568/1568 1569/1569 1487/1487
f 1570/1570 1489/1489 1488/1488
f 1569/1569 1570/1570 1488/1488
f 1571/1571 1490/1490 1489/1489
f 1570/1570 1571/1571 1489/1489
f 1572/1572 1491/1491 1490/1490
f 1571/1571 1572/1572 1490/1490
f 1573/1573 1492/1492 1491/1491
f 1572/1572 1573/1573 1491/1491
f 1574/1574 1493/1493 1492/1492
f 1573/1573 1574/1574 1492/1492
f 1575/1575 1494/1494 1493/1493
f 1574/1574 1575/1575 1493/1493
f 1576/1576 1495/1495 1494/1494
f 1575/1575 1576/1576 1494/1494
f 1577/1577 1496/1496 1495/1495
f 1576/1576 1577/1577 1495/1495
f 1578/1578 1497/1497 1496/1496
f 1577/1577 1578/1578 1496/1496
f 1579/1579 1498/1498 1497/1497
f 1578/1578 1579/1579 1497/1497
f 1580/1580 1499/1499 1498/1498
f 1579/1579 1580/1580 1498/1498
f 1581/1581 1500/1500 1499/1499
f 1580/1580 1581/1581 1499/1499
f 1582/1582 1501/1501 1500/1500
f 1581/1581 1582/1582 1500/1500
f 1583/1583 1502/1502 1501/1501
f 1582/1582 1583/1583 1501/1501
f 1584/1584 1503/1503 1502/1502
f 1583/1583 1584/1584 1502/1502
f 1585/1585 1504/1504 1503/1503
f 1584/1584 1585/1585 1503/1503
f 1586/1586 1505/1505 1504/1504
f 1585/1585 1586/1586 1504/1504
f 1587/1587 1506/1506 1505/1505
f 1586/1586 1587/1587 1505/1505
f 1588/1588 1507/1507 1506/1506
f 1587/1587 1588/1588 1506/1506
f 1589/1589 1508/1508 1507/1507
f 1588/1588 1589/1589 1507/1507
f 1590/1590 1509/1509 1508/1508
f 1589/1589 1590/1590 1508/1508
f 1591/1591 1510/1510 1509/1509
f 1590/1590 1591/1591 1509/1509
f 1592/1592 1511/1511 1510/1510
f 1591/1591 1592/1592 1510/1510
f 1593/1593 1512/1512 1511/1511
f 1592/1592 1593/1593 1511/1511
f 1594/1594 1513/1513 1512/1512
f 1593/1593 1594/1594 1512/1512
f 1595/1595 1514/1514 1513/1513
f 1594/1594 1595/1595 1513/1513
f 1596/1596 1515/1515 1514/1514
f 1595/1595 1596/1596 1514/1514
f 1597/1597 1516/1516 1515/1515
f 1596/1596 1597/1597 1515/1515
f 1598/1598 1517/1517 1516/1516
f 1597/1597 1598/1598 1516/1516
f 1599/1599 1518/1518 1517/1517
f 1598/1598 1599/1599 1517/1517
f 1600/1600 1519/1519 1518/1518
f 1599/1599 1600/1600 1518/1518
f 1601/1601 1520/1520 1519/1519
f 1600/1600 1601/1601 1519/1519
f 1602/1602 1521/1521 1520/1520
f 1601/1601 1602/1602 1520/1520
f 1603/1603 1522/1522 1521/1521
f 1602/1602 1603/1603 1521/1521
f 1604/1604 1523/1523 1522/1522
f 1603/1603 1604/1604 1522/1522
f 1605/1605 1524/1524 1523/1523
f 1604/1604 1605/1605 1523/1523
f 1606/1606 1525/1525 1524/1524
f 1605/1605 1606/1606 1524/1524
f 1607/1607 1526/1526 1525/1525
f 1606/1606 1607/1607 1525/1525
f 1608/1608 1527/1527 1526/1526
f 1607/1607 1608/1608 1526/1526
f 1609/1609 1528/1528 1527/1527
f 1608/1608 1609/1609 1527/1527
f 1610/1610 1529/1529 1528/1528
f 1609/1609 1610/1610 1528/1528
f 1611/1611 1530/1530 1529/1529
f 1610/1610 1611/1611 1529/1529
f 1612/1612 1531/1531 1530/1530
f 1611/1611 1612/1612 1530/1530
f 1613/1613 1532/1532 1531/1531
f 1612/1612 1613/1613 1531/1531
f 1614/1614 1533/1533 1532/1532
f 1613/1613 1614/1614 1532/1532
f 1615/1615 1534/1534 1533/1533
f 1614/1614 1615/1615 1533/1533
f 1616/1616 1535/1535 1534/1534
f 1615/1615 1616/1616 1534/1534
f 1617/1617 1536/1536 1535/1535
f 1616/1616 1617/1617 1535/1535
f 1618/1618 1537/1537 1536/1536
f 1617/1617 1618/1618 1536/1536
f 1619/1619 1538/1538 1537/1537
f 1618/1618 1619/1619 1537/1537
f 1620/1620 1539/1539 1538/1538
f 1619/1619 1620/1620 1538/1538
f 1622/1622 1541/1541 1540/1540
f 1621/1621 1622/1622 1540/1540
f 1623/1623 1542/1542 1541/1541
f 1622/1622 1623/1623 1541/1541
f 1624/1624 1543/1543 1542/1542
f 1623/1623 1624/1624 1542/1542
f 1625/1625 1544/1544 1543/1543
f 1624/1624 1625/1625 1543/1543
f 1626/1626 1545/1545 1544/1544
f 1625/1625 1626/1626 1544/1544
f 1627/1627 1546/1546 1545/1545
f 1626/1626 1627/1627 1545/1545
f 1628/1628 1547/1547 1546/1546
f 1627/1627 1628/1628 1546/1546
f 1629/1629 1548/1548 1547/1547
f 1628/1628 1629/1629 1547/1547
f 1630/1630 1549/1549 1548/1548
f 1629/1629 1630/1630 1548/1548
f 1631/1631 1550/1550 1549/1549
f 1630/1630 1631/1631 1549/1549
f 1632/1632 1551/1551 1550/1550
f 1631/1631 1632/1632 1550/1550
f 1633/1633 1552/1552 1551/1551
f 1632/1632 1633/1633 1551/1551
f 1634/1634 1553/1553 1552/1552
f 1633/1633 1634/1634 1552/1552
f 1635/1635 1554/1554 1553/1553
f 1634/1634 1635/1635 1553/1553
f 1636/1636 1555/1555 1554/1554
f 1635/1635 1636/1636 1554/1554
f 1637/1637 1556/1556 1555/1555
f 1636/1636 1637/1637 1555/1555
f 1638/1638 1557/1557 1556/1556
f 1637/1637 1638/1638 1556/1556
f 1639/1639 1558/1558 1557/1557
f 1638/1638 1639/1639 1557/1557
f 1640/1640 1559/1559 1558/1558
f 1639/1639 1640/1640 1558/1558
f 1641/1641 1560/1560 1559/1559
f 1640/1640 1641/1641 1559/1559
f 1642/1642 1561/1561 1560/1560
f 1641/1641 1642/1642 1560/1560
f 1643/1643 1562/1562 1561/1561
f 1642/1642 1643/1643 1561/1561
f 1644/1644 1563/1563 1562/1562
f 1643/1643 1644/1644 1562/1562
f 1645/1645 1564/1564 1563/1563
f 1644/1644 1645/1645 1563/1563
f 1646/1646 1565/1565 1564/1564
f 1645/1645 1646/1646 1564/1564
f 1647/1647 1566/1566 1565/1565
f 1646/1646 1647/1647 1565/1565
f 1648/1648 1567/1567 1566/1566
f 1647/1647 1648/1648 1566/1566
f 1649/1649 1568/1568 1567/1567
f 1648/1648 1649/1649 1567/1567
f 1650/1650 1569/1569 1568/1568
f 1649/1649 1650/1650 1568/1568
f 1651/1651 1570/1570 1569/1569
f 1650/1650 1651/1651 1569/1569
f 1652/1652 1571/1571 1570/1570
f 1651/1651 1652/1652 1570/1570
f 1653/1653 1572/1572 1571/1571
f 1652/1652 1653/1653 1571/1571
f 1654/1654 1573/1573 1572/1572
f 1653/1653 1654/1654 1572/1572
f 1655/1655 1574/1574 1573/1573
f 1654/1654 1655/1655 1573/1573
f 1656/1656 1575/1575 1574/1574
f 1655/1655 1656/1656 1574/1574
f 1657/1657 1576/1576 1575/1575
f 1656/1656 1657/1657 1575/1575
f 1658/1658 1577/1577 1576/1576
f 1657/1657 1658/1658 1576/1576
f 1659/1659 1578/1578 1577/1577
f 1658/1658 1659/1659 1577/1577
f 1660/1660 1579/1579 1578/1578
f 1659/1659 1660/1660 1578/1578
f 1661/1661 1580/1580 1579/1579
f 1660/1660 1661/1661 1579/1579
f 1662/1662 1581/1581 1580/1580
f 1661/1661 1662/1662 1580/1580
f 1663/1663 1582/1582 1581/1581
f 1662/1662 1663/1663 1581/1581
f 1664/1664 1583/1583 1582/1582
f 1663/1663 1664/1664 1582/1582
f 1665/1665 1584/1584 1583/1583
f 1664/1664 1665/1665 1583/1583
f 1666/1666 1585/1585 1584/1584
f 1665/1665 1666/1666 1584/1584
f 1667/1667 1586/1586 1585/1585
f 1666/1666 1667/1667 1585/1585
f 1668/1668 1587/1587 1586/1586
f 1667/1667 1668/1668 1586/1586
f 1669/1669 1588/1588 1587/1587
f 1668/1668 1669/1669 1587/1587
f 1670/1670 1589/1589 1588/1588
f 1669/1669 1670/1670 1588/1588
f 1671/1671 1590/1590 1589/1589
f 1670/1670 1671/1671 1589/1589
f 1672/1672 1591/1591 1590/1590
f 1671/1671 1672/1672 1590/1590
f 1673/1673 1592/1592 1591/1591
f 1672/1672 1673/1673 1591/1591
f 1674/1674 1593/1593 1592/1592
f 1673/1673 1674/1674 1592/1592
f 1675/1675 1594/1594 1593/1593
f 1674/1674 1675/1675 1593/1593
f 1676/1676 1595/1595 1594/1594
f 1675/1675 1676/1676 1594/1594
f 1677/1677 1596/1596 1595/1595
f 1676/1676 1677/1677 1595/1595
f 1678/1678 1597/1597 1596/1596
f 1677/1677 1678/1678 1596/1596
f 1679/1679 1598/1598 1597/1597
f 1678/1678 1679/1679 1597/1597
f 1680/1680 1599/1599 1598/1598
f 1679/1679 1680/1680 1598/1598
f 1681/1681 1600/1600 1599/1599
f 1680/1680 1681/1681 1599/1599
f 1682/1682 1601/1601 1600/1600
f 1681/1681 1682/1682 1600/1600
f 1683/1683 1602/1602 1601/1601
f 1682/1682 1683/1683 1601/1601
f 1684/1684 1603/1603 1602/1602
f 1683/1683 1684/1684 1602/1602
f 1685/1685 1604/1604 1603/1603
f 1684/1684 1685/1685 1603/1603
f 1686/1686 1605/1605 1604/1604
f 1685/1685 1686/1686 1604/1604
f 1687/1687 1606/1606 1605/1605
f 1686/1686 1687/1687 1605/1605
f 1688/1688 1607/1607 1606/1606
f 1687/1687 1688/1688 1606/1606
f 1689/1689 1608/1608 1607/1607
f 1688/1688 1689/1689 1607/1607
f 1690/1690 1609/1609 1608/1608
f 1689/1689 1690/1690 1608/1608
f 1691/1691 1610/1610 1609/1609
f 1690/1690 1691/1691 1609/1609
f 1692/1692 1611/1611 1610/1610
f 1691/1691 1692/1692 1610/1610
f 1693/1693 1612/1612 1611/1611
f 1692/1692 1693/1693 1611/1611
f 1694/1694 1613/1613 1612/1612
f 1693/1693 1694/1694 1612/1612
f 1695/1695 1614/1614 1613/1613
f 1694/1694 1695/1695 1613/1613
f 1696/1696 1615/1615 1614/1614
f 1695/1695 1696/1696 1614/1614
f 1697/1697 1616/1616 1615/1615
f 1696/1696 1697/1697 1615/1615
f 1698/1698 1617/1617 1616/1616
f 1697/1697 1698/1698 1616/1616
f 1699/1699 1618/1618 1617/1617
f 1698/1698 1699/1699 1617/1617
f 1700/1700 1619/1619 1618/1618
f 1699/1699 1700/1700 1618/1618
f 1701/1701 1620/1620 1619/1619
f 1700/1700 1701/1701 1619/1619
f 1703/1703 1622/1622 1621/1621
f 1702/1702 1703/1703 1621/1621
f 1704/1704 1623/1623 1622/1622
f 1703/1703 1704/1704 1622/1622
f 1705/1705 1624/1624 1623/1623
f 1704/1704 1705/1705 1623/1623
f 1706/1706 1625/1625 1624/1624
f 1705/1705 1706/1706 1624/1624
f 1707/1707 1626/1626 1625/1625
f 1706/1706 1707/1707 1625/1625
f 1708/1708 1627/1627 1626/1626
f 1707/1707 1708/1708 1626/1626
f 1709/1709 1628/1628 1627/1627
f 1708/1708 1709/1709 1627/1627
f 1710/1710 1629/1629 1628/1628
f 1709/1709 1710/1710 1628/1628
f 1711/1711 1630/1630 1629/1629
f 1710/1710 1711/1711 1629/1629
f 1712/1712 1631/1631 1630/1630
f 1711/1711 1712/1712 1630/1630
f 1713/1713 1632/1632 1631/1631
f 1712/1712 1713/1713 1631/1631
f 1714/1714 1633/1633 1632/1632
f 1713/1713 1714/1714 1632/1632
f 1715/1715 1634/1634 1633/1633
f 1714/1714 1715/1715 1633/1633
f 1716/1716 1635/1635 1634/1634
f 1715/1715 1716/1716 1634/1634
f 1717/1717 1636/1636 1635/1635
f 1716/1716 1717/1717 1635/1635
f 1718/1718 1637/1637 1636/1636
f 1717/1717 1718/1718 1636/1636
f 1719/1719 1638/1638 1637/1637
f 1718/1718 1719/1719 1637/1637
f 1720/1720 1639/1639 1638/1638
f 1719/1719 1720/1720 1638/1638
f 1721/1721 1640/1640 1639/1639
f 1720/1720 1721/1721 1639/1639
f 1722/1722 1641/1641 1640/1640
f 1721/1721 1722/1722 1640/1640
f 1723/1723 1642/1642 1641/1641
f 1722/1722 1723/1723 1641/1641
f 1724/1724 1643/1643 1642/1642
f 1723/1723 1724/1724 1642/1642
f 1725/1725 1644/1644 1643/1643
f 1724/1724 1725/1725 1643/1643
f 1726/1726 1645/1645 1644/1644
f 1725/1725 1726/1726 1644/1644
f 1727/1727 1646/1646 1645/1645
f 1726/1726 1727/1727 1645/1645
f 1728/1728 1647/1647 1646/1646
f 1727/1727 1728/1728 1646/1646
f 1729/1729 1648/1648 1647/1647
f 1728/1728 1729/1729 1647/1647
f 1730/1730 1649/1649 1648/1648
f 1729/1729 1730/1730 1648/1648
f 1731/1731 1650/1650 1649/1649
f 1730/1730 1731/1731 1649/1649
f 1732/1732 1651/1651 1650/1650
f 1731/1731 1732/1732 1650/1650
f 1733/1733 1652/1652 1651/1651
f 1732/1732 1733/1733 1651/1651
f 1734/1734 1653/1653 1652/1652
f 1733/1733 1734/1734 1652/1652
f 1735/1735 1654/1654 1653/1653
f 1734/1734 1735/1735 1653/1653
f 1736/1736 1655/1655 1654/1654
f 1735/1735 1736/1736 1654/1654
f 1737/1737 1656/1656 1655/1655
f 1736/1736 1737/1737 1655/1655
f 1738/1738 1657/1657 1656/1656
f 1737/1737 1738/1738 1656/1656
f 1739/1739 1658/1658 1657/1657
f 1738/1738 1739/1739 1657/1657
f 1740/1740 1659/1659 1658/1658
f 1739/1739 1740/1740 1658/1658
f 1741/1741 1660/1660 1659/1659
f 1740/1740 1741/1741 1659/1659
f 1742/1742 1661/1661 1660/1660
f 1741/1741 1742/1742 1660/1660
f 1743/1743 1662/1662 1661/1661
f 1742/1742 1743/1743 1661/1661
f 1744/1744 1663/1663 1662/1662
f 1743/1743 1744/1744 1662/1662
f 1745/1745 1664/1664 1663/1663
f 1744/1744 1745/1745 1663/1663
f 1746/1746 1665/1665 1664/1664
f 1745/1745 1746/1746 1664/1664
f 1747/1747 1666/1666 1665/1665
f 1746/1746 1747/1747 1665/1665
f 1748/1748 1667/1667 1666/1666
f 1747/1747 1748/1748 1666/1666
f 1749/1749 1668/1668 1667/1667
f 1748/1748 1749/1749 1667/1667
f 1750/1750 1669/1669 1668/1668
f 1749/1749 1750/1750 1668/1668
f 1751/1751 1670/1670 1669/1669
f 1750/1750 1751/1751 1669/1669
f 1752/1752 1671/1671 1670/1670
f 1751/1751 1752/1752 1670/1670
f 1753/1753 1672/1672 1671/1671
f 1752/1752 1753/1753 1671/1671
f 1754/1754 1673/1673 1672/1672
f 1753/1753 1754/1754 1672/1672
f 1755/1755 1674/1674 1673/1673
f 1754/1754 1755/1755 1673/1673
f 1756/1756 1675/1675 1674/1674
f 1755/1755 1756/1756 1674/1674
f 1757/1757 1676/1676 1675/1675
f 1756/1756 1757/1757 1675/1675
f 1758/1758 1677/1677 1676/1676
f 1757/1757 1758/1758 1676/1676
f 1759/1759 1678/1678 1677/1677
f 1758/1758 1759/1759 1677/1677
f 1760/1760 1679/1679 1678/1678
f 1759/1759 1760/1760 1678/1678
f 1761/1761 1680/1680 1679/1679
f 1760/1760 1761/1761 1679/1679
f 1762/1762 1681/1681 1680/1680
f 1761/1761 1762/1762 1680/1680
f 1763/1763 1682/1682 1681/1681
f 1762/1762 1763/1763 1681/1681
f 1764/1764 1683/1683 1682/1682
f 1763/1763 1764/1764 1682/1682
f 1765/1765 1684/1684 1683/1683
f 1764/1764 1765/1765 1683/1683
f 1766/1766 1685/1685 1684/1684
f 1765/1765 1766/1766 1684/1684
f 1767/1767 1686/1686 1685/1685
f 1766/1766 1767/1767 1685/1685
f 1768/1768 1687/1687 1686/1686
f 1767/1767 1768/1768 1686/1686
f 1769/1769 1688/1688 1687/1687
f 1768/1768 1769/1769 1687/1687
f 1770/1770 1689/1689 1688/1688
f 1769/1769 1770/1770 1688/1688
f 1771/1771 1690/1690 1689/1689
f 1770/1770 1771/1771 1689/1689
f 1772/1772 1691/1691 1690/1690
f 1771/1771 1772/1772 1690/1690
f 1773/1773 1692/1692 1691/1691
f 1772/1772 1773/1773 1691/1691
f 1774/1774 1693/1693 1692/1692
f 1773/1773 1774/1774 1692/1692
f 1775/1775 1694/1694 1693/1693
f 1774/1774 1775/1775 1693/1693
f 1776/1776 1695/1695 1694/1694
f 1775/1775 1776/1776 1694/1694
f 1777/1777 1696/1696 1695/1695
f 1776/1776 1777/1777 1695/1695
f 1778/1778 1697/1697 1696/1696
f 1777/1777 1778/1778 1696/1696
f 1779/1779 1698/1698 1697/1697
f 1778/1778 1779/1779 1697/1697
f 1780/1780 1699/1699 1698/1698
f 1779/1779 1780/1780 1698/1698
f 1781/1781 1700/1700 1699/1699
f 1780/1780 1781/1781 1699/1699
f 1782/1782 1701/1701 1700/1700
f 1781/1781 1782/1782 1700/1700
f 1784/1784 1703/1703 1702/1702
f 1783/1783 1784/1784 1702/1702
f 1785/1785 1704/1704 1703/1703
f 1784/1784 1785/1785 1703/1703
f 1786/1786 1705/1705 1704/1704
f 1785/1785 1786/1786 1704/1704
f 1787/1787 1706/1706 1705/1705
f 1786/1786 1787/1787 1705/1705
f 1788/1788 1707/1707 1706/1706
f 1787/1787 1788/1788 1706/1706
f 1789/1789 1708/1708 1707/1707
f 1788/1788 1789/1789 1707/1707
f 1790/1790 1709/1709 1708/1708
f 1789/1789 1790/1790 1708/1708
f 1791/1791 1710/1710 1709/1709
f 1790/1790 1791/1791 1709/1709
f 1792/1792 1711/1711 1710/1710
f 1791/1791 1792/1792 1710/1710
f 1793/1793 1712/1712 1711/1711
f 1792/1792 1793/1793 1711/1711
f 1794/1794 1713/1713 1712/1712
f 1793/1793 1794/1794 1712/1712
f 1795/1795 1714/1714 1713/1713
f 1794/1794 1795/1795 1713/1713
f 1796/1796 1715/1715 1714/1714
f 1795/1795 1796/1796 1714/1714
f 1797/1797 1716/1716 1715/1715
f 1796/1796 1797/1797 1715/1715
f 1798/1798 1717/1717 1716/1716
f 1797/1797 1798/1798 1716/1716
f 1799/1799 1718/1718 1717/1717
f 1798/1798 1799/1799 1717/1717
f 1800/1800 1719/1719 1718/1718
f 1799/1799 1800/1800 1718/1718
f 1801/1801 1720/1720 1719/1719
f 1800/1800 1801/1801 1719/1719
f 1802/1802 1721/1721 1720/1720
f 1801/1801 1802/1802 1720/1720
f 1803/1803 1722/1722 1721/1721
f 1802/1802 1803/1803 1721/1721
f 1804/1804 1723/1723 1722/1722
f 1803/1803 1804/1804 1722/1722
f 1805/1805 1724/1724 1723/1723
f 1804/1804 1805/1805 1723/1723
f 1806/1806 1725/1725 1724/1724
f 1805/1805 1806/1806 1724/1724
f 1807/1807 1726/1726 1725/1725
f 1806/1806 1807/1807 1725/1725
f 1808/1808 1727/1727 1726/1726
f 1807/1807 1808/1808 1726/1726
f 1809/1809 1728/1728 1727/1727
f 1808/1808 1809/1809 1727/1727
f 1810/1810 1729/1729 1728/1728
f 1809/1809 1810/1810 1728/1728
f 1811/1811 1730/1730 1729/1729
f 1810/1810 1811/1811 1729/1729
f 1812/1812 1731/1731 1730/1730
f 1811/1811 1812/1812 1730/1730
f 1813/1813 1732/1732 1731/1731
f 1812/1812 1813/1813 1731/1731
f 1814/1814 1733/1733 1732/1732
f 1813/1813 1814/1814 1732/1732
f 1815/1815 1734/1734 1733/1733
f 1814/1814 1815/1815 1733/1733
f 1816/1816 1735/1735 1734/1734
f 1815/1815 1816/1816 1734/1734
f 1817/1817 1736/1736 1735/1735
f 1816/1816 1817/1817 1735/1735
f 1818/1818 1737/1737 1736/1736
f 1817/1817 1818/1818 1736/1736
f 1819/1819 1738/1738 1737/1737
f 1818/1818 1819/1819 1737/1737
f 1820/1820 1739/1739 1738/1738
f 1819/1819 1820/1820 1738/1738
f 1821/1821 1740/1740 1739/1739
f 1820/1820 1821/1821 1739/1739
f 1822/1822 1741/1741 1740/1740
f 1821/1821 1822/1822 1740/1740
f 1823/1823 1742/1742 1741/1741
f 1822/1822 1823/1823 1741/1741
f 1824/1824 1743/1743 1742/1742
f 1823/1823 1824/1824 1742/1742
f 1825/1825 1744/1744 1743/1743
f 1824/1824 1825/1825 1743/1743
f 1826/1826 1745/1745 1744/1744
f 1825/1825 1826/1826 1744/1744
f 1827/1827 1746/1746 1745/1745
f 1826/1826 1827/1827 1745/1745
f 1828/1828 1747/1747 1746/1746
f 1827/1827 1828/1828 1746/1746
f 1829/1829 1748/1748 1747/1747
f 1828/1828 1829/1829 1747/1747
f 1830/1830 1749/1749 1748/1748
f 1829/1829 1830/1830 1748/1748
f 1831/1831 1750/1750 1749/1749
f 1830/1830 1831/1831 1749/1749
f 1832/1832 1751/1751 1750/1750
f 1831/1831 1832/1832 1750/1750
f 1833/1833 1752/1752 1751/1751
f 1832/1832 1833/1833 1751/1751
f 1834/1834 1753/1753 1752/1752
f 1833/1833 1834/1834 1752/1752
f 1835/1835 1754/1754 1753/1753
f 1834/1834 1835/1835 1753/1753
f 1836/1836 1755/1755 1754/1754
f 1835/1835 1836/1836 1754/1754
f 1837/1837 1756/1756 1755/1755
f 1836/1836 1837/1837 1755/1755
f 1838/1838 1757/1757 1756/1756
f 1837/1837 1838/1838 1756/1756
f 1839/1839 1758/1758 1757/1757
f 1838/1838 1839/1839 1757/1757
f 1840/1840 1759/1759 1758/1758
f 1839/1839 1840/1840 1758/1758
f 1841/1841 1760/1760 1759/1759
f 1840/1840 1841/1841 1759/1759
f 1842/1842 1761/1761 1760/1760
f 1841/1841 1842/1842 1760/1760
f 1843/1843 1762/1762 1761/1761
f 1842/1842 1843/1843 1761/1761
f 1844/1844 1763/1763 1762/1762
f 1843/1843 1844/1844 1762/1762
f 1845/1845 1764/1764 1763/1763
f 1844/1844 1845/1845 1763/1763
f 1846/1846 1765/1765 1764/1764
f 1845/1845 1846/1846 1764/1764
f 1847/1847 1766/1766 1765/1765
f 1846/1846 1847/1847 1765/1765
f 1848/1848 1767/1767 1766/1766
f 1847/1847 1848/1848 1766/1766
f 1849/1849 1768/1768 1767/1767
f 1848/1848 1849/1849 1767/1767
f 1850/1850 1769/1769 1768/1768
f 1849/1849 1850/1850 1768/1768
f 1851/1851 1770/1770 1769/1769
f 1850/1850 1851/1851 1769/1769
f 1852/1852 1771/1771 1770/1770
f 1851/1851 1852/1852 1770/1770
f 1853/1853 1772/1772 1771/1771
f 1852/1852 1853/1853 1771/1771
f 1854/1854 1773/1773 1772/1772
f 1853/1853 1854/1854 1772/1772
f 1855/1855 1774/1774 1773/1773
f 1854/1854 1855/1855 1773/1773
f 1856/1856 1775/1775 1774/1774
f 1855/1855 1856/1856 1774/1774
f 1857/1857 1776/1776 1775/1775
f 1856/1856 1857/1857 1775/1775
f 1858/1858 1777/1777 1776/1776
f 1857/1857 1858/1858 1776/1776
f 1859/1859 1778/1778 1777/1777
f 1858/1858 1859/1859 1777/1777
f 1860/1860 1779/1779 1778/1778
f 1859/1859 1860/1860 1778/1778
f 1861/1861 1780/1780 1779/1779
f 1860/1860 1861/1861 1779/1779
f 1862/1862 1781/1781 1780/1780
f 1861/1861 1862/1862 1780/1780
f 1863/1863 1782/1782 1781/1781
f 1862/1862 1863/1863 1781/1781
f 1865/1865 1784/1784 1783/1783
f 1864/1864 1865/1865 1783/1783
f 1866/1866 1785/1785 1784/1784
f 1865/1865 1866/1866 1784/1784
f 1867/1867 1786/1786 1785/1785
f 1866/1866 1867/1867 1785/1785
f 1868/1868 1787/1787 1786/1786
f 1867/1867 1868/1868 1786/1786
f 1869/1869 1788/1788 1787/1787
f 1868/1868 1869/1869 1787/1787
f 1870/1870 1789/1789 1788/1788
f 1869/1869 1870/1870 1788/1788
f 1871/1871 1790/1790 1789/1789
f 1870/1870 1871/1871 1789/1789
f 1872/1872 1791/1791 1790/1790
f 1871/1871 1872/1872 1790/1790
f 1873/1873 1792/1792 1791/1791
f 1872/1872 1873/1873 1791/1791
f 1874/1874 1793/1793 1792/1792
f 1873/1873 1874/1874 1792/1792
f 1875/1875 1794/1794 1793/1793
f 1874/1874 1875/1875 1793/1793
f 1876/1876 1795/1795 1794/1794
f 1875/1875 1876/1876 1794/1794
f 1877/1877 1796/1796 1795/1795
f 1876/1876 1877/1877 1795/1795
f 1878/1878 1797/1797 1796/1796
f 1877/1877 1878/1878 1796/1796
f 1879/1879 1798/1798 1797/1797
f 1878/1878 1879/1879 1797/1797
f 1880/1880 1799/1799 1798/1798
f 1879/1879 1880/1880 1798/1798
f 1881/1881 1800/1800 1799/1799
f 1880/1880 1881/1881 1799/1799
f 1882/1882 1801/1801 1800/1800
f 1881/1881 1882/1882 1800/1800
f 1883/1883 1802/1802 1801/1801
f 1882/1882 1883/1883 1801/1801
f 1884/1884 1803/1803 1802/1802
f 1883/1883 1884/1884 1802/1802
f 1885/1885 1804/1804 1803/1803
f 1884/1884 1885/1885 1803/1803
f 1886/1886 1805/1805 1804/1804
f 1885/1885 1886/1886 1804/1804
f 1887/1887 1806/1806 1805/1805
f 1886/1886 1887/1887 1805/1805
f 1888/1888 1807/1807 1806/1806
f 1887/1887 1888/1888 1806/1806
f 1889/1889 1808/1808 1807/1807
f 1888/1888 1889/1889 1807/1807
f 1890/1890 1809/1809 1808/1808
f 1889/1889 1890/1890 1808/1808
f 1891/1891 1810/1810 1809/1809
f 1890/1890 1891/1891 1809/1809
f 1892/1892 1811/1811 1810/1810
f 1891/1891 1892/1892 1810/1810
f 1893/1893 1812/1812 1811/1811
f 1892/1892 1893/1893 1811/1811
f 1894/1894 1813/1813 1812/1812
f 1893/1893 1894/1894 1812/1812
f 1895/1895 1814/1814 1813/1813
f 1894/1894 1895/1895 1813/1813
f 1896/1896 1815/1815 1814/1814
f 1895/1895 1896/1896 1814/1814
f 1897/1897 1816/1816 1815/1815
f 1896/1896 1897/1897 1815/1815
f 1898/1898 1817/1817 1816/1816
f 1897/1897 1898/1898 1816/1816
f 1899/1899 1818/1818 1817/1817
f 1898/1898 1899/1899 1817/1817
f 1900/1900 1819/1819 1818/1818
f 1899/1899 1900/1900 1818/1818
f 1901/1901 1820/1820 1819/1819
f 1900/1900 1901/1901 1819/1819
f 1902/1902 1821/1821 1820/1820
f 1901/1901 1902/1902 1820/1820
f 1903/1903 1822/1822 1821/1821
f 1902/1902 1903/1903 1821/1821
f 1904/1904 1823/1823 1822/1822
f 1903/1903 1904/1904 1822/1822
f 1905/1905 1824/1824 1823/1823
f 1904/1904 1905/1905 1823/1823
f 1906/1906 1825/1825 1824/1824
f 1905/1905 1906/1906 1824/1824
f 1907/1907 1826/1826 1825/1825
f 1906/1906 1907/1907 1825/1825
f 1908/1908 1827/1827 1826/1826
f 1907/1907 1908/1908 1826/1826
f 1909/1909 1828/1828 1827/1827
f 1908/1908 1909/1909 1827/1827
f 1910/1910 1829/1829 1828/1828
f 1909/1909 1910/1910 1828/1828
f 1911/1911 1830/1830 1829/1829
f 1910/1910 1911/1911 1829/1829
f 1912/1912 1831/1831 1830/1830
f 1911/1911 1912/1912 1830/1830
f 1913/1913 1832/1832 1831/1831
f 1912/1912 1913/1913 1831/1831
f 1914/1914 1833/1833 1832/1832
f 1913/1913 1914/1914 1832/1832
f 1915/1915 1834/1834 1833/1833
f 1914/1914 1915/1915 1833/1833
f 1916/1916 1835/1835 1834/1834
f 1915/1915 1916/1916 1834/1834
f 1917/1917 1836/1836 1835/1835
f 1916/1916 1917/1917 1835/1835
f 1918/1918 1837/1837 1836/1836
f 1917/1917 1918/1918 1836/1836
f 1919/1919 1838/1838 1837/1837
f 1918/1918 1919/1919 1837/1837
f 1920/1920 1839/1839 1838/1838
f 1919/1919 1920/1920 1838/1838
f 1921/1921 1840/1840 1839/1839
f 1920/1920 1921/1921 1839/1839
f 1922/1922 1841/1841 1840/1840
f 1921/1921 1922/1922 1840/1840
f 1923/1923 1842/1842 1841/1841
f 1922/1922 1923/1923 1841/1841
f 1924/1924 1843/1843 1842/1842
f 1923/1923 1924/1924 1842/1842
f 1925/1925 1844/1844 1843/1843
f 1924/1924 1925/1925 1843/1843
f 1926/1926 1845/1845 1844/1844
f 1925/1925 1926/1926 1844/1844
f 1927/1927 1846/1846 1845/1845
f 1926/1926 1927/1927 1845/1845
f 1928/1928 1847/1847 1846/1846
f 1927/1927 1928/1928 1846/1846
f 1929/1929 1848/1848 1847/1847
f 1928/1928 1929/1929 1847/1847
f 1930/1930 1849/1849 1848/1848
f 1929/1929 1930/1930 1848/1848
f 1931/1931 1850/1850 1849/1849
f 1930/1930 1931/1931 1849/1849
f 1932/1932 1851/1851 1850/1850
f 1931/1931 1932/1932 1850/1850
f 1933/1933 1852/1852 1851/1851
f 1932/1932 1933/1933 1851/1851
f 1934/1934 1853/1853 1852/1852
f 1933/1933 1934/1934 1852/1852
f 1935/1935 1854/1854 1853/1853
f 1934/1934 1935/1935 1853/1853
f 1936/1936 1855/1855 1854/1854
f 1935/1935 1936/1936 1854/1854
f 1937/1937 1856/1856 1855/1855
f 1936/1936 1937/1937 1855/1855
f 1938/1938 1857/1857 1856/1856
f 1937/1937 1938/1938 1856/1856
f 1939/1939 1858/1858 1857/1857
f 1938/1938 1939/1939 1857/1857
f 1940/1940 1859/1859 1858/1858
f 1939/1939 1940/1940 1858/1858
f 1941/1941 1860/1860 1859/1859
f 1940/1940 1941/1941 1859/1859
f 1942/1942 1861/1861 1860/1860
f 1941/1941 1942/1942 1860/1860
f 1943/1943 1862/1862 1861/1861
f 1942/1942 1943/1943 1861/1861
f 1944/1944 1863/1863 1862/1862
f 1943/1943 1944/1944 1862/1862
f 1946/1946 1865/1865 1864/1864
f 1945/1945 1946/1946 1864/1864
f 1947/1947 1866/1866 1865/1865
f 1946/1946 1947/1947 1865/1865
f 1948/1948 1867/1867 1866/1866
f 1947/1947 1948/1948 1866/1866
f 1949/1949 1868/1868 1867/1867
f 1948/1948 1949/1949 1867/1867
f 1950/1950 1869/1869 1868/1868
f 1949/1949 1950/1950 1868/1868
f 1951/1951 1870/1870 1869/1869
f 1950/1950 1951/1951 1869/1869
f 1952/1952 1871/1871 1870/1870
f 1951/1951 1952/1952 1870/1870
f 1953/1953 1872/1872 1871/1871
f 1952/1952 1953/1953 1871/1871
f 1954/1954 1873/1873 1872/1872
f 1953/1953 1954/1954 1872/1872
f 1955/1955 1874/1874 1873/1873
f 1954/1954 1955/1955 1873/1873
f 1956/1956 1875/1875 1874/1874
f 1955/1955 1956/1956 1874/1874
f 1957/1957 1876/1876 1875/1875
f 1956/1956 1957/1957 1875/1875
f 1958/1958 1877/1877 1876/1876
f 1957/1957 1958/1958 1876/1876
f 1959/1959 1878/1878 1877/1877
f 1958/1958 1959/1959 1877/1877
f 1960/1960 1879/1879 1878/1878
f 1959/1959 1960/1960 1878/1878
f 1961/1961 1880/1880 1879/1879
f 1960/1960 1961/1961 1879/1879
f 1962/1962 1881/1881 1880/1880
f 1961/1961 1962/1962 1880/1880
f 1963/1963 1882/1882 1881/1881
f 1962/1962 1963/1963 1881/1881
f 1964/1964 1883/1883 1882/1882
f 1963/1963 1964/1964 1882/1882
f 1965/1965 1884/1884 1883/1883
f 1964/1964 1965/1965 1883/1883
f 1966/1966 1885/1885 1884/1884
f 1965/1965 1966/1966 1884/1884
f 1967/1967 1886/1886 1885/1885
f 1966/1966 1967/1967 1885/1885
f 1968/1968 1887/1887 1886/1886
f 1967/1967 1968/1968 1886/1886
f 1969/1969 1888/1888 1887/1887
f 1968/1968 1969/1969 1887/1887
f 1970/1970 1889/1889 1888/1888
f 1969/1969 1970/1970 1888/1888
f 1971/1971 1890/1890 1889/1889
f 1970/1970 1971/1971 1889/1889
f 1972/1972 1891/1891 1890/1890
f 1971/1971 1972/1972 1890/1890
f 1973/1973 1892/1892 1891/1891
f 1972/1972 1973/1973 1891/1891
f 1974/1974 1893/1893 1892/1892
f 1973/1973 1974/1974 1892/1892
f 1975/1975 1894/1894 1893/1893
f 1974/1974 1975/1975 1893/1893
f 1976/1976 1895/1895 1894/1894
f 1975/1975 1976/1976 1894/1894
f 1977/1977 1896/1896 1895/1895
f 1976/1976 1977/1977 1895/1895
f 1978/1978 1897/1897 1896/1896
f 1977/1977 1978/1978 1896/1896
f 1979/1979 1898/1898 1897/1897
f 1978/1978 1979/1979 1897/1897
f 1980/1980 1899/1899 1898/1898
f 1979/1979 1980/1980 1898/1898
f 1981/1981 1900/1900 1899/1899
f 1980/1980 1981/1981 1899/1899
f 1982/1982 1901/1901 1900/1900
f 1981/1981 1982/1982 1900/1900
f 1983/1983 1902/1902 1901/1901
f 1982/1982 1983/1983 1901/1901
f 1984/1984 1903/1903 1902/1902
f 1983/1983 1984/1984 1902/1902
f 1985/1985 1904/1904 1903/1903
f 1984/1984 1985/1985 1903/1903
f 1986/1986 1905/1905 1904/1904
f 1985/1985 1986/1986 1904/1904
f 1987/1987 1906/1906 1905/1905
f 1986/1986 1987/1987 1905/1905
f 1988/1988 1907/1907 1906/1906
f 1987/1987 1988/1988 1906/1906
f 1989/1989 1908/1908 1907/1907
f 1988/1988 1989/1989 1907/1907
f 1990/1990 1909/1909 1908/1908
f 1989/1989 1990/1990 1908/1908
f 1991/1991 1910/1910 1909/1909
f 1990/1990 1991/1991 1909/1909
f 1992/1992 1911/1911 1910/1910
f 1991/1991 1992/1992 1910/1910
f 1993/1993 1912/1912 1911/1911
f 1992/1992 1993/1993 1911/1911
f 1994/1994 1913/1913 1912/1912
f 1993/1993 1994/1994 1912/1912
f 1995/1995 1914/1914 1913/1913
f 1994/1994 1995/1995 1913/1913
f 1996/1996 1915/1915 1914/1914
f 1995/1995 1996/1996 1914/1914
f 1997/1997 1916/1916 1915/1915
f 1996/1996 1997/1997 1915/1915
f 1998/1998 1917/1917 1916/1916
f 1997/1997 1998/1998 1916/1916
f 1999/1999 1918/1918 1917/1917
f 1998/1998 1999/1999 1917/1917
f 2000/2000 1919/1919 1918/1918
f 1999/1999 2000/2000 1918/1918
f 2001/2001 1920/1920 1919/1919
f 2000/2000 2001/2001 1919/1919
f 2002/2002 1921/1921 1920/1920
f 2001/2001 2002/2002 1920/1920
f 2003/2003 1922/1922 1921/1921
f 2002/2002 2003/2003 1921/1921
f 2004/2004 1923/1923 1922/1922
f 2003/2003 2004/2004 1922/1922
f 2005/2005 1924/1924 1923/1923
f 2004/2004 2005/2005 1923/1923
f 2006/2006 1925/1925 1924/1924
f 2005/2005 2006/2006 1924/1924
f 2007/2007 1926/1926 1925/1925
f 2006/2006 2007/2007 1925/1925
f 2008/2008 1927/1927 1926/1926
f 2007/2007 2008/2008 1926/1926
f 2009/2009 1928/1928 1927/1927
f 2008/2008 2009/2009 1927/1927
f 2010/2010 1929/1929 1928/1928
f 2009/2009 2010/2010 1928/1928
f 2011/2011 1930/1930 1929/1929
f 2010/2010 2011/2011 1929/1929
f 2012/2012 1931/1931 1930/1930
f 2011/2011 2012/2012 1930/1930
f 2013/2013 1932/1932 1931/1931
f 2012/2012 2013/2013 1931/1931
f 2014/2014 1933/1933 1932/1932
f 2013/2013 2014/2014 1932/1932
f 2015/2015 1934/1934 1933/1933
f 2014/2014 2015/2015 1933/1933
f 2016/2016 1935/1935 1934/1934
f 2015/2015 2016/2016 1934/1934
f 2017/2017 1936/1936 1935/1935
f 2016/2016 2017/2017 1935/1935
f 2018/2018 1937/1937 1936/1936
f 2017/2017 2018/2018 1936/1936
f 2019/2019 1938/1938 1937/1937
f 2018/2018 2019/2019 1937/1937
f 2020/2020 1939/1939 1938/1938
f 2019/2019 2020/2020 1938/1938
f 2021/2021 1940/1940 1939/1939
f 2020/2020 2021/2021 1939/1939
f 2022/2022 1941/1941 1940/1940
f 2021/2021 2022/2022 1940/1940
f 2023/2023 1942/1942 1941/1941
f 2022/2022 2023/2023 1941/1941
f 2024/2024 1943/1943 1942/1942
f 2023/2023 2024/2024 1942/1942
f 2025/2025 1944/1944 1943/1943
f 2024/2024 2025/2025 1943/1943
f 2027/2027 1946/1946 1945/1945
f 2026/2026 2027/2027 1945/1945
f 2028/2028 1947/1947 1946/1946
f 2027/2027 2028/2028 1946/1946
f 2029/2029 1948/1948 1947/1947
f 2028/2028 2029/2029 1947/1947
f 2030/2030 1949/1949 1948/1948
f 2029/2029 2030/2030 1948/1948
f 2031/2031 1950/1950 1949/1949
f 2030/2030 2031/2031 1949/1949
f 2032/2032 1951/1951 1950/1950
f 2031/2031 2032/2032 1950/1950
f 2033/2033 1952/1952 1951/1951
f 2032/2032 2033/2033 1951/1951
f 2034/2034 1953/1953 1952/1952
f 2033/2033 2034/2034 1952/1952
f 2035/2035 1954/1954 1953/1953
f 2034/2034 2035/2035 1953/1953
f 2036/2036 1955/1955 1954/1954
f 2035/2035 2036/2036 1954/1954
f 2037/2037 1956/1956 1955/1955
f 2036/2036 2037/2037 1955/1955
f 2038/2038 1957/1957 1956/1956
f 2037/2037 2038/2038 1956/1956
f 2039/2039 1958/1958 1957/1957
f 2038/2038 2039/2039 1957/1957
f 2040/2040 1959/1959 1958/1958
f 2039/2039 2040/2040 1958/1958
f 2041/2041 1960/1960 1959/1959
f 2040/2040 2041/2041 1959/1959
f 2042/2042 1961/1961 1960/1960
f 2041/2041 2042/2042 1960/1960
f 2043/2043 1962/1962 1961/1961
f 2042/2042 2043/2043 1961/1961
f 2044/2044 1963/1963 1962/1962
f 2043/2043 2044/2044 1962/1962
f 2045/2045 1964/1964 1963/1963
f 2044/2044 2045/2045 1963/1963
f 2046/2046 1965/1965 1964/1964
f 2045/2045 2046/2046 1964/1964
f 2047/2047 1966/1966 1965/1965
f 2046/2046 2047/2047 1965/1965
f 2048/2048 1967/1967 1966/1966
f 2047/2047 2048/2048 1966/1966
f 2049/2049 1968/1968 1967/1967
f 2048/2048 2049/2049 1967/1967
f 2050/2050 1969/1969 1968/1968
f 2049/2049 2050/2050 1968/1968
f 2051/2051 1970/1970 1969/1969
f 2050/2050 2051/2051 1969/1969
f 2052/2052 1971/1971 1970/1970
f 2051/2051 2052/2052 1970/1970
f 2053/2053 1972/1972 1971/1971
f 2052/2052 2053/2053 1971/1971
f 2054/2054 1973/1973 1972/1972
f 2053/2053 2054/2054 1972/1972
f 2055/2055 1974/1974 1973/1973
f 2054/2054 2055/2055 1973/1973
f 2056/2056 1975/1975 1974/1974
f 2055/2055 2056/2056 1974/1974
f 2057/2057 1976/1976 1975/1975
f 2056/2056 2057/2057 1975/1975
f 2058/2058 1977/1977 1976/1976
f 2057/2057 2058/2058 1976/1976
f 2059/2059 1978/1978 1977/1977
f 2058/2058 2059/2059 1977/1977
f 2060/2060 1979/1979 1978/1978
f 2059/2059 2060/2060 1978/1978
f 2061/2061 1980/1980 1979/1979
f 2060/2060 2061/2061 1979/1979
f 2062/2062 1981/1981 1980/1980
f 2061/2061 2062/2062 1980/1980
f 2063/2063 1982/1982 1981/1981
f 2062/2062 2063/2063 1981/1981
f 2064/2064 1983/1983 1982/1982
f 2063/2063 2064/2064 1982/1982
f 2065/2065 1984/1984 1983/1983
f 2064/2064 2065/2065 1983/1983
f 2066/2066 1985/1985 1984/1984
f 2065/2065 2066/2066 1984/1984
f 2067/2067 1986/1986 1985/1985
f 2066/2066 2067/2067 1985/1985
f 2068/2068 1987/1987 1986/1986
f 2067/2067 2068/2068 1986/1986
f 2069/2069 1988/1988 1987/1987
f 2068/2068 2069/2069 1987/1987
f 2070/2070 1989/1989 1988/1988
f 2069/2069 2070/2070 1988/1988
f 2071/2071 1990/1990 1989/1989
f 2070/2070 2071/2071 1989/1989
f 2072/2072 1991/1991 1990/1990
f 2071/2071 2072/2072 1990/1990
f 2073/2073 1992/1992 1991/1991
f 2072/2072 2073/2073 1991/1991
f 2074/2074 1993/1993 1992/1992
f 2073/2073 2074/2074 1992/1992
f 2075/2075 1994/1994 1993/1993
f 2074/2074 2075/2075 1993/1993
f 2076/2076 1995/1995 1994/1994
f 2075/2075 2076/2076 1994/1994
f 2077/2077 1996/1996 1995/1995
f 2076/2076 2077/2077 1995/1995
f 2078/2078 1997/1997 1996/1996
f 2077/2077 2078/2078 1996/1996
f 2079/2079 1998/1998 1997/1997
f 2078/2078 2079/2079 1997/1997
f 2080/2080 1999/1999 1998/1998
f 2079/2079 2080/2080 1998/1998
f 2081/2081 2000/2000 1999/1999
f 2080/2080 2081/2081 1999/1999
f 2082/2082 2001/2001 2000/2000
f 2081/2081 2082/2082 2000/2000
f 2083/2083 2002/2002 2001/2001
f 2082/2082 2083/2083 2001/2001
f 2084/2084 2003/2003 2002/2002
f 2083/2083 2084/2084 2002/2002
f 2085/2085 2004/2004 2003/2003
f 2084/2084 2085/2085 2003/2003
f 2086/2086 2005/2005 2004/2004
f 2085/2085 2086/2086 2004/2004
f 2087/2087 2006/2006 2005/2005
f 2086/2086 2087/2087 2005/2005
f 2088/2088 2007/2007 2006/2006
f 2087/2087 2088/2088 2006/2006
f 2089/2089 2008/2008 2007/2007
f 2088/2088 2089/2089 2007/2007
f 2090/2090 2009/2009 2008/2008
f 2089/2089 2090/2090 2008/2008
f 2091/2091 2010/2010 2009/2009
f 2090/2090 2091/2091 2009/2009
f 2092/2092 2011/2011 2010/2010
f 2091/2091 2092/2092 2010/2010
f 2093/2093 2012/2012 2011/2011
f 2092/2092 2093/2093 2011/2011
f 2094/2094 2013/2013 2012/2012
f 2093/2093 2094/2094 2012/2012
f 2095/2095 2014/2014 2013/2013
f 2094/2094 2095/2095 2013/2013
f 2096/2096 2015/2015 2014/2014
f 2095/2095 2096/2096 2014/2014
f 2097/2097 2016/2016 2015/2015
f 2096/2096 2097/2097 2015/2015
f 2098/2098 2017/2017 2016/2016
f 2097/2097 2098/2098 2016/2016
f 2099/2099 2018/2018 2017/2017
f 2098/2098 2099/2099 2017/2017
f 2100/2100 2019/2019 2018/2018
f 2099/2099 2100/2100 2018/2018
f 2101/2101 2020/2020 2019/2019
f 2100/2100 2101/2101 2019/2019
f 2102/2102 2021/2021 2020/2020
f 2101/2101 2102/2102 2020/2020
f 2103/2103 2022/2022 2021/2021
f 2102/2102 2103/2103 2021/2021
f 2104/2104 2023/2023 2022/2022
f 2103/2103 2104/2104 2022/2022
f 2105/2105 2024/2024 2023/2023
f 2104/2104 2105/2105 2023/2023
f 2106/2106 2025/2025 2024/2024
f 2105/2105 2106/2106 2024/2024
f 2108/2108 2027/2027 2026/2026
f 2107/2107 2108/2108 2026/2026
f 2109/2109 2028/2028 2027/2027
f 2108/2108 2109/2109 2027/2027
f 2110/2110 2029/2029 2028/2028
f 2109/2109 2110/2110 2028/2028
f 2111/2111 2030/2030 2029/2029
f 2110/2110 2111/2111 2029/2029
f 2112/2112 2031/2031 2030/2030
f 2111/2111 2112/2112 2030/2030
f 2113/2113 2032/2032 2031/2031
f 2112/2112 2113/2113 2031/2031
f 2114/2114 2033/2033 2032/2032
f 2113/2113 2114/2114 2032/2032
f 2115/2115 2034/2034 2033/2033
f 2114/2114 2115/2115 2033/2033
f 2116/2116 2035/2035 2034/2034
f 2115/2115 2116/2116 2034/2034
f 2117/2117 2036/2036 2035/2035
f 2116/2116 2117/2117 2035/2035
f 2118/2118 2037/2037 2036/2036
f 2117/2117 2118/2118 2036/2036
f 2119/2119 2038/2038 2037/2037
f 2118/2118 2119/2119 2037/2037
f 2120/2120 2039/2039 2038/2038
f 2119/2119 2120/2120 2038/2038
f 2121/2121 2040/2040 2039/2039
f 2120/2120 2121/2121 2039/2039
f 2122/2122 2041/2041 2040/2040
f 2121/2121 2122/2122 2040/2040
f 2123/2123 2042/2042 2041/2041
f 2122/2122 2123/2123 2041/2041
f 2124/2124 2043/2043 2042/2042
f 2123/2123 2124/2124 2042/2042
f 2125/2125 2044/2044 2043/2043
f 2124/2124 2125/2125 2043/2043
f 2126/2126 2045/2045 2044/2044
f 2125/2125 2126/2126 2044/2044
f 2127/2127 2046/2046 2045/2045
f 2126/2126 2127/2127 2045/2045
f 2128/2128 2047/2047 2046/2046
f 2127/2127 2128/2128 2046/2046
f 2129/2129 2048/2048 2047/2047
f 2128/2128 2129/2129 2047/2047
f 2130/2130 2049/2049 2048/2048
f 2129/2129 2130/2130 2048/2048
f 2131/2131 2050/2050 2049/2049
f 2130/2130 2131/2131 2049/2049
f 2132/2132 2051/2051 2050/2050
f 2131/2131 2132/2132 2050/2050
f 2133/2133 2052/2052 2051/2051
f 2132/2132 2133/2133 2051/2051
f 2134/2134 2053/2053 2052/2052
f 2133/2133 2134/2134 2052/2052
f 2135/2135 2054/2054 2053/2053
f 2134/2134 2135/2135 2053/2053
f 2136/2136 2055/2055 2054/2054
f 2135/2135 2136/2136 2054/2054
f 2137/2137 2056/2056 2055/2055
f 2136/2136 2137/2137 2055/2055
f 2138/2138 2057/2057 2056/2056
f 2137/2137 2138/2138 2056/2056
f 2139/2139 2058/2058 2057/2057
f 2138/2138 2139/2139 2057/2057
f 2140/2140 2059/2059 2058/2058
f 2139/2139 2140/2140 2058/2058
f 2141/2141 2060/2060 2059/2059
f 2140/2140 2141/2141 2059/2059
f 2142/2142 2061/2061 2060/2060
f 2141/2141 2142/2142 2060/2060
f 2143/2143 2062/2062 2061/2061
f 2142/2142 2143/2143 2061/2061
f 2144/2144 2063/2063 2062/2062
f 2143/2143 2144/2144 2062/2062
f 2145/2145 2064/2064 2063/2063
f 2144/2144 2145/2145 2063/2063
f 2146/2146 2065/2065 2064/2064
f 2145/2145 2146/2146 2064/2064
f 2147/2147 2066/2066 2065/2065
f 2146/2146 2147/2147 2065/2065
f 2148/2148 2067/2067 2066/2066
f 2147/2147 2148/2148 2066/2066
f 2149/2149 2068/2068 2067/2067
f 2148/2148 2149/2149 2067/2067
f 2150/2150 2069/2069 2068/2068
f 2149/2149 2150/2150 2068/2068
f 2151/2151 2070/2070 2069/2069
f 2150/2150 2151/2151 2069/2069
f 2152/2152 2071/2071 2070/2070
f 2151/2151 2152/2152 2070/2070
f 2153/2153 2072/2072 2071/2071
f 2152/2152 2153/2153 2071/2071
f 2154/2154 2073/2073 2072/2072
f 2153/2153 2154/2154 2072/2072
f 2155/2155 2074/2074 2073/2073
f 2154/2154 2155/2155 2073/2073
f 2156/2156 2075/2075 2074/2074
f 2155/2155 2156/2156 2074/2074
f 2157/2157 2076/2076 2075/2075
f 2156/2156 2157/2157 2075/2075
f 2158/2158 2077/2077 2076/2076
f 2157/2157 2158/2158 2076/2076
f 2159/2159 2078/2078 2077/2077
f 2158/2158 2159/2159 2077/2077
f 2160/2160 2079/2079 2078/2078
f 2159/2159 2160/2160 2078/2078
f 2161/2161 2080/2080 2079/2079
f 2160/2160 2161/2161 2079/2079
f 2162/2162 2081/2081 2080/2080
f 2161/2161 2162/2162 2080/2080
f 2163/2163 2082/2082 2081/2081
f 2162/2162 2163/2163 2081/2081
f 2164/2164 2083/2083 2082/2082
f 2163/2163 2164/2164 2082/2082
f 2165/2165 2084/2084 2083/2083
f 2164/2164 2165/2165 2083/2083
f 2166/2166 2085/2085 2084/2084
f 2165/2165 2166/2166 2084/2084
f 2167/2167 2086/2086 2085/2085
f 2166/2166 2167/2167 2085/2085
f 2168/2168 2087/2087 2086/2086
f 2167/2167 2168/2168 2086/2086
f 2169/2169 2088/2088 2087/2087
f 2168/2168 2169/2169 2087/2087
f 2170/2170 2089/2089 2088/2088
f 2169/2169 2170/2170 2088/2088
f 2171/2171 2090/2090 2089/2089
f 2170/2170 2171/2171 2089/2089
f 2172/2172 2091/2091 2090/2090
f 2171/2171 2172/2172 2090/2090
f 2173/2173 2092/2092 2091/2091
f 2172/2172 2173/2173 2091/2091
f 2174/2174 2093/2093 2092/2092
f 2173/2173 2174/2174 2092/2092
f 2175/2175 2094/2094 2093/2093
f 2174/2174 2175/2175 2093/2093
f 2176/2176 2095/2095 2094/2094
f 2175/2175 2176/2176 2094/2094
f 2177/2177 2096/2096 2095/2095
f 2176/2176 2177/2177 2095/2095
f 2178/2178 2097/2097 2096/2096
f 2177/2177 2178/2178 2096/2096
f 2179/2179 2098/2098 2097/2097
f 2178/2178 2179/2179 2097/2097
f 2180/2180 2099/2099 2098/2098
f 2179/2179 2180/2180 2098/2098
f 2181/2181 2100/2100 2099/2099
f 2180/2180 2181/2181 2099/2099
f 2182/2182 2101/2101 2100/2100
f 2181/2181 2182/2182 2100/2100
f 2183/2183 2102/2102 2101/2101
f 2182/2182 2183/2183 2101/2101
f 2184/2184 2103/2103 2102/2102
f 2183/2183 2184/2184 2102/2102
f 2185/2185 2104/2104 2103/2103
f 2184/2184 2185/2185 2103/2103
f 2186/2186 2105/2105 2104/2104
f 2185/2185 2186/2186 2104/2104
f 2187/2187 2106/2106 2105/2105
f 2186/2186 2187/2187 2105/2105
f 2189/2189 2108/2108 2107/2107
f 2188/2188 2189/2189 2107/2107
f 2190/2190 2109/2109 2108/2108
f 2189/2189 2190/2190 2108/2108
f 2191/2191 2110/2110 2109/2109
f 2190/2190 2191/2191 2109/2109
f 2192/2192 2111/2111 2110/2110
f 2191/2191 2192/2192 2110/2110
f 2193/2193 2112/2112 2111/2111
f 2192/2192 2193/2193 2111/2111
f 2194/2194 2113/2113 2112/2112
f 2193/2193 2194/2194 2112/2112
f 2195/2195 2114/2114 2113/2113
f 2194/2194 2195/2195 2113/2113
f 2196/2196 2115/2115 2114/2114
f 2195/2195 2196/2196 2114/2114
f 2197/2197 2116/2116 2115/2115
f 2196/2196 2197/2197 2115/2115
f 2198/2198 2117/2117 2116/2116
f 2197/2197 2198/2198 2116/2116
f 2199/2199 2118/2118 2117/2117
f 2198/2198 2199/2199 2117/2117
f 2200/2200 2119/2119 2118/2118
f 2199/2199 2200/2200 2118/2118
f 2201/2201 2120/2120 2119/2119
f 2200/2200 2201/2201 2119/2119
f 2202/2202 2121/2121 2120/2120
f 2201/2201 2202/2202 2120/2120
f 2203/2203 2122/2122 2121/2121
f 2202/2202 2203/2203 2121/2121
f 2204/2204 2123/2123 2122/2122
f 2203/2203 2204/2204 2122/2122
f 2205/2205 2124/2124 2123/2123
f 2204/2204 2205/2205 2123/2123
f 2206/2206 2125/2125 2124/2124
f 2205/2205 2206/2206 2124/2124
f 2207/2207 2126/2126 2125/2125
f 2206/2206 2207/2207 2125/2125
f 2208/2208 2127/2127 2126/2126
f 2207/2207 2208/2208 2126/2126
f 2209/2209 2128/2128 2127/2127
f 2208/2208 2209/2209 2127/2127
f 2210/2210 2129/2129 2128/2128
f 2209/2209 2210/2210 2128/2128
f 2211/2211 2130/2130 2129/2129
f 2210/2210 2211/2211 2129/2129
f 2212/2212 2131/2131 2130/2130
f 2211/2211 2212/2212 2130/2130
f 2213/2213 2132/2132 2131/2131
f 2212/2212 2213/2213 2131/2131
f 2214/2214 2133/2133 2132/2132
f 2213/2213 2214/2214 2132/2132
f 2215/2215 2134/2134 2133/2133
f 2214/2214 2215/2215 2133/2133
f 2216/2216 2135/2135 2134/2134
f 2215/2215 2216/2216 2134/2134
f 2217/2217 2136/2136 2135/2135
f 2216/2216 2217/2217 2135/2135
f 2218/2218 2137/2137 2136/2136
f 2217/2217 2218/2218 2136/2136
f 2219/2219 2138/2138 2137/2137
f 2218/2218 2219/2219 2137/2137
f 2220/2220 2139/2139 2138/2138
f 2219/2219 2220/2220 2138/2138
f 2221/2221 2140/2140 2139/2139
f 2220/2220 2221/2221 2139/2139
f 2222/2222 2141/2141 2140/2140
f 2221/2221 2222/2222 2140/2140
f 2223/2223 2142/2142 2141/2141
f 2222/2222 2223/2223 2141/2141
f 2224/2224 2143/2143 2142/2142
f 2223/2223 2224/2224 2142/2142
f 2225/2225 2144/2144 2143/2143
f 2224/2224 2225/2225 2143/2143
f 2226/2226 2145/2145 2144/2144
f 2225/2225 2226/2226 2144/2144
f 2227/2227 2146/2146 2145/2145
f 2226/2226 2227/2227 2145/2145
f 2228/2228 2147/2147 2146/2146
f 2227/2227 2228/2228 2146/2146
f 2229/2229 2148/2148 2147/2147
f 2228/2228 2229/2229 2147/2147
f 2230/2230 2149/2149 2148/2148
f 2229/2229 2230/2230 2148/2148
f 2231/2231 2150/2150 2149/2149
f 2230/2230 2231/2231 2149/2149
f 2232/2232 2151/2151 2150/2150
f 2231/2231 2232/2232 2150/2150
f 2233/2233 2152/2152 2151/2151
f 2232/2232 2233/2233 2151/2151
f 2234/2234 2153/2153 2152/2152
f 2233/2233 2234/2234 2152/2152
f 2235/2235 2154/2154 2153/2153
f 2234/2234 2235/2235 2153/2153
f 2236/2236 2155/2155 2154/2154
f 2235/2235 2236/2236 2154/2154
f 2237/2237 2156/2156 2155/2155
f 2236/2236 2237/2237 2155/2155
f 2238/2238 2157/2157 2156/2156
f 2237/2237 2238/2238 2156/2156
f 2239/2239 2158/2158 2157/2157
f 2238/2238 2239/2239 2157/2157
f 2240/2240 2159/2159 2158/2158
f 2239/2239 2240/2240 2158/2158
f 2241/2241 2160/2160 2159/2159
f 2240/2240 2241/2241 2159/2159
f 2242/2242 2161/2161 2160/2160
f 2241/2241 2242/2242 2160/2160
f 2243/2243 2162/2162 2161/2161
f 2242/2242 2243/2243 2161/2161
f 2244/2244 2163/2163 2162/2162
f 2243/2243 2244/2244 2162/2162
f 2245/2245 2164/2164 2163/2163
f 2244/2244 2245/2245 2163/2163
f 2246/2246 2165/2165 2164/2164
f 2245/2245 2246/2246 2164/2164
f 2247/2247 2166/2166 2165/2165
f 2246/2246 2247/2247 2165/2165
f 2248/2248 2167/2167 2166/2166
f 2247/2247 2248/2248 2166/2166
f 2249/2249 2168/2168 2167/2167
f 2248/2248 2249/2249 2167/2167
f 2250/2250 2169/2169 2168/2168
f 2249/2249 2250/2250 2168/2168
f 2251/2251 2170/2170 2169/2169
f 2250/2250 2251/2251 2169/2169
f 2252/2252 2171/2171 2170/2170
f 2251/2251 2252/2252 2170/2170
f 2253/2253 2172/2172 2171/2171
f 2252/2252 2253/2253 2171/2171
f 2254/2254 2173/2173 2172/2172
f 2253/2253 2254/2254 2172/2172
f 2255/2255 2174/2174 2173/2173
f 2254/2254 2255/2255 2173/2173
f 2256/2256 2175/2175 2174/2174
f 2255/2255 2256/2256 2174/2174
f 2257/2257 2176/2176 2175/2175
f 2256/2256 2257/2257 2175/2175
f 2258/2258 2177/2177 2176/2176
f 2257/2257 2258/2258 2176/2176
f 2259/2259 2178/2178 2177/2177
f 2258/2258 2259/2259 2177/2177
f 2260/2260 2179/2179 2178/2178
f 2259/2259 2260/2260 2178/2178
f 2261/2261 2180/2180 2179/2179
f 2260/2260 2261/2261 2179/2179
f 2262/2262 2181/2181 2180/2180
f 2261/2261 2262/2262 2180/2180
f 2263/2263 2182/2182 2181/2181
f 2262/2262 2263/2263 2181/2181
f 2264/2264 2183/2183 2182/2182
f 2263/2263 2264/2264 2182/2182
f 2265/2265 2184/2184 2183/2183
f 2264/2264 2265/2265 2183/2183
f 2266/2266 2185/2185 2184/2184
f 2265/2265 2266/2266 2184/2184
f 2267/2267 2186/2186 2185/2185
f 2266/2266 2267/2267 2185/2185
f 2268/2268 2187/2187 2186/2186
f 2267/2267 2268/2268 2186/2186
f 2270/2270 2189/2189 2188/2188
f 2269/2269 2270/2270 2188/2188
f 2271/2271 2190/2190 2189/2189
f 2270/2270 2271/2271 2189/2189
f 2272/2272 2191/2191 2190/2190
f 2271/2271 2272/2272 2190/2190
f 2273/2273 2192/2192 2191/2191
f 2272/2272 2273/2273 2191/2191
f 2274/2274 2193/2193 2192/2192
f 2273/2273 2274/2274 2192/2192
f 2275/2275 2194/2194 2193/2193
f 2274/2274 2275/2275 2193/2193
f 2276/2276 2195/2195 2194/2194
f 2275/2275 2276/2276 2194/2194
f 2277/2277 2196/2196 2195/2195
f 2276/2276 2277/2277 2195/2195
f 2278/2278 2197/2197 2196/2196
f 2277/2277 2278/2278 2196/2196
f 2279/2279 2198/2198 2197/2197
f 2278/2278 2279/2279 2197/2197
f 2280/2280 2199/2199 2198/2198
f 2279/2279 2280/2280 2198/2198
f 2281/2281 2200/2200 2199/2199
f 2280/2280 2281/2281 2199/2199
f 2282/2282 2201/2201 2200/2200
f 2281/2281 2282/2282 2200/2200
f 2283/2283 2202/2202 2201/2201
f 2282/2282 2283/2283 2201/2201
f 2284/2284 2203/2203 2202/2202
f 2283/2283 2284/2284 2202/2202
f 2285/2285 2204/2204 2203/2203
f 2284/2284 2285/2285 2203/2203
f 2286/2286 2205/2205 2204/2204
f 2285/2285 2286/2286 2204/2204
f 2287/2287 2206/2206 2205/2205
f 2286/2286 2287/2287 2205/2205
f 2288/2288 2207/2207 2206/2206
f 2287/2287 2288/2288 2206/2206
f 2289/2289 2208/2208 2207/2207
f 2288/2288 2289/2289 2207/2207
f 2290/2290 2209/2209 2208/2208
f 2289/2289 2290/2290 2208/2208
f 2291/2291 2210/2210 2209/2209
f 2290/2290 2291/2291 2209/2209
f 2292/2292 2211/2211 2210/2210
f 2291/2291 2292/2292 2210/2210
f 2293/2293 2212/2212 2211/2211
f 2292/2292 2293/2293 2211/2211
f 2294/2294 2213/2213 2212/2212
f 2293/2293 2294/2294 2212/2212
f 2295/2295 2214/2214 2213/2213
f 2294/2294 2295/2295 2213/2213
f 2296/2296 2215/2215 2214/2214
f 2295/2295 2296/2296 2214/2214
f 2297/2297 2216/2216 2215/2215
f 2296/2296 2297/2297 2215/2215
f 2298/2298 2217/2217 2216/2216
f 2297/2297 2298/2298 2216/2216
f 2299/2299 2218/2218 2217/2217
f 2298/2298 2299/2299 2217/2217
f 2300/2300 2219/2219 2218/2218
f 2299/2299 2300/2300 2218/2218
f 2301/2301 2220/2220 2219/2219
f 2300/2300 2301/2301 2219/2219
f 2302/2302 2221/2221 2220/2220
f 2301/2301 2302/2302 2220/2220
f 2303/2303 2222/2222 2221/2221
f 2302/2302 2303/2303 2221/2221
f 2304/2304 2223/2223 2222/2222
f 2303/2303 2304/2304 2222/2222
f 2305/2305 2224/2224 2223/2223
f 2304/2304 2305/2305 2223/2223
f 2306/2306 2225/2225 2224/2224
f 2305/2305 2306/2306 2224/2224
f 2307/2307 2226/2226 2225/2225
f 2306/2306 2307/2307 2225/2225
f 2308/2308 2227/2227 2226/2226
f 2307/2307 2308/2308 2226/2226
f 2309/2309 2228/2228 2227/2227
f 2308/2308 2309/2309 2227/2227
f 2310/2310 2229/2229 2228/2228
f 2309/2309 2310/2310 2228/2228
f 2311/2311 2230/2230 2229/2229
f 2310/2310 2311/2311 2229/2229
f 2312/2312 2231/2231 2230/2230
f 2311/2311 2312/2312 2230/2230
f 2313/2313 2232/2232 2231/2231
f 2312/2312 2313/2313 2231/2231
f 2314/2314 2233/2233 2232/2232
f 2313/2313 2314/2314 2232/2232
f 2315/2315 2234/2234 2233/2233
f 2314/2314 2315/2315 2233/2233
f 2316/2316 2235/2235 2234/2234
f 2315/2315 2316/2316 2234/2234
f 2317/2317 2236/2236 2235/2235
f 2316/2316 2317/2317 2235/2235
f 2318/2318 2237/2237 2236/2236
f 2317/2317 2318/2318 2236/2236
f 2319/2319 2238/2238 2237/2237
f 2318/2318 2319/2319 2237/2237
f 2320/2320 2239/2239 2238/2238
f 2319/2319 2320/2320 2238/2238
f 2321/2321 2240/2240 2239/2239
f 2320/2320 2321/2321 2239/2239
f 2322/2322 2241/2241 2240/2240
f 2321/2321 2322/2322 2240/2240
f 2323/2323 2242/2242 2241/2241
f 2322/2322 2323/2323 2241/2241
f 2324/2324 2243/2243 2242/2242
f 2323/2323 2324/2324 2242/2242
f 2325/2325 2244/2244 2243/2243
f 2324/2324 2325/2325 2243/2243
f 2326/2326 2245/2245 2244/2244
f 2325/2325 2326/2326 2244/2244
f 2327/2327 2246/2246 2245/2245
f 2326/2326 2327/2327 2245/2245
f 2328/2328 2247/2247 2246/2246
f 2327/2327 2328/2328 2246/2246
f 2329/2329 2248/2248 2247/2247
f 2328/2328 2329/2329 2247/2247
f 2330/2330 2249/2249 2248/2248
f 2329/2329 2330/2330 2248/2248
f 2331/2331 2250/2250 2249/2249
f 2330/2330 2331/2331 2249/2249
f 2332/2332 2251/2251 2250/2250
f 2331/2331 2332/2332 2250/2250
f 2333/2333 2252/2252 2251/2251
f 2332/2332 2333/2333 2251/2251
f 2334/2334 2253/2253 2252/2252
f 2333/2333 2334/2334 2252/2252
f 2335/2335 2254/2254 2253/2253
f 2334/2334 2335/2335 2253/2253
f 2336/2336 2255/2255 2254/2254
f 2335/2335 2336/2336 2254/2254
f 2337/2337 2256/2256 2255/2255
f 2336/2336 2337/2337 2255/2255
f 2338/2338 2257/2257 2256/2256
f 2337/2337 2338/2338 2256/2256
f 2339/2339 2258/2258 2257/2257
f 2338/2338 2339/2339 2257/2257
f 2340/2340 2259/2259 2258/2258
f 2339/2339 2340/2340 2258/2258
f 2341/2341 2260/2260 2259/2259
f 2340/2340 2341/2341 2259/2259
f 2342/2342 2261/2261 2260/2260
f 2341/2341 2342/2342 2260/2260
f 2343/2343 2262/2262 2261/2261
f 2342/2342 2343/2343 2261/2261
f 2344/2344 2263/2263 2262/2262
f 2343/2343 2344/2344 2262/2262
f 2345/2345 2264/2264 2263/2263
f 2344/2344 2345/2345 2263/2263
f 2346/2346 2265/2265 2264/2264
f 2345/2345 2346/2346 2264/2264
f 2347/2347 2266/2266 2265/2265
f 2346/2346 2347/2347 2265/2265
f 2348/2348 2267/2267 2266/2266
f 2347/2347 2348/2348 2266/2266
f 2349/2349 2268/2268 2267/2267
f 2348/2348 2349/2349 2267/2267
f 2351/2351 2270/2270 2269/2269
f 2350/2350 2351/2351 2269/2269
f 2352/2352 2271/2271 2270/2270
f 2351/2351 2352/2352 2270/2270
f 2353/2353 2272/2272 2271/2271
f 2352/2352 2353/2353 2271/2271
f 2354/2354 2273/2273 2272/2272
f 2353/2353 2354/2354 2272/2272
f 2355/2355 2274/2274 2273/2273
f 2354/2354 2355/2355 2273/2273
f 2356/2356 2275/2275 2274/2274
f 2355/2355 2356/2356 2274/2274
f 2357/2357 2276/2276 2275/2275
f 2356/2356 2357/2357 2275/2275
f 2358/2358 2277/2277 2276/2276
f 2357/2357 2358/2358 2276/2276
f 2359/2359 2278/2278 2277/2277
f 2358/2358 2359/2359 2277/2277
f 2360/2360 2279/2279 2278/2278
f 2359/2359 2360/2360 2278/2278
f 2361/2361 2280/2280 2279/2279
f 2360/2360 2361/2361 2279/2279
f 2362/2362 2281/2281 2280/2280
f 2361/2361 2362/2362 2280/2280
f 2363/2363 2282/2282 2281/2281
f 2362/2362 2363/2363 2281/2281
f 2364/2364 2283/2283 2282/2282
f 2363/2363 2364/2364 2282/2282
f 2365/2365 2284/2284 2283/2283
f 2364/2364 2365/2365 2283/2283
f 2366/2366 2285/2285 2284/2284
f 2365/2365 2366/2366 2284/2284
f 2367/2367 2286/2286 2285/2285
f 2366/2366 2367/2367 2285/2285
f 2368/2368 2287/2287 2286/2286
f 2367/2367 2368/2368 2286/2286
f 2369/2369 2288/2288 2287/2287
f 2368/2368 2369/2369 2287/2287
f 2370/2370 2289/2289 2288/2288
f 2369/2369 2370/2370 2288/2288
f 2371/2371 2290/2290 2289/2289
f 2370/2370 2371/2371 2289/2289
f 2372/2372 2291/2291 2290/2290
f 2371/2371 2372/2372 2290/2290
f 2373/2373 2292/2292 2291/2291
f 2372/2372 2373/2373 2291/2291
f 2374/2374 2293/2293 2292/2292
f 2373/2373 2374/2374 2292/2292
f 2375/2375 2294/2294 2293/2293
f 2374/2374 2375/2375 2293/2293
f 2376/2376 2295/2295 2294/2294
f 2375/2375 2376/2376 2294/2294
f 2377/2377 2296/2296 2295/2295
f 2376/2376 2377/2377 2295/2295
f 2378/2378 2297/2297 2296/2296
f 2377/2377 2378/2378 2296/2296
f 2379/2379 2298/2298 2297/2297
f 2378/2378 2379/2379 2297/2297
f 2380/2380 2299/2299 2298/2298
f 2379/2379 2380/2380 2298/2298
f 2381/2381 2300/2300 2299/2299
f 2380/2380 2381/2381 2299/2299
f 2382/2382 2301/2301 2300/2300
f 2381/2381 2382/2382 2300/2300
f 2383/2383 2302/2302 2301/2301
f 2382/2382 2383/2383 2301/2301
f 2384/2384 2303/2303 2302/2302
f 2383/2383 2384/2384 2302/2302
f 2385/2385 2304/2304 2303/2303
f 2384/2384 2385/2385 2303/2303
f 2386/2386 2305/2305 2304/2304
f 2385/2385 2386/2386 2304/2304
f 2387/2387 2306/2306 2305/2305
f 2386/2386 2387/2387 2305/2305
f 2388/2388 2307/2307 2306/2306
f 2387/2387 2388/2388 2306/2306
f 2389/2389 2308/2308 2307/2307
f 2388/2388 2389/2389 2307/2307
f 2390/2390 2309/2309 2308/2308
f 2389/2389 2390/2390 2308/2308
f 2391/2391 2310/2310 2309/2309
f 2390/2390 2391/2391 2309/2309
f 2392/2392 2311/2311 2310/2310
f 2391/2391 2392/2392 2310/2310
f 2393/2393 2312/2312 2311/2311
f 2392/2392 2393/2393 2311/2311
f 2394/2394 2313/2313 2312/2312
f 2393/2393 2394/2394 2312/2312
f 2395/2395 2314/2314 2313/2313
f 2394/2394 2395/2395 2313/2313
f 2396/2396 2315/2315 2314/2314
f 2395/2395 2396/2396 2314/2314
f 2397/2397 2316/2316 2315/2315
f 2396/2396 2397/2397 2315/2315
f 2398/2398 2317/2317 2316/2316
f 2397/2397 2398/2398 2316/2316
f 2399/2399 2318/2318 2317/2317
f 2398/2398 2399/2399 2317/2317
f 2400/2400 2319/2319 2318/2318
f 2399/2399 2400/2400 2318/2318
f 2401/2401 2320/2320 2319/2319
f 2400/2400 2401/2401 2319/2319
f 2402/2402 2321/2321 2320/2320
f 2401/2401 2402/2402 2320/2320
f 2403/2403 2322/2322 2321/2321
f 2402/2402 2403/2403 2321/2321
f 2404/2404 2323/2323 2322/2322
f 2403/2403 2404/2404 2322/2322
f 2405/2405 2324/2324 2323/2323
f 2404/2404 2405/2405 2323/2323
f 2406/2406 2325/2325 2324/2324
f 2405/2405 2406/2406 2324/2324
f 2407/2407 2326/2326 2325/2325
f 2406/2406 2407/2407 2325/2325
f 2408/2408 2327/2327 2326/2326
f 2407/2407 2408/2408 2326/2326
f 2409/2409 2328/2328 2327/2327
f 2408/2408 2409/2409 2327/2327
f 2410/2410 2329/2329 2328/2328
f 2409/2409 2410/2410 2328/2328
f 2411/2411 2330/2330 2329/2329
f 2410/2410 2411/2411 2329/2329
f 2412/2412 2331/2331 2330/2330
f 2411/2411 2412/2412 2330/2330
f 2413/2413 2332/2332 2331/2331
f 2412/2412 2413/2413 2331/2331
f 2414/2414 2333/2333 2332/2332
f 2413/2413 2414/2414 2332/2332
f 2415/2415 2334/2334 2333/2333
f 2414/2414 2415/2415 2333/2333
f 2416/2416 2335/2335 2334/2334
f 2415/2415 2416/2416 2334/2334
f 2417/2417 2336/2336 2335/2335
f 2416/2416 2417/2417 2335/2335
f 2418/2418 2337/2337 2336/2336
f 2417/2417 2418/2418 2336/2336
f 2419/2419 2338/2338 2337/2337
f 2418/2418 2419/2419 2337/2337
f 2420/2420 2339/2339 2338/2338
f 2419/2419 2420/2420 2338/2338
f 2421/2421 2340/2340 2339/2339
f 2420/2420 2421/2421 2339/2339
f 2422/2422 2341/2341 2340/2340
f 2421/2421 2422/2422 2340/2340
f 2423/2423 2342/2342 2341/2341
f 2422/2422 2423/2423 2341/2341
f 2424/2424 2343/2343 2342/2342
f 2423/2423 2424/2424 2342/2342
f 2425/2425 2344/2344 2343/2343
f 2424/2424 2425/2425 2343/2343
f 2426/2426 2345/2345 2344/2344
f 2425/2425 2426/2426 2344/2344
f 2427/2427 2346/2346 2345/2345
f 2426/2426 2427/2427 2345/2345
f 2428/2428 2347/2347 2346/2346
f 2427/2427 2428/2428 2346/2346
f 2429/2429 2348/2348 2347/2347
f 2428/2428 2429/2429 2347/2347
f 2430/2430 2349/2349 2348/2348
f 2429/2429 2430/2430 2348/2348
f 2432/2432 2351/2351 2350/2350
f 2431/2431 2432/2432 2350/2350
f 2433/2433 2352/2352 2351/2351
f 2432/2432 2433/2433 2351/2351
f 2434/2434 2353/2353 2352/2352
f 2433/2433 2434/2434 2352/2352
f 2435/2435 2354/2354 2353/2353
f 2434/2434 2435/2435 2353/2353
f 2436/2436 2355/2355 2354/2354
f 2435/2435 2436/2436 2354/2354
f 2437/2437 2356/2356 2355/2355
f 2436/2436 2437/2437 2355/2355
f 2438/2438 2357/2357 2356/2356
f 2437/2437 2438/2438 2356/2356
f 2439/2439 2358/2358 2357/2357
f 2438/2438 2439/2439 2357/2357
f 2440/2440 2359/2359 2358/2358
f 2439/2439 2440/2440 2358/2358
f 2441/2441 2360/2360 2359/2359
f 2440/2440 2441/2441 2359/2359
f 2442/2442 2361/2361 2360/2360
f 2441/2441 2442/2442 2360/2360
f 2443/2443 2362/2362 2361/2361
f 2442/2442 2443/2443 2361/2361
f 2444/2444 2363/2363 2362/2362
f 2443/2443 2444/2444 2362/2362
f 2445/2445 2364/2364 2363/2363
f 2444/2444 2445/2445 2363/2363
f 2446/2446 2365/2365 2364/2364
f 2445/2445 2446/2446 2364/2364
f 2447/2447 2366/2366 2365/2365
f 2446/2446 2447/2447 2365/2365
f 2448/2448 2367/2367 2366/2366
f 2447/2447 2448/2448 2366/2366
f 2449/2449 2368/2368 2367/2367
f 2448/2448 2449/2449 2367/2367
f 2450/2450 2369/2369 2368/2368
f 2449/2449 2450/2450 2368/2368
f 2451/2451 2370/2370 2369/2369
f 2450/2450 2451/2451 2369/2369
f 2452/2452 2371/2371 2370/2370
f 2451/2451 2452/2452 2370/2370
f 2453/2453 2372/2372 2371/2371
f 2452/2452 2453/2453 2371/2371
f 2454/2454 2373/2373 2372/2372
f 2453/2453 2454/2454 2372/2372
f 2455/2455 2374/2374 2373/2373
f 2454/2454 2455/2455 2373/2373
f 2456/2456 2375/2375 2374/2374
f 2455/2455 2456/2456 2374/2374
f 2457/2457 2376/2376 2375/2375
f 2456/2456 2457/2457 2375/2375
f 2458/2458 2377/2377 2376/2376
f 2457/2457 2458/2458 2376/2376
f 2459/2459 2378/2378 2377/2377
f 2458/2458 2459/2459 2377/2377
f 2460/2460 2379/2379 2378/2378
f 2459/2459 2460/2460 2378/2378
f 2461/2461 2380/2380 2379/2379
f 2460/2460 2461/2461 2379/2379
f 2462/2462 2381/2381 2380/2380
f 2461/2461 2462/2462 2380/2380
f 2463/2463 2382/2382 2381/2381
f 2462/2462 2463/2463 2381/2381
f 2464/2464 2383/2383 2382/2382
f 2463/2463 2464/2464 2382/2382
f 2465/2465 2384/2384 2383/2383
f 2464/2464 2465/2465 2383/2383
f 2466/2466 2385/2385 2384/2384
f 2465/2465 2466/2466 2384/2384
f 2467/2467 2386/2386 2385/2385
f 2466/2466 2467/2467 2385/2385
f 2468/2468 2387/2387 2386/2386
f 2467/2467 2468/2468 2386/2386
f 2469/2469 2388/2388 2387/2387
f 2468/2468 2469/2469 2387/2387
f 2470/2470 2389/2389 2388/2388
f 2469/2469 2470/2470 2388/2388
f 2471/2471 2390/2390 2389/2389
f 2470/2470 2471/2471 2389/2389
f 2472/2472 2391/2391 2390/2390
f 2471/2471 2472/2472 2390/2390
f 2473/2473 2392/2392 2391/2391
f 2472/2472 2473/2473 2391/2391
f 2474/2474 2393/2393 2392/2392
f 2473/2473 2474/2474 2392/2392
f 2475/2475 2394/2394 2393/2393
f 2474/2474 2475/2475 2393/2393
f 2476/2476 2395/2395 2394/2394
f 2475/2475 2476/2476 2394/2394
f 2477/2477 2396/2396 2395/2395
f 2476/2476 2477/2477 2395/2395
f 2478/2478 2397/2397 2396/2396
f 2477/2477 2478/2478 2396/2396
f 2479/2479 2398/2398 2397/2397
f 2478/2478 2479/2479 2397/2397
f 2480/2480 2399/2399 2398/2398
f 2479/2479 2480/2480 2398/2398
f 2481/2481 2400/2400 2399/2399
f 2480/2480 2481/2481 2399/2399
f 2482/2482 2401/2401 2400/2400
f 2481/2481 2482/2482 2400/2400
f 2483/2483 2402/2402 2401/2401
f 2482/2482 2483/2483 2401/2401
f 2484/2484 2403/2403 2402/2402
f 2483/2483 2484/2484 2402/2402
f 2485/2485 2404/2404 2403/2403
f 2484/2484 2485/2485 2403/2403
f 2486/2486 2405/2405 2404/2404
f 2485/2485 2486/2486 2404/2404
f 2487/2487 2406/2406 2405/2405
f 2486/2486 2487/2487 2405/2405
f 2488/2488 2407/2407 2406/2406
f 2487/2487 2488/2488 2406/2406
f 2489/2489 2408/2408 2407/2407
f 2488/2488 2489/2489 2407/2407
f 2490/2490 2409/2409 2408/2408
f 2489/2489 2490/2490 2408/2408
f 2491/2491 2410/2410 2409/2409
f 2490/2490 2491/2491 2409/2409
f 2492/2492 2411/2411 2410/2410
f 2491/2491 2492/2492 2410/2410
f 2493/2493 2412/2412 2411/2411
f 2492/2492 2493/2493 2411/2411
f 2494/2494 2413/2413 2412/2412
f 2493/2493 2494/2494 2412/2412
f 2495/2495 2414/2414 2413/2413
f 2494/2494 2495/2495 2413/2413
f 2496/2496 2415/2415 2414/2414
f 2495/2495 2496/2496 2414/2414
f 2497/2497 2416/2416 2415/2415
f 2496/2496 2497/2497 2415/2415
f 2498/2498 2417/2417 2416/2416
f 2497/2497 2498/2498 2416/2416
f 2499/2499 2418/2418 2417/2417
f 2498/2498 2499/2499 2417/2417
f 2500/2500 2419/2419 2418/2418
f 2499/2499 2500/2500 2418/2418
f 2501/2501 2420/2420 2419/2419
f 2500/2500 2501/2501 2419/2419
f 2502/2502 2421/2421 2420/2420
f 2501/2501 2502/2502 2420/2420
f 2503/2503 2422/2422 2421/2421
f 2502/2502 2503/2503 2421/2421
f 2504/2504 2423/2423 2422/2422
f 2503/2503 2504/2504 2422/2422
f 2505/2505 2424/2424 2423/2423
f 2504/2504 2505/2505 2423/2423
f 2506/2506 2425/2425 2424/2424
f 2505/2505 2506/2506 2424/2424
f 2507/2507 2426/2426 2425/2425
f 2506/2506 2507/2507 2425/2425
f 2508/2508 2427/2427 2426/2426
f 2507/2507 2508/2508 2426/2426
f 2509/2509 2428/2428 2427/2427
f 2508/2508 2509/2509 2427/2427
f 2510/2510 2429/2429 2428/2428
f 2509/2509 2510/2510 2428/2428
f 2511/2511 2430/2430 2429/2429
f 2510/2510 2511/2511 2429/2429
f 2513/2513 2432/2432 2431/2431
f 2512/2512 2513/2513 2431/2431
f 2514/2514 2433/2433 2432/2432
f 2513/2513 2514/2514 2432/2432
f 2515/2515 2434/2434 2433/2433
f 2514/2514 2515/2515 2433/2433
f 2516/2516 2435/2435 2434/2434
f 2515/2515 2516/2516 2434/2434
f 2517/2517 2436/2436 2435/2435
f 2516/2516 2517/2517 2435/2435
f 2518/2518 2437/2437 2436/2436
f 2517/2517 2518/2518 2436/2436
f 2519/2519 2438/2438 2437/2437
f 2518/2518 2519/2519 2437/2437
f 2520/2520 2439/2439 2438/2438
f 2519/2519 2520/2520 2438/2438
f 2521/2521 2440/2440 2439/2439
f 2520/2520 2521/2521 2439/2439
f 2522/2522 2441/2441 2440/2440
f 2521/2521 2522/2522 2440/2440
f 2523/2523 2442/2442 2441/2441
f 2522/2522 2523/2523 2441/2441
f 2524/2524 2443/2443 2442/2442
f 2523/2523 2524/2524 2442/2442
f 2525/2525 2444/2444 2443/2443
f 2524/2524 2525/2525 2443/2443
f 2526/2526 2445/2445 2444/2444
f 2525/2525 2526/2526 2444/2444
f 2527/2527 2446/2446 2445/2445
f 2526/2526 2527/2527 2445/2445
f 2528/2528 2447/2447 2446/2446
f 2527/2527 2528/2528 2446/2446
f 2529/2529 2448/2448 2447/2447
f 2528/2528 2529/2529 2447/2447
f 2530/2530 2449/2449 2448/2448
f 2529/2529 2530/2530 2448/2448
f 2531/2531 2450/2450 2449/2449
f 2530/2530 2531/2531 2449/2449
f 2532/2532 2451/2451 2450/2450
f 2531/2531 2532/2532 2450/2450
f 2533/2533 2452/2452 2451/2451
f 2532/2532 2533/2533 2451/2451
f 2534/2534 2453/2453 2452/2452
f 2533/2533 2534/2534 2452/2452
f 2535/2535 2454/2454 2453/2453
f 2534/2534 2535/2535 2453/2453
f 2536/2536 2455/2455 2454/2454
f 2535/2535 2536/2536 2454/2454
f 2537/2537 2456/2456 2455/2455
f 2536/2536 2537/2537 2455/2455
f 2538/2538 2457/2457 2456/2456
f 2537/2537 2538/2538 2456/2456
f 2539/2539 2458/2458 2457/2457
f 2538/2538 2539/2539 2457/2457
f 2540/2540 2459/2459 2458/2458
f 2539/2539 2540/2540 2458/2458
f 2541/2541 2460/2460 2459/2459
f 2540/2540 2541/2541 2459/2459
f 2542/2542 2461/2461 2460/2460
f 2541/2541 2542/2542 2460/2460
f 2543/2543 2462/2462 2461/2461
f 2542/2542 2543/2543 2461/2461
f 2544/2544 2463/2463 2462/2462
f 2543/2543 2544/2544 2462/2462
f 2545/2545 2464/2464 2463/2463
f 2544/2544 2545/2545 2463/2463
f 2546/2546 2465/2465 2464/2464
f 2545/2545 2546/2546 2464/2464
f 2547/2547 2466/2466 2465/2465
f 2546/2546 2547/2547 2465/2465
f 2548/2548 2467/2467 2466/2466
f 2547/2547 2548/2548 2466/2466
f 2549/2549 2468/2468 2467/2467
f 2548/2548 2549/2549 2467/2467
f 2550/2550 2469/2469 2468/2468
f 2549/2549 2550/2550 2468/2468
f 2551/2551 2470/2470 2469/2469
f 2550/2550 2551/2551 2469/2469
f 2552/2552 2471/2471 2470/2470
f 2551/2551 2552/2552 2470/2470
f 2553/2553 2472/2472 2471/2471
f 2552/2552 2553/2553 2471/2471
f 2554/2554 2473/2473 2472/2472
f 2553/2553 2554/2554 2472/2472
f 2555/2555 2474/2474 2473/2473
f 2554/2554 2555/2555 2473/2473
f 2556/2556 2475/2475 2474/2474
f 2555/2555 2556/2556 2474/2474
f 2557/2557 2476/2476 2475/2475
f 2556/2556 2557/2557 2475/2475
f 2558/2558 2477/2477 2476/2476
f 2557/2557 2558/2558 2476/2476
f 2559/2559 2478/2478 2477/2477
f 2558/2558 2559/2559 2477/2477
f 2560/2560 2479/2479 2478/2478
f 2559/2559 2560/2560 2478/2478
f 2561/2561 2480/2480 2479/2479
f 2560/2560 2561/2561 2479/2479
f 2562/2562 2481/2481 2480/2480
f 2561/2561 2562/2562 2480/2480
f 2563/2563 2482/2482 2481/2481
f 2562/2562 2563/2563 2481/2481
f 2564/2564 2483/2483 2482/2482
f 2563/2563 2564/2564 2482/2482
f 2565/2565 2484/2484 2483/2483
f 2564/2564 2565/2565 2483/2483
f 2566/2566 2485/2485 2484/2484
f 2565/2565 2566/2566 2484/2484
f 2567/2567 2486/2486 2485/2485
f 2566/2566 2567/2567 2485/2485
f 2568/2568 2487/2487 2486/2486
f 2567/2567 2568/2568 2486/2486
f 2569/2569 2488/2488 2487/2487
f 2568/2568 2569/2569 2487/2487
f 2570/2570 2489/2489 2488/2488
f 2569/2569 2570/2570 2488/2488
f 2571/2571 2490/2490 2489/2489
f 2570/2570 2571/2571 2489/2489
f 2572/2572 2491/2491 2490/2490
f 2571/2571 2572/2572 2490/2490
f 2573/2573 2492/2492 2491/2491
f 2572/2572 2573/2573 2491/2491
f 2574/2574 2493/2493 2492/2492
f 2573/2573 2574/2574 2492/2492
f 2575/2575 2494/2494 2493/2493
f 2574/2574 2575/2575 2493/2493
f 2576/2576 2495/2495 2494/2494
f 2575/2575 2576/2576 2494/2494
f 2577/2577 2496/2496 2495/2495
f 2576/2576 2577/2577 2495/2495
f 2578/2578 2497/2497 2496/2496
f 2577/2577 2578/2578 2496/2496
f 2579/2579 2498/2498 2497/2497
f 2578/2578 2579/2579 2497/2497
f 2580/2580 2499/2499 2498/2498
f 2579/2579 2580/2580 2498/2498
f 2581/2581 2500/2500 2499/2499
f 2580/2580 2581/2581 2499/2499
f 2582/2582 2501/2501 2500/2500
f 2581/2581 2582/2582 2500/2500
f 2583/2583 2502/2502 2501/2501
f 2582/2582 2583/2583 2501/2501
f 2584/2584 2503/2503 2502/2502
f 2583/2583 2584/2584 2502/2502
f 2585/2585 2504/2504 2503/2503
f 2584/2584 2585/2585 2503/2503
f 2586/2586 2505/2505 2504/2504
f 2585/2585 2586/2586 2504/2504
f 2587/2587 2506/2506 2505/2505
f 2586/2586 2587/2587 2505/2505
f 2588/2588 2507/2507 2506/2506
f 2587/2587 2588/2588 2506/2506
f 2589/2589 2508/2508 2507/2507
f 2588/2588 2589/2589 2507/2507
f 2590/2590 2509/2509 2508/2508
f 2589/2589 2590/2590 2508/2508
f 2591/2591 2510/2510 2509/2509
f 2590/2590 2591/2591 2509/2509
f 2592/2592 2511/2511 2510/2510
f 2591/2591 2592/2592 2510/2510
f 2594/2594 2513/2513 2512/2512
f 2593/2593 2594/2594 2512/2512
f 2595/2595 2514/2514 2513/2513
f 2594/2594 2595/2595 2513/2513
f 2596/2596 2515/2515 2514/2514
f 2595/2595 2596/2596 2514/2514
f 2597/2597 2516/2516 2515/2515
f 2596/2596 2597/2597 2515/2515
f 2598/2598 2517/2517 2516/2516
f 2597/2597 2598/2598 2516/2516
f 2599/2599 2518/2518 2517/2517
f 2598/2598 2599/2599 2517/2517
f 2600/2600 2519/2519 2518/2518
f 2599/2599 2600/2600 2518/2518
f 2601/2601 2520/2520 2519/2519
f 2600/2600 2601/2601 2519/2519
f 2602/2602 2521/2521 2520/2520
f 2601/2601 2602/2602 2520/2520
f 2603/2603 2522/2522 2521/2521
f 2602/2602 2603/2603 2521/2521
f 2604/2604 2523/2523 2522/2522
f 2603/2603 2604/2604 2522/2522
f 2605/2605 2524/2524 2523/2523
f 2604/2604 2605/2605 2523/2523
f 2606/2606 2525/2525 2524/2524
f 2605/2605 2606/2606 2524/2524
f 2607/2607 2526/2526 2525/2525
f 2606/2606 2607/2607 2525/2525
f 2608/2608 2527/2527 2526/2526
f 2607/2607 2608/2608 2526/2526
f 2609/2609 2528/2528 2527/2527
f 2608/2608 2609/2609 2527/2527
f 2610/2610 2529/2529 2528/2528
f 2609/2609 2610/2610 2528/2528
f 2611/2611 2530/2530 2529/2529
f 2610/2610 2611/2611 2529/2529
f 2612/2612 2531/2531 2530/2530
f 2611/2611 2612/2612 2530/2530
f 2613/2613 2532/2532 2531/2531
f 2612/2612 2613/2613 2531/2531
f 2614/2614 2533/2533 2532/2532
f 2613/2613 2614/2614 2532/2532
f 2615/2615 2534/2534 2533/2533
f 2614/2614 2615/2615 2533/2533
f 2616/2616 2535/2535 2534/2534
f 2615/2615 2616/2616 2534/2534
f 2617/2617 2536/2536 2535/2535
f 2616/2616 2617/2617 2535/2535
f 2618/2618 2537/2537 2536/2536
f 2617/2617 2618/2618 2536/2536
f 2619/2619 2538/2538 2537/2537
f 2618/2618 2619/2619 2537/2537
f 2620/2620 2539/2539 2538/2538
f 2619/2619 2620/2620 2538/2538
f 2621/2621 2540/2540 2539/2539
f 2620/2620 2621/2621 2539/2539
f 2622/2622 2541/2541 2540/2540
f 2621/2621 2622/2622 2540/2540
f 2623/2623 2542/2542 2541/2541
f 2622/2622 2623/2623 2541/2541
f 2624/2624 2543/2543 2542/2542
f 2623/2623 2624/2624 2542/2542
f 2625/2625 2544/2544 2543/2543
f 2624/2624 2625/2625 2543/2543
f 2626/2626 2545/2545 2544/2544
f 2625/2625 2626/2626 2544/2544
f 2627/2627 2546/2546 2545/2545
f 2626/2626 2627/2627 2545/2545
f 2628/2628 2547/2547 2546/2546
f 2627/2627 2628/2628 2546/2546
f 2629/2629 2548/2548 2547/2547
f 2628/2628 2629/2629 2547/2547
f 2630/2630 2549/2549 2548/2548
f 2629/2629 2630/2630 2548/2548
f 2631/2631 2550/2550 2549/2549
f 2630/2630 2631/2631 2549/2549
f 2632/2632 2551/2551 2550/2550
f 2631/2631 2632/2632 2550/2550
f 2633/2633 2552/2552 2551/2551
f 2632/2632 2633/2633 2551/2551
f 2634/2634 2553/2553 2552/2552
f 2633/2633 2634/2634 2552/2552
f 2635/2635 2554/2554 2553/2553
f 2634/2634 2635/2635 2553/2553
f 2636/2636 2555/2555 2554/2554
f 2635/2635 2636/2636 2554/2554
f 2637/2637 2556/2556 2555/2555
f 2636/2636 2637/2637 2555/2555
f 2638/2638 2557/2557 2556/2556
f 2637/2637 2638/2638 2556/2556
f 2639/2639 2558/2558 2557/2557
f 2638/2638 2639/2639 2557/2557
f 2640/2640 2559/2559 2558/2558
f 2639/2639 2640/2640 2558/2558
f 2641/2641 2560/2560 2559/2559
f 2640/2640 2641/2641 2559/2559
f 2642/2642 2561/2561 2560/2560
f 2641/2641 2642/2642 2560/2560
f 2643/2643 2562/2562 2561/2561
f 2642/2642 2643/2643 2561/2561
f 2644/2644 2563/2563 2562/2562
f 2643/2643 2644/2644 2562/2562
f 2645/2645 2564/2564 2563/2563
f 2644/2644 2645/2645 2563/2563
f 2646/2646 2565/2565 2564/2564
f 2645/2645 2646/2646 2564/2564
f 2647/2647 2566/2566 2565/2565
f 2646/2646 2647/2647 2565/2565
f 2648/2648 2567/2567 2566/2566
f 2647/2647 2648/2648 2566/2566
f 2649/2649 2568/2568 2567/2567
f 2648/2648 2649/2649 2567/2567
f 2650/2650 2569/2569 2568/2568
f 2649/2649 2650/2650 2568/2568
f 2651/2651 2570/2570 2569/2569
f 2650/2650 2651/2651 2569/2569
f 2652/2652 2571/2571 2570/2570
f 2651/2651 2652/2652 2570/2570
f 2653/2653 2572/2572 2571/2571
f 2652/2652 2653/2653 2571/2571
f 2654/2654 2573/2573 2572/2572
f 2653/2653 2654/2654 2572/2572
f 2655/2655 2574/2574 2573/2573
f 2654/2654 2655/2655 2573/2573
f 2656/2656 2575/2575 2574/2574
f 2655/2655 2656/2656 2574/2574
f 2657/2657 2576/2576 2575/2575
f 2656/2656 2657/2657 2575/2575
f 2658/2658 2577/2577 2576/2576
f 2657/2657 2658/2658 2576/2576
f 2659/2659 2578/2578 2577/2577
f 2658/2658 2659/2659 2577/2577
f 2660/2660 2579/2579 2578/2578
f 2659/2659 2660/2660 2578/2578
f 2661/2661 2580/2580 2579/2579
f 2660/2660 2661/2661 2579/2579
f 2662/2662 2581/2581 2580/2580
f 2661/2661 2662/2662 2580/2580
f 2663/2663 2582/2582 2581/2581
f 2662/2662 2663/2663 2581/2581
f 2664/2664 2583/2583 2582/2582
f 2663/2663 2664/2664 2582/2582
f 2665/2665 2584/2584 2583/2583
f 2664/2664 2665/2665 2583/2583
f 2666/2666 2585/2585 2584/2584
f 2665/2665 2666/2666 2584/2584
f 2667/2667 2586/2586 2585/2585
f 2666/2666 2667/2667 2585/2585
f 2668/2668 2587/2587 2586/2586
f 2667/2667 2668/2668 2586/2586
f 2669/2669 2588/2588 2587/2587
f 2668/2668 2669/2669 2587/2587
f 2670/2670 2589/2589 2588/2588
f 2669/2669 2670/2670 2588/2588
f 2671/2671 2590/2590 2589/2589
f 2670/2670 2671/2671 2589/2589
f 2672/2672 2591/2591 2590/2590
f 2671/2671 2672/2672 2590/2590
f 2673/2673 2592/2592 2591/2591
f 2672/2672 2673/2673 2591/2591
f 2675/2675 2594/2594 2593/2593
f 2674/2674 2675/2675 2593/2593
f 2676/2676 2595/2595 2594/2594
f 2675/2675 2676/2676 2594/2594
f 2677/2677 2596/2596 2595/2595
f 2676/2676 2677/2677 2595/2595
f 2678/2678 2597/2597 2596/2596
f 2677/2677 2678/2678 2596/2596
f 2679/2679 2598/2598 2597/2597
f 2678/2678 2679/2679 2597/2597
f 2680/2680 2599/2599 2598/2598
f 2679/2679 2680/2680 2598/2598
f 2681/2681 2600/2600 2599/2599
f 2680/2680 2681/2681 2599/2599
f 2682/2682 2601/2601 2600/2600
f 2681/2681 2682/2682 2600/2600
f 2683/2683 2602/2602 2601/2601
f 2682/2682 2683/2683 2601/2601
f 2684/2684 2603/2603 2602/2602
f 2683/2683 2684/2684 2602/2602
f 2685/2685 2604/2604 2603/2603
f 2684/2684 2685/2685 2603/2603
f 2686/2686 2605/2605 2604/2604
f 2685/2685 2686/2686 2604/2604
f 2687/2687 2606/2606 2605/2605
f 2686/2686 2687/2687 2605/2605
f 2688/2688 2607/2607 2606/2606
f 2687/2687 2688/2688 2606/2606
f 2689/2689 2608/2608 2607/2607
f 2688/2688 2689/2689 2607/2607
f 2690/2690 2609/2609 2608/2608
f 2689/2689 2690/2690 2608/2608
f 2691/2691 2610/2610 2609/2609
f 2690/2690 2691/2691 2609/2609
f 2692/2692 2611/2611 2610/2610
f 2691/2691 2692/2692 2610/2610
f 2693/2693 2612/2612 2611/2611
f 2692/2692 2693/2693 2611/2611
f 2694/2694 2613/2613 2612/2612
f 2693/2693 2694/2694 2612/2612
f 2695/2695 2614/2614 2613/2613
f 2694/2694 2695/2695 2613/2613
f 2696/2696 2615/2615 2614/2614
f 2695/2695 2696/2696 2614/2614
f 2697/2697 2616/2616 2615/2615
f 2696/2696 2697/2697 2615/2615
f 2698/2698 2617/2617 2616/2616
f 2697/2697 2698/2698 2616/2616
f 2699/2699 2618/2618 2617/2617
f 2698/2698 2699/2699 2617/2617
f 2700/2700 2619/2619 2618/2618
f 2699/2699 2700/2700 2618/2618
f 2701/2701 2620/2620 2619/2619
f 2700/2700 2701/2701 2619/2619
f 2702/2702 2621/2621 2620/2620
f 2701/2701 2702/2702 2620/2620
f 2703/2703 2622/2622 2621/2621
f 2702/2702 2703/2703 2621/2621
f 2704/2704 2623/2623 2622/2622
f 2703/2703 2704/2704 2622/2622
f 2705/2705 2624/2624 2623/2623
f 2704/2704 2705/2705 2623/2623
f 2706/2706 2625/2625 2624/2624
f 2705/2705 2706/2706 2624/2624
f 2707/2707 2626/2626 2625/2625
f 2706/2706 2707/2707 2625/2625
f 2708/2708 2627/2627 2626/2626
f 2707/2707 2708/2708 2626/2626
f 2709/2709 2628/2628 2627/2627
f 2708/2708 2709/2709 2627/2627
f 2710/2710 2629/2629 2628/2628
f 2709/2709 2710/2710 2628/2628
f 2711/2711 2630/2630 2629/2629
f 2710/2710 2711/2711 2629/2629
f 2712/2712 2631/2631 2630/2630
f 2711/2711 2712/2712 2630/2630
f 2713/2713 2632/2632 2631/2631
f 2712/2712 2713/2713 2631/2631
f 2714/2714 2633/2633 2632/2632
f 2713/2713 2714/2714 2632/2632
f 2715/2715 2634/2634 2633/2633
f 2714/2714 2715/2715 2633/2633
f 2716/2716 2635/2635 2634/2634
f 2715/2715 2716/2716 2634/2634
f 2717/2717 2636/2636 2635/2635
f 2716/2716 2717/2717 2635/2635
f 2718/2718 2637/2637 2636/2636
f 2717/2717 2718/2718 2636/2636
f 2719/2719 2638/2638 2637/2637
f 2718/2718 2719/2719 2637/2637
f 2720/2720 2639/2639 2638/2638
f 2719/2719 2720/2720 2638/2638
f 2721/2721 2640/2640 2639/2639
f 2720/2720 2721/2721 2639/2639
f 2722/2722 2641/2641 2640/2640
f 2721/2721 2722/2722 2640/2640
f 2723/2723 2642/2642 2641/2641
f 2722/2722 2723/2723 2641/2641
f 2724/2724 2643/2643 2642/2642
f 2723/2723 2724/2724 2642/2642
f 2725/2725 2644/2644 2643/2643
f 2724/2724 2725/2725 2643/2643
f 2726/2726 2645/2645 2644/2644
f 2725/2725 2726/2726 2644/2644
f 2727/2727 2646/2646 2645/2645
f 2726/2726 2727/2727 2645/2645
f 2728/2728 2647/2647 2646/2646
f 2727/2727 2728/2728 2646/2646
f 2729/2729 2648/2648 2647/2647
f 2728/2728 2729/2729 2647/2647
f 2730/2730 2649/2649 2648/2648
f 2729/2729 2730/2730 2648/2648
f 2731/2731 2650/2650 2649/2649
f 2730/2730 2731/2731 2649/2649
f 2732/2732 2651/2651 2650/2650
f 2731/2731 2732/2732 2650/2650
f 2733/2733 2652/2652 2651/2651
f 2732/2732 2733/2733 2651/2651
f 2734/2734 2653/2653 2652/2652
f 2733/2733 2734/2734 2652/2652
f 2735/2735 2654/2654 2653/2653
f 2734/2734 2735/2735 2653/2653
f 2736/2736 2655/2655 2654/2654
f 2735/2735 2736/2736 2654/2654
f 2737/2737 2656/2656 2655/2655
f 2736/2736 2737/2737 2655/2655
f 2738/2738 2657/2657 2656/2656
f 2737/2737 2738/2738 2656/2656
f 2739/2739 2658/2658 2657/2657
f 2738/2738 2739/2739 2657/2657
f 2740/2740 2659/2659 2658/2658
f 2739/2739 2740/2740 2658/2658
f 2741/2741 2660/2660 2659/2659
f 2740/2740 2741/2741 2659/2659
f 2742/2742 2661/2661 2660/2660
f 2741/2741 2742/2742 2660/2660
f 2743/2743 2662/2662 2661/2661
f 2742/2742 2743/2743 2661/2661
f 2744/2744 2663/2663 2662/2662
f 2743/2743 2744/2744 2662/2662
f 2745/2745 2664/2664 2663/2663
f 2744/2744 2745/2745 2663/2663
f 2746/2746 2665/2665 2664/2664
f 2745/2745 2746/2746 2664/2664
f 2747/2747 2666/2666 2665/2665
f 2746/2746 2747/2747 2665/2665
f 2748/2748 2667/2667 2666/2666
f 2747/2747 2748/2748 2666/2666
f 2749/2749 2668/2668 2667/2667
f 2748/2748 2749/2749 2667/2667
f 2750/2750 2669/2669 2668/2668
f 2749/2749 2750/2750 2668/2668
f 2751/2751 2670/2670 2669/2669
f 2750/2750 2751/2751 2669/2669
f 2752/2752 2671/2671 2670/2670
f 2751/2751 2752/2752 2670/2670
f 2753/2753 2672/2672 2671/2671
f 2752/2752 2753/2753 2671/2671
f 2754/2754 2673/2673 2672/2672
f 2753/2753 2754/2754 2672/2672
f 2756/2756 2675/2675 2674/2674
f 2755/2755 2756/2756 2674/2674
f 2757/2757 2676/2676 2675/2675
f 2756/2756 2757/2757 2675/2675
f 2758/2758 2677/2677 2676/2676
f 2757/2757 2758/2758 2676/2676
f 2759/2759 2678/2678 2677/2677
f 2758/2758 2759/2759 2677/2677
f 2760/2760 2679/2679 2678/2678
f 2759/2759 2760/2760 2678/2678
f 2761/2761 2680/2680 2679/2679
f 2760/2760 2761/2761 2679/2679
f 2762/2762 2681/2681 2680/2680
f 2761/2761 2762/2762 2680/2680
f 2763/2763 2682/2682 2681/2681
f 2762/2762 2763/2763 2681/2681
f 2764/2764 2683/2683 2682/2682
f 2763/2763 2764/2764 2682/2682
f 2765/2765 2684/2684 2683/2683
f 2764/2764 2765/2765 2683/2683
f 2766/2766 2685/2685 2684/2684
f 2765/2765 2766/2766 2684/2684
f 2767/2767 2686/2686 2685/2685
f 2766/2766 2767/2767 2685/2685
f 2768/2768 2687/2687 2686/2686
f 2767/2767 2768/2768 2686/2686
f 2769/2769 2688/2688 2687/2687
f 2768/2768 2769/2769 2687/2687
f 2770/2770 2689/2689 2688/2688
f 2769/2769 2770/2770 2688/2688
f 2771/2771 2690/2690 2689/2689
f 2770/2770 2771/2771 2689/2689
f 2772/2772 2691/2691 2690/2690
f 2771/2771 2772/2772 2690/2690
f 2773/2773 2692/2692 2691/2691
f 2772/2772 2773/2773 2691/2691
f 2774/2774 2693/2693 2692/2692
f 2773/2773 2774/2774 2692/2692
f 2775/2775 2694/2694 2693/2693
f 2774/2774 2775/2775 2693/2693
f 2776/2776 2695/2695 2694/2694
f 2775/2775 2776/2776 2694/2694
f 2777/2777 2696/2696 2695/2695
f 2776/2776 2777/2777 2695/2695
f 2778/2778 2697/2697 2696/2696
f 2777/2777 2778/2778 2696/2696
f 2779/2779 2698/2698 2697/2697
f 2778/2778 2779/2779 2697/2697
f 2780/2780 2699/2699 2698/2698
f 2779/2779 2780/2780 2698/2698
f 2781/2781 2700/2700 2699/2699
f 2780/2780 2781/2781 2699/2699
f 2782/2782 2701/2701 2700/2700
f 2781/2781 2782/2782 2700/2700
f 2783/2783 2702/2702 2701/2701
f 2782/2782 2783/2783 2701/2701
f 2784/2784 2703/2703 2702/2702
f 2783/2783 2784/2784 2702/2702
f 2785/2785 2704/2704 2703/2703
f 2784/2784 2785/2785 2703/2703
f 2786/2786 2705/2705 2704/2704
f 2785/2785 2786/2786 2704/2704
f 2787/2787 2706/2706 2705/2705
f 2786/2786 2787/2787 2705/2705
f 2788/2788 2707/2707 2706/2706
f 2787/2787 2788/2788 2706/2706
f 2789/2789 2708/2708 2707/2707
f 2788/2788 2789/2789 2707/2707
f 2790/2790 2709/2709 2708/2708
f 2789/2789 2790/2790 2708/2708
f 2791/2791 2710/2710 2709/2709
f 2790/2790 2791/2791 2709/2709
f 2792/2792 2711/2711 2710/2710
f 2791/2791 2792/2792 2710/2710
f 2793/2793 2712/2712 2711/2711
f 2792/2792 2793/2793 2711/2711
f 2794/2794 2713/2713 2712/2712
f 2793/2793 2794/2794 2712/2712
f 2795/2795 2714/2714 2713/2713
f 2794/2794 2795/2795 2713/2713
f 2796/2796 2715/2715 2714/2714
f 2795/2795 2796/2796 2714/2714
f 2797/2797 2716/2716 2715/2715
f 2796/2796 2797/2797 2715/2715
f 2798/2798 2717/2717 2716/2716
f 2797/2797 2798/2798 2716/2716
f 2799/2799 2718/2718 2717/2717
f 2798/2798 2799/2799 2717/2717
f 2800/2800 2719/2719 2718/2718
f 2799/2799 2800/2800 2718/2718
f 2801/2801 2720/2720 2719/2719
f 2800/2800 2801/2801 2719/2719
f 2802/2802 2721/2721 2720/2720
f 2801/2801 2802/2802 2720/2720
f 2803/2803 2722/2722 2721/2721
f 2802/2802 2803/2803 2721/2721
f 2804/2804 2723/2723 2722/2722
f 2803/2803 2804/2804 2722/2722
f 2805/2805 2724/2724 2723/2723
f 2804/2804 2805/2805 2723/2723
f 2806/2806 2725/2725 2724/2724
f 2805/2805 2806/2806 2724/2724
f 2807/2807 2726/2726 2725/2725
f 2806/2806 2807/2807 2725/2725
f 2808/2808 2727/2727 2726/2726
f 2807/2807 2808/2808 2726/2726
f 2809/2809 2728/2728 2727/2727
f 2808/2808 2809/2809 2727/2727
f 2810/2810 2729/2729 2728/2728
f 2809/2809 2810/2810 2728/2728
f 2811/2811 2730/2730 2729/2729
f 2810/2810 2811/2811 2729/2729
f 2812/2812 2731/2731 2730/2730
f 2811/2811 2812/2812 2730/2730
f 2813/2813 2732/2732 2731/2731
f 2812/2812 2813/2813 2731/2731
f 2814/2814 2733/2733 2732/2732
f 2813/2813 2814/2814 2732/2732
f 2815/2815 2734/2734 2733/2733
f 2814/2814 2815/2815 2733/2733
f 2816/2816 2735/2735 2734/2734
f 2815/2815 2816/2816 2734/2734
f 2817/2817 2736/2736 2735/2735
f 2816/2816 2817/2817 2735/2735
f 2818/2818 2737/2737 2736/2736
f 2817/2817 2818/2818 2736/2736
f 2819/2819 2738/2738 2737/2737
f 2818/2818 2819/2819 2737/2737
f 2820/2820 2739/2739 2738/2738
f 2819/2819 2820/2820 2738/2738
f 2821/2821 2740/2740 2739/2739
f 2820/2820 2821/2821 2739/2739
f 2822/2822 2741/2741 2740/2740
f 2821/2821 2822/2822 2740/2740
f 2823/2823 2742/2742 2741/2741
f 2822/2822 2823/2823 2741/2741
f 2824/2824 2743/2743 2742/2742
f 2823/2823 2824/2824 2742/2742
f 2825/2825 2744/2744 2743/2743
f 2824/2824 2825/2825 2743/2743
f 2826/2826 2745/2745 2744/2744
f 2825/2825 2826/2826 2744/2744
f 2827/2827 2746/2746 2745/2745
f 2826/2826 2827/2827 2745/2745
f 2828/2828 2747/2747 2746/2746
f 2827/2827 2828/2828 2746/2746
f 2829/2829 2748/2748 2747/2747
f 2828/2828 2829/2829 2747/2747
f 2830/2830 2749/2749 2748/2748
f 2829/2829 2830/2830 2748/2748
f 2831/2831 2750/2750 2749/2749
f 2830/2830 2831/2831 2749/2749
f 2832/2832 2751/2751 2750/2750
f 2831/2831 2832/2832 2750/2750
f 2833/2833 2752/2752 2751/2751
f 2832/2832 2833/2833 2751/2751
f 2834/2834 2753/2753 2752/2752
f 2833/2833 2834/2834 2752/2752
f 2835/2835 2754/2754 2753/2753
f 2834/2834 2835/2835 2753/2753
f 2837/2837 2756/2756 2755/2755
f 2836/2836 2837/2837 2755/2755
f 2838/2838 2757/2757 2756/2756
f 2837/2837 2838/2838 2756/2756
f 2839/2839 2758/2758 2757/2757
f 2838/2838 2839/2839 2757/2757
f 2840/2840 2759/2759 2758/2758
f 2839/2839 2840/2840 2758/2758
f 2841/2841 2760/2760 2759/2759
f 2840/2840 2841/2841 2759/2759
f 2842/2842 2761/2761 2760/2760
f 2841/2841 2842/2842 2760/2760
f 2843/2843 2762/2762 2761/2761
f 2842/2842 2843/2843 2761/2761
f 2844/2844 2763/2763 2762/2762
f 2843/2843 2844/2844 2762/2762
f 2845/2845 2764/2764 2763/2763
f 2844/2844 2845/2845 2763/2763
f 2846/2846 2765/2765 2764/2764
f 2845/2845 2846/2846 2764/2764
f 2847/2847 2766/2766 2765/2765
f 2846/2846 2847/2847 2765/2765
f 2848/2848 2767/2767 2766/2766
f 2847/2847 2848/2848 2766/2766
f 2849/2849 2768/2768 2767/2767
f 2848/2848 2849/2849 2767/2767
f 2850/2850 2769/2769 2768/2768
f 2849/2849 2850/2850 2768/2768
f 2851/2851 2770/2770 2769/2769
f 2850/2850 2851/2851 2769/2769
f 2852/2852 2771/2771 2770/2770
f 2851/2851 2852/2852 2770/2770
f 2853/2853 2772/2772 2771/2771
f 2852/2852 2853/2853 2771/2771
f 2854/2854 2773/2773 2772/2772
f 2853/2853 2854/2854 2772/2772
f 2855/2855 2774/2774 2773/2773
f 2854/2854 2855/2855 2773/2773
f 2856/2856 2775/2775 2774/2774
f 2855/2855 2856/2856 2774/2774
f 2857/2857 2776/2776 2775/2775
f 2856/2856 2857/2857 2775/2775
f 2858/2858 2777/2777 2776/2776
f 2857/2857 2858/2858 2776/2776
f 2859/2859 2778/2778 2777/2777
f 2858/2858 2859/2859 2777/2777
f 2860/2860 2779/2779 2778/2778
f 2859/2859 2860/2860 2778/2778
f 2861/2861 2780/2780 2779/2779
f 2860/2860 2861/2861 2779/2779
f 2862/2862 2781/2781 2780/2780
f 2861/2861 2862/2862 2780/2780
f 2863/2863 2782/2782 2781/2781
f 2862/2862 2863/2863 2781/2781
f 2864/2864 2783/2783 2782/2782
f 2863/2863 2864/2864 2782/2782
f 2865/2865 2784/2784 2783/2783
f 2864/2864 2865/2865 2783/2783
f 2866/2866 2785/2785 2784/2784
f 2865/2865 2866/2866 2784/2784
f 2867/2867 2786/2786 2785/2785
f 2866/2866 2867/2867 2785/2785
f 2868/2868 2787/2787 2786/2786
f 2867/2867 2868/2868 2786/2786
f 2869/2869 2788/2788 2787/2787
f 2868/2868 2869/2869 2787/2787
f 2870/2870 2789/2789 2788/2788
f 2869/2869 2870/2870 2788/2788
f 2871/2871 2790/2790 2789/2789
f 2870/2870 2871/2871 2789/2789
f 2872/2872 2791/2791 2790/2790
f 2871/2871 2872/2872 2790/2790
f 2873/2873 2792/2792 2791/2791
f 2872/2872 2873/2873 2791/2791
f 2874/2874 2793/2793 2792/2792
f 2873/2873 2874/2874 2792/2792
f 2875/2875 2794/2794 2793/2793
f 2874/2874 2875/2875 2793/2793
f 2876/2876 2795/2795 2794/2794
f 2875/2875 2876/2876 2794/2794
f 2877/2877 2796/2796 2795/2795
f 2876/2876 2877/2877 2795/2795
f 2878/2878 2797/2797 2796/2796
f 2877/2877 2878/2878 2796/2796
f 2879/2879 2798/2798 2797/2797
f 2878/2878 2879/2879 2797/2797
f 2880/2880 2799/2799 2798/2798
f 2879/2879 2880/2880 2798/2798
f 2881/2881 2800/2800 2799/2799
f 2880/2880 2881/2881 2799/2799
f 2882/2882 2801/2801 2800/2800
f 2881/2881 2882/2882 2800/2800
f 2883/2883 2802/2802 2801/2801
f 2882/2882 2883/2883 2801/2801
f 2884/2884 2803/2803 2802/2802
f 2883/2883 2884/2884 2802/2802
f 2885/2885 2804/2804 2803/2803
f 2884/2884 2885/2885 2803/2803
f 2886/2886 2805/2805 2804/2804
f 2885/2885 2886/2886 2804/2804
f 2887/2887 2806/2806 2805/2805
f 2886/2886 2887/2887 2805/2805
f 2888/2888 2807/2807 2806/2806
f 2887/2887 2888/2888 2806/2806
f 2889/2889 2808/2808 2807/2807
f 2888/2888 2889/2889 2807/2807
f 2890/2890 2809/2809 2808/2808
f 2889/2889 2890/2890 2808/2808
f 2891/2891 2810/2810 2809/2809
f 2890/2890 2891/2891 2809/2809
f 2892/2892 2811/2811 2810/2810
f 2891/2891 2892/2892 2810/2810
f 2893/2893 2812/2812 2811/2811
f 2892/2892 2893/2893 2811/2811
f 2894/2894 2813/2813 2812/2812
f 2893/2893 2894/2894 2812/2812
f 2895/2895 2814/2814 2813/2813
f 2894/2894 2895/2895 2813/2813
f 2896/2896 2815/2815 2814/2814
f 2895/2895 2896/2896 2814/2814
f 2897/2897 2816/2816 2815/2815
f 2896/2896 2897/2897 2815/2815
f 2898/2898 2817/2817 2816/2816
f 2897/2897 2898/2898 2816/2816
f 2899/2899 2818/2818 2817/2817
f 2898/2898 2899/2899 2817/2817
f 2900/2900 2819/2819 2818/2818
f 2899/2899 2900/2900 2818/2818
f 2901/2901 2820/2820 2819/2819
f 2900/2900 2901/2901 2819/2819
f 2902/2902 2821/2821 2820/2820
f 2901/2901 2902/2902 2820/2820
f 2903/2903 2822/2822 2821/2821
f 2902/2902 2903/2903 2821/2821
f 2904/2904 2823/2823 2822/2822
f 2903/2903 2904/2904 2822/2822
f 2905/2905 2824/2824 2823/2823
f 2904/2904 2905/2905 2823/2823
f 2906/2906 2825/2825 2824/2824
f 2905/2905 2906/2906 2824/2824
f 2907/2907 2826/2826 2825/2825
f 2906/2906 2907/2907 2825/2825
f 2908/2908 2827/2827 2826/2826
f 2907/2907 2908/2908 2826/2826
f 2909/2909 2828/2828 2827/2827
f 2908/2908 2909/2909 2827/2827
f 2910/2910 2829/2829 2828/2828
f 2909/2909 2910/2910 2828/2828
f 2911/2911 2830/2830 2829/2829
f 2910/2910 2911/2911 2829/2829
f 2912/2912 2831/2831 2830/2830
f 2911/2911 2912/2912 2830/2830
f 2913/2913 2832/2832 2831/2831
f 2912/2912 2913/2913 2831/2831
f 2914/2914 2833/2833 2832/2832
f 2913/2913 2914/2914 2832/2832
f 2915/2915 2834/2834 2833/2833
f 2914/2914 2915/2915 2833/2833
f 2916/2916 2835/2835 2834/2834
f 2915/2915 2916/2916 2834/2834
f 2918/2918 2837/2837 2836/2836
f 2917/2917 2918/2918 2836/2836
f 2919/2919 2838/2838 2837/2837
f 2918/2918 2919/2919 2837/2837
f 2920/2920 2839/2839 2838/2838
f 2919/2919 2920/2920 2838/2838
f 2921/2921 2840/2840 2839/2839
f 2920/2920 2921/2921 2839/2839
f 2922/2922 2841/2841 2840/2840
f 2921/2921 2922/2922 2840/2840
f 2923/2923 2842/2842 2841/2841
f 2922/2922 2923/2923 2841/2841
f 2924/2924 2843/2843 2842/2842
f 2923/2923 2924/2924 2842/2842
f 2925/2925 2844/2844 2843/2843
f 2924/2924 2925/2925 2843/2843
f 2926/2926 2845/2845 2844/2844
f 2925/2925 2926/2926 2844/2844
f 2927/2927 2846/2846 2845/2845
f 2926/2926 2927/2927 2845/2845
f 2928/2928 2847/2847 2846/2846
f 2927/2927 2928/2928 2846/2846
f 2929/2929 2848/2848 2847/2847
f 2928/2928 2929/2929 2847/2847
f 2930/2930 2849/2849 2848/2848
f 2929/2929 2930/2930 2848/2848
f 2931/2931 2850/2850 2849/2849
f 2930/2930 2931/2931 2849/2849
f 2932/2932 2851/2851 2850/2850
f 2931/2931 2932/2932 2850/2850
f 2933/2933 2852/2852 2851/2851
f 2932/2932 2933/2933 2851/2851
f 2934/2934 2853/2853 2852/2852
f 2933/2933 2934/2934 2852/2852
f 2935/2935 2854/2854 2853/2853
f 2934/2934 2935/2935 2853/2853
f 2936/2936 2855/2855 2854/2854
f 2935/2935 2936/2936 2854/2854
f 2937/2937 2856/2856 2855/2855
f 2936/2936 2937/2937 2855/2855
f 2938/2938 2857/2857 2856/2856
f 2937/2937 2938/2938 2856/2856
f 2939/2939 2858/2858 2857/2857
f 2938/2938 2939/2939 2857/2857
f 2940/2940 2859/2859 2858/2858
f 2939/2939 2940/2940 2858/2858
f 2941/2941 2860/2860 2859/2859
f 2940/2940 2941/2941 2859/2859
f 2942/2942 2861/2861 2860/2860
f 2941/2941 2942/2942 2860/2860
f 2943/2943 2862/2862 2861/2861
f 2942/2942 2943/2943 2861/2861
f 2944/2944 2863/2863 2862/2862
f 2943/2943 2944/2944 2862/2862
f 2945/2945 2864/2864 2863/2863
f 2944/2944 2945/2945 2863/2863
f 2946/2946 2865/2865 2864/2864
f 2945/2945 2946/2946 2864/2864
f 2947/2947 2866/2866 2865/2865
f 2946/2946 2947/2947 2865/2865
f 2948/2948 2867/2867 2866/2866
f 2947/2947 2948/2948 2866/2866
f 2949/2949 2868/2868 2867/2867
f 2948/2948 2949/2949 2867/2867
f 2950/2950 2869/2869 2868/2868
f 2949/2949 2950/2950 2868/2868
f 2951/2951 2870/2870 2869/2869
f 2950/2950 2951/2951 2869/2869
f 2952/2952 2871/2871 2870/2870
f 2951/2951 2952/2952 2870/2870
f 2953/2953 2872/2872 2871/2871
f 2952/2952 2953/2953 2871/2871
f 2954/2954 2873/2873 2872/2872
f 2953/2953 2954/2954 2872/2872
f 2955/2955 2874/2874 2873/2873
f 2954/2954 2955/2955 2873/2873
f 2956/2956 2875/2875 2874/2874
f 2955/2955 2956/2956 2874/2874
f 2957/2957 2876/2876 2875/2875
f 2956/2956 2957/2957 2875/2875
f 2958/2958 2877/2877 2876/2876
f 2957/2957 2958/2958 2876/2876
f 2959/2959 2878/2878 2877/2877
f 2958/2958 2959/2959 2877/2877
f 2960/2960 2879/2879 2878/2878
f 2959/2959 2960/2960 2878/2878
f 2961/2961 2880/2880 2879/2879
f 2960/2960 2961/2961 2879/2879
f 2962/2962 2881/2881 2880/2880
f 2961/2961 2962/2962 2880/2880
f 2963/2963 2882/2882 2881/2881
f 2962/2962 2963/2963 2881/2881
f 2964/2964 2883/2883 2882/2882
f 2963/2963 2964/2964 2882/2882
f 2965/2965 2884/2884 2883/2883
f 2964/2964 2965/2965 2883/2883
f 2966/2966 2885/2885 2884/2884
f 2965/2965 2966/2966 2884/2884
f 2967/2967 2886/2886 2885/2885
f 2966/2966 2967/2967 2885/2885
f 2968/2968 2887/2887 2886/2886
f 2967/2967 2968/2968 2886/2886
f 2969/2969 2888/2888 2887/2887
f 2968/2968 2969/2969 2887/2887
f 2970/2970 2889/2889 2888/2888
f 2969/2969 2970/2970 2888/2888
f 2971/2971 2890/2890 2889/2889
f 2970/2970 2971/2971 2889/2889
f 2972/2972 2891/2891 2890/2890
f 2971/2971 2972/2972 2890/2890
f 2973/2973 2892/2892 2891/2891
f 2972/2972 2973/2973 2891/2891
f 2974/2974 2893/2893 2892/2892
f 2973/2973 2974/2974 2892/2892
f 2975/2975 2894/2894 2893/2893
f 2974/2974 2975/2975 2893/2893
f 2976/2976 2895/2895 2894/2894
f 2975/2975 2976/2976 2894/2894
f 2977/2977 2896/2896 2895/2895
f 2976/2976 2977/2977 2895/2895
f 2978/2978 2897/2897 2896/2896
f 2977/2977 2978/2978 2896/2896
f 2979/2979 2898/2898 2897/2897
f 2978/2978 2979/2979 2897/2897
f 2980/2980 2899/2899 2898/2898
f 2979/2979 2980/2980 2898/2898
f 2981/2981 2900/2900 2899/2899
f 2980/2980 2981/2981 2899/2899
f 2982/2982 2901/2901 2900/2900
f 2981/2981 2982/2982 2900/2900
f 2983/2983 2902/2902 2901/2901
f 2982/2982 2983/2983 2901/2901
f 2984/2984 2903/2903 2902/2902
f 2983/2983 2984/2984 2902/2902
f 2985/2985 2904/2904 2903/2903
f 2984/2984 2985/2985 2903/2903
f 2986/2986 2905/2905 2904/2904
f 2985/2985 2986/2986 2904/2904
f 2987/2987 2906/2906 2905/2905
f 2986/2986 2987/2987 2905/2905
f 2988/2988 2907/2907 2906/2906
f 2987/2987 2988/2988 2906/2906
f 2989/2989 2908/2908 2907/2907
f 2988/2988 2989/2989 2907/2907
f 2990/2990 2909/2909 2908/2908
f 2989/2989 2990/2990 2908/2908
f 2991/2991 2910/2910 2909/2909
f 2990/2990 2991/2991 2909/2909
f 2992/2992 2911/2911 2910/2910
f 2991/2991 2992/2992 2910/2910
f 2993/2993 2912/2912 2911/2911
f 2992/2992 2993/2993 2911/2911
f 2994/2994 2913/2913 2912/2912
f 2993/2993 2994/2994 2912/2912
f 2995/2995 2914/2914 2913/2913
f 2994/2994 2995/2995 2913/2913
f 2996/2996 2915/2915 2914/2914
f 2995/2995 2996/2996 2914/2914
f 2997/2997 2916/2916 2915/2915
f 2996/2996 2997/2997 2915/2915
f 2999/2999 2918/2918 2917/2917
f 2998/2998 2999/2999 2917/2917
f 3000/3000 2919/2919 2918/2918
f 2999/2999 3000/3000 2918/2918
f 3001/3001 2920/2920 2919/2919
f 3000/3000 3001/3001 2919/2919
f 3002/3002 2921/2921 2920/2920
f 3001/3001 3002/3002 2920/2920
f 3003/3003 2922/2922 2921/2921
f 3002/3002 3003/3003 2921/2921
f 3004/3004 2923/2923 2922/2922
f 3003/3003 3004/3004 2922/2922
f 3005/3005 2924/2924 2923/2923
f 3004/3004 3005/3005 2923/2923
f 3006/3006 2925/2925 2924/2924
f 3005/3005 3006/3006 2924/2924
f 3007/3007 2926/2926 2925/2925
f 3006/3006 3007/3007 2925/2925
f 3008/3008 2927/2927 2926/2926
f 3007/3007 3008/3008 2926/2926
f 3009/3009 2928/2928 2927/2927
f 3008/3008 3009/3009 2927/2927
f 3010/3010 2929/2929 2928/2928
f 3009/3009 3010/3010 2928/2928
f 3011/3011 2930/2930 2929/2929
f 3010/3010 3011/3011 2929/2929
f 3012/3012 2931/2931 2930/2930
f 3011/3011 3012/3012 2930/2930
f 3013/3013 2932/2932 2931/2931
f 3012/3012 3013/3013 2931/2931
f 3014/3014 2933/2933 2932/2932
f 3013/3013 3014/3014 2932/2932
f 3015/3015 2934/2934 2933/2933
f 3014/3014 3015/3015 2933/2933
f 3016/3016 2935/2935 2934/2934
f 3015/3015 3016/3016 2934/2934
f 3017/3017 2936/2936 2935/2935
f 3016/3016 3017/3017 2935/2935
f 3018/3018 2937/2937 2936/2936
f 3017/3017 3018/3018 2936/2936
f 3019/3019 2938/2938 2937/2937
f 3018/3018 3019/3019 2937/2937
f 3020/3020 2939/2939 2938/2938
f 3019/3019 3020/3020 2938/2938
f 3021/3021 2940/2940 2939/2939
f 3020/3020 3021/3021 2939/2939
f 3022/3022 2941/2941 2940/2940
f 3021/3021 3022/3022 2940/2940
f 3023/3023 2942/2942 2941/2941
f 3022/3022 3023/3023 2941/2941
f 3024/3024 2943/2943 2942/2942
f 3023/3023 3024/3024 2942/2942
f 3025/3025 2944/2944 2943/2943
f 3024/3024 3025/3025 2943/2943
f 3026/3026 2945/2945 2944/2944
f 3025/3025 3026/3026 2944/2944
f 3027/3027 2946/2946 2945/2945
f 3026/3026 3027/3027 2945/2945
f 3028/3028 2947/2947 2946/2946
f 3027/3027 3028/3028 2946/2946
f 3029/3029 2948/2948 2947/2947
f 3028/3028 3029/3029 2947/2947
f 3030/3030 2949/2949 2948/2948
f 3029/3029 3030/3030 2948/2948
f 3031/3031 2950/2950 2949/2949
f 3030/3030 3031/3031 2949/2949
f 3032/3032 2951/2951 2950/2950
f 3031/3031 3032/3032 2950/2950
f 3033/3033 2952/2952 2951/2951
f 3032/3032 3033/3033 2951/2951
f 3034/3034 2953/2953 2952/2952
f 3033/3033 3034/3034 2952/2952
f 3035/3035 2954/2954 2953/2953
f 3034/3034 3035/3035 2953/2953
f 3036/3036 2955/2955 2954/2954
f 3035/3035 3036/3036 2954/2954
f 3037/3037 2956/2956 2955/2955
f 3036/3036 3037/3037 2955/2955
f 3038/3038 2957/2957 2956/2956
f 3037/3037 3038/3038 2956/2956
f 3039/3039 2958/2958 2957/2957
f 3038/3038 3039/3039 2957/2957
f 3040/3040 2959/2959 2958/2958
f 3039/3039 3040/3040 2958/2958
f 3041/3041 2960/2960 2959/2959
f 3040/3040 3041/3041 2959/2959
f 3042/3042 2961/2961 2960/2960
f 3041/3041 3042/3042 2960/2960
f 3043/3043 2962/2962 2961/2961
f 3042/3042 3043/3043 2961/2961
f 3044/3044 2963/2963 2962/2962
f 3043/3043 3044/3044 2962/2962
f 3045/3045 2964/2964 2963/2963
f 3044/3044 3045/3045 2963/2963
f 3046/3046 2965/2965 2964/2964
f 3045/3045 3046/3046 2964/2964
f 3047/3047 2966/2966 2965/2965
f 3046/3046 3047/3047 2965/2965
f 3048/3048 2967/2967 2966/2966
f 3047/3047 3048/3048 2966/2966
f 3049/3049 2968/2968 2967/2967
f 3048/3048 3049/3049 2967/2967
f 3050/3050 2969/2969 2968/2968
f 3049/3049 3050/3050 2968/2968
f 3051/3051 2970/2970 2969/2969
f 3050/3050 3051/3051 2969/2969
f 3052/3052 2971/2971 2970/2970
f 3051/3051 3052/3052 2970/2970
f 3053/3053 2972/2972 2971/2971
f 3052/3052 3053/3053 2971/2971
f 3054/3054 2973/2973 2972/2972
f 3053/3053 3054/3054 2972/2972
f 3055/3055 2974/2974 2973/2973
f 3054/3054 3055/3055 2973/2973
f 3056/3056 2975/2975 2974/2974
f 3055/3055 3056/3056 2974/2974
f 3057/3057 2976/2976 2975/2975
f 3056/3056 3057/3057 2975/2975
f 3058/3058 2977/2977 2976/2976
f 3057/3057 3058/3058 2976/2976
f 3059/3059 2978/2978 2977/2977
f 3058/3058 3059/3059 2977/2977
f 3060/3060 2979/2979 2978/2978
f 3059/3059 3060/3060 2978/2978
f 3061/3061 2980/2980 2979/2979
f 3060/3060 3061/3061 2979/2979
f 3062/3062 2981/2981 2980/2980
f 3061/3061 3062/3062 2980/2980
f 3063/3063 2982/2982 2981/2981
f 3062/3062 3063/3063 2981/2981
f 3064/3064 2983/2983 2982/2982
f 3063/3063 3064/3064 2982/2982
f 3065/3065 2984/2984 2983/2983
f 3064/3064 3065/3065 2983/2983
f 3066/3066 2985/2985 2984/2984
f 3065/3065 3066/3066 2984/2984
f 3067/3067 2986/2986 2985/2985
f 3066/3066 3067/3067 2985/2985
f 3068/3068 2987/2987 2986/2986
f 3067/3067 3068/3068 2986/2986
f 3069/3069 2988/2988 2987/2987
f 3068/3068 3069/3069 2987/2987
f 3070/3070 2989/2989 2988/2988
f 3069/3069 3070/3070 2988/2988
f 3071/3071 2990/2990 2989/2989
f 3070/3070 3071/3071 2989/2989
f 3072/3072 2991/2991 2990/2990
f 3071/3071 3072/3072 2990/2990
f 3073/3073 2992/2992 2991/2991
f 3072/3072 3073/3073 2991/2991
f 3074/3074 2993/2993 2992/2992
f 3073/3073 3074/3074 2992/2992
f 3075/3075 2994/2994 2993/2993
f 3074/3074 3075/3075 2993/2993
f 3076/3076 2995/2995 2994/2994
f 3075/3075 3076/3076 2994/2994
f 3077/3077 2996/2996 2995/2995
f 3076/3076 3077/3077 2995/2995
f 3078/3078 2997/2997 2996/2996
f 3077/3077 3078/3078 2996/2996
f 3080/3080 2999/2999 2998/2998
f 3079/3079 3080/3080 2998/2998
f 3081/3081 3000/3000 2999/2999
f 3080/3080 3081/3081 2999/2999
f 3082/3082 3001/3001 3000/3000
f 3081/3081 3082/3082 3000/3000
f 3083/3083 3002/3002 3001/3001
f 3082/3082 3083/3083 3001/3001
f 3084/3084 3003/3003 3002/3002
f 3083/3083 3084/3084 3002/3002
f 3085/3085 3004/3004 3003/3003
f 3084/3084 3085/3085 3003/3003
f 3086/3086 3005/3005 3004/3004
f 3085/3085 3086/3086 3004/3004
f 3087/3087 3006/3006 3005/3005
f 3086/3086 3087/3087 3005/3005
f 3088/3088 3007/3007 3006/3006
f 3087/3087 3088/3088 3006/3006
f 3089/3089 3008/3008 3007/3007
f 3088/3088 3089/3089 3007/3007
f 3090/3090 3009/3009 3008/3008
f 3089/3089 3090/3090 3008/3008
f 3091/3091 3010/3010 3009/3009
f 3090/3090 3091/3091 3009/3009
f 3092/3092 3011/3011 3010/3010
f 3091/3091 3092/3092 3010/3010
f 3093/3093 3012/3012 3011/3011
f 3092/3092 3093/3093 3011/3011
f 3094/3094 3013/3013 3012/3012
f 3093/3093 3094/3094 3012/3012
f 3095/3095 3014/3014 3013/3013
f 3094/3094 3095/3095 3013/3013
f 3096/3096 3015/3015 3014/3014
f 3095/3095 3096/3096 3014/3014
f 3097/3097 3016/3016 3015/3015
f 3096/3096 3097/3097 3015/3015
f 3098/3098 3017/3017 3016/3016
f 3097/3097 3098/3098 3016/3016
f 3099/3099 3018/3018 3017/3017
f 3098/3098 3099/3099 3017/3017
f 3100/3100 3019/3019 3018/3018
f 3099/3099 3100/3100 3018/3018
f 3101/3101 3020/3020 3019/3019
f 3100/3100 3101/3101 3019/3019
f 3102/3102 3021/3021 3020/3020
f 3101/3101 3102/3102 3020/3020
f 3103/3103 3022/3022 3021/3021
f 3102/3102 3103/3103 3021/3021
f 3104/3104 3023/3023 3022/3022
f 3103/3103 3104/3104 3022/3022
f 3105/3105 3024/3024 3023/3023
f 3104/3104 3105/3105 3023/3023
f 3106/3106 3025/3025 3024/3024
f 3105/3105 3106/3106 3024/3024
f 3107/3107 3026/3026 3025/3025
f 3106/3106 3107/3107 3025/3025
f 3108/3108 3027/3027 3026/3026
f 3107/3107 3108/3108 3026/3026
f 3109/3109 3028/3028 3027/3027
f 3108/3108 3109/3109 3027/3027
f 3110/3110 3029/3029 3028/3028
f 3109/3109 3110/3110 3028/3028
f 3111/3111 3030/3030 3029/3029
f 3110/3110 3111/3111 3029/3029
f 3112/3112 3031/3031 3030/3030
f 3111/3111 3112/3112 3030/3030
f 3113/3113 3032/3032 3031/3031
f 3112/3112 3113/3113 3031/3031
f 3114/3114 3033/3033 3032/3032
f 3113/3113 3114/3114 3032/3032
f 3115/3115 3034/3034 3033/3033
f 3114/3114 3115/3115 3033/3033
f 3116/3116 3035/3035 3034/3034
f 3115/3115 3116/3116 3034/3034
f 3117/3117 3036/3036 3035/3035
f 3116/3116 3117/3117 3035/3035
f 3118/3118 3037/3037 3036/3036
f 3117/3117 3118/3118 3036/3036
f 3119/3119 3038/3038 3037/3037
f 3118/3118 3119/3119 3037/3037
f 3120/3120 3039/3039 3038/3038
f 3119/3119 3120/3120 3038/3038
f 3121/3121 3040/3040 3039/3039
f 3120/3120 3121/3121 3039/3039
f 3122/3122 3041/3041 3040/3040
f 3121/3121 3122/3122 3040/3040
f 3123/3123 3042/3042 3041/3041
f 3122/3122 3123/3123 3041/3041
f 3124/3124 3043/3043 3042/3042
f 3123/3123 3124/3124 3042/3042
f 3125/3125 3044/3044 3043/3043
f 3124/3124 3125/3125 3043/3043
f 3126/3126 3045/3045 3044/3044
f 3125/3125 3126/3126 3044/3044
f 3127/3127 3046/3046 3045/3045
f 3126/3126 3127/3127 3045/3045
f 3128/3128 3047/3047 3046/3046
f 3127/3127 3128/3128 3046/3046
f 3129/3129 3048/3048 3047/3047
f 3128/3128 3129/3129 3047/3047
f 3130/3130 3049/3049 3048/3048
f 3129/3129 3130/3130 3048/3048
f 3131/3131 3050/3050 3049/3049
f 3130/3130 3131/3131 3049/3049
f 3132/3132 3051/3051 3050/3050
f 3131/3131 3132/3132 3050/3050
f 3133/3133 3052/3052 3051/3051
f 3132/3132 3133/3133 3051/3051
f 3134/3134 3053/3053 3052/3052
f 3133/3133 3134/3134 3052/3052
f 3135/3135 3054/3054 3053/3053
f 3134/3134 3135/3135 3053/3053
f 3136/3136 3055/3055 3054/3054
f 3135/3135 3136/3136 3054/3054
f 3137/3137 3056/3056 3055/3055
f 3136/3136 3137/3137 3055/3055
f 3138/3138 3057/3057 3056/3056
f 3137/3137 3138/3138 3056/3056
f 3139/3139 3058/3058 3057/3057
f 3138/3138 3139/3139 3057/3057
f 3140/3140 3059/3059 3058/3058
f 3139/3139 3140/3140 3058/3058
f 3141/3141 3060/3060 3059/3059
f 3140/3140 3141/3141 3059/3059
f 3142/3142 3061/3061 3060/3060
f 3141/3141 3142/3142 3060/3060
f 3143/3143 3062/3062 3061/3061
f 3142/3142 3143/3143 3061/3061
f 3144/3144 3063/3063 3062/3062
f 3143/3143 3144/3144 3062/3062
f 3145/3145 3064/3064 3063/3063
f 3144/3144 3145/3145 3063/3063
f 3146/3146 3065/3065 3064/3064
f 3145/3145 3146/3146 3064/3064
f 3147/3147 3066/3066 3065/3065
f 3146/3146 3147/3147 3065/3065
f 3148/3148 3067/3067 3066/3066
f 3147/3147 3148/3148 3066/3066
f 3149/3149 3068/3068 3067/3067
f 3148/3148 3149/3149 3067/3067
f 3150/3150 3069/3069 3068/3068
f 3149/3149 3150/3150 3068/3068
f 3151/3151 3070/3070 3069/3069
f 3150/3150 3151/3151 3069/3069
f 3152/3152 3071/3071 3070/3070
f 3151/3151 3152/3152 3070/3070
f 3153/3153 3072/3072 3071/3071
f 3152/3152 3153/3153 3071/3071
f 3154/3154 3073/3073 3072/3072
f 3153/3153 3154/3154 3072/3072
f 3155/3155 3074/3074 3073/3073
f 3154/3154 3155/3155 3073/3073
f 3156/3156 3075/3075 3074/3074
f 3155/3155 3156/3156 3074/3074
f 3157/3157 3076/3076 3075/3075
f 3156/3156 3157/3157 3075/3075
f 3158/3158 3077/3077 3076/3076
f 3157/3157 3158/3158 3076/3076
f 3159/3159 3078/3078 3077/3077
f 3158/3158 3159/3159 3077/3077
f 3161/3161 3080/3080 3079/3079
f 3160/3160 3161/3161 3079/3079
f 3162/3162 3081/3081 3080/3080
f 3161/3161 3162/3162 3080/3080
f 3163/3163 3082/3082 3081/3081
f 3162/3162 3163/3163 3081/3081
f 3164/3164 3083/3083 3082/3082
f 3163/3163 3164/3164 3082/3082
f 3165/3165 3084/3084 3083/3083
f 3164/3164 3165/3165 3083/3083
f 3166/3166 3085/3085 3084/3084
f 3165/3165 3166/3166 3084/3084
f 3167/3167 3086/3086 3085/3085
f 3166/3166 3167/3167 3085/3085
f 3168/3168 3087/3087 3086/3086
f 3167/3167 3168/3168 3086/3086
f 3169/3169 3088/3088 3087/3087
f 3168/3168 3169/3169 3087/3087
f 3170/3170 3089/3089 3088/3088
f 3169/3169 3170/3170 3088/3088
f 3171/3171 3090/3090 3089/3089
f 3170/3170 3171/3171 3089/3089
f 3172/3172 3091/3091 3090/3090
f 3171/3171 3172/3172 3090/3090
f 3173/3173 3092/3092 3091/3091
f 3172/3172 3173/3173 3091/3091
f 3174/3174 3093/3093 3092/3092
f 3173/3173 3174/3174 3092/3092
f 3175/3175 3094/3094 3093/3093
f 3174/3174 3175/3175 3093/3093
f 3176/3176 3095/3095 3094/3094
f 3175/3175 3176/3176 3094/3094
f 3177/3177 3096/3096 3095/3095
f 3176/3176 3177/3177 3095/3095
f 3178/3178 3097/3097 3096/3096
f 3177/3177 3178/3178 3096/3096
f 3179/3179 3098/3098 3097/3097
f 3178/3178 3179/3179 3097/3097
f 3180/3180 3099/3099 3098/3098
f 3179/3179 3180/3180 3098/3098
f 3181/3181 3100/3100 3099/3099
f 3180/3180 3181/3181 3099/3099
f 3182/3182 3101/3101 3100/3100
f 3181/3181 3182/3182 3100/3100
f 3183/3183 3102/3102 3101/3101
f 3182/3182 3183/3183 3101/3101
f 3184/3184 3103/3103 3102/3102
f 3183/3183 3184/3184 3102/3102
f 3185/3185 3104/3104 3103/3103
f 3184/3184 3185/3185 3103/3103
f 3186/3186 3105/3105 3104/3104
f 3185/3185 3186/3186 3104/3104
f 3187/3187 3106/3106 3105/3105
f 3186/3186 3187/3187 3105/3105
f 3188/3188 3107/3107 3106/3106
f 3187/3187 3188/3188 3106/3106
f 3189/3189 3108/3108 3107/3107
f 3188/3188 3189/3189 3107/3107
f 3190/3190 3109/3109 3108/3108
f 3189/3189 3190/3190 3108/3108
f 3191/3191 3110/3110 3109/3109
f 3190/3190 3191/3191 3109/3109
f 3192/3192 3111/3111 3110/3110
f 3191/3191 3192/3192 3110/3110
f 3193/3193 3112/3112 3111/3111
f 3192/3192 3193/3193 3111/3111
f 3194/3194 3113/3113 3112/3112
f 3193/3193 3194/3194 3112/3112
f 3195/3195 3114/3114 3113/3113
f 3194/3194 3195/3195 3113/3113
f 3196/3196 3115/3115 3114/3114
f 3195/3195 3196/3196 3114/3114
f 3197/3197 3116/3116 3115/3115
f 3196/3196 3197/3197 3115/3115
f 3198/3198 3117/3117 3116/3116
f 3197/3197 3198/3198 3116/3116
f 3199/3199 3118/3118 3117/3117
f 3198/3198 3199/3199 3117/3117
f 3200/3200 3119/3119 3118/3118
f 3199/3199 3200/3200 3118/3118
f 3201/3201 3120/3120 3119/3119
f 3200/3200 3201/3201 3119/3119
f 3202/3202 3121/3121 3120/3120
f 3201/3201 3202/3202 3120/3120
f 3203/3203 3122/3122 3121/3121
f 3202/3202 3203/3203 3121/3121
f 3204/3204 3123/3123 3122/3122
f 3203/3203 3204/3204 3122/3122
f 3205/3205 3124/3124 3123/3123
f 3204/3204 3205/3205 3123/3123
f 3206/3206 3125/3125 3124/3124
f 3205/3205 3206/3206 3124/3124
f 3207/3207 3126/3126 3125/3125
f 3206/3206 3207/3207 3125/3125
f 3208/3208 3127/3127 3126/3126
f 3207/3207 3208/3208 3126/3126
f 3209/3209 3128/3128 3127/3127
f 3208/3208 3209/3209 3127/3127
f 3210/3210 3129/3129 3128/3128
f 3209/3209 3210/3210 3128/3128
f 3211/3211 3130/3130 3129/3129
f 3210/3210 3211/3211 3129/3129
f 3212/3212 3131/3131 3130/3130
f 3211/3211 3212/3212 3130/3130
f 3213/3213 3132/3132 3131/3131
f 3212/3212 3213/3213 3131/3131
f 3214/3214 3133/3133 3132/3132
f 3213/3213 3214/3214 3132/3132
f 3215/3215 3134/3134 3133/3133
f 3214/3214 3215/3215 3133/3133
f 3216/3216 3135/3135 3134/3134
f 3215/3215 3216/3216 3134/3134
f 3217/3217 3136/3136 3135/3135
f 3216/3216 3217/3217 3135/3135
f 3218/3218 3137/3137 3136/3136
f 3217/3217 3218/3218 3136/3136
f 3219/3219 3138/3138 3137/3137
f 3218/3218 3219/3219 3137/3137
f 3220/3220 3139/3139 3138/3138
f 3219/3219 3220/3220 3138/3138
f 3221/3221 3140/3140 3139/3139
f 3220/3220 3221/3221 3139/3139
f 3222/3222 3141/3141 3140/3140
f 3221/3221 3222/3222 3140/3140
f 3223/3223 3142/3142 3141/3141
f 3222/3222 3223/3223 3141/3141
f 3224/3224 3143/3143 3142/3142
f 3223/3223 3224/3224 3142/3142
f 3225/3225 3144/3144 3143/3143
f 3224/3224 3225/3225 3143/3143
f 3226/3226 3145/3145 3144/3144
f 3225/3225 3226/3226 3144/3144
f 3227/3227 3146/3146 3145/3145
f 3226/3226 3227/3227 3145/3145
f 3228/3228 3147/3147 3146/3146
f 3227/3227 3228/3228 3146/3146
f 3229/3229 3148/3148 3147/3147
f 3228/3228 3229/3229 3147/3147
f 3230/3230 3149/3149 3148/3148
f 3229/3229 3230/3230 3148/3148
f 3231/3231 3150/3150 3149/3149
f 3230/3230 3231/3231 3149/3149
f 3232/3232 3151/3151 3150/3150
f 3231/3231 3232/3232 3150/3150
f 3233/3233 3152/3152 3151/3151
f 3232/3232 3233/3233 3151/3151
f 3234/3234 3153/3153 3152/3152
f 3233/3233 3234/3234 3152/3152
f 3235/3235 3154/3154 3153/3153
f 3234/3234 3235/3235 3153/3153
f 3236/3236 3155/3155 3154/3154
f 3235/3235 3236/3236 3154/3154
f 3237/3237 3156/3156 3155/3155
f 3236/3236 3237/3237 3155/3155
f 3238/3238 3157/3157 3156/3156
f 3237/3237 3238/3238 3156/3156
f 3239/3239 3158/3158 3157/3157
f 3238/3238 3239/3239 3157/3157
f 3240/3240 3159/3159 3158/3158
f 3239/3239 3240/3240 3158/3158
f 3242/3242 3161/3161 3160/3160
f 3241/3241 3242/3242 3160/3160
f 3243/3243 3162/3162 3161/3161
f 3242/3242 3243/3243 3161/3161
f 3244/3244 3163/3163 3162/3162
f 3243/3243 3244/3244 3162/3162
f 3245/3245 3164/3164 3163/3163
f 3244/3244 3245/3245 3163/3163
f 3246/3246 3165/3165 3164/3164
f 3245/3245 3246/3246 3164/3164
f 3247/3247 3166/3166 3165/3165
f 3246/3246 3247/3247 3165/3165
f 3248/3248 3167/3167 3166/3166
f 3247/3247 3248/3248 3166/3166
f 3249/3249 3168/3168 3167/3167
f 3248/3248 3249/3249 3167/3167
f 3250/3250 3169/3169 3168/3168
f 3249/3249 3250/3250 3168/3168
f 3251/3251 3170/3170 3169/3169
f 3250/3250 3251/3251 3169/3169
f 3252/3252 3171/3171 3170/3170
f 3251/3251 3252/3252 3170/3170
f 3253/3253 3172/3172 3171/3171
f 3252/3252 3253/3253 3171/3171
f 3254/3254 3173/3173 3172/3172
f 3253/3253 3254/3254 3172/3172
f 3255/3255 3174/3174 3173/3173
f 3254/3254 3255/3255 3173/3173
f 3256/3256 3175/3175 3174/3174
f 3255/3255 3256/3256 3174/3174
f 3257/3257 3176/3176 3175/3175
f 3256/3256 3257/3257 3175/3175
f 3258/3258 3177/3177 3176/3176
f 3257/3257 3258/3258 3176/3176
f 3259/3259 3178/3178 3177/3177
f 3258/3258 3259/3259 3177/3177
f 3260/3260 3179/3179 3178/3178
f 3259/3259 3260/3260 3178/3178
f 3261/3261 3180/3180 3179/3179
f 3260/3260 3261/3261 3179/3179
f 3262/3262 3181/3181 3180/3180
f 3261/3261 3262/3262 3180/3180
f 3263/3263 3182/3182 3181/3181
f 3262/3262 3263/3263 3181/3181
f 3264/3264 3183/3183 3182/3182
f 3263/3263 3264/3264 3182/3182
f 3265/3265 3184/3184 3183/3183
f 3264/3264 3265/3265 3183/3183
f 3266/3266 3185/3185 3184/3184
f 3265/3265 3266/3266 3184/3184
f 3267/3267 3186/3186 3185/3185
f 3266/3266 3267/3267 3185/3185
f 3268/3268 3187/3187 3186/3186
f 3267/3267 3268/3268 3186/3186
f 3269/3269 3188/3188 3187/3187
f 3268/3268 3269/3269 3187/3187
f 3270/3270 3189/3189 3188/3188
f 3269/3269 3270/3270 3188/3188
f 3271/3271 3190/3190 3189/3189
f 3270/3270 3271/3271 3189/3189
f 3272/3272 3191/3191 3190/3190
f 3271/3271 3272/3272 3190/3190
f 3273/3273 3192/3192 3191/3191
f 3272/3272 3273/3273 3191/3191
f 3274/3274 3193/3193 3192/3192
f 3273/3273 3274/3274 3192/3192
f 3275/3275 3194/3194 3193/3193
f 3274/3274 3275/3275 3193/3193
f 3276/3276 3195/3195 3194/3194
f 3275/3275 3276/3276 3194/3194
f 3277/3277 3196/3196 3195/3195
f 3276/3276 3277/3277 3195/3195
f 3278/3278 3197/3197 3196/3196
f 3277/3277 3278/3278 3196/3196
f 3279/3279 3198/3198 3197/3197
f 3278/3278 3279/3279 3197/3197
f 3280/3280 3199/3199 3198/3198
f 3279/3279 3280/3280 3198/3198
f 3281/3281 3200/3200 3199/3199
f 3280/3280 3281/3281 3199/3199
f 3282/3282 3201/3201 3200/3200
f 3281/3281 3282/3282 3200/3200
f 3283/3283 3202/3202 3201/3201
f 3282/3282 3283/3283 3201/3201
f 3284/3284 3203/3203 3202/3202
f 3283/3283 3284/3284 3202/3202
f 3285/3285 3204/3204 3203/3203
f 3284/3284 3285/3285 3203/3203
f 3286/3286 3205/3205 3204/3204
f 3285/3285 3286/3286 3204/3204
f 3287/3287 3206/3206 3205/3205
f 3286/3286 3287/3287 3205/3205
f 3288/3288 3207/3207 3206/3206
f 3287/3287 3288/3288 3206/3206
f 3289/3289 3208/3208 3207/3207
f 3288/3288 3289/3289 3207/3207
f 3290/3290 3209/3209 3208/3208
f 3289/3289 3290/3290 3208/3208
f 3291/3291 3210/3210 3209/3209
f 3290/3290 3291/3291 3209/3209
f 3292/3292 3211/3211 3210/3210
f 3291/3291 3292/3292 3210/3210
f 3293/3293 3212/3212 3211/3211
f 3292/3292 3293/3293 3211/3211
f 3294/3294 3213/3213 3212/3212
f 3293/3293 3294/3294 3212/3212
f 3295/3295 3214/3214 3213/3213
f 3294/3294 3295/3295 3213/3213
f 3296/3296 3215/3215 3214/3214
f 3295/3295 3296/3296 3214/3214
f 3297/3297 3216/3216 3215/3215
f 3296/3296 3297/3297 3215/3215
f 3298/3298 3217/3217 3216/3216
f 3297/3297 3298/3298 3216/3216
f 3299/3299 3218/3218 3217/3217
f 3298/3298 3299/3299 3217/3217
f 3300/3300 3219/3219 3218/3218
f 3299/3299 3300/3300 3218/3218
f 3301/3301 3220/3220 3219/3219
f 3300/3300 3301/3301 3219/3219
f 3302/3302 3221/3221 3220/3220
f 3301/3301 3302/3302 3220/3220
f 3303/3303 3222/3222 3221/3221
f 3302/3302 3303/3303 3221/3221
f 3304/3304 3223/3223 3222/3222
f 3303/3303 3304/3304 3222/3222
f 3305/3305 3224/3224 3223/3223
f 3304/3304 3305/3305 3223/3223
f 3306/3306 3225/3225 3224/3224
f 3305/3305 3306/3306 3224/3224
f 3307/3307 3226/3226 3225/3225
f 3306/3306 3307/3307 3225/3225
f 3308/3308 3227/3227 3226/3226
f 3307/3307 3308/3308 3226/3226
f 3309/3309 3228/3228 3227/3227
f 3308/3308 3309/3309 3227/3227
f 3310/3310 3229/3229 3228/3228
f 3309/3309 3310/3310 3228/3228
f 3311/3311 3230/3230 3229/3229
f 3310/3310 3311/3311 3229/3229
f 3312/3312 3231/3231 3230/3230
f 3311/3311 3312/3312 3230/3230
f 3313/3313 3232/3232 3231/3231
f 3312/3312 3313/3313 3231/3231
f 3314/3314 3233/3233 3232/3232
f 3313/3313 3314/3314 3232/3232
f 3315/3315 3234/3234 3233/3233
f 3314/3314 3315/3315 3233/3233
f 3316/3316 3235/3235 3234/3234
f 3315/3315 3316/3316 3234/3234
f 3317/3317 3236/3236 3235/3235
f 3316/3316 3317/3317 3235/3235
f 3318/3318 3237/3237 3236/3236
f 3317/3317 3318/3318 3236/3236
f 3319/3319 3238/3238 3237/3237
f 3318/3318 3319/3319 3237/3237
f 3320/3320 3239/3239 3238/3238
f 3319/3319 3320/3320 3238/3238
f 3321/3321 3240/3240 3239/3239
f 3320/3320 3321/3321 3239/3239
f 3323/3323 3242/3242 3241/3241
f 3322/3322 3323/3323 3241/3241
f 3324/3324 3243/3243 3242/3242
f 3323/3323 3324/3324 3242/3242
f 3325/3325 3244/3244 3243/3243
f 3324/3324 3325/3325 3243/3243
f 3326/3326 3245/3245 3244/3244
f 3325/3325 3326/3326 3244/3244
f 3327/3327 3246/3246 3245/3245
f 3326/3326 3327/3327 3245/3245
f 3328/3328 3247/3247 3246/3246
f 3327/3327 3328/3328 3246/3246
f 3329/3329 3248/3248 3247/3247
f 3328/3328 3329/3329 3247/3247
f 3330/3330 3249/3249 3248/3248
f 3329/3329 3330/3330 3248/3248
f 3331/3331 3250/3250 3249/3249
f 3330/3330 3331/3331 3249/3249
f 3332/3332 3251/3251 3250/3250
f 3331/3331 3332/3332 3250/3250
f 3333/3333 3252/3252 3251/3251
f 3332/3332 3333/3333 3251/3251
f 3334/3334 3253/3253 3252/3252
f 3333/3333 3334/3334 3252/3252
f 3335/3335 3254/3254 3253/3253
f 3334/3334 3335/3335 3253/3253
f 3336/3336 3255/3255 3254/3254
f 3335/3335 3336/3336 3254/3254
f 3337/3337 3256/3256 3255/3255
f 3336/3336 3337/3337 3255/3255
f 3338/3338 3257/3257 3256/3256
f 3337/3337 3338/3338 3256/3256
f 3339/3339 3258/3258 3257/3257
f 3338/3338 3339/3339 3257/3257
f 3340/3340 3259/3259 3258/3258
f 3339/3339 3340/3340 3258/3258
f 3341/3341 3260/3260 3259/3259
f 3340/3340 3341/3341 3259/3259
f 3342/3342 3261/3261 3260/3260
f 3341/3341 3342/3342 3260/3260
f 3343/3343 3262/3262 3261/3261
f 3342/3342 3343/3343 3261/3261
f 3344/3344 3263/3263 3262/3262
f 3343/3343 3344/3344 3262/3262
f 3345/3345 3264/3264 3263/3263
f 3344/3344 3345/3345 3263/3263
f 3346/3346 3265/3265 3264/3264
f 3345/3345 3346/3346 3264/3264
f 3347/3347 3266/3266 3265/3265
f 3346/3346 3347/3347 3265/3265
f 3348/3348 3267/3267 3266/3266
f 3347/3347 3348/3348 3266/3266
f 3349/3349 3268/3268 3267/3267
f 3348/3348 3349/3349 3267/3267
f 3350/3350 3269/3269 3268/3268
f 3349/3349 3350/3350 3268/3268
f 3351/3351 3270/3270 3269/3269
f 3350/3350 3351/3351 3269/3269
f 3352/3352 3271/3271 3270/3270
f 3351/3351 3352/3352 3270/3270
f 3353/3353 3272/3272 3271/3271
f 3352/3352 3353/3353 3271/3271
f 3354/3354 3273/3273 3272/3272
f 3353/3353 3354/3354 3272/3272
f 3355/3355 3274/3274 3273/3273
f 3354/3354 3355/3355 3273/3273
f 3356/3356 3275/3275 3274/3274
f 3355/3355 3356/3356 3274/3274
f 3357/3357 3276/3276 3275/3275
f 3356/3356 3357/3357 3275/3275
f 3358/3358 3277/3277 3276/3276
f 3357/3357 3358/3358 3276/3276
f 3359/3359 3278/3278 3277/3277
f 3358/3358 3359/3359 3277/3277
f 3360/3360 3279/3279 3278/3278
f 3359/3359 3360/3360 3278/3278
f 3361/3361 3280/3280 3279/3279
f 3360/3360 3361/3361 3279/3279
f 3362/3362 3281/3281 3280/3280
f 3361/3361 3362/3362 3280/3280
f 3363/3363 3282/3282 3281/3281
f 3362/3362 3363/3363 3281/3281
f 3364/3364 3283/3283 3282/3282
f 3363/3363 3364/3364 3282/3282
f 3365/3365 3284/3284 3283/3283
f 3364/3364 3365/3365 3283/3283
f 3366/3366 3285/3285 3284/3284
f 3365/3365 3366/3366 3284/3284
f 3367/3367 3286/3286 3285/3285
f 3366/3366 3367/3367 3285/3285
f 3368/3368 3287/3287 3286/3286
f 3367/3367 3368/3368 3286/3286
f 3369/3369 3288/3288 3287/3287
f 3368/3368 3369/3369 3287/3287
f 3370/3370 3289/3289 3288/3288
f 3369/3369 3370/3370 3288/3288
f 3371/3371 3290/3290 3289/3289
f 3370/3370 3371/3371 3289/3289
f 3372/3372 3291/3291 3290/3290
f 3371/3371 3372/3372 3290/3290
f 3373/3373 3292/3292 3291/3291
f 3372/3372 3373/3373 3291/3291
f 3374/3374 3293/3293 3292/3292
f 3373/3373 3374/3374 3292/3292
f 3375/3375 3294/3294 3293/3293
f 3374/3374 3375/3375 3293/3293
f 3376/3376 3295/3295 3294/3294
f 3375/3375 3376/3376 3294/3294
f 3377/3377 3296/3296 3295/3295
f 3376/3376 3377/3377 3295/3295
f 3378/3378 3297/3297 3296/3296
f 3377/3377 3378/3378 3296/3296
f 3379/3379 3298/3298 3297/3297
f 3378/3378 3379/3379 3297/3297
f 3380/3380 3299/3299 3298/3298
f 3379/3379 3380/3380 3298/3298
f 3381/3381 3300/3300 3299/3299
f 3380/3380 3381/3381 3299/3299
f 3382/3382 3301/3301 3300/3300
f 3381/3381 3382/3382 3300/3300
f 3383/3383 3302/3302 3301/3301
f 3382/3382 3383/3383 3301/3301
f 3384/3384 3303/3303 3302/3302
f 3383/3383 3384/3384 3302/3302
f 3385/3385 3304/3304 3303/3303
f 3384/3384 3385/3385 3303/3303
f 3386/3386 3305/3305 3304/3304
f 3385/3385 3386/3386 3304/3304
f 3387/3387 3306/3306 3305/3305
f 3386/3386 3387/3387 3305/3305
f 3388/3388 3307/3307 3306/3306
f 3387/3387 3388/3388 3306/3306
f 3389/3389 3308/3308 3307/3307
f 3388/3388 3389/3389 3307/3307
f 3390/3390 3309/3309 3308/3308
f 3389/3389 3390/3390 3308/3308
f 3391/3391 3310/3310 3309/3309
f 3390/3390 3391/3391 3309/3309
f 3392/3392 3311/3311 3310/3310
f 3391/3391 3392/3392 3310/3310
f 3393/3393 3312/3312 3311/3311
f 3392/3392 3393/3393 3311/3311
f 3394/3394 3313/3313 3312/3312
f 3393/3393 3394/3394 3312/3312
f 3395/3395 3314/3314 3313/3313
f 3394/3394 3395/3395 3313/3313
f 3396/3396 3315/3315 3314/3314
f 3395/3395 3396/3396 3314/3314
f 3397/3397 3316/3316 3315/3315
f 3396/3396 3397/3397 3315/3315
f 3398/3398 3317/3317 3316/3316
f 3397/3397 3398/3398 3316/3316
f 3399/3399 3318/3318 3317/3317
f 3398/3398 3399/3399 3317/3317
f 3400/3400 3319/3319 3318/3318
f 3399/3399 3400/3400 3318/3318
f 3401/3401 3320/3320 3319/3319
f 3400/3400 3401/3401 3319/3319
f 3402/3402 3321/3321 3320/3320
f 3401/3401 3402/3402 3320/3320
f 3404/3404 3323/3323 3322/3322
f 3403/3403 3404/3404 3322/3322
f 3405/3405 3324/3324 3323/3323
f 3404/3404 3405/3405 3323/3323
f 3406/3406 3325/3325 3324/3324
f 3405/3405 3406/3406 3324/3324
f 3407/3407 3326/3326 3325/3325
f 3406/3406 3407/3407 3325/3325
f 3408/3408 3327/3327 3326/3326
f 3407/3407 3408/3408 3326/3326
f 3409/3409 3328/3328 3327/3327
f 3408/3408 3409/3409 3327/3327
f 3410/3410 3329/3329 3328/3328
f 3409/3409 3410/3410 3328/3328
f 3411/3411 3330/3330 3329/3329
f 3410/3410 3411/3411 3329/3329
f 3412/3412 3331/3331 3330/3330
f 3411/3411 3412/3412 3330/3330
f 3413/3413 3332/3332 3331/3331
f 3412/3412 3413/3413 3331/3331
f 3414/3414 3333/3333 3332/3332
f 3413/3413 3414/3414 3332/3332
f 3415/3415 3334/3334 3333/3333
f 3414/3414 3415/3415 3333/3333
f 3416/3416 3335/3335 3334/3334
f 3415/3415 3416/3416 3334/3334
f 3417/3417 3336/3336 3335/3335
f 3416/3416 3417/3417 3335/3335
f 3418/3418 3337/3337 3336/3336
f 3417/3417 3418/3418 3336/3336
f 3419/3419 3338/3338 3337/3337
f 3418/3418 3419/3419 3337/3337
f 3420/3420 3339/3339 3338/3338
f 3419/3419 3420/3420 3338/3338
f 3421/3421 3340/3340 3339/3339
f 3420/3420 3421/3421 3339/3339
f 3422/3422 3341/3341 3340/3340
f 3421/3421 3422/3422 3340/3340
f 3423/3423 3342/3342 3341/3341
f 3422/3422 3423/3423 3341/3341
f 3424/3424 3343/3343 3342/3342
f 3423/3423 3424/3424 3342/3342
f 3425/3425 3344/3344 3343/3343
f 3424/3424 3425/3425 3343/3343
f 3426/3426 3345/3345 3344/3344
f 3425/3425 3426/3426 3344/3344
f 3427/3427 3346/3346 3345/3345
f 3426/3426 3427/3427 3345/3345
f 3428/3428 3347/3347 3346/3346
f 3427/3427 3428/3428 3346/3346
f 3429/3429 3348/3348 3347/3347
f 3428/3428 3429/3429 3347/3347
f 3430/3430 3349/3349 3348/3348
f 3429/3429 3430/3430 3348/3348
f 3431/3431 3350/3350 3349/3349
f 3430/3430 3431/3431 3349/3349
f 3432/3432 3351/3351 3350/3350
f 3431/3431 3432/3432 3350/3350
f 3433/3433 3352/3352 3351/3351
f 3432/3432 3433/3433 3351/3351
f 3434/3434 3353/3353 3352/3352
f 3433/3433 3434/3434 3352/3352
f 3435/3435 3354/3354 3353/3353
f 3434/3434 3435/3435 3353/3353
f 3436/3436 3355/3355 3354/3354
f 3435/3435 3436/3436 3354/3354
f 3437/3437 3356/3356 3355/3355
f 3436/3436 3437/3437 3355/3355
f 3438/3438 3357/3357 3356/3356
f 3437/3437 3438/3438 3356/3356
f 3439/3439 3358/3358 3357/3357
f 3438/3438 3439/3439 3357/3357
f 3440/3440 3359/3359 3358/3358
f 3439/3439 3440/3440 3358/3358
f 3441/3441 3360/3360 3359/3359
f 3440/3440 3441/3441 3359/3359
f 3442/3442 3361/3361 3360/3360
f 3441/3441 3442/3442 3360/3360
f 3443/3443 3362/3362 3361/3361
f 3442/3442 3443/3443 3361/3361
f 3444/3444 3363/3363 3362/3362
f 3443/3443 3444/3444 3362/3362
f 3445/3445 3364/3364 3363/3363
f 3444/3444 3445/3445 3363/3363
f 3446/3446 3365/3365 3364/3364
f 3445/3445 3446/3446 3364/3364
f 3447/3447 3366/3366 3365/3365
f 3446/3446 3447/3447 3365/3365
f 3448/3448 3367/3367 3366/3366
f 3447/3447 3448/3448 3366/3366
f 3449/3449 3368/3368 3367/3367
f 3448/3448 3449/3449 3367/3367
f 3450/3450 3369/3369 3368/3368
f 3449/3449 3450/3450 3368/3368
f 3451/3451 3370/3370 3369/3369
f 3450/3450 3451/3451 3369/3369
f 3452/3452 3371/3371 3370/3370
f 3451/3451 3452/3452 3370/3370
f 3453/3453 3372/3372 3371/3371
f 3452/3452 3453/3453 3371/3371
f 3454/3454 3373/3373 3372/3372
f 3453/3453 3454/3454 3372/3372
f 3455/3455 3374/3374 3373/3373
f 3454/3454 3455/3455 3373/3373
f 3456/3456 3375/3375 3374/3374
f 3455/3455 3456/3456 3374/3374
f 3457/3457 3376/3376 3375/3375
f 3456/3456 3457/3457 3375/3375
f 3458/3458 3377/3377 3376/3376
f 3457/3457 3458/3458 3376/3376
f 3459/3459 3378/3378 3377/3377
f 3458/3458 3459/3459 3377/3377
f 3460/3460 3379/3379 3378/3378
f 3459/3459 3460/3460 3378/3378
f 3461/3461 3380/3380 3379/3379
f 3460/3460 3461/3461 3379/3379
f 3462/3462 3381/3381 3380/3380
f 3461/3461 3462/3462 3380/3380
f 3463/3463 3382/3382 3381/3381
f 3462/3462 3463/3463 3381/3381
f 3464/3464 3383/3383 3382/3382
f 3463/3463 3464/3464 3382/3382
f 3465/3465 3384/3384 3383/3383
f 3464/3464 3465/3465 3383/3383
f 3466/3466 3385/3385 3384/3384
f 3465/3465 3466/3466 3384/3384
f 3467/3467 3386/3386 3385/3385
f 3466/3466 3467/3467 3385/3385
f 3468/3468 3387/3387 3386/3386
f 3467/3467 3468/3468 3386/3386
f 3469/3469 3388/3388 3387/3387
f 3468/3468 3469/3469 3387/3387
f 3470/3470 3389/3389 3388/3388
f 3469/3469 3470/3470 3388/3388
f 3471/3471 3390/3390 3389/3389
f 3470/3470 3471/3471 3389/3389
f 3472/3472 3391/3391 3390/3390
f 3471/3471 3472/3472 3390/3390
f 3473/3473 3392/3392 3391/3391
f 3472/3472 3473/3473 3391/3391
f 3474/3474 3393/3393 3392/3392
f 3473/3473 3474/3474 3392/3392
f 3475/3475 3394/3394 3393/3393
f 3474/3474 3475/3475 3393/3393
f 3476/3476 3395/3395 3394/3394
f 3475/3475 3476/3476 3394/3394
f 3477/3477 3396/3396 3395/3395
f 3476/3476 3477/3477 3395/3395
f 3478/3478 3397/3397 3396/3396
f 3477/3477 3478/3478 3396/3396
f 3479/3479 3398/3398 3397/3397
f 3478/3478 3479/3479 3397/3397
f 3480/3480 3399/3399 3398/3398
f 3479/3479 3480/3480 3398/3398
f 3481/3481 3400/3400 3399/3399
f 3480/3480 3481/3481 3399/3399
f 3482/3482 3401/3401 3400/3400
f 3481/3481 3482/3482 3400/3400
f 3483/3483 3402/3402 3401/3401
f 3482/3482 3483/3483 3401/3401
f 3485/3485 3404/3404 3403/3403
f 3484/3484 3485/3485 3403/3403
f 3486/3486 3405/3405 3404/3404
f 3485/3485 3486/3486 3404/3404
f 3487/3487 3406/3406 3405/3405
f 3486/3486 3487/3487 3405/3405
f 3488/3488 3407/3407 3406/3406
f 3487/3487 3488/3488 3406/3406
f 3489/3489 3408/3408 3407/3407
f 3488/3488 3489/3489 3407/3407
f 3490/3490 3409/3409 3408/3408
f 3489/3489 3490/3490 3408/3408
f 3491/3491 3410/3410 3409/3409
f 3490/3490 3491/3491 3409/3409
f 3492/3492 3411/3411 3410/3410
f 3491/3491 3492/3492 3410/3410
f 3493/3493 3412/3412 3411/3411
f 3492/3492 3493/3493 3411/3411
f 3494/3494 3413/3413 3412/3412
f 3493/3493 3494/3494 3412/3412
f 3495/3495 3414/3414 3413/3413
f 3494/3494 3495/3495 3413/3413
f 3496/3496 3415/3415 3414/3414
f 3495/3495 3496/3496 3414/3414
f 3497/3497 3416/3416 3415/3415
f 3496/3496 3497/3497 3415/3415
f 3498/3498 3417/3417 3416/3416
f 3497/3497 3498/3498 3416/3416
f 3499/3499 3418/3418 3417/3417
f 3498/3498 3499/3499 3417/3417
f 3500/3500 3419/3419 3418/3418
f 3499/3499 3500/3500 3418/3418
f 3501/3501 3420/3420 3419/3419
f 3500/3500 3501/3501 3419/3419
f 3502/3502 3421/3421 3420/3420
f 3501/3501 3502/3502 3420/3420
f 3503/3503 3422/3422 3421/3421
f 3502/3502 3503/3503 3421/3421
f 3504/3504 3423/3423 3422/3422
f 3503/3503 3504/3504 3422/3422
f 3505/3505 3424/3424 3423/3423
f 3504/3504 3505/3505 3423/3423
f 3506/3506 3425/3425 3424/3424
f 3505/3505 3506/3506 3424/3424
f 3507/3507 3426/3426 3425/3425
f 3506/3506 3507/3507 3425/3425
f 3508/3508 3427/3427 3426/3426
f 3507/3507 3508/3508 3426/3426
f 3509/3509 3428/3428 3427/3427
f 3508/3508 3509/3509 3427/3427
f 3510/3510 3429/3429 3428/3428
f 3509/3509 3510/3510 3428/3428
f 3511/3511 3430/3430 3429/3429
f 3510/3510 3511/3511 3429/3429
f 3512/3512 3431/3431 3430/3430
f 3511/3511 3512/3512 3430/3430
f 3513/3513 3432/3432 3431/3431
f 3512/3512 3513/3513 3431/3431
f 3514/3514 3433/3433 3432/3432
f 3513/3513 3514/3514 3432/3432
f 3515/3515 3434/3434 3433/3433
f 3514/3514 3515/3515 3433/3433
f 3516/3516 3435/3435 3434/3434
f 3515/3515 3516/3516 3434/3434
f 3517/3517 3436/3436 3435/3435
f 3516/3516 3517/3517 3435/3435
f 3518/3518 3437/3437 3436/3436
f 3517/3517 3518/3518 3436/3436
f 3519/3519 3438/3438 3437/3437
f 3518/3518 3519/3519 3437/3437
f 3520/3520 3439/3439 3438/3438
f 3519/3519 3520/3520 3438/3438
f 3521/3521 3440/3440 3439/3439
f 3520/3520 3521/3521 3439/3439
f 3522/3522 3441/3441 3440/3440
f 3521/3521 3522/3522 3440/3440
f 3523/3523 3442/3442 3441/3441
f 3522/3522 3523/3523 3441/3441
f 3524/3524 3443/3443 3442/3442
f 3523/3523 3524/3524 3442/3442
f 3525/3525 3444/3444 3443/3443
f 3524/3524 3525/3525 3443/3443
f 3526/3526 3445/3445 3444/3444
f 3525/3525 3526/3526 3444/3444
f 3527/3527 3446/3446 3445/3445
f 3526/3526 3527/3527 3445/3445
f 3528/3528 3447/3447 3446/3446
f 3527/3527 3528/3528 3446/3446
f 3529/3529 3448/3448 3447/3447
f 3528/3528 3529/3529 3447/3447
f 3530/3530 3449/3449 3448/3448
f 3529/3529 3530/3530 3448/3448
f 3531/3531 3450/3450 3449/3449
f 3530/3530 3531/3531 3449/3449
f 3532/3532 3451/3451 3450/3450
f 3531/3531 3532/3532 3450/3450
f 3533/3533 3452/3452 3451/3451
f 3532/3532 3533/3533 3451/3451
f 3534/3534 3453/3453 3452/3452
f 3533/3533 3534/3534 3452/3452
f 3535/3535 3454/3454 3453/3453
f 3534/3534 3535/3535 3453/3453
f 3536/3536 3455/3455 3454/3454
f 3535/3535 3536/3536 3454/3454
f 3537/3537 3456/3456 3455/3455
f 3536/3536 3537/3537 3455/3455
f 3538/3538 3457/3457 3456/3456
f 3537/3537 3538/3538 3456/3456
f 3539/3539 3458/3458 3457/3457
f 3538/3538 3539/3539 3457/3457
f 3540/3540 3459/3459 3458/3458
f 3539/3539 3540/3540 3458/3458
f 3541/3541 3460/3460 3459/3459
f 3540/3540 3541/3541 3459/3459
f 3542/3542 3461/3461 3460/3460
f 3541/3541 3542/3542 3460/3460
f 3543/3543 3462/3462 3461/3461
f 3542/3542 3543/3543 3461/3461
f 3544/3544 3463/3463 3462/3462
f 3543/3543 3544/3544 3462/3462
f 3545/3545 3464/3464 3463/3463
f 3544/3544 3545/3545 3463/3463
f 3546/3546 3465/3465 3464/3464
f 3545/3545 3546/3546 3464/3464
f 3547/3547 3466/3466 3465/3465
f 3546/3546 3547/3547 3465/3465
f 3548/3548 3467/3467 3466/3466
f 3547/3547 3548/3548 3466/3466
f 3549/3549 3468/3468 3467/3467
f 3548/3548 3549/3549 3467/3467
f 3550/3550 3469/3469 3468/3468
f 3549/3549 3550/3550 3468/3468
f 3551/3551 3470/3470 3469/3469
f 3550/3550 3551/3551 3469/3469
f 3552/3552 3471/3471 3470/3470
f 3551/3551 3552/3552 3470/3470
f 3553/3553 3472/3472 3471/3471
f 3552/3552 3553/3553 3471/3471
f 3554/3554 3473/3473 3472/3472
f 3553/3553 3554/3554 3472/3472
f 3555/3555 3474/3474 3473/3473
f 3554/3554 3555/3555 3473/3473
f 3556/3556 3475/3475 3474/3474
f 3555/3555 3556/3556 3474/3474
f 3557/3557 3476/3476 3475/3475
f 3556/3556 3557/3557 3475/3475
f 3558/3558 3477/3477 3476/3476
f 3557/3557 3558/3558 3476/3476
f 3559/3559 3478/3478 3477/3477
f 3558/3558 3559/3559 3477/3477
f 3560/3560 3479/3479 3478/3478
f 3559/3559 3560/3560 3478/3478
f 3561/3561 3480/3480 3479/3479
f 3560/3560 3561/3561 3479/3479
f 3562/3562 3481/3481 3480/3480
f 3561/3561 3562/3562 3480/3480
f 3563/3563 3482/3482 3481/3481
f 3562/3562 3563/3563 3481/3481
f 3564/3564 3483/3483 3482/3482
f 3563/3563 3564/3564 3482/3482
f 3566/3566 3485/3485 3484/3484
f 3565/3565 3566/3566 3484/3484
f 3567/3567 3486/3486 3485/3485
f 3566/3566 3567/3567 3485/3485
f 3568/3568 3487/3487 3486/3486
f 3567/3567 3568/3568 3486/3486
f 3569/3569 3488/3488 3487/3487
f 3568/3568 3569/3569 3487/3487
f 3570/3570 3489/3489 3488/3488
f 3569/3569 3570/3570 3488/3488
f 3571/3571 3490/3490 3489/3489
f 3570/3570 3571/3571 3489/3489
f 3572/3572 3491/3491 3490/3490
f 3571/3571 3572/3572 3490/3490
f 3573/3573 3492/3492 3491/3491
f 3572/3572 3573/3573 3491/3491
f 3574/3574 3493/3493 3492/3492
f 3573/3573 3574/3574 3492/3492
f 3575/3575 3494/3494 3493/3493
f 3574/3574 3575/3575 3493/3493
f 3576/3576 3495/3495 3494/3494
f 3575/3575 3576/3576 3494/3494
f 3577/3577 3496/3496 3495/3495
f 3576/3576 3577/3577 3495/3495
f 3578/3578 3497/3497 3496/3496
f 3577/3577 3578/3578 3496/3496
f 3579/3579 3498/3498 3497/3497
f 3578/3578 3579/3579 3497/3497
f 3580/3580 3499/3499 3498/3498
f 3579/3579 3580/3580 3498/3498
f 3581/3581 3500/3500 3499/3499
f 3580/3580 3581/3581 3499/3499
f 3582/3582 3501/3501 3500/3500
f 3581/3581 3582/3582 3500/3500
f 3583/3583 3502/3502 3501/3501
f 3582/3582 3583/3583 3501/3501
f 3584/3584 3503/3503 3502/3502
f 3583/3583 3584/3584 3502/3502
f 3585/3585 3504/3504 3503/3503
f 3584/3584 3585/3585 3503/3503
f 3586/3586 3505/3505 3504/3504
f 3585/3585 3586/3586 3504/3504
f 3587/3587 3506/3506 3505/3505
f 3586/3586 3587/3587 3505/3505
f 3588/3588 3507/3507 3506/3506
f 3587/3587 3588/3588 3506/3506
f 3589/3589 3508/3508 3507/3507
f 3588/3588 3589/3589 3507/3507
f 3590/3590 3509/3509 3508/3508
f 3589/3589 3590/3590 3508/3508
f 3591/3591 3510/3510 3509/3509
f 3590/3590 3591/3591 3509/3509
f 3592/3592 3511/3511 3510/3510
f 3591/3591 3592/3592 3510/3510
f 3593/3593 3512/3512 3511/3511
f 3592/3592 3593/3593 3511/3511
f 3594/3594 3513/3513 3512/3512
f 3593/3593 3594/3594 3512/3512
f 3595/3595 3514/3514 3513/3513
f 3594/3594 3595/3595 3513/3513
f 3596/3596 3515/3515 3514/3514
f 3595/3595 3596/3596 3514/3514
f 3597/3597 3516/3516 3515/3515
f 3596/3596 3597/3597 3515/3515
f 3598/3598 3517/3517 3516/3516
f 3597/3597 3598/3598 3516/3516
f 3599/3599 3518/3518 3517/3517
f 3598/3598 3599/3599 3517/3517
f 3600/3600 3519/3519 3518/3518
f 3599/3599 3600/3600 3518/3518
f 3601/3601 3520/3520 3519/3519
f 3600/3600 3601/3601 3519/3519
f 3602/3602 3521/3521 3520/3520
f 3601/3601 3602/3602 3520/3520
f 3603/3603 3522/3522 3521/3521
f 3602/3602 3603/3603 3521/3521
f 3604/3604 3523/3523 3522/3522
f 3603/3603 3604/3604 3522/3522
f 3605/3605 3524/3524 3523/3523
f 3604/3604 3605/3605 3523/3523
f 3606/3606 3525/3525 3524/3524
f 3605/3605 3606/3606 3524/3524
f 3607/3607 3526/3526 3525/3525
f 3606/3606 3607/3607 3525/3525
f 3608/3608 3527/3527 3526/3526
f 3607/3607 3608/3608 3526/3526
f 3609/3609 3528/3528 3527/3527
f 3608/3608 3609/3609 3527/3527
f 3610/3610 3529/3529 3528/3528
f 3609/3609 3610/3610 3528/3528
f 3611/3611 3530/3530 3529/3529
f 3610/3610 3611/3611 3529/3529
f 3612/3612 3531/3531 3530/3530
f 3611/3611 3612/3612 3530/3530
f 3613/3613 3532/3532 3531/3531
f 3612/3612 3613/3613 3531/3531
f 3614/3614 3533/3533 3532/3532
f 3613/3613 3614/3614 3532/3532
f 3615/3615 3534/3534 3533/3533
f 3614/3614 3615/3615 3533/3533
f 3616/3616 3535/3535 3534/3534
f 3615/3615 3616/3616 3534/3534
f 3617/3617 3536/3536 3535/3535
f 3616/3616 3617/3617 3535/3535
f 3618/3618 3537/3537 3536/3536
f 3617/3617 3618/3618 3536/3536
f 3619/3619 3538/3538 3537/3537
f 3618/3618 3619/3619 3537/3537
f 3620/3620 3539/3539 3538/3538
f 3619/3619 3620/3620 3538/3538
f 3621/3621 3540/3540 3539/3539
f 3620/3620 3621/3621 3539/3539
f 3622/3622 3541/3541 3540/3540
f 3621/3621 3622/3622 3540/3540
f 3623/3623 3542/3542 3541/3541
f 3622/3622 3623/3623 3541/3541
f 3624/3624 3543/3543 3542/3542
f 3623/3623 3624/3624 3542/3542
f 3625/3625 3544/3544 3543/3543
f 3624/3624 3625/3625 3543/3543
f 3626/3626 3545/3545 3544/3544
f 3625/3625 3626/3626 3544/3544
f 3627/3627 3546/3546 3545/3545
f 3626/3626 3627/3627 3545/3545
f 3628/3628 3547/3547 3546/3546
f 3627/3627 3628/3628 3546/3546
f 3629/3629 3548/3548 3547/3547
f 3628/3628 3629/3629 3547/3547
f 3630/3630 3549/3549 3548/3548
f 3629/3629 3630/3630 3548/3548
f 3631/3631 3550/3550 3549/3549
f 3630/3630 3631/3631 3549/3549
f 3632/3632 3551/3551 3550/3550
f 3631/3631 3632/3632 3550/3550
f 3633/3633 3552/3552 3551/3551
f 3632/3632 3633/3633 3551/3551
f 3634/3634 3553/3553 3552/3552
f 3633/3633 3634/3634 3552/3552
f 3635/3635 3554/3554 3553/3553
f 3634/3634 3635/3635 3553/3553
f 3636/3636 3555/3555 3554/3554
f 3635/3635 3636/3636 3554/3554
f 3637/3637 3556/3556 3555/3555
f 3636/3636 3637/3637 3555/3555
f 3638/3638 3557/3557 3556/3556
f 3637/3637 3638/3638 3556/3556
f 3639/3639 3558/3558 3557/3557
f 3638/3638 3639/3639 3557/3557
f 3640/3640 3559/3559 3558/3558
f 3639/3639 3640/3640 3558/3558
f 3641/3641 3560/3560 3559/3559
f 3640/3640 3641/3641 3559/3559
f 3642/3642 3561/3561 3560/3560
f 3641/3641 3642/3642 3560/3560
f 3643/3643 3562/3562 3561/3561
f 3642/3642 3643/3643 3561/3561
f 3644/3644 3563/3563 3562/3562
f 3643/3643 3644/3644 3562/3562
f 3645/3645 3564/3564 3563/3563
f 3644/3644 3645/3645 3563/3563
f 3647/3647 3566/3566 3565/3565
f 3646/3646 3647/3647 3565/3565
f 3648/3648 3567/3567 3566/3566
f 3647/3647 3648/3648 3566/3566
f 3649/3649 3568/3568 3567/3567
f 3648/3648 3649/3649 3567/3567
f 3650/3650 3569/3569 3568/3568
f 3649/3649 3650/3650 3568/3568
f 3651/3651 3570/3570 3569/3569
f 3650/3650 3651/3651 3569/3569
f 3652/3652 3571/3571 3570/3570
f 3651/3651 3652/3652 3570/3570
f 3653/3653 3572/3572 3571/3571
f 3652/3652 3653/3653 3571/3571
f 3654/3654 3573/3573 3572/3572
f 3653/3653 3654/3654 3572/3572
f 3655/3655 3574/3574 3573/3573
f 3654/3654 3655/3655 3573/3573
f 3656/3656 3575/3575 3574/3574
f 3655/3655 3656/3656 3574/3574
f 3657/3657 3576/3576 3575/3575
f 3656/3656 3657/3657 3575/3575
f 3658/3658 3577/3577 3576/3576
f 3657/3657 3658/3658 3576/3576
f 3659/3659 3578/3578 3577/3577
f 3658/3658 3659/3659 3577/3577
f 3660/3660 3579/3579 3578/3578
f 3659/3659 3660/3660 3578/3578
f 3661/3661 3580/3580 3579/3579
f 3660/3660 3661/3661 3579/3579
f 3662/3662 3581/3581 3580/3580
f 3661/3661 3662/3662 3580/3580
f 3663/3663 3582/3582 3581/3581
f 3662/3662 3663/3663 3581/3581
f 3664/3664 3583/3583 3582/3582
f 3663/3663 3664/3664 3582/3582
f 3665/3665 3584/3584 3583/3583
f 3664/3664 3665/3665 3583/3583
f 3666/3666 3585/3585 3584/3584
f 3665/3665 3666/3666 3584/3584
f 3667/3667 3586/3586 3585/3585
f 3666/3666 3667/3667 3585/3585
f 3668/3668 3587/3587 3586/3586
f 3667/3667 3668/3668 3586/3586
f 3669/3669 3588/3588 3587/3587
f 3668/3668 3669/3669 3587/3587
f 3670/3670 3589/3589 3588/3588
f 3669/3669 3670/3670 3588/3588
f 3671/3671 3590/3590 3589/3589
f 3670/3670 3671/3671 3589/3589
f 3672/3672 3591/3591 3590/3590
f 3671/3671 3672/3672 3590/3590
f 3673/3673 3592/3592 3591/3591
f 3672/3672 3673/3673 3591/3591
f 3674/3674 3593/3593 3592/3592
f 3673/3673 3674/3674 3592/3592
f 3675/3675 3594/3594 3593/3593
f 3674/3674 3675/3675 3593/3593
f 3676/3676 3595/3595 3594/3594
f 3675/3675 3676/3676 3594/3594
f 3677/3677 3596/3596 3595/3595
f 3676/3676 3677/3677 3595/3595
f 3678/3678 3597/3597 3596/3596
f 3677/3677 3678/3678 3596/3596
f 3679/3679 3598/3598 3597/3597
f 3678/3678 3679/3679 3597/3597
f 3680/3680 3599/3599 3598/3598
f 3679/3679 3680/3680 3598/3598
f 3681/3681 3600/3600 3599/3599
f 3680/3680 3681/3681 3599/3599
f 3682/3682 3601/3601 3600/3600
f 3681/3681 3682/3682 3600/3600
f 3683/3683 3602/3602 3601/3601
f 3682/3682 3683/3683 3601/3601
f 3684/3684 3603/3603 3602/3602
f 3683/3683 3684/3684 3602/3602
f 3685/3685 3604/3604 3603/3603
f 3684/3684 3685/3685 3603/3603
f 3686/3686 3605/3605 3604/3604
f 3685/3685 3686/3686 3604/3604
f 3687/3687 3606/3606 3605/3605
f 3686/3686 3687/3687 3605/3605
f 3688/3688 3607/3607 3606/3606
f 3687/3687 3688/3688 3606/3606
f 3689/3689 3608/3608 3607/3607
f 3688/3688 3689/3689 3607/3607
f 3690/3690 3609/3609 3608/3608
f 3689/3689 3690/3690 3608/3608
f 3691/3691 3610/3610 3609/3609
f 3690/3690 3691/3691 3609/3609
f 3692/3692 3611/3611 3610/3610
f 3691/3691 3692/3692 3610/3610
f 3693/3693 3612/3612 3611/3611
f 3692/3692 3693/3693 3611/3611
f 3694/3694 3613/3613 3612/3612
f 3693/3693 3694/3694 3612/3612
f 3695/3695 3614/3614 3613/3613
f 3694/3694 3695/3695 3613/3613
f 3696/3696 3615/3615 3614/3614
f 3695/3695 3696/3696 3614/3614
f 3697/3697 3616/3616 3615/3615
f 3696/3696 3697/3697 3615/3615
f 3698/3698 3617/3617 3616/3616
f 3697/3697 3698/3698 3616/3616
f 3699/3699 3618/3618 3617/3617
f 3698/3698 3699/3699 3617/3617
f 3700/3700 3619/3619 3618/3618
f 3699/3699 3700/3700 3618/3618
f 3701/3701 3620/3620 3619/3619
f 3700/3700 3701/3701 3619/3619
f 3702/3702 3621/3621 3620/3620
f 3701/3701 3702/3702 3620/3620
f 3703/3703 3622/3622 3621/3621
f 3702/3702 3703/3703 3621/3621
f 3704/3704 3623/3623 3622/3622
f 3703/3703 3704/3704 3622/3622
f 3705/3705 3624/3624 3623/3623
f 3704/3704 3705/3705 3623/3623
f 3706/3706 3625/3625 3624/3624
f 3705/3705 3706/3706 3624/3624
f 3707/3707 3626/3626 3625/3625
f 3706/3706 3707/3707 3625/3625
f 3708/3708 3627/3627 3626/3626
f 3707/3707 3708/3708 3626/3626
f 3709/3709 3628/3628 3627/3627
f 3708/3708 3709/3709 3627/3627
f 3710/3710 3629/3629 3628/3628
f 3709/3709 3710/3710 3628/3628
f 3711/3711 3630/3630 3629/3629
f 3710/3710 3711/3711 3629/3629
f 3712/3712 3631/3631 3630/3630
f 3711/3711 3712/3712 3630/3630
f 3713/3713 3632/3632 3631/3631
f 3712/3712 3713/3713 3631/3631
f 3714/3714 3633/3633 3632/3632
f 3713/3713 3714/3714 3632/3632
f 3715/3715 3634/3634 3633/3633
f 3714/3714 3715/3715 3633/3633
f 3716/3716 3635/3635 3634/3634
f 3715/3715 3716/3716 3634/3634
f 3717/3717 3636/3636 3635/3635
f 3716/3716 3717/3717 3635/3635
f 3718/3718 3637/3637 3636/3636
f 3717/3717 3718/3718 3636/3636
f 3719/3719 3638/3638 3637/3637
f 3718/3718 3719/3719 3637/3637
f 3720/3720 3639/3639 3638/3638
f 3719/3719 3720/3720 3638/3638
f 3721/3721 3640/3640 3639/3639
f 3720/3720 3721/3721 3639/3639
f 3722/3722 3641/3641 3640/3640
f 3721/3721 3722/3722 3640/3640
f 3723/3723 3642/3642 3641/3641
f 3722/3722 3723/3723 3641/3641
f 3724/3724 3643/3643 3642/3642
f 3723/3723 3724/3724 3642/3642
f 3725/3725 3644/3644 3643/3643
f 3724/3724 3725/3725 3643/3643
f 3726/3726 3645/3645 3644/3644
f 3725/3725 3726/3726 3644/3644
f 3728/3728 3647/3647 3646/3646
f 3727/3727 3728/3728 3646/3646
f 3729/3729 3648/3648 3647/3647
f 3728/3728 3729/3729 3647/3647
f 3730/3730 3649/3649 3648/3648
f 3729/3729 3730/3730 3648/3648
f 3731/3731 3650/3650 3649/3649
f 3730/3730 3731/3731 3649/3649
f 3732/3732 3651/3651 3650/3650
f 3731/3731 3732/3732 3650/3650
f 3733/3733 3652/3652 3651/3651
f 3732/3732 3733/3733 3651/3651
f 3734/3734 3653/3653 3652/3652
f 3733/3733 3734/3734 3652/3652
f 3735/3735 3654/3654 3653/3653
f 3734/3734 3735/3735 3653/3653
f 3736/3736 3655/3655 3654/3654
f 3735/3735 3736/3736 3654/3654
f 3737/3737 3656/3656 3655/3655
f 3736/3736 3737/3737 3655/3655
f 3738/3738 3657/3657 3656/3656
f 3737/3737 3738/3738 3656/3656
f 3739/3739 3658/3658 3657/3657
f 3738/3738 3739/3739 3657/3657
f 3740/3740 3659/3659 3658/3658
f 3739/3739 3740/3740 3658/3658
f 3741/3741 3660/3660 3659/3659
f 3740/3740 3741/3741 3659/3659
f 3742/3742 3661/3661 3660/3660
f 3741/3741 3742/3742 3660/3660
f 3743/3743 3662/3662 3661/3661
f 3742/3742 3743/3743 3661/3661
f 3744/3744 3663/3663 3662/3662
f 3743/3743 3744/3744 3662/3662
f 3745/3745 3664/3664 3663/3663
f 3744/3744 3745/3745 3663/3663
f 3746/3746 3665/3665 3664/3664
f 3745/3745 3746/3746 3664/3664
f 3747/3747 3666/3666 3665/3665
f 3746/3746 3747/3747 3665/3665
f 3748/3748 3667/3667 3666/3666
f 3747/3747 3748/3748 3666/3666
f 3749/3749 3668/3668 3667/3667
f 3748/3748 3749/3749 3667/3667
f 3750/3750 3669/3669 3668/3668
f 3749/3749 3750/3750 3668/3668
f 3751/3751 3670/3670 3669/3669
f 3750/3750 3751/3751 3669/3669
f 3752/3752 3671/3671 3670/3670
f 3751/3751 3752/3752 3670/3670
f 3753/3753 3672/3672 3671/3671
f 3752/3752 3753/3753 3671/3671
f 3754/3754 3673/3673 3672/3672
f 3753/3753 3754/3754 3672/3672
f 3755/3755 3674/3674 3673/3673
f 3754/3754 3755/3755 3673/3673
f 3756/3756 3675/3675 3674/3674
f 3755/3755 3756/3756 3674/3674
f 3757/3757 3676/3676 3675/3675
f 3756/3756 3757/3757 3675/3675
f 3758/3758 3677/3677 3676/3676
f 3757/3757 3758/3758 3676/3676
f 3759/3759 3678/3678 3677/3677
f 3758/3758 3759/3759 3677/3677
f 3760/3760 3679/3679 3678/3678
f 3759/3759 3760/3760 3678/3678
f 3761/3761 3680/3680 3679/3679
f 3760/3760 3761/3761 3679/3679
f 3762/3762 3681/3681 3680/3680
f 3761/3761 3762/3762 3680/3680
f 3763/3763 3682/3682 3681/3681
f 3762/3762 3763/3763 3681/3681
f 3764/3764 3683/3683 3682/3682
f 3763/3763 3764/3764 3682/3682
f 3765/3765 3684/3684 3683/3683
f 3764/3764 3765/3765 3683/3683
f 3766/3766 3685/3685 3684/3684
f 3765/3765 3766/3766 3684/3684
f 3767/3767 3686/3686 3685/3685
f 3766/3766 3767/3767 3685/3685
f 3768/3768 3687/3687 3686/3686
f 3767/3767 3768/3768 3686/3686
f 3769/3769 3688/3688 3687/3687
f 3768/3768 3769/3769 3687/3687
f 3770/3770 3689/3689 3688/3688
f 3769/3769 3770/3770 3688/3688
f 3771/3771 3690/3690 3689/3689
f 3770/3770 3771/3771 3689/3689
f 3772/3772 3691/3691 3690/3690
f 3771/3771 3772/3772 3690/3690
f 3773/3773 3692/3692 3691/3691
f 3772/3772 3773/3773 3691/3691
f 3774/3774 3693/3693 3692/3692
f 3773/3773 3774/3774 3692/3692
f 3775/3775 3694/3694 3693/3693
f 3774/3774 3775/3775 3693/3693
f 3776/3776 3695/3695 3694/3694
f 3775/3775 3776/3776 3694/3694
f 3777/3777 3696/3696 3695/3695
f 3776/3776 3777/3777 3695/3695
f 3778/3778 3697/3697 3696/3696
f 3777/3777 3778/3778 3696/3696
f 3779/3779 3698/3698 3697/3697
f 3778/3778 3779/3779 3697/3697
f 3780/3780 3699/3699 3698/3698
f 3779/3779 3780/3780 3698/3698
f 3781/3781 3700/3700 3699/3699
f 3780/3780 3781/3781 3699/3699
f 3782/3782 3701/3701 3700/3700
f 3781/3781 3782/3782 3700/3700
f 3783/3783 3702/3702 3701/3701
f 3782/3782 3783/3783 3701/3701
f 3784/3784 3703/3703 3702/3702
f 3783/3783 3784/3784 3702/3702
f 3785/3785 3704/3704 3703/3703
f 3784/3784 3785/3785 3703/3703
f 3786/3786 3705/3705 3704/3704
f 3785/3785 3786/3786 3704/3704
f 3787/3787 3706/3706 3705/3705
f 3786/3786 3787/3787 3705/3705
f 3788/3788 3707/3707 3706/3706
f 3787/3787 3788/3788 3706/3706
f 3789/3789 3708/3708 3707/3707
f 3788/3788 3789/3789 3707/3707
f 3790/3790 3709/3709 3708/3708
f 3789/3789 3790/3790 3708/3708
f 3791/3791 3710/3710 3709/3709
f 3790/3790 3791/3791 3709/3709
f 3792/3792 3711/3711 3710/3710
f 3791/3791 3792/3792 3710/3710
f 3793/3793 3712/3712 3711/3711
f 3792/3792 3793/3793 3711/3711
f 3794/3794 3713/3713 3712/3712
f 3793/3793 3794/3794 3712/3712
f 3795/3795 3714/3714 3713/3713
f 3794/3794 3795/3795 3713/3713
f 3796/3796 3715/3715 3714/3714
f 3795/3795 3796/3796 3714/3714
f 3797/3797 3716/3716 3715/3715
f 3796/3796 3797/3797 3715/3715
f 3798/3798 3717/3717 3716/3716
f 3797/3797 3798/3798 3716/3716
f 3799/3799 3718/3718 3717/3717
f 3798/3798 3799/3799 3717/3717
f 3800/3800 3719/3719 3718/3718
f 3799/3799 3800/3800 3718/3718
f 3801/3801 3720/3720 3719/3719
f 3800/3800 3801/3801 3719/3719
f 3802/3802 3721/3721 3720/3720
f 3801/3801 3802/3802 3720/3720
f 3803/3803 3722/3722 3721/3721
f 3802/3802 3803/3803 3721/3721
f 3804/3804 3723/3723 3722/3722
f 3803/3803 3804/3804 3722/3722
f 3805/3805 3724/3724 3723/3723
f 3804/3804 3805/3805 3723/3723
f 3806/3806 3725/3725 3724/3724
f 3805/3805 3806/3806 3724/3724
f 3807/3807 3726/3726 3725/3725
f 3806/3806 3807/3807 3725/3725
f 3809/3809 3728/3728 3727/3727
f 3808/3808 3809/3809 3727/3727
f 3810/3810 3729/3729 3728/3728
f 3809/3809 3810/3810 3728/3728
f 3811/3811 3730/3730 3729/3729
f 3810/3810 3811/3811 3729/3729
f 3812/3812 3731/3731 3730/3730
f 3811/3811 3812/3812 3730/3730
f 3813/3813 3732/3732 3731/3731
f 3812/3812 3813/3813 3731/3731
f 3814/3814 3733/3733 3732/3732
f 3813/3813 3814/3814 3732/3732
f 3815/3815 3734/3734 3733/3733
f 3814/3814 3815/3815 3733/3733
f 3816/3816 3735/3735 3734/3734
f 3815/3815 3816/3816 3734/3734
f 3817/3817 3736/3736 3735/3735
f 3816/3816 3817/3817 3735/3735
f 3818/3818 3737/3737 3736/3736
f 3817/3817 3818/3818 3736/3736
f 3819/3819 3738/3738 3737/3737
f 3818/3818 3819/3819 3737/3737
f 3820/3820 3739/3739 3738/3738
f 3819/3819 3820/3820 3738/3738
f 3821/3821 3740/3740 3739/3739
f 3820/3820 3821/3821 3739/3739
f 3822/3822 3741/3741 3740/3740
f 3821/3821 3822/3822 3740/3740
f 3823/3823 3742/3742 3741/3741
f 3822/3822 3823/3823 3741/3741
f 3824/3824 3743/3743 3742/3742
f 3823/3823 3824/3824 3742/3742
f 3825/3825 3744/3744 3743/3743
f 3824/3824 3825/3825 3743/3743
f 3826/3826 3745/3745 3744/3744
f 3825/3825 3826/3826 3744/3744
f 3827/3827 3746/3746 3745/3745
f 3826/3826 3827/3827 3745/3745
f 3828/3828 3747/3747 3746/3746
f 3827/3827 3828/3828 3746/3746
f 3829/3829 3748/3748 3747/3747
f 3828/3828 3829/3829 3747/3747
f 3830/3830 3749/3749 3748/3748
f 3829/3829 3830/3830 3748/3748
f 3831/3831 3750/3750 3749/3749
f 3830/3830 3831/3831 3749/3749
f 3832/3832 3751/3751 3750/3750
f 3831/3831 3832/3832 3750/3750
f 3833/3833 3752/3752 3751/3751
f 3832/3832 3833/3833 3751/3751
f 3834/3834 3753/3753 3752/3752
f 3833/3833 3834/3834 3752/3752
f 3835/3835 3754/3754 3753/3753
f 3834/3834 3835/3835 3753/3753
f 3836/3836 3755/3755 3754/3754
f 3835/3835 3836/3836 3754/3754
f 3837/3837 3756/3756 3755/3755
f 3836/3836 3837/3837 3755/3755
f 3838/3838 3757/3757 3756/3756
f 3837/3837 3838/3838 3756/3756
f 3839/3839 3758/3758 3757/3757
f 3838/3838 3839/3839 3757/3757
f 3840/3840 3759/3759 3758/3758
f 3839/3839 3840/3840 3758/3758
f 3841/3841 3760/3760 3759/3759
f 3840/3840 3841/3841 3759/3759
f 3842/3842 3761/3761 3760/3760
f 3841/3841 3842/3842 3760/3760
f 3843/3843 3762/3762 3761/3761
f 3842/3842 3843/3843 3761/3761
f 3844/3844 3763/3763 3762/3762
f 3843/3843 3844/3844 3762/3762
f 3845/3845 3764/3764 3763/3763
f 3844/3844 3845/3845 3763/3763
f 3846/3846 3765/3765 3764/3764
f 3845/3845 3846/3846 3764/3764
f 3847/3847 3766/3766 3765/3765
f 3846/3846 3847/3847 3765/3765
f 3848/3848 3767/3767 3766/3766
f 3847/3847 3848/3848 3766/3766
f 3849/3849 3768/3768 3767/3767
f 3848/3848 3849/3849 3767/3767
f 3850/3850 3769/3769 3768/3768
f 3849/3849 3850/3850 3768/3768
f 3851/3851 3770/3770 3769/3769
f 3850/3850 3851/3851 3769/3769
f 3852/3852 3771/3771 3770/3770
f 3851/3851 3852/3852 3770/3770
f 3853/3853 3772/3772 3771/3771
f 3852/3852 3853/3853 3771/3771
f 3854/3854 3773/3773 3772/3772
f 3853/3853 3854/3854 3772/3772
f 3855/3855 3774/3774 3773/3773
f 3854/3854 3855/3855 3773/3773
f 3856/3856 3775/3775 3774/3774
f 3855/3855 3856/3856 3774/3774
f 3857/3857 3776/3776 3775/3775
f 3856/3856 3857/3857 3775/3775
f 3858/3858 3777/3777 3776/3776
f 3857/3857 3858/3858 3776/3776
f 3859/3859 3778/3778 3777/3777
f 3858/3858 3859/3859 3777/3777
f 3860/3860 3779/3779 3778/3778
f 3859/3859 3860/3860 3778/3778
f 3861/3861 3780/3780 3779/3779
f 3860/3860 3861/3861 3779/3779
f 3862/3862 3781/3781 3780/3780
f 3861/3861 3862/3862 3780/3780
f 3863/3863 3782/3782 3781/3781
f 3862/3862 3863/3863 3781/3781
f 3864/3864 3783/3783 3782/3782
f 3863/3863 3864/3864 3782/3782
f 3865/3865 3784/3784 3783/3783
f 3864/3864 3865/3865 3783/3783
f 3866/3866 3785/3785 3784/3784
f 3865/3865 3866/3866 3784/3784
f 3867/3867 3786/3786 3785/3785
f 3866/3866 3867/3867 3785/3785
f 3868/3868 3787/3787 3786/3786
f 3867/3867 3868/3868 3786/3786
f 3869/3869 3788/3788 3787/3787
f 3868/3868 3869/3869 3787/3787
f 3870/3870 3789/3789 3788/3788
f 3869/3869 3870/3870 3788/3788
f 3871/3871 3790/3790 3789/3789
f 3870/3870 3871/3871 3789/3789
f 3872/3872 3791/3791 3790/3790
f 3871/3871 3872/3872 3790/3790
f 3873/3873 3792/3792 3791/3791
f 3872/3872 3873/3873 3791/3791
f 3874/3874 3793/3793 3792/3792
f 3873/3873 3874/3874 3792/3792
f 3875/3875 3794/3794 3793/3793
f 3874/3874 3875/3875 3793/3793
f 3876/3876 3795/3795 3794/3794
f 3875/3875 3876/3876 3794/3794
f 3877/3877 3796/3796 3795/3795
f 3876/3876 3877/3877 3795/3795
f 3878/3878 3797/3797 3796/3796
f 3877/3877 3878/3878 3796/3796
f 3879/3879 3798/3798 3797/3797
f 3878/3878 3879/3879 3797/3797
f 3880/3880 3799/3799 3798/3798
f 3879/3879 3880/3880 3798/3798
f 3881/3881 3800/3800 3799/3799
f 3880/3880 3881/3881 3799/3799
f 3882/3882 3801/3801 3800/3800
f 3881/3881 3882/3882 3800/3800
f 3883/3883 3802/3802 3801/3801
f 3882/3882 3883/3883 3801/3801
f 3884/3884 3803/3803 3802/3802
f 3883/3883 3884/3884 3802/3802
f 3885/3885 3804/3804 3803/3803
f 3884/3884 3885/3885 3803/3803
f 3886/3886 3805/3805 3804/3804
f 3885/3885 3886/3886 3804/3804
f 3887/3887 3806/3806 3805/3805
f 3886/3886 3887/3887 3805/3805
f 3888/3888 3807/3807 3806/3806
f 3887/3887 3888/3888 3806/3806
f 3890/3890 3809/3809 3808/3808
f 3889/3889 3890/3890 3808/3808
f 3891/3891 3810/3810 3809/3809
f 3890/3890 3891/3891 3809/3809
f 3892/3892 3811/3811 3810/3810
f 3891/3891 3892/3892 3810/3810
f 3893/3893 3812/3812 3811/3811
f 3892/3892 3893/3893 3811/3811
f 3894/3894 3813/3813 3812/3812
f 3893/3893 3894/3894 3812/3812
f 3895/3895 3814/3814 3813/3813
f 3894/3894 3895/3895 3813/3813
f 3896/3896 3815/3815 3814/3814
f 3895/3895 3896/3896 3814/3814
f 3897/3897 3816/3816 3815/3815
f 3896/3896 3897/3897 3815/3815
f 3898/3898 3817/3817 3816/3816
f 3897/3897 3898/3898 3816/3816
f 3899/3899 3818/3818 3817/3817
f 3898/3898 3899/3899 3817/3817
f 3900/3900 3819/3819 3818/3818
f 3899/3899 3900/3900 3818/3818
f 3901/3901 3820/3820 3819/3819
f 3900/3900 3901/3901 3819/3819
f 3902/3902 3821/3821 3820/3820
f 3901/3901 3902/3902 3820/3820
f 3903/3903 3822/3822 3821/3821
f 3902/3902 3903/3903 3821/3821
f 3904/3904 3823/3823 3822/3822
f 3903/3903 3904/3904 3822/3822
f 3905/3905 3824/3824 3823/3823
f 3904/3904 3905/3905 3823/3823
f 3906/3906 3825/3825 3824/3824
f 3905/3905 3906/3906 3824/3824
f 3907/3907 3826/3826 3825/3825
f 3906/3906 3907/3907 3825/3825
f 3908/3908 3827/3827 3826/3826
f 3907/3907 3908/3908 3826/3826
f 3909/3909 3828/3828 3827/3827
f 3908/3908 3909/3909 3827/3827
f 3910/3910 3829/3829 3828/3828
f 3909/3909 3910/3910 3828/3828
f 3911/3911 3830/3830 3829/3829
f 3910/3910 3911/3911 3829/3829
f 3912/3912 3831/3831 3830/3830
f 3911/3911 3912/3912 3830/3830
f 3913/3913 3832/3832 3831/3831
f 3912/3912 3913/3913 3831/3831
f 3914/3914 3833/3833 3832/3832
f 3913/3913 3914/3914 3832/3832
f 3915/3915 3834/3834 3833/3833
f 3914/3914 3915/3915 3833/3833
f 3916/3916 3835/3835 3834/3834
f 3915/3915 3916/3916 3834/3834
f 3917/3917 3836/3836 3835/3835
f 3916/3916 3917/3917 3835/3835
f 3918/3918 3837/3837 3836/3836
f 3917/3917 3918/3918 3836/3836
f 3919/3919 3838/3838 3837/3837
f 3918/3918 3919/3919 3837/3837
f 3920/3920 3839/3839 3838/3838
f 3919/3919 3920/3920 3838/3838
f 3921/3921 3840/3840 3839/3839
f 3920/3920 3921/3921 3839/3839
f 3922/3922 3841/3841 3840/3840
f 3921/3921 3922/3922 3840/3840
f 3923/3923 3842/3842 3841/3841
f 3922/3922 3923/3923 3841/3841
f 3924/3924 3843/3843 3842/3842
f 3923/3923 3924/3924 3842/3842
f 3925/3925 3844/3844 3843/3843
f 3924/3924 3925/3925 3843/3843
f 3926/3926 3845/3845 3844/3844
f 3925/3925 3926/3926 3844/3844
f 3927/3927 3846/3846 3845/3845
f 3926/3926 3927/3927 3845/3845
f 3928/3928 3847/3847 3846/3846
f 3927/3927 3928/3928 3846/3846
f 3929/3929 3848/3848 3847/3847
f 3928/3928 3929/3929 3847/3847
f 3930/3930 3849/3849 3848/3848
f 3929/3929 3930/3930 3848/3848
f 3931/3931 3850/3850 3849/3849
f 3930/3930 3931/3931 3849/3849
f 3932/3932 3851/3851 3850/3850
f 3931/3931 3932/3932 3850/3850
f 3933/3933 3852/3852 3851/3851
f 3932/3932 3933/3933 3851/3851
f 3934/3934 3853/3853 3852/3852
f 3933/3933 3934/3934 3852/3852
f 3935/3935 3854/3854 3853/3853
f 3934/3934 3935/3935 3853/3853
f 3936/3936 3855/3855 3854/3854
f 3935/3935 3936/3936 3854/3854
f 3937/3937 3856/3856 3855/3855
f 3936/3936 3937/3937 3855/3855
f 3938/3938 3857/3857 3856/3856
f 3937/3937 3938/3938 3856/3856
f 3939/3939 3858/3858 3857/3857
f 3938/3938 3939/3939 3857/3857
f 3940/3940 3859/3859 3858/3858
f 3939/3939 3940/3940 3858/3858
f 3941/3941 3860/3860 3859/3859
f 3940/3940 3941/3941 3859/3859
f 3942/3942 3861/3861 3860/3860
f 3941/3941 3942/3942 3860/3860
f 3943/3943 3862/3862 3861/3861
f 3942/3942 3943/3943 3861/3861
f 3944/3944 3863/3863 3862/3862
f 3943/3943 3944/3944 3862/3862
f 3945/3945 3864/3864 3863/3863
f 3944/3944 3945/3945 3863/3863
f 3946/3946 3865/3865 3864/3864
f 3945/3945 3946/3946 3864/3864
f 3947/3947 3866/3866 3865/3865
f 3946/3946 3947/3947 3865/3865
f 3948/3948 3867/3867 3866/3866
f 3947/3947 3948/3948 3866/3866
f 3949/3949 3868/3868 3867/3867
f 3948/3948 3949/3949 3867/3867
f 3950/3950 3869/3869 3868/3868
f 3949/3949 3950/3950 3868/3868
f 3951/3951 3870/3870 3869/3869
f 3950/3950 3951/3951 3869/3869
f 3952/3952 3871/3871 3870/3870
f 3951/3951 3952/3952 3870/3870
f 3953/3953 3872/3872 3871/3871
f 3952/3952 3953/3953 3871/3871
f 3954/3954 3873/3873 3872/3872
f 3953/3953 3954/3954 3872/3872
f 3955/3955 3874/3874 3873/3873
f 3954/3954 3955/3955 3873/3873
f 3956/3956 3875/3875 3874/3874
f 3955/3955 3956/3956 3874/3874
f 3957/3957 3876/3876 3875/3875
f 3956/3956 3957/3957 3875/3875
f 3958/3958 3877/3877 3876/3876
f 3957/3957 3958/3958 3876/3876
f 3959/3959 3878/3878 3877/3877
f 3958/3958 3959/3959 3877/3877
f 3960/3960 3879/3879 3878/3878
f 3959/3959 3960/3960 3878/3878
f 3961/3961 3880/3880 3879/3879
f 3960/3960 3961/3961 3879/3879
f 3962/3962 3881/3881 3880/3880
f 3961/3961 3962/3962 3880/3880
f 3963/3963 3882/3882 3881/3881
f 3962/3962 3963/3963 3881/3881
f 3964/3964 3883/3883 3882/3882
f 3963/3963 3964/3964 3882/3882
f 3965/3965 3884/3884 3883/3883
f 3964/3964 3965/3965 3883/3883
f 3966/3966 3885/3885 3884/3884
f 3965/3965 3966/3966 3884/3884
f 3967/3967 3886/3886 3885/3885
f 3966/3966 3967/3967 3885/3885
f 3968/3968 3887/3887 3886/3886
f 3967/3967 3968/3968 3886/3886
f 3969/3969 3888/3888 3887/3887
f 3968/3968 3969/3969 3887/3887
f 3971/3971 3890/3890 3889/3889
f 3970/3970 3971/3971 3889/3889
f 3972/3972 3891/3891 3890/3890
f 3971/3971 3972/3972 3890/3890
f 3973/3973 3892/3892 3891/3891
f 3972/3972 3973/3973 3891/3891
f 3974/3974 3893/3893 3892/3892
f 3973/3973 3974/3974 3892/3892
f 3975/3975 3894/3894 3893/3893
f 3974/3974 3975/3975 3893/3893
f 3976/3976 3895/3895 3894/3894
f 3975/3975 3976/3976 3894/3894
f 3977/3977 3896/3896 3895/3895
f 3976/3976 3977/3977 3895/3895
f 3978/3978 3897/3897 3896/3896
f 3977/3977 3978/3978 3896/3896
f 3979/3979 3898/3898 3897/3897
f 3978/3978 3979/3979 3897/3897
f 3980/3980 3899/3899 3898/3898
f 3979/3979 3980/3980 3898/3898
f 3981/3981 3900/3900 3899/3899
f 3980/3980 3981/3981 3899/3899
f 3982/3982 3901/3901 3900/3900
f 3981/3981 3982/3982 3900/3900
f 3983/3983 3902/3902 3901/3901
f 3982/3982 3983/3983 3901/3901
f 3984/3984 3903/3903 3902/3902
f 3983/3983 3984/3984 3902/3902
f 3985/3985 3904/3904 3903/3903
f 3984/3984 3985/3985 3903/3903
f 3986/3986 3905/3905 3904/3904
f 3985/3985 3986/3986 3904/3904
f 3987/3987 3906/3906 3905/3905
f 3986/3986 3987/3987 3905/3905
f 3988/3988 3907/3907 3906/3906
f 3987/3987 3988/3988 3906/3906
f 3989/3989 3908/3908 3907/3907
f 3988/3988 3989/3989 3907/3907
f 3990/3990 3909/3909 3908/3908
f 3989/3989 3990/3990 3908/3908
f 3991/3991 3910/3910 3909/3909
f 3990/3990 3991/3991 3909/3909
f 3992/3992 3911/3911 3910/3910
f 3991/3991 3992/3992 3910/3910
f 3993/3993 3912/3912 3911/3911
f 3992/3992 3993/3993 3911/3911
f 3994/3994 3913/3913 3912/3912
f 3993/3993 3994/3994 3912/3912
f 3995/3995 3914/3914 3913/3913
f 3994/3994 3995/3995 3913/3913
f 3996/3996 3915/3915 3914/3914
f 3995/3995 3996/3996 3914/3914
f 3997/3997 3916/3916 3915/3915
f 3996/3996 3997/3997 3915/3915
f 3998/3998 3917/3917 3916/3916
f 3997/3997 3998/3998 3916/3916
f 3999/3999 3918/3918 3917/3917
f 3998/3998 3999/3999 3917/3917
f 4000/4000 3919/3919 3918/3918
f 3999/3999 4000/4000 3918/3918
f 4001/4001 3920/3920 3919/3919
f 4000/4000 4001/4001 3919/3919
f 4002/4002 3921/3921 3920/3920
f 4001/4001 4002/4002 3920/3920
f 4003/4003 3922/3922 3921/3921
f 4002/4002 4003/4003 3921/3921
f 4004/4004 3923/3923 3922/3922
f 4003/4003 4004/4004 3922/3922
f 4005/4005 3924/3924 3923/3923
f 4004/4004 4005/4005 3923/3923
f 4006/4006 3925/3925 3924/3924
f 4005/4005 4006/4006 3924/3924
f 4007/4007 3926/3926 3925/3925
f 4006/4006 4007/4007 3925/3925
f 4008/4008 3927/3927 3926/3926
f 4007/4007 4008/4008 3926/3926
f 4009/4009 3928/3928 3927/3927
f 4008/4008 4009/4009 3927/3927
f 4010/4010 3929/3929 3928/3928
f 4009/4009 4010/4010 3928/3928
f 4011/4011 3930/3930 3929/3929
f 4010/4010 4011/4011 3929/3929
f 4012/4012 3931/3931 3930/3930
f 4011/4011 4012/4012 3930/3930
f 4013/4013 3932/3932 3931/3931
f 4012/4012 4013/4013 3931/3931
f 4014/4014 3933/3933 3932/3932
f 4013/4013 4014/4014 3932/3932
f 4015/4015 3934/3934 3933/3933
f 4014/4014 4015/4015 3933/3933
f 4016/4016 3935/3935 3934/3934
f 4015/4015 4016/4016 3934/3934
f 4017/4017 3936/3936 3935/3935
f 4016/4016 4017/4017 3935/3935
f 4018/4018 3937/3937 3936/3936
f 4017/4017 4018/4018 3936/3936
f 4019/4019 3938/3938 3937/3937
f 4018/4018 4019/4019 3937/3937
f 4020/4020 3939/3939 3938/3938
f 4019/4019 4020/4020 3938/3938
f 4021/4021 3940/3940 3939/3939
f 4020/4020 4021/4021 3939/3939
f 4022/4022 3941/3941 3940/3940
f 4021/4021 4022/4022 3940/3940
f 4023/4023 3942/3942 3941/3941
f 4022/4022 4023/4023 3941/3941
f 4024/4024 3943/3943 3942/3942
f 4023/4023 4024/4024 3942/3942
f 4025/4025 3944/3944 3943/3943
f 4024/4024 4025/4025 3943/3943
f 4026/4026 3945/3945 3944/3944
f 4025/4025 4026/4026 3944/3944
f 4027/4027 3946/3946 3945/3945
f 4026/4026 4027/4027 3945/3945
f 4028/4028 3947/3947 3946/3946
f 4027/4027 4028/4028 3946/3946
f 4029/4029 3948/3948 3947/3947
f 4028/4028 4029/4029 3947/3947
f 4030/4030 3949/3949 3948/3948
f 4029/4029 4030/4030 3948/3948
f 4031/4031 3950/3950 3949/3949
f 4030/4030 4031/4031 3949/3949
f 4032/4032 3951/3951 3950/3950
f 4031/4031 4032/4032 3950/3950
f 4033/4033 3952/3952 3951/3951
f 4032/4032 4033/4033 3951/3951
f 4034/4034 3953/3953 3952/3952
f 4033/4033 4034/4034 3952/3952
f 4035/4035 3954/3954 3953/3953
f 4034/4034 4035/4035 3953/3953
f 4036/4036 3955/3955 3954/3954
f 4035/4035 4036/4036 3954/3954
f 4037/4037 3956/3956 3955/3955
f 4036/4036 4037/4037 3955/3955
f 4038/4038 3957/3957 3956/3956
f 4037/4037 4038/4038 3956/3956
f 4039/4039 3958/3958 3957/3957
f 4038/4038 4039/4039 3957/3957
f 4040/4040 3959/3959 3958/3958
f 4039/4039 4040/4040 3958/3958
f 4041/4041 3960/3960 3959/3959
f 4040/4040 4041/4041 3959/3959
f 4042/4042 3961/3961 3960/3960
f 4041/4041 4042/4042 3960/3960
f 4043/4043 3962/3962 3961/3961
f 4042/4042 4043/4043 3961/3961
f 4044/4044 3963/3963 3962/3962
f 4043/4043 4044/4044 3962/3962
f 4045/4045 3964/3964 3963/3963
f 4044/4044 4045/4045 3963/3963
f 4046/4046 3965/3965 3964/3964
f 4045/4045 4046/4046 3964/3964
f 4047/4047 3966/3966 3965/3965
f 4046/4046 4047/4047 3965/3965
f 4048/4048 3967/3967 3966/3966
f 4047/4047 4048/4048 3966/3966
f 4049/4049 3968/3968 3967/3967
f 4048/4048 4049/4049 3967/3967
f 4050/4050 3969/3969 3968/3968
f 4049/4049 4050/4050 3968/3968
f 4052/4052 3971/3971 3970/3970
f 4051/4051 4052/4052 3970/3970
f 4053/4053 3972/3972 3971/3971
f 4052/4052 4053/4053 3971/3971
f 4054/4054 3973/3973 3972/3972
f 4053/4053 4054/4054 3972/3972
f 4055/4055 3974/3974 3973/3973
f 4054/4054 4055/4055 3973/3973
f 4056/4056 3975/3975 3974/3974
f 4055/4055 4056/4056 3974/3974
f 4057/4057 3976/3976 3975/3975
f 4056/4056 4057/4057 3975/3975
f 4058/4058 3977/3977 3976/3976
f 4057/4057 4058/4058 3976/3976
f 4059/4059 3978/3978 3977/3977
f 4058/4058 4059/4059 3977/3977
f 4060/4060 3979/3979 3978/3978
f 4059/4059 4060/4060 3978/3978
f 4061/4061 3980/3980 3979/3979
f 4060/4060 4061/4061 3979/3979
f 4062/4062 3981/3981 3980/3980
f 4061/4061 4062/4062 3980/3980
f 4063/4063 3982/3982 3981/3981
f 4062/4062 4063/4063 3981/3981
f 4064/4064 3983/3983 3982/3982
f 4063/4063 4064/4064 3982/3982
f 4065/4065 3984/3984 3983/3983
f 4064/4064 4065/4065 3983/3983
f 4066/4066 3985/3985 3984/3984
f 4065/4065 4066/4066 3984/3984
f 4067/4067 3986/3986 3985/3985
f 4066/4066 4067/4067 3985/3985
f 4068/4068 3987/3987 3986/3986
f 4067/4067 4068/4068 3986/3986
f 4069/4069 3988/3988 3987/3987
f 4068/4068 4069/4069 3987/3987
f 4070/4070 3989/3989 3988/3988
f 4069/4069 4070/4070 3988/3988
f 4071/4071 3990/3990 3989/3989
f 4070/4070 4071/4071 3989/3989
f 4072/4072 3991/3991 3990/3990
f 4071/4071 4072/4072 3990/3990
f 4073/4073 3992/3992 3991/3991
f 4072/4072 4073/4073 3991/3991
f 4074/4074 3993/3993 3992/3992
f 4073/4073 4074/4074 3992/3992
f 4075/4075 3994/3994 3993/3993
f 4074/4074 4075/4075 3993/3993
f 4076/4076 3995/3995 3994/3994
f 4075/4075 4076/4076 3994/3994
f 4077/4077 3996/3996 3995/3995
f 4076/4076 4077/4077 3995/3995
f 4078/4078 3997/3997 3996/3996
f 4077/4077 4078/4078 3996/3996
f 4079/4079 3998/3998 3997/3997
f 4078/4078 4079/4079 3997/3997
f 4080/4080 3999/3999 3998/3998
f 4079/4079 4080/4080 3998/3998
f 4081/4081 4000/4000 3999/3999
f 4080/4080 4081/4081 3999/3999
f 4082/4082 4001/4001 4000/4000
f 4081/4081 4082/4082 4000/4000
f 4083/4083 4002/4002 4001/4001
f 4082/4082 4083/4083 4001/4001
f 4084/4084 4003/4003 4002/4002
f 4083/4083 4084/4084 4002/4002
f 4085/4085 4004/4004 4003/4003
f 4084/4084 4085/4085 4003/4003
f 4086/4086 4005/4005 4004/4004
f 4085/4085 4086/4086 4004/4004
f 4087/4087 4006/4006 4005/4005
f 4086/4086 4087/4087 4005/4005
f 4088/4088 4007/4007 4006/4006
f 4087/4087 4088/4088 4006/4006
f 4089/4089 4008/4008 4007/4007
f 4088/4088 4089/4089 4007/4007
f 4090/4090 4009/4009 4008/4008
f 4089/4089 4090/4090 4008/4008
f 4091/4091 4010/4010 4009/4009
f 4090/4090 4091/4091 4009/4009
f 4092/4092 4011/4011 4010/4010
f 4091/4091 4092/4092 4010/4010
f 4093/4093 4012/4012 4011/4011
f 4092/4092 4093/4093 4011/4011
f 4094/4094 4013/4013 4012/4012
f 4093/4093 4094/4094 4012/4012
f 4095/4095 4014/4014 4013/4013
f 4094/4094 4095/4095 4013/4013
f 4096/4096 4015/4015 4014/4014
f 4095/4095 4096/4096 4014/4014
f 4097/4097 4016/4016 4015/4015
f 4096/4096 4097/4097 4015/4015
f 4098/4098 4017/4017 4016/4016
f 4097/4097 4098/4098 4016/4016
f 4099/4099 4018/4018 4017/4017
f 4098/4098 4099/4099 4017/4017
f 4100/4100 4019/4019 4018/4018
f 4099/4099 4100/4100 4018/4018
f 4101/4101 4020/4020 4019/4019
f 4100/4100 4101/4101 4019/4019
f 4102/4102 4021/4021 4020/4020
f 4101/4101 4102/4102 4020/4020
f 4103/4103 4022/4022 4021/4021
f 4102/4102 4103/4103 4021/4021
f 4104/4104 4023/4023 4022/4022
f 4103/4103 4104/4104 4022/4022
f 4105/4105 4024/4024 4023/4023
f 4104/4104 4105/4105 4023/4023
f 4106/4106 4025/4025 4024/4024
f 4105/4105 4106/4106 4024/4024
f 4107/4107 4026/4026 4025/4025
f 4106/4106 4107/4107 4025/4025
f 4108/4108 4027/4027 4026/4026
f 4107/4107 4108/4108 4026/4026
f 4109/4109 4028/4028 4027/4027
f 4108/4108 4109/4109 4027/4027
f 4110/4110 4029/4029 4028/4028
f 4109/4109 4110/4110 4028/4028
f 4111/4111 4030/4030 4029/4029
f 4110/4110 4111/4111 4029/4029
f 4112/4112 4031/4031 4030/4030
f 4111/4111 4112/4112 4030/4030
f 4113/4113 4032/4032 4031/4031
f 4112/4112 4113/4113 4031/4031
f 4114/4114 4033/4033 4032/4032
f 4113/4113 4114/4114 4032/4032
f 4115/4115 4034/4034 4033/4033
f 4114/4114 4115/4115 4033/4033
f 4116/4116 4035/4035 4034/4034
f 4115/4115 4116/4116 4034/4034
f 4117/4117 4036/4036 4035/4035
f 4116/4116 4117/4117 4035/4035
f 4118/4118 4037/4037 4036/4036
f 4117/4117 4118/4118 4036/4036
f 4119/4119 4038/4038 4037/4037
f 4118/4118 4119/4119 4037/4037
f 4120/4120 4039/4039 4038/4038
f 4119/4119 4120/4120 4038/4038
f 4121/4121 4040/4040 4039/4039
f 4120/4120 4121/4121 4039/4039
f 4122/4122 4041/4041 4040/4040
f 4121/4121 4122/4122 4040/4040
f 4123/4123 4042/4042 4041/4041
f 4122/4122 4123/4123 4041/4041
f 4124/4124 4043/4043 4042/4042
f 4123/4123 4124/4124 4042/4042
f 4125/4125 4044/4044 4043/4043
f 4124/4124 4125/4125 4043/4043
f 4126/4126 4045/4045 4044/4044
f 4125/4125 4126/4126 4044/4044
f 4127/4127 4046/4046 4045/4045
f 4126/4126 4127/4127 4045/4045
f 4128/4128 4047/4047 4046/4046
f 4127/4127 4128/4128 4046/4046
f 4129/4129 4048/4048 4047/4047
f 4128/4128 4129/4129 4047/4047
f 4130/4130 4049/4049 4048/4048
f 4129/4129 4130/4130 4048/4048
f 4131/4131 4050/4050 4049/4049
f 4130/4130 4131/4131 4049/4049
f 4133/4133 4052/4052 4051/4051
f 4132/4132 4133/4133 4051/4051
f 4134/4134 4053/4053 4052/4052
f 4133/4133 4134/4134 4052/4052
f 4135/4135 4054/4054 4053/4053
f 4134/4134 4135/4135 4053/4053
f 4136/4136 4055/4055 4054/4054
f 4135/4135 4136/4136 4054/4054
f 4137/4137 4056/4056 4055/4055
f 4136/4136 4137/4137 4055/4055
f 4138/4138 4057/4057 4056/4056
f 4137/4137 4138/4138 4056/4056
f 4139/4139 4058/4058 4057/4057
f 4138/4138 4139/4139 4057/4057
f 4140/4140 4059/4059 4058/4058
f 4139/4139 4140/4140 4058/4058
f 4141/4141 4060/4060 4059/4059
f 4140/4140 4141/4141 4059/4059
f 4142/4142 4061/4061 4060/4060
f 4141/4141 4142/4142 4060/4060
f 4143/4143 4062/4062 4061/4061
f 4142/4142 4143/4143 4061/4061
f 4144/4144 4063/4063 4062/4062
f 4143/4143 4144/4144 4062/4062
f 4145/4145 4064/4064 4063/4063
f 4144/4144 4145/4145 4063/4063
f 4146/4146 4065/4065 4064/4064
f 4145/4145 4146/4146 4064/4064
f 4147/4147 4066/4066 4065/4065
f 4146/4146 4147/4147 4065/4065
f 4148/4148 4067/4067 4066/4066
f 4147/4147 4148/4148 4066/4066
f 4149/4149 4068/4068 4067/4067
f 4148/4148 4149/4149 4067/4067
f 4150/4150 4069/4069 4068/4068
f 4149/4149 4150/4150 4068/4068
f 4151/4151 4070/4070 4069/4069
f 4150/4150 4151/4151 4069/4069
f 4152/4152 4071/4071 4070/4070
f 4151/4151 4152/4152 4070/4070
f 4153/4153 4072/4072 4071/4071
f 4152/4152 4153/4153 4071/4071
f 4154/4154 4073/4073 4072/4072
f 4153/4153 4154/4154 4072/4072
f 4155/4155 4074/4074 4073/4073
f 4154/4154 4155/4155 4073/4073
f 4156/4156 4075/4075 4074/4074
f 4155/4155 4156/4156 4074/4074
f 4157/4157 4076/4076 4075/4075
f 4156/4156 4157/4157 4075/4075
f 4158/4158 4077/4077 4076/4076
f 4157/4157 4158/4158 4076/4076
f 4159/4159 4078/4078 4077/4077
f 4158/4158 4159/4159 4077/4077
f 4160/4160 4079/4079 4078/4078
f 4159/4159 4160/4160 4078/4078
f 4161/4161 4080/4080 4079/4079
f 4160/4160 4161/4161 4079/4079
f 4162/4162 4081/4081 4080/4080
f 4161/4161 4162/4162 4080/4080
f 4163/4163 4082/4082 4081/4081
f 4162/4162 4163/4163 4081/4081
f 4164/4164 4083/4083 4082/4082
f 4163/4163 4164/4164 4082/4082
f 4165/4165 4084/4084 4083/4083
f 4164/4164 4165/4165 4083/4083
f 4166/4166 4085/4085 4084/4084
f 4165/4165 4166/4166 4084/4084
f 4167/4167 4086/4086 4085/4085
f 4166/4166 4167/4167 4085/4085
f 4168/4168 4087/4087 4086/4086
f 4167/4167 4168/4168 4086/4086
f 4169/4169 4088/4088 4087/4087
f 4168/4168 4169/4169 4087/4087
f 4170/4170 4089/4089 4088/4088
f 4169/4169 4170/4170 4088/4088
f 4171/4171 4090/4090 4089/4089
f 4170/4170 4171/4171 4089/4089
f 4172/4172 4091/4091 4090/4090
f 4171/4171 4172/4172 4090/4090
f 4173/4173 4092/4092 4091/4091
f 4172/4172 4173/4173 4091/4091
f 4174/4174 4093/4093 4092/4092
f 4173/4173 4174/4174 4092/4092
f 4175/4175 4094/4094 4093/4093
f 4174/4174 4175/4175 4093/4093
f 4176/4176 4095/4095 4094/4094
f 4175/4175 4176/4176 4094/4094
f 4177/4177 4096/4096 4095/4095
f 4176/4176 4177/4177 4095/4095
f 4178/4178 4097/4097 4096/4096
f 4177/4177 4178/4178 4096/4096
f 4179/4179 4098/4098 4097/4097
f 4178/4178 4179/4179 4097/4097
f 4180/4180 4099/4099 4098/4098
f 4179/4179 4180/4180 4098/4098
f 4181/4181 4100/4100 4099/4099
f 4180/4180 4181/4181 4099/4099
f 4182/4182 4101/4101 4100/4100
f 4181/4181 4182/4182 4100/4100
f 4183/4183 4102/4102 4101/4101
f 4182/4182 4183/4183 4101/4101
f 4184/4184 4103/4103 4102/4102
f 4183/4183 4184/4184 4102/4102
f 4185/4185 4104/4104 4103/4103
f 4184/4184 4185/4185 4103/4103
f 4186/4186 4105/4105 4104/4104
f 4185/4185 4186/4186 4104/4104
f 4187/4187 4106/4106 4105/4105
f 4186/4186 4187/4187 4105/4105
f 4188/4188 4107/4107 4106/4106
f 4187/4187 4188/4188 4106/4106
f 4189/4189 4108/4108 4107/4107
f 4188/4188 4189/4189 4107/4107
f 4190/4190 4109/4109 4108/4108
f 4189/4189 4190/4190 4108/4108
f 4191/4191 4110/4110 4109/4109
f 4190/4190 4191/4191 4109/4109
f 4192/4192 4111/4111 4110/4110
f 4191/4191 4192/4192 4110/4110
f 4193/4193 4112/4112 4111/4111
f 4192/4192 4193/4193 4111/4111
f 4194/4194 4113/4113 4112/4112
f 4193/4193 4194/4194 4112/4112
f 4195/4195 4114/4114 4113/4113
f 4194/4194 4195/4195 4113/4113
f 4196/4196 4115/4115 4114/4114
f 4195/4195 4196/4196 4114/4114
f 4197/4197 4116/4116 4115/4115
f 4196/4196 4197/4197 4115/4115
f 4198/4198 4117/4117 4116/4116
f 4197/4197 4198/4198 4116/4116
f 4199/4199 4118/4118 4117/4117
f 4198/4198 4199/4199 4117/4117
f 4200/4200 4119/4119 4118/4118
f 4199/4199 4200/4200 4118/4118
f 4201/4201 4120/4120 4119/4119
f 4200/4200 4201/4201 4119/4119
f 4202/4202 4121/4121 4120/4120
f 4201/4201 4202/4202 4120/4120
f 4203/4203 4122/4122 4121/4121
f 4202/4202 4203/4203 4121/4121
f 4204/4204 4123/4123 4122/4122
f 4203/4203 4204/4204 4122/4122
f 4205/4205 4124/4124 4123/4123
f 4204/4204 4205/4205 4123/4123
f 4206/4206 4125/4125 4124/4124
f 4205/4205 4206/4206 4124/4124
f 4207/4207 4126/4126 4125/4125
f 4206/4206 4207/4207 4125/4125
f 4208/4208 4127/4127 4126/4126
f 4207/4207 4208/4208 4126/4126
f 4209/4209 4128/4128 4127/4127
f 4208/4208 4209/4209 4127/4127
f 4210/4210 4129/4129 4128/4128
f 4209/4209 4210/4210 4128/4128
f 4211/4211 4130/4130 4129/4129
f 4210/4210 4211/4211 4129/4129
f 4212/4212 4131/4131 4130/4130
f 4211/4211 4212/4212 4130/4130
f 4214/4214 4133/4133 4132/4132
f 4213/4213 4214/4214 4132/4132
f 4215/4215 4134/4134 4133/4133
f 4214/4214 4215/4215 4133/4133
f 4216/4216 4135/4135 4134/4134
f 4215/4215 4216/4216 4134/4134
f 4217/4217 4136/4136 4135/4135
f 4216/4216 4217/4217 4135/4135
f 4218/4218 4137/4137 4136/4136
f 4217/4217 4218/4218 4136/4136
f 4219/4219 4138/4138 4137/4137
f 4218/4218 4219/4219 4137/4137
f 4220/4220 4139/4139 4138/4138
f 4219/4219 4220/4220 4138/4138
f 4221/4221 4140/4140 4139/4139
f 4220/4220 4221/4221 4139/4139
f 4222/4222 4141/4141 4140/4140
f 4221/4221 4222/4222 4140/4140
f 4223/4223 4142/4142 4141/4141
f 4222/4222 4223/4223 4141/4141
f 4224/4224 4143/4143 4142/4142
f 4223/4223 4224/4224 4142/4142
f 4225/4225 4144/4144 4143/4143
f 4224/4224 4225/4225 4143/4143
f 4226/4226 4145/4145 4144/4144
f 4225/4225 4226/4226 4144/4144
f 4227/4227 4146/4146 4145/4145
f 4226/4226 4227/4227 4145/4145
f 4228/4228 4147/4147 4146/4146
f 4227/4227 4228/4228 4146/4146
f 4229/4229 4148/4148 4147/4147
f 4228/4228 4229/4229 4147/4147
f 4230/4230 4149/4149 4148/4148
f 4229/4229 4230/4230 4148/4148
f 4231/4231 4150/4150 4149/4149
f 4230/4230 4231/4231 4149/4149
f 4232/4232 4151/4151 4150/4150
f 4231/4231 4232/4232 4150/4150
f 4233/4233 4152/4152 4151/4151
f 4232/4232 4233/4233 4151/4151
f 4234/4234 4153/4153 4152/4152
f 4233/4233 4234/4234 4152/4152
f 4235/4235 4154/4154 4153/4153
f 4234/4234 4235/4235 4153/4153
f 4236/4236 4155/4155 4154/4154
f 4235/4235 4236/4236 4154/4154
f 4237/4237 4156/4156 4155/4155
f 4236/4236 4237/4237 4155/4155
f 4238/4238 4157/4157 4156/4156
f 4237/4237 4238/4238 4156/4156
f 4239/4239 4158/4158 4157/4157
f 4238/4238 4239/4239 4157/4157
f 4240/4240 4159/4159 4158/4158
f 4239/4239 4240/4240 4158/4158
f 4241/4241 4160/4160 4159/4159
f 4240/4240 4241/4241 4159/4159
f 4242/4242 4161/4161 4160/4160
f 4241/4241 4242/4242 4160/4160
f 4243/4243 4162/4162 4161/4161
f 4242/4242 4243/4243 4161/4161
f 4244/4244 4163/4163 4162/4162
f 4243/4243 4244/4244 4162/4162
f 4245/4245 4164/4164 4163/4163
f 4244/4244 4245/4245 4163/4163
f 4246/4246 4165/4165 4164/4164
f 4245/4245 4246/4246 4164/4164
f 4247/4247 4166/4166 4165/4165
f 4246/4246 4247/4247 4165/4165
f 4248/4248 4167/4167 4166/4166
f 4247/4247 4248/4248 4166/4166
f 4249/4249 4168/4168 4167/4167
f 4248/4248 4249/4249 4167/4167
f 4250/4250 4169/4169 4168/4168
f 4249/4249 4250/4250 4168/4168
f 4251/4251 4170/4170 4169/4169
f 4250/4250 4251/4251 4169/4169
f 4252/4252 4171/4171 4170/4170
f 4251/4251 4252/4252 4170/4170
f 4253/4253 4172/4172 4171/4171
f 4252/4252 4253/4253 4171/4171
f 4254/4254 4173/4173 4172/4172
f 4253/4253 4254/4254 4172/4172
f 4255/4255 4174/4174 4173/4173
f 4254/4254 4255/4255 4173/4173
f 4256/4256 4175/4175 4174/4174
f 4255/4255 4256/4256 4174/4174
f 4257/4257 4176/4176 4175/4175
f 4256/4256 4257/4257 4175/4175
f 4258/4258 4177/4177 4176/4176
f 4257/4257 4258/4258 4176/4176
f 4259/4259 4178/4178 4177/4177
f 4258/4258 4259/4259 4177/4177
f 4260/4260 4179/4179 4178/4178
f 4259/4259 4260/4260 4178/4178
f 4261/4261 4180/4180 4179/4179
f 4260/4260 4261/4261 4179/4179
f 4262/4262 4181/4181 4180/4180
f 4261/4261 4262/4262 4180/4180
f 4263/4263 4182/4182 4181/4181
f 4262/4262 4263/4263 4181/4181
f 4264/4264 4183/4183 4182/4182
f 4263/4263 4264/4264 4182/4182
f 4265/4265 4184/4184 4183/4183
f 4264/4264 4265/4265 4183/4183
f 4266/4266 4185/4185 4184/4184
f 4265/4265 4266/4266 4184/4184
f 4267/4267 4186/4186 4185/4185
f 4266/4266 4267/4267 4185/4185
f 4268/4268 4187/4187 4186/4186
f 4267/4267 4268/4268 4186/4186
f 4269/4269 4188/4188 4187/4187
f 4268/4268 4269/4269 4187/4187
f 4270/4270 4189/4189 4188/4188
f 4269/4269 4270/4270 4188/4188
f 4271/4271 4190/4190 4189/4189
f 4270/4270 4271/4271 4189/4189
f 4272/4272 4191/4191 4190/4190
f 4271/4271 4272/4272 4190/4190
f 4273/4273 4192/4192 4191/4191
f 4272/4272 4273/4273 4191/4191
f 4274/4274 4193/4193 4192/4192
f 4273/4273 4274/4274 4192/4192
f 4275/4275 4194/4194 4193/4193
f 4274/4274 4275/4275 4193/4193
f 4276/4276 4195/4195 4194/4194
f 4275/4275 4276/4276 4194/4194
f 4277/4277 4196/4196 4195/4195
f 4276/4276 4277/4277 4195/4195
f 4278/4278 4197/4197 4196/4196
f 4277/4277 4278/4278 4196/4196
f 4279/4279 4198/4198 4197/4197
f 4278/4278 4279/4279 4197/4197
f 4280/4280 4199/4199 4198/4198
f 4279/4279 4280/4280 4198/4198
f 4281/4281 4200/4200 4199/4199
f 4280/4280 4281/4281 4199/4199
f 4282/4282 4201/4201 4200/4200
f 4281/4281 4282/4282 4200/4200
f 4283/4283 4202/4202 4201/4201
f 4282/4282 4283/4283 4201/4201
f 4284/4284 4203/4203 4202/4202
f 4283/4283 4284/4284 4202/4202
f 4285/4285 4204/4204 4203/4203
f 4284/4284 4285/4285 4203/4203
f 4286/4286 4205/4205 4204/4204
f 4285/4285 4286/4286 4204/4204
f 4287/4287 4206/4206 4205/4205
f 4286/4286 4287/4287 4205/4205
f 4288/4288 4207/4207 4206/4206
f 4287/4287 4288/4288 4206/4206
f 4289/4289 4208/4208 4207/4207
f 4288/4288 4289/4289 4207/4207
f 4290/4290 4209/4209 4208/4208
f 4289/4289 4290/4290 4208/4208
f 4291/4291 4210/4210 4209/4209
f 4290/4290 4291/4291 4209/4209
f 4292/4292 4211/4211 4210/4210
f 4291/4291 4292/4292 4210/4210
f 4293/4293 4212/4212 4211/4211
f 4292/4292 4293/4293 4211/4211
f 4295/4295 4214/4214 4213/4213
f 4294/4294 4295/4295 4213/4213
f 4296/4296 4215/4215 4214/4214
f 4295/4295 4296/4296 4214/4214
f 4297/4297 4216/4216 4215/4215
f 4296/4296 4297/4297 4215/4215
f 4298/4298 4217/4217 4216/4216
f 4297/4297 4298/4298 4216/4216
f 4299/4299 4218/4218 4217/4217
f 4298/4298 4299/4299 4217/4217
f 4300/4300 4219/4219 4218/4218
f 4299/4299 4300/4300 4218/4218
f 4301/4301 4220/4220 4219/4219
f 4300/4300 4301/4301 4219/4219
f 4302/4302 4221/4221 4220/4220
f 4301/4301 4302/4302 4220/4220
f 4303/4303 4222/4222 4221/4221
f 4302/4302 4303/4303 4221/4221
f 4304/4304 4223/4223 4222/4222
f 4303/4303 4304/4304 4222/4222
f 4305/4305 4224/4224 4223/4223
f 4304/4304 4305/4305 4223/4223
f 4306/4306 4225/4225 4224/4224
f 4305/4305 4306/4306 4224/4224
f 4307/4307 4226/4226 4225/4225
f 4306/4306 4307/4307 4225/4225
f 4308/4308 4227/4227 4226/4226
f 4307/4307 4308/4308 4226/4226
f 4309/4309 4228/4228 4227/4227
f 4308/4308 4309/4309 4227/4227
f 4310/4310 4229/4229 4228/4228
f 4309/4309 4310/4310 4228/4228
f 4311/4311 4230/4230 4229/4229
f 4310/4310 4311/4311 4229/4229
f 4312/4312 4231/4231 4230/4230
f 4311/4311 4312/4312 4230/4230
f 4313/4313 4232/4232 4231/4231
f 4312/4312 4313/4313 4231/4231
f 4314/4314 4233/4233 4232/4232
f 4313/4313 4314/4314 4232/4232
f 4315/4315 4234/4234 4233/4233
f 4314/4314 4315/4315 4233/4233
f 4316/4316 4235/4235 4234/4234
f 4315/4315 4316/4316 4234/4234
f 4317/4317 4236/4236 4235/4235
f 4316/4316 4317/4317 4235/4235
f 4318/4318 4237/4237 4236/4236
f 4317/4317 4318/4318 4236/4236
f 4319/4319 4238/4238 4237/4237
f 4318/4318 4319/4319 4237/4237
f 4320/4320 4239/4239 4238/4238
f 4319/4319 4320/4320 4238/4238
f 4321/4321 4240/4240 4239/4239
f 4320/4320 4321/4321 4239/4239
f 4322/4322 4241/4241 4240/4240
f 4321/4321 4322/4322 4240/4240
f 4323/4323 4242/4242 4241/4241
f 4322/4322 4323/4323 4241/4241
f 4324/4324 4243/4243 4242/4242
f 4323/4323 4324/4324 4242/4242
f 4325/4325 4244/4244 4243/4243
f 4324/4324 4325/4325 4243/4243
f 4326/4326 4245/4245 4244/4244
f 4325/4325 4326/4326 4244/4244
f 4327/4327 4246/4246 4245/4245
f 4326/4326 4327/4327 4245/4245
f 4328/4328 4247/4247 4246/4246
f 4327/4327 4328/4328 4246/4246
f 4329/4329 4248/4248 4247/4247
f 4328/4328 4329/4329 4247/4247
f 4330/4330 4249/4249 4248/4248
f 4329/4329 4330/4330 4248/4248
f 4331/4331 4250/4250 4249/4249
f 4330/4330 4331/4331 4249/4249
f 4332/4332 4251/4251 4250/4250
f 4331/4331 4332/4332 4250/4250
f 4333/4333 4252/4252 4251/4251
f 4332/4332 4333/4333 4251/4251
f 4334/4334 4253/4253 4252/4252
f 4333/4333 4334/4334 4252/4252
f 4335/4335 4254/4254 4253/4253
f 4334/4334 4335/4335 4253/4253
f 4336/4336 4255/4255 4254/4254
f 4335/4335 4336/4336 4254/4254
f 4337/4337 4256/4256 4255/4255
f 4336/4336 4337/4337 4255/4255
f 4338/4338 4257/4257 4256/4256
f 4337/4337 4338/4338 4256/4256
f 4339/4339 4258/4258 4257/4257
f 4338/4338 4339/4339 4257/4257
f 4340/4340 4259/4259 4258/4258
f 4339/4339 4340/4340 4258/4258
f 4341/4341 4260/4260 4259/4259
f 4340/4340 4341/4341 4259/4259
f 4342/4342 4261/4261 4260/4260
f 4341/4341 4342/4342 4260/4260
f 4343/4343 4262/4262 4261/4261
f 4342/4342 4343/4343 4261/4261
f 4344/4344 4263/4263 4262/4262
f 4343/4343 4344/4344 4262/4262
f 4345/4345 4264/4264 4263/4263
f 4344/4344 4345/4345 4263/4263
f 4346/4346 4265/4265 4264/4264
f 4345/4345 4346/4346 4264/4264
f 4347/4347 4266/4266 4265/4265
f 4346/4346 4347/4347 4265/4265
f 4348/4348 4267/4267 4266/4266
f 4347/4347 4348/4348 4266/4266
f 4349/4349 4268/4268 4267/4267
f 4348/4348 4349/4349 4267/4267
f 4350/4350 4269/4269 4268/4268
f 4349/4349 4350/4350 4268/4268
f 4351/4351 4270/4270 4269/4269
f 4350/4350 4351/4351 4269/4269
f 4352/4352 4271/4271 4270/4270
f 4351/4351 4352/4352 4270/4270
f 4353/4353 4272/4272 4271/4271
f 4352/4352 4353/4353 4271/4271
f 4354/4354 4273/4273 4272/4272
f 4353/4353 4354/4354 4272/4272
f 4355/4355 4274/4274 4273/4273
f 4354/4354 4355/4355 4273/4273
f 4356/4356 4275/4275 4274/4274
f 4355/4355 4356/4356 4274/4274
f 4357/4357 4276/4276 4275/4275
f 4356/4356 4357/4357 4275/4275
f 4358/4358 4277/4277 4276/4276
f 4357/4357 4358/4358 4276/4276
f 4359/4359 4278/4278 4277/4277
f 4358/4358 4359/4359 4277/4277
f 4360/4360 4279/4279 4278/4278
f 4359/4359 4360/4360 4278/4278
f 4361/4361 4280/4280 4279/4279
f 4360/4360 4361/4361 4279/4279
f 4362/4362 4281/4281 4280/4280
f 4361/4361 4362/4362 4280/4280
f 4363/4363 4282/4282 4281/4281
f 4362/4362 4363/4363 4281/4281
f 4364/4364 4283/4283 4282/4282
f 4363/4363 4364/4364 4282/4282
f 4365/4365 4284/4284 4283/4283
f 4364/4364 4365/4365 4283/4283
f 4366/4366 4285/4285 4284/4284
f 4365/4365 4366/4366 4284/4284
f 4367/4367 4286/4286 4285/4285
f 4366/4366 4367/4367 4285/4285
f 4368/4368 4287/4287 4286/4286
f 4367/4367 4368/4368 4286/4286
f 4369/4369 4288/4288 4287/4287
f 4368/4368 4369/4369 4287/4287
f 4370/4370 4289/4289 4288/4288
f 4369/4369 4370/4370 4288/4288
f 4371/4371 4290/4290 4289/4289
f 4370/4370 4371/4371 4289/4289
f 4372/4372 4291/4291 4290/4290
f 4371/4371 4372/4372 4290/4290
f 4373/4373 4292/4292 4291/4291
f 4372/4372 4373/4373 4291/4291
f 4374/4374 4293/4293 4292/4292
f 4373/4373 4374/4374 4292/4292
f 4376/4376 4295/4295 4294/4294
f 4375/4375 4376/4376 4294/4294
f 4377/4377 4296/4296 4295/4295
f 4376/4376 4377/4377 4295/4295
f 4378/4378 4297/4297 4296/4296
f 4377/4377 4378/4378 4296/4296
f 4379/4379 4298/4298 4297/4297
f 4378/4378 4379/4379 4297/4297
f 4380/4380 4299/4299 4298/4298
f 4379/4379 4380/4380 4298/4298
f 4381/4381 4300/4300 4299/4299
f 4380/4380 4381/4381 4299/4299
f 4382/4382 4301/4301 4300/4300
f 4381/4381 4382/4382 4300/4300
f 4383/4383 4302/4302 4301/4301
f 4382/4382 4383/4383 4301/4301
f 4384/4384 4303/4303 4302/4302
f 4383/4383 4384/4384 4302/4302
f 4385/4385 4304/4304 4303/4303
f 4384/4384 4385/4385 4303/4303
f 4386/4386 4305/4305 4304/4304
f 4385/4385 4386/4386 4304/4304
f 4387/4387 4306/4306 4305/4305
f 4386/4386 4387/4387 4305/4305
f 4388/4388 4307/4307 4306/4306
f 4387/4387 4388/4388 4306/4306
f 4389/4389 4308/4308 4307/4307
f 4388/4388 4389/4389 4307/4307
f 4390/4390 4309/4309 4308/4308
f 4389/4389 4390/4390 4308/4308
f 4391/4391 4310/4310 4309/4309
f 4390/4390 4391/4391 4309/4309
f 4392/4392 4311/4311 4310/4310
f 4391/4391 4392/4392 4310/4310
f 4393/4393 4312/4312 4311/4311
f 4392/4392 4393/4393 4311/4311
f 4394/4394 4313/4313 4312/4312
f 4393/4393 4394/4394 4312/4312
f 4395/4395 4314/4314 4313/4313
f 4394/4394 4395/4395 4313/4313
f 4396/4396 4315/4315 4314/4314
f 4395/4395 4396/4396 4314/4314
f 4397/4397 4316/4316 4315/4315
f 4396/4396 4397/4397 4315/4315
f 4398/4398 4317/4317 4316/4316
f 4397/4397 4398/4398 4316/4316
f 4399/4399 4318/4318 4317/4317
f 4398/4398 4399/4399 4317/4317
f 4400/4400 4319/4319 4318/4318
f 4399/4399 4400/4400 4318/4318
f 4401/4401 4320/4320 4319/4319
f 4400/4400 4401/4401 4319/4319
f 4402/4402 4321/4321 4320/4320
f 4401/4401 4402/4402 4320/4320
f 4403/4403 4322/4322 4321/4321
f 4402/4402 4403/4403 4321/4321
f 4404/4404 4323/4323 4322/4322
f 4403/4403 4404/4404 4322/4322
f 4405/4405 4324/4324 4323/4323
f 4404/4404 4405/4405 4323/4323
f 4406/4406 4325/4325 4324/4324
f 4405/4405 4406/4406 4324/4324
f 4407/4407 4326/4326 4325/4325
f 4406/4406 4407/4407 4325/4325
f 4408/4408 4327/4327 4326/4326
f 4407/4407 4408/4408 4326/4326
f 4409/4409 4328/4328 4327/4327
f 4408/4408 4409/4409 4327/4327
f 4410/4410 4329/4329 4328/4328
f 4409/4409 4410/4410 4328/4328
f 4411/4411 4330/4330 4329/4329
f 4410/4410 4411/4411 4329/4329
f 4412/4412 4331/4331 4330/4330
f 4411/4411 4412/4412 4330/4330
f 4413/4413 4332/4332 4331/4331
f 4412/4412 4413/4413 4331/4331
f 4414/4414 4333/4333 4332/4332
f 4413/4413 4414/4414 4332/4332
f 4415/4415 4334/4334 4333/4333
f 4414/4414 4415/4415 4333/4333
f 4416/4416 4335/4335 4334/4334
f 4415/4415 4416/4416 4334/4334
f 4417/4417 4336/4336 4335/4335
f 4416/4416 4417/4417 4335/4335
f 4418/4418 4337/4337 4336/4336
f 4417/4417 4418/4418 4336/4336
f 4419/4419 4338/4338 4337/4337
f 4418/4418 4419/4419 4337/4337
f 4420/4420 4339/4339 4338/4338
f 4419/4419 4420/4420 4338/4338
f 4421/4421 4340/4340 4339/4339
f 4420/4420 4421/4421 4339/4339
f 4422/4422 4341/4341 4340/4340
f 4421/4421 4422/4422 4340/4340
f 4423/4423 4342/4342 4341/4341
f 4422/4422 4423/4423 4341/4341
f 4424/4424 4343/4343 4342/4342
f 4423/4423 4424/4424 4342/4342
f 4425/4425 4344/4344 4343/4343
f 4424/4424 4425/4425 4343/4343
f 4426/4426 4345/4345 4344/4344
f 4425/4425 4426/4426 4344/4344
f 4427/4427 4346/4346 4345/4345
f 4426/4426 4427/4427 4345/4345
f 4428/4428 4347/4347 4346/4346
f 4427/4427 4428/4428 4346/4346
f 4429/4429 4348/4348 4347/4347
f 4428/4428 4429/4429 4347/4347
f 4430/4430 4349/4349 4348/4348
f 4429/4429 4430/4430 4348/4348
f 4431/4431 4350/4350 4349/4349
f 4430/4430 4431/4431 4349/4349
f 4432/4432 4351/4351 4350/4350
f 4431/4431 4432/4432 4350/4350
f 4433/4433 4352/4352 4351/4351
f 4432/4432 4433/4433 4351/4351
f 4434/4434 4353/4353 4352/4352
f 4433/4433 4434/4434 4352/4352
f 4435/4435 4354/4354 4353/4353
f 4434/4434 4435/4435 4353/4353
f 4436/4436 4355/4355 4354/4354
f 4435/4435 4436/4436 4354/4354
f 4437/4437 4356/4356 4355/4355
f 4436/4436 4437/4437 4355/4355
f 4438/4438 4357/4357 4356/4356
f 4437/4437 4438/4438 4356/4356
f 4439/4439 4358/4358 4357/4357
f 4438/4438 4439/4439 4357/4357
f 4440/4440 4359/4359 4358/4358
f 4439/4439 4440/4440 4358/4358
f 4441/4441 4360/4360 4359/4359
f 4440/4440 4441/4441 4359/4359
f 4442/4442 4361/4361 4360/4360
f 4441/4441 4442/4442 4360/4360
f 4443/4443 4362/4362 4361/4361
f 4442/4442 4443/4443 4361/4361
f 4444/4444 4363/4363 4362/4362
f 4443/4443 4444/4444 4362/4362
f 4445/4445 4364/4364 4363/4363
f 4444/4444 4445/4445 4363/4363
f 4446/4446 4365/4365 4364/4364
f 4445/4445 4446/4446 4364/4364
f 4447/4447 4366/4366 4365/4365
f 4446/4446 4447/4447 4365/4365
f 4448/4448 4367/4367 4366/4366
f 4447/4447 4448/4448 4366/4366
f 4449/4449 4368/4368 4367/4367
f 4448/4448 4449/4449 4367/4367
f 4450/4450 4369/4369 4368/4368
f 4449/4449 4450/4450 4368/4368
f 4451/4451 4370/4370 4369/4369
f 4450/4450 4451/4451 4369/4369
f 4452/4452 4371/4371 4370/4370
f 4451/4451 4452/4452 4370/4370
f 4453/4453 4372/4372 4371/4371
f 4452/4452 4453/4453 4371/4371
f 4454/4454 4373/4373 4372/4372
f 4453/4453 4454/4454 4372/4372
f 4455/4455 4374/4374 4373/4373
f 4454/4454 4455/4455 4373/4373
f 4457/4457 4376/4376 4375/4375
f 4456/4456 4457/4457 4375/4375
f 4458/4458 4377/4377 4376/4376
f 4457/4457 4458/4458 4376/4376
f 4459/4459 4378/4378 4377/4377
f 4458/4458 4459/4459 4377/4377
f 4460/4460 4379/4379 4378/4378
f 4459/4459 4460/4460 4378/4378
f 4461/4461 4380/4380 4379/4379
f 4460/4460 4461/4461 4379/4379
f 4462/4462 4381/4381 4380/4380
f 4461/4461 4462/4462 4380/4380
f 4463/4463 4382/4382 4381/4381
f 4462/4462 4463/4463 4381/4381
f 4464/4464 4383/4383 4382/4382
f 4463/4463 4464/4464 4382/4382
f 4465/4465 4384/4384 4383/4383
f 4464/4464 4465/4465 4383/4383
f 4466/4466 4385/4385 4384/4384
f 4465/4465 4466/4466 4384/4384
f 4467/4467 4386/4386 4385/4385
f 4466/4466 4467/4467 4385/4385
f 4468/4468 4387/4387 4386/4386
f 4467/4467 4468/4468 4386/4386
f 4469/4469 4388/4388 4387/4387
f 4468/4468 4469/4469 4387/4387
f 4470/4470 4389/4389 4388/4388
f 4469/4469 4470/4470 4388/4388
f 4471/4471 4390/4390 4389/4389
f 4470/4470 4471/4471 4389/4389
f 4472/4472 4391/4391 4390/4390
f 4471/4471 4472/4472 4390/4390
f 4473/4473 4392/4392 4391/4391
f 4472/4472 4473/4473 4391/4391
f 4474/4474 4393/4393 4392/4392
f 4473/4473 4474/4474 4392/4392
f 4475/4475 4394/4394 4393/4393
f 4474/4474 4475/4475 4393/4393
f 4476/4476 4395/4395 4394/4394
f 4475/4475 4476/4476 4394/4394
f 4477/4477 4396/4396 4395/4395
f 4476/4476 4477/4477 4395/4395
f 4478/4478 4397/4397 4396/4396
f 4477/4477 4478/4478 4396/4396
f 4479/4479 4398/4398 4397/4397
f 4478/4478 4479/4479 4397/4397
f 4480/4480 4399/4399 4398/4398
f 4479/4479 4480/4480 4398/4398
f 4481/4481 4400/4400 4399/4399
f 4480/4480 4481/4481 4399/4399
f 4482/4482 4401/4401 4400/4400
f 4481/4481 4482/4482 4400/4400
f 4483/4483 4402/4402 4401/4401
f 4482/4482 4483/4483 4401/4401
f 4484/4484 4403/4403 4402/4402
f 4483/4483 4484/4484 4402/4402
f 4485/4485 4404/4404 4403/4403
f 4484/4484 4485/4485 4403/4403
f 4486/4486 4405/4405 4404/4404
f 4485/4485 4486/4486 4404/4404
f 4487/4487 4406/4406 4405/4405
f 4486/4486 4487/4487 4405/4405
f 4488/4488 4407/4407 4406/4406
f 4487/4487 4488/4488 4406/4406
f 4489/4489 4408/4408 4407/4407
f 4488/4488 4489/4489 4407/4407
f 4490/4490 4409/4409 4408/4408
f 4489/4489 4490/4490 4408/4408
f 4491/4491 4410/4410 4409/4409
f 4490/4490 4491/4491 4409/4409
f 4492/4492 4411/4411 4410/4410
f 4491/4491 4492/4492 4410/4410
f 4493/4493 4412/4412 4411/4411
f 4492/4492 4493/4493 4411/4411
f 4494/4494 4413/4413 4412/4412
f 4493/4493 4494/4494 4412/4412
f 4495/4495 4414/4414 4413/4413
f 4494/4494 4495/4495 4413/4413
f 4496/4496 4415/4415 4414/4414
f 4495/4495 4496/4496 4414/4414
f 4497/4497 4416/4416 4415/4415
f 4496/4496 4497/4497 4415/4415
f 4498/4498 4417/4417 4416/4416
f 4497/4497 4498/4498 4416/4416
f 4499/4499 4418/4418 4417/4417
f 4498/4498 4499/4499 4417/4417
f 4500/4500 4419/4419 4418/4418
f 4499/4499 4500/4500 4418/4418
f 4501/4501 4420/4420 4419/4419
f 4500/4500 4501/4501 4419/4419
f 4502/4502 4421/4421 4420/4420
f 4501/4501 4502/4502 4420/4420
f 4503/4503 4422/4422 4421/4421
f 4502/4502 4503/4503 4421/4421
f 4504/4504 4423/4423 4422/4422
f 4503/4503 4504/4504 4422/4422
f 4505/4505 4424/4424 4423/4423
f 4504/4504 4505/4505 4423/4423
f 4506/4506 4425/4425 4424/4424
f 4505/4505 4506/4506 4424/4424
f 4507/4507 4426/4426 4425/4425
f 4506/4506 4507/4507 4425/4425
f 4508/4508 4427/4427 4426/4426
f 4507/4507 4508/4508 4426/4426
f 4509/4509 4428/4428 4427/4427
f 4508/4508 4509/4509 4427/4427
f 4510/4510 4429/4429 4428/4428
f 4509/4509 4510/4510 4428/4428
f 4511/4511 4430/4430 4429/4429
f 4510/4510 4511/4511 4429/4429
f 4512/4512 4431/4431 4430/4430
f 4511/4511 4512/4512 4430/4430
f 4513/4513 4432/4432 4431/4431
f 4512/4512 4513/4513 4431/4431
f 4514/4514 4433/4433 4432/4432
f 4513/4513 4514/4514 4432/4432
f 4515/4515 4434/4434 4433/4433
f 4514/4514 4515/4515 4433/4433
f 4516/4516 4435/4435 4434/4434
f 4515/4515 4516/4516 4434/4434
f 4517/4517 4436/4436 4435/4435
f 4516/4516 4517/4517 4435/4435
f 4518/4518 4437/4437 4436/4436
f 4517/4517 4518/4518 4436/4436
f 4519/4519 4438/4438 4437/4437
f 4518/4518 4519/4519 4437/4437
f 4520/4520 4439/4439 4438/4438
f 4519/4519 4520/4520 4438/4438
f 4521/4521 4440/4440 4439/4439
f 4520/4520 4521/4521 4439/4439
f 4522/4522 4441/4441 4440/4440
f 4521/4521 4522/4522 4440/4440
f 4523/4523 4442/4442 4441/4441
f 4522/4522 4523/4523 4441/4441
f 4524/4524 4443/4443 4442/4442
f 4523/4523 4524/4524 4442/4442
f 4525/4525 4444/4444 4443/4443
f 4524/4524 4525/4525 4443/4443
f 4526/4526 4445/4445 4444/4444
f 4525/4525 4526/4526 4444/4444
f 4527/4527 4446/4446 4445/4445
f 4526/4526 4527/4527 4445/4445
f 4528/4528 4447/4447 4446/4446
f 4527/4527 4528/4528 4446/4446
f 4529/4529 4448/4448 4447/4447
f 4528/4528 4529/4529 4447/4447
f 4530/4530 4449/4449 4448/4448
f 4529/4529 4530/4530 4448/4448
f 4531/4531 4450/4450 4449/4449
f 4530/4530 4531/4531 4449/4449
f 4532/4532 4451/4451 4450/4450
f 4531/4531 4532/4532 4450/4450
f 4533/4533 4452/4452 4451/4451
f 4532/4532 4533/4533 4451/4451
f 4534/4534 4453/4453 4452/4452
f 4533/4533 4534/4534 4452/4452
f 4535/4535 4454/4454 4453/4453
f 4534/4534 4535/4535 4453/4453
f 4536/4536 4455/4455 4454/4454
f 4535/4535 4536/4536 4454/4454
f 4538/4538 4457/4457 4456/4456
f 4537/4537 4538/4538 4456/4456
f 4539/4539 4458/4458 4457/4457
f 4538/4538 4539/4539 4457/4457
f 4540/4540 4459/4459 4458/4458
f 4539/4539 4540/4540 4458/4458
f 4541/4541 4460/4460 4459/4459
f 4540/4540 4541/4541 4459/4459
f 4542/4542 4461/4461 4460/4460
f 4541/4541 4542/4542 4460/4460
f 4543/4543 4462/4462 4461/4461
f 4542/4542 4543/4543 4461/4461
f 4544/4544 4463/4463 4462/4462
f 4543/4543 4544/4544 4462/4462
f 4545/4545 4464/4464 4463/4463
f 4544/4544 4545/4545 4463/4463
f 4546/4546 4465/4465 4464/4464
f 4545/4545 4546/4546 4464/4464
f 4547/4547 4466/4466 4465/4465
f 4546/4546 4547/4547 4465/4465
f 4548/4548 4467/4467 4466/4466
f 4547/4547 4548/4548 4466/4466
f 4549/4549 4468/4468 4467/4467
f 4548/4548 4549/4549 4467/4467
f 4550/4550 4469/4469 4468/4468
f 4549/4549 4550/4550 4468/4468
f 4551/4551 4470/4470 4469/4469
f 4550/4550 4551/4551 4469/4469
f 4552/4552 4471/4471 4470/4470
f 4551/4551 4552/4552 4470/4470
f 4553/4553 4472/4472 4471/4471
f 4552/4552 4553/4553 4471/4471
f 4554/4554 4473/4473 4472/4472
f 4553/4553 4554/4554 4472/4472
f 4555/4555 4474/4474 4473/4473
f 4554/4554 4555/4555 4473/4473
f 4556/4556 4475/4475 4474/4474
f 4555/4555 4556/4556 4474/4474
f 4557/4557 4476/4476 4475/4475
f 4556/4556 4557/4557 4475/4475
f 4558/4558 4477/4477 4476/4476
f 4557/4557 4558/4558 4476/4476
f 4559/4559 4478/4478 4477/4477
f 4558/4558 4559/4559 4477/4477
f 4560/4560 4479/4479 4478/4478
f 4559/4559 4560/4560 4478/4478
f 4561/4561 4480/4480 4479/4479
f 4560/4560 4561/4561 4479/4479
f 4562/4562 4481/4481 4480/4480
f 4561/4561 4562/4562 4480/4480
f 4563/4563 4482/4482 4481/4481
f 4562/4562 4563/4563 4481/4481
f 4564/4564 4483/4483 4482/4482
f 4563/4563 4564/4564 4482/4482
f 4565/4565 4484/4484 4483/4483
f 4564/4564 4565/4565 4483/4483
f 4566/4566 4485/4485 4484/4484
f 4565/4565 4566/4566 4484/4484
f 4567/4567 4486/4486 4485/4485
f 4566/4566 4567/4567 4485/4485
f 4568/4568 4487/4487 4486/4486
f 4567/4567 4568/4568 4486/4486
f 4569/4569 4488/4488 4487/4487
f 4568/4568 4569/4569 4487/4487
f 4570/4570 4489/4489 4488/4488
f 4569/4569 4570/4570 4488/4488
f 4571/4571 4490/4490 4489/4489
f 4570/4570 4571/4571 4489/4489
f 4572/4572 4491/4491 4490/4490
f 4571/4571 4572/4572 4490/4490
f 4573/4573 4492/4492 4491/4491
f 4572/4572 4573/4573 4491/4491
f 4574/4574 4493/4493 4492/4492
f 4573/4573 4574/4574 4492/4492
f 4575/4575 4494/4494 4493/4493
f 4574/4574 4575/4575 4493/4493
f 4576/4576 4495/4495 4494/4494
f 4575/4575 4576/4576 4494/4494
f 4577/4577 4496/4496 4495/4495
f 4576/4576 4577/4577 4495/4495
f 4578/4578 4497/4497 4496/4496
f 4577/4577 4578/4578 4496/4496
f 4579/4579 4498/4498 4497/4497
f 4578/4578 4579/4579 4497/4497
f 4580/4580 4499/4499 4498/4498
f 4579/4579 4580/4580 4498/4498
f 4581/4581 4500/4500 4499/4499
f 4580/4580 4581/4581 4499/4499
f 4582/4582 4501/4501 4500/4500
f 4581/4581 4582/4582 4500/4500
f 4583/4583 4502/4502 4501/4501
f 4582/4582 4583/4583 4501/4501
f 4584/4584 4503/4503 4502/4502
f 4583/4583 4584/4584 4502/4502
f 4585/4585 4504/4504 4503/4503
f 4584/4584 4585/4585 4503/4503
f 4586/4586 4505/4505 4504/4504
f 4585/4585 4586/4586 4504/4504
f 4587/4587 4506/4506 4505/4505
f 4586/4586 4587/4587 4505/4505
f 4588/4588 4507/4507 4506/4506
f 4587/4587 4588/4588 4506/4506
f 4589/4589 4508/4508 4507/4507
f 4588/4588 4589/4589 4507/4507
f 4590/4590 4509/4509 4508/4508
f 4589/4589 4590/4590 4508/4508
f 4591/4591 4510/4510 4509/4509
f 4590/4590 4591/4591 4509/4509
f 4592/4592 4511/4511 4510/4510
f 4591/4591 4592/4592 4510/4510
f 4593/4593 4512/4512 4511/4511
f 4592/4592 4593/4593 4511/4511
f 4594/4594 4513/4513 4512/4512
f 4593/4593 4594/4594 4512/4512
f 4595/4595 4514/4514 4513/4513
f 4594/4594 4595/4595 4513/4513
f 4596/4596 4515/4515 4514/4514
f 4595/4595 4596/4596 4514/4514
f 4597/4597 4516/4516 4515/4515
f 4596/4596 4597/4597 4515/4515
f 4598/4598 4517/4517 4516/4516
f 4597/4597 4598/4598 4516/4516
f 4599/4599 4518/4518 4517/4517
f 4598/4598 4599/4599 4517/4517
f 4600/4600 4519/4519 4518/4518
f 4599/4599 4600/4600 4518/4518
f 4601/4601 4520/4520 4519/4519
f 4600/4600 4601/4601 4519/4519
f 4602/4602 4521/4521 4520/4520
f 4601/4601 4602/4602 4520/4520
f 4603/4603 4522/4522 4521/4521
f 4602/4602 4603/4603 4521/4521
f 4604/4604 4523/4523 4522/4522
f 4603/4603 4604/4604 4522/4522
f 4605/4605 4524/4524 4523/4523
f 4604/4604 4605/4605 4523/4523
f 4606/4606 4525/4525 4524/4524
f 4605/4605 4606/4606 4524/4524
f 4607/4607 4526/4526 4525/4525
f 4606/4606 4607/4607 4525/4525
f 4608/4608 4527/4527 4526/4526
f 4607/4607 4608/4608 4526/4526
f 4609/4609 4528/4528 4527/4527
f 4608/4608 4609/4609 4527/4527
f 4610/4610 4529/4529 4528/4528
f 4609/4609 4610/4610 4528/4528
f 4611/4611 4530/4530 4529/4529
f 4610/4610 4611/4611 4529/4529
f 4612/4612 4531/4531 4530/4530
f 4611/4611 4612/4612 4530/4530
f 4613/4613 4532/4532 4531/4531
f 4612/4612 4613/4613 4531/4531
f 4614/4614 4533/4533 4532/4532
f 4613/4613 4614/4614 4532/4532
f 4615/4615 4534/4534 4533/4533
f 4614/4614 4615/4615 4533/4533
f 4616/4616 4535/4535 4534/4534
f 4615/4615 4616/4616 4534/4534
f 4617/4617 4536/4536 4535/4535
f 4616/4616 4617/4617 4535/4535
f 4619/4619 4538/4538 4537/4537
f 4618/4618 4619/4619 4537/4537
f 4620/4620 4539/4539 4538/4538
f 4619/4619 4620/4620 4538/4538
f 4621/4621 4540/4540 4539/4539
f 4620/4620 4621/4621 4539/4539
f 4622/4622 4541/4541 4540/4540
f 4621/4621 4622/4622 4540/4540
f 4623/4623 4542/4542 4541/4541
f 4622/4622 4623/4623 4541/4541
f 4624/4624 4543/4543 4542/4542
f 4623/4623 4624/4624 4542/4542
f 4625/4625 4544/4544 4543/4543
f 4624/4624 4625/4625 4543/4543
f 4626/4626 4545/4545 4544/4544
f 4625/4625 4626/4626 4544/4544
f 4627/4627 4546/4546 4545/4545
f 4626/4626 4627/4627 4545/4545
f 4628/4628 4547/4547 4546/4546
f 4627/4627 4628/4628 4546/4546
f 4629/4629 4548/4548 4547/4547
f 4628/4628 4629/4629 4547/4547
f 4630/4630 4549/4549 4548/4548
f 4629/4629 4630/4630 4548/4548
f 4631/4631 4550/4550 4549/4549
f 4630/4630 4631/4631 4549/4549
f 4632/4632 4551/4551 4550/4550
f 4631/4631 4632/4632 4550/4550
f 4633/4633 4552/4552 4551/4551
f 4632/4632 4633/4633 4551/4551
f 4634/4634 4553/4553 4552/4552
f 4633/4633 4634/4634 4552/4552
f 4635/4635 4554/4554 4553/4553
f 4634/4634 4635/4635 4553/4553
f 4636/4636 4555/4555 4554/4554
f 4635/4635 4636/4636 4554/4554
f 4637/4637 4556/4556 4555/4555
f 4636/4636 4637/4637 4555/4555
f 4638/4638 4557/4557 4556/4556
f 4637/4637 4638/4638 4556/4556
f 4639/4639 4558/4558 4557/4557
f 4638/4638 4639/4639 4557/4557
f 4640/4640 4559/4559 4558/4558
f 4639/4639 4640/4640 4558/4558
f 4641/4641 4560/4560 4559/4559
f 4640/4640 4641/4641 4559/4559
f 4642/4642 4561/4561 4560/4560
f 4641/4641 4642/4642 4560/4560
f 4643/4643 4562/4562 4561/4561
f 4642/4642 4643/4643 4561/4561
f 4644/4644 4563/4563 4562/4562
f 4643/4643 4644/4644 4562/4562
f 4645/4645 4564/4564 4563/4563
f 4644/4644 4645/4645 4563/4563
f 4646/4646 4565/4565 4564/4564
f 4645/4645 4646/4646 4564/4564
f 4647/4647 4566/4566 4565/4565
f 4646/4646 4647/4647 4565/4565
f 4648/4648 4567/4567 4566/4566
f 4647/4647 4648/4648 4566/4566
f 4649/4649 4568/4568 4567/4567
f 4648/4648 4649/4649 4567/4567
f 4650/4650 4569/4569 4568/4568
f 4649/4649 4650/4650 4568/4568
f 4651/4651 4570/4570 4569/4569
f 4650/4650 4651/4651 4569/4569
f 4652/4652 4571/4571 4570/4570
f 4651/4651 4652/4652 4570/4570
f 4653/4653 4572/4572 4571/4571
f 4652/4652 4653/4653 4571/4571
f 4654/4654 4573/4573 4572/4572
f 4653/4653 4654/4654 4572/4572
f 4655/4655 4574/4574 4573/4573
f 4654/4654 4655/4655 4573/4573
f 4656/4656 4575/4575 4574/4574
f 4655/4655 4656/4656 4574/4574
f 4657/4657 4576/4576 4575/4575
f 4656/4656 4657/4657 4575/4575
f 4658/4658 4577/4577 4576/4576
f 4657/4657 4658/4658 4576/4576
f 4659/4659 4578/4578 4577/4577
f 4658/4658 4659/4659 4577/4577
f 4660/4660 4579/4579 4578/4578
f 4659/4659 4660/4660 4578/4578
f 4661/4661 4580/4580 4579/4579
f 4660/4660 4661/4661 4579/4579
f 4662/4662 4581/4581 4580/4580
f 4661/4661 4662/4662 4580/4580
f 4663/4663 4582/4582 4581/4581
f 4662/4662 4663/4663 4581/4581
f 4664/4664 4583/4583 4582/4582
f 4663/4663 4664/4664 4582/4582
f 4665/4665 4584/4584 4583/4583
f 4664/4664 4665/4665 4583/4583
f 4666/4666 4585/4585 4584/4584
f 4665/4665 4666/4666 4584/4584
f 4667/4667 4586/4586 4585/4585
f 4666/4666 4667/4667 4585/4585
f 4668/4668 4587/4587 4586/4586
f 4667/4667 4668/4668 4586/4586
f 4669/4669 4588/4588 4587/4587
f 4668/4668 4669/4669 4587/4587
f 4670/4670 4589/4589 4588/4588
f 4669/4669 4670/4670 4588/4588
f 4671/4671 4590/4590 4589/4589
f 4670/4670 4671/4671 4589/4589
f 4672/4672 4591/4591 4590/4590
f 4671/4671 4672/4672 4590/4590
f 4673/4673 4592/4592 4591/4591
f 4672/4672 4673/4673 4591/4591
f 4674/4674 4593/4593 4592/4592
f 4673/4673 4674/4674 4592/4592
f 4675/4675 4594/4594 4593/4593
f 4674/4674 4675/4675 4593/4593
f 4676/4676 4595/4595 4594/4594
f 4675/4675 4676/4676 4594/4594
f 4677/4677 4596/4596 4595/4595
f 4676/4676 4677/4677 4595/4595
f 4678/4678 4597/4597 4596/4596
f 4677/4677 4678/4678 4596/4596
f 4679/4679 4598/4598 4597/4597
f 4678/4678 4679/4679 4597/4597
f 4680/4680 4599/4599 4598/4598
f 4679/4679 4680/4680 4598/4598
f 4681/4681 4600/4600 4599/4599
f 4680/4680 4681/4681 4599/4599
f 4682/4682 4601/4601 4600/4600
f 4681/4681 4682/4682 4600/4600
f 4683/4683 4602/4602 4601/4601
f 4682/4682 4683/4683 4601/4601
f 4684/4684 4603/4603 4602/4602
f 4683/4683 4684/4684 4602/4602
f 4685/4685 4604/4604 4603/4603
f 4684/4684 4685/4685 4603/4603
f 4686/4686 4605/4605 4604/4604
f 4685/4685 4686/4686 4604/4604
f 4687/4687 4606/4606 4605/4605
f 4686/4686 4687/4687 4605/4605
f 4688/4688 4607/4607 4606/4606
f 4687/4687 4688/4688 4606/4606
f 4689/4689 4608/4608 4607/4607
f 4688/4688 4689/4689 4607/4607
f 4690/4690 4609/4609 4608/4608
f 4689/4689 4690/4690 4608/4608
f 4691/4691 4610/4610 4609/4609
f 4690/4690 4691/4691 4609/4609
f 4692/4692 4611/4611 4610/4610
f 4691/4691 4692/4692 4610/4610
f 4693/4693 4612/4612 4611/4611
f 4692/4692 4693/4693 4611/4611
f 4694/4694 4613/4613 4612/4612
f 4693/4693 4694/4694 4612/4612
f 4695/4695 4614/4614 4613/4613
f 4694/4694 4695/4695 4613/4613
f 4696/4696 4615/4615 4614/4614
f 4695/4695 4696/4696 4614/4614
f 4697/4697 4616/4616 4615/4615
f 4696/4696 4697/4697 4615/4615
f 4698/4698 4617/4617 4616/4616
f 4697/4697 4698/4698 4616/4616
f 4700/4700 4619/4619 4618/4618
f 4699/4699 4700/4700 4618/4618
f 4701/4701 4620/4620 4619/4619
f 4700/4700 4701/4701 4619/4619
f 4702/4702 4621/4621 4620/4620
f 4701/4701 4702/4702 4620/4620
f 4703/4703 4622/4622 4621/4621
f 4702/4702 4703/4703 4621/4621
f 4704/4704 4623/4623 4622/4622
f 4703/4703 4704/4704 4622/4622
f 4705/4705 4624/4624 4623/4623
f 4704/4704 4705/4705 4623/4623
f 4706/4706 4625/4625 4624/4624
f 4705/4705 4706/4706 4624/4624
f 4707/4707 4626/4626 4625/4625
f 4706/4706 4707/4707 4625/4625
f 4708/4708 4627/4627 4626/4626
f 4707/4707 4708/4708 4626/4626
f 4709/4709 4628/4628 4627/4627
f 4708/4708 4709/4709 4627/4627
f 4710/4710 4629/4629 4628/4628
f 4709/4709 4710/4710 4628/4628
f 4711/4711 4630/4630 4629/4629
f 4710/4710 4711/4711 4629/4629
f 4712/4712 4631/4631 4630/4630
f 4711/4711 4712/4712 4630/4630
f 4713/4713 4632/4632 4631/4631
f 4712/4712 4713/4713 4631/4631
f 4714/4714 4633/4633 4632/4632
f 4713/4713 4714/4714 4632/4632
f 4715/4715 4634/4634 4633/4633
f 4714/4714 4715/4715 4633/4633
f 4716/4716 4635/4635 4634/4634
f 4715/4715 4716/4716 4634/4634
f 4717/4717 4636/4636 4635/4635
f 4716/4716 4717/4717 4635/4635
f 4718/4718 4637/4637 4636/4636
f 4717/4717 4718/4718 4636/4636
f 4719/4719 4638/4638 4637/4637
f 4718/4718 4719/4719 4637/4637
f 4720/4720 4639/4639 4638/4638
f 4719/4719 4720/4720 4638/4638
f 4721/4721 4640/4640 4639/4639
f 4720/4720 4721/4721 4639/4639
f 4722/4722 4641/4641 4640/4640
f 4721/4721 4722/4722 4640/4640
f 4723/4723 4642/4642 4641/4641
f 4722/4722 4723/4723 4641/4641
f 4724/4724 4643/4643 4642/4642
f 4723/4723 4724/4724 4642/4642
f 4725/4725 4644/4644 4643/4643
f 4724/4724 4725/4725 4643/4643
f 4726/4726 4645/4645 4644/4644
f 4725/4725 4726/4726 4644/4644
f 4727/4727 4646/4646 4645/4645
f 4726/4726 4727/4727 4645/4645
f 4728/4728 4647/4647 4646/4646
f 4727/4727 4728/4728 4646/4646
f 4729/4729 4648/4648 4647/4647
f 4728/4728 4729/4729 4647/4647
f 4730/4730 4649/4649 4648/4648
f 4729/4729 4730/4730 4648/4648
f 4731/4731 4650/4650 4649/4649
f 4730/4730 4731/4731 4649/4649
f 4732/4732 4651/4651 4650/4650
f 4731/4731 4732/4732 4650/4650
f 4733/4733 4652/4652 4651/4651
f 4732/4732 4733/4733 4651/4651
f 4734/4734 4653/4653 4652/4652
f 4733/4733 4734/4734 4652/4652
f 4735/4735 4654/4654 4653/4653
f 4734/4734 4735/4735 4653/4653
f 4736/4736 4655/4655 4654/4654
f 4735/4735 4736/4736 4654/4654
f 4737/4737 4656/4656 4655/4655
f 4736/4736 4737/4737 4655/4655
f 4738/4738 4657/4657 4656/4656
f 4737/4737 4738/4738 4656/4656
f 4739/4739 4658/4658 4657/4657
f 4738/4738 4739/4739 4657/4657
f 4740/4740 4659/4659 4658/4658
f 4739/4739 4740/4740 4658/4658
f 4741/4741 4660/4660 4659/4659
f 4740/4740 4741/4741 4659/4659
f 4742/4742 4661/4661 4660/4660
f 4741/4741 4742/4742 4660/4660
f 4743/4743 4662/4662 4661/4661
f 4742/4742 4743/4743 4661/4661
f 4744/4744 4663/4663 4662/4662
f 4743/4743 4744/4744 4662/4662
f 4745/4745 4664/4664 4663/4663
f 4744/4744 4745/4745 4663/4663
f 4746/4746 4665/4665 4664/4664
f 4745/4745 4746/4746 4664/4664
f 4747/4747 4666/4666 4665/4665
f 4746/4746 4747/4747 4665/4665
f 4748/4748 4667/4667 4666/4666
f 4747/4747 4748/4748 4666/4666
f 4749/4749 4668/4668 4667/4667
f 4748/4748 4749/4749 4667/4667
f 4750/4750 4669/4669 4668/4668
f 4749/4749 4750/4750 4668/4668
f 4751/4751 4670/4670 4669/4669
f 4750/4750 4751/4751 4669/4669
f 4752/4752 4671/4671 4670/4670
f 4751/4751 4752/4752 4670/4670
f 4753/4753 4672/4672 4671/4671
f 4752/4752 4753/4753 4671/4671
f 4754/4754 4673/4673 4672/4672
f 4753/4753 4754/4754 4672/4672
f 4755/4755 4674/4674 4673/4673
f 4754/4754 4755/4755 4673/4673
f 4756/4756 4675/4675 4674/4674
f 4755/4755 4756/4756 4674/4674
f 4757/4757 4676/4676 4675/4675
f 4756/4756 4757/4757 4675/4675
f 4758/4758 4677/4677 4676/4676
f 4757/4757 4758/4758 4676/4676
f 4759/4759 4678/4678 4677/4677
f 4758/4758 4759/4759 4677/4677
f 4760/4760 4679/4679 4678/4678
f 4759/4759 4760/4760 4678/4678
f 4761/4761 4680/4680 4679/4679
f 4760/4760 4761/4761 4679/4679
f 4762/4762 4681/4681 4680/4680
f 4761/4761 4762/4762 4680/4680
f 4763/4763 4682/4682 4681/4681
f 4762/4762 4763/4763 4681/4681
f 4764/4764 4683/4683 4682/4682
f 4763/4763 4764/4764 4682/4682
f 4765/4765 4684/4684 4683/4683
f 4764/4764 4765/4765 4683/4683
f 4766/4766 4685/4685 4684/4684
f 4765/4765 4766/4766 4684/4684
f 4767/4767 4686/4686 4685/4685
f 4766/4766 4767/4767 4685/4685
f 4768/4768 4687/4687 4686/4686
f 4767/4767 4768/4768 4686/4686
f 4769/4769 4688/4688 4687/4687
f 4768/4768 4769/4769 4687/4687
f 4770/4770 4689/4689 4688/4688
f 4769/4769 4770/4770 4688/4688
f 4771/4771 4690/4690 4689/4689
f 4770/4770 4771/4771 4689/4689
f 4772/4772 4691/4691 4690/4690
f 4771/4771 4772/4772 4690/4690
f 4773/4773 4692/4692 4691/4691
f 4772/4772 4773/4773 4691/4691
f 4774/4774 4693/4693 4692/4692
f 4773/4773 4774/4774 4692/4692
f 4775/4775 4694/4694 4693/4693
f 4774/4774 4775/4775 4693/4693
f 4776/4776 4695/4695 4694/4694
f 4775/4775 4776/4776 4694/4694
f 4777/4777 4696/4696 4695/4695
f 4776/4776 4777/4777 4695/4695
f 4778/4778 4697/4697 4696/4696
f 4777/4777 4778/4778 4696/4696
f 4779/4779 4698/4698 4697/4697
f 4778/4778 4779/4779 4697/4697
f 4781/4781 4700/4700 4699/4699
f 4780/4780 4781/4781 4699/4699
f 4782/4782 4701/4701 4700/4700
f 4781/4781 4782/4782 4700/4700
f 4783/4783 4702/4702 4701/4701
f 4782/4782 4783/4783 4701/4701
f 4784/4784 4703/4703 4702/4702
f 4783/4783 4784/4784 4702/4702
f 4785/4785 4704/4704 4703/4703
f 4784/4784 4785/4785 4703/4703
f 4786/4786 4705/4705 4704/4704
f 4785/4785 4786/4786 4704/4704
f 4787/4787 4706/4706 4705/4705
f 4786/4786 4787/4787 4705/4705
f 4788/4788 4707/4707 4706/4706
f 4787/4787 4788/4788 4706/4706
f 4789/4789 4708/4708 4707/4707
f 4788/4788 4789/4789 4707/4707
f 4790/4790 4709/4709 4708/4708
f 4789/4789 4790/4790 4708/4708
f 4791/4791 4710/4710 4709/4709
f 4790/4790 4791/4791 4709/4709
f 4792/4792 4711/4711 4710/4710
f 4791/4791 4792/4792 4710/4710
f 4793/4793 4712/4712 4711/4711
f 4792/4792 4793/4793 4711/4711
f 4794/4794 4713/4713 4712/4712
f 4793/4793 4794/4794 4712/4712
f 4795/4795 4714/4714 4713/4713
f 4794/4794 4795/4795 4713/4713
f 4796/4796 4715/4715 4714/4714
f 4795/4795 4796/4796 4714/4714
f 4797/4797 4716/4716 4715/4715
f 4796/4796 4797/4797 4715/4715
f 4798/4798 4717/4717 4716/4716
f 4797/4797 4798/4798 4716/4716
f 4799/4799 4718/4718 4717/4717
f 4798/4798 4799/4799 4717/4717
f 4800/4800 4719/4719 4718/4718
f 4799/4799 4800/4800 4718/4718
f 4801/4801 4720/4720 4719/4719
f 4800/4800 4801/4801 4719/4719
f 4802/4802 4721/4721 4720/4720
f 4801/4801 4802/4802 4720/4720
f 4803/4803 4722/4722 4721/4721
f 4802/4802 4803/4803 4721/4721
f 4804/4804 4723/4723 4722/4722
f 4803/4803 4804/4804 4722/4722
f 4805/4805 4724/4724 4723/4723
f 4804/4804 4805/4805 4723/4723
f 4806/4806 4725/4725 4724/4724
f 4805/4805 4806/4806 4724/4724
f 4807/4807 4726/4726 4725/4725
f 4806/4806 4807/4807 4725/4725
f 4808/4808 4727/4727 4726/4726
f 4807/4807 4808/4808 4726/4726
f 4809/4809 4728/4728 4727/4727
f 4808/4808 4809/4809 4727/4727
f 4810/4810 4729/4729 4728/4728
f 4809/4809 4810/4810 4728/4728
f 4811/4811 4730/4730 4729/4729
f 4810/4810 4811/4811 4729/4729
f 4812/4812 4731/4731 4730/4730
f 4811/4811 4812/4812 4730/4730
f 4813/4813 4732/4732 4731/4731
f 4812/4812 4813/4813 4731/4731
f 4814/4814 4733/4733 4732/4732
f 4813/4813 4814/4814 4732/4732
f 4815/4815 4734/4734 4733/4733
f 4814/4814 4815/4815 4733/4733
f 4816/4816 4735/4735 4734/4734
f 4815/4815 4816/4816 4734/4734
f 4817/4817 4736/4736 4735/4735
f 4816/4816 4817/4817 4735/4735
f 4818/4818 4737/4737 4736/4736
f 4817/4817 4818/4818 4736/4736
f 4819/4819 4738/4738 4737/4737
f 4818/4818 4819/4819 4737/4737
f 4820/4820 4739/4739 4738/4738
f 4819/4819 4820/4820 4738/4738
f 4821/4821 4740/4740 4739/4739
f 4820/4820 4821/4821 4739/4739
f 4822/4822 4741/4741 4740/4740
f 4821/4821 4822/4822 4740/4740
f 4823/4823 4742/4742 4741/4741
f 4822/4822 4823/4823 4741/4741
f 4824/4824 4743/4743 4742/4742
f 4823/4823 4824/4824 4742/4742
f 4825/4825 4744/4744 4743/4743
f 4824/4824 4825/4825 4743/4743
f 4826/4826 4745/4745 4744/4744
f 4825/4825 4826/4826 4744/4744
f 4827/4827 4746/4746 4745/4745
f 4826/4826 4827/4827 4745/4745
f 4828/4828 4747/4747 4746/4746
f 4827/4827 4828/4828 4746/4746
f 4829/4829 4748/4748 4747/4747
f 4828/4828 4829/4829 4747/4747
f 4830/4830 4749/4749 4748/4748
f 4829/4829 4830/4830 4748/4748
f 4831/4831 4750/4750 4749/4749
f 4830/4830 4831/4831 4749/4749
f 4832/4832 4751/4751 4750/4750
f 4831/4831 4832/4832 4750/4750
f 4833/4833 4752/4752 4751/4751
f 4832/4832 4833/4833 4751/4751
f 4834/4834 4753/4753 4752/4752
f 4833/4833 4834/4834 4752/4752
f 4835/4835 4754/4754 4753/4753
f 4834/4834 4835/4835 4753/4753
f 4836/4836 4755/4755 4754/4754
f 4835/4835 4836/4836 4754/4754
f 4837/4837 4756/4756 4755/4755
f 4836/4836 4837/4837 4755/4755
f 4838/4838 4757/4757 4756/4756
f 4837/4837 4838/4838 4756/4756
f 4839/4839 4758/4758 4757/4757
f 4838/4838 4839/4839 4757/4757
f 4840/4840 4759/4759 4758/4758
f 4839/4839 4840/4840 4758/4758
f 4841/4841 4760/4760 4759/4759
f 4840/4840 4841/4841 4759/4759
f 4842/4842 4761/4761 4760/4760
f 4841/4841 4842/4842 4760/4760
f 4843/4843 4762/4762 4761/4761
f 4842/4842 4843/4843 4761/4761
f 4844/4844 4763/4763 4762/4762
f 4843/4843 4844/4844 4762/4762
f 4845/4845 4764/4764 4763/4763
f 4844/4844 4845/4845 4763/4763
f 4846/4846 4765/4765 4764/4764
f 4845/4845 4846/4846 4764/4764
f 4847/4847 4766/4766 4765/4765
f 4846/4846 4847/4847 4765/4765
f 4848/4848 4767/4767 4766/4766
f 4847/4847 4848/4848 4766/4766
f 4849/4849 4768/4768 4767/4767
f 4848/4848 4849/4849 4767/4767
f 4850/4850 4769/4769 4768/4768
f 4849/4849 4850/4850 4768/4768
f 4851/4851 4770/4770 4769/4769
f 4850/4850 4851/4851 4769/4769
f 4852/4852 4771/4771 4770/4770
f 4851/4851 4852/4852 4770/4770
f 4853/4853 4772/4772 4771/4771
f 4852/4852 4853/4853 4771/4771
f 4854/4854 4773/4773 4772/4772
f 4853/4853 4854/4854 4772/4772
f 4855/4855 4774/4774 4773/4773
f 4854/4854 4855/4855 4773/4773
f 4856/4856 4775/4775 4774/4774
f 4855/4855 4856/4856 4774/4774
f 4857/4857 4776/4776 4775/4775
f 4856/4856 4857/4857 4775/4775
f 4858/4858 4777/4777 4776/4776
f 4857/4857 4858/4858 4776/4776
f 4859/4859 4778/4778 4777/4777
f 4858/4858 4859/4859 4777/4777
f 4860/4860 4779/4779 4778/4778
f 4859/4859 4860/4860 4778/4778
f 4862/4862 4781/4781 4780/4780
f 4861/4861 4862/4862 4780/4780
f 4863/4863 4782/4782 4781/4781
f 4862/4862 4863/4863 4781/4781
f 4864/4864 4783/4783 4782/4782
f 4863/4863 4864/4864 4782/4782
f 4865/4865 4784/4784 4783/4783
f 4864/4864 4865/4865 4783/4783
f 4866/4866 4785/4785 4784/4784
f 4865/4865 4866/4866 4784/4784
f 4867/4867 4786/4786 4785/4785
f 4866/4866 4867/4867 4785/4785
f 4868/4868 4787/4787 4786/4786
f 4867/4867 4868/4868 4786/4786
f 4869/4869 4788/4788 4787/4787
f 4868/4868 4869/4869 4787/4787
f 4870/4870 4789/4789 4788/4788
f 4869/4869 4870/4870 4788/4788
f 4871/4871 4790/4790 4789/4789
f 4870/4870 4871/4871 4789/4789
f 4872/4872 4791/4791 4790/4790
f 4871/4871 4872/4872 4790/4790
f 4873/4873 4792/4792 4791/4791
f 4872/4872 4873/4873 4791/4791
f 4874/4874 4793/4793 4792/4792
f 4873/4873 4874/4874 4792/4792
f 4875/4875 4794/4794 4793/4793
f 4874/4874 4875/4875 4793/4793
f 4876/4876 4795/4795 4794/4794
f 4875/4875 4876/4876 4794/4794
f 4877/4877 4796/4796 4795/4795
f 4876/4876 4877/4877 4795/4795
f 4878/4878 4797/4797 4796/4796
f 4877/4877 4878/4878 4796/4796
f 4879/4879 4798/4798 4797/4797
f 4878/4878 4879/4879 4797/4797
f 4880/4880 4799/4799 4798/4798
f 4879/4879 4880/4880 4798/4798
f 4881/4881 4800/4800 4799/4799
f 4880/4880 4881/4881 4799/4799
f 4882/4882 4801/4801 4800/4800
f 4881/4881 4882/4882 4800/4800
f 4883/4883 4802/4802 4801/4801
f 4882/4882 4883/4883 4801/4801
f 4884/4884 4803/4803 4802/4802
f 4883/4883 4884/4884 4802/4802
f 4885/4885 4804/4804 4803/4803
f 4884/4884 4885/4885 4803/4803
f 4886/4886 4805/4805 4804/4804
f 4885/4885 4886/4886 4804/4804
f 4887/4887 4806/4806 4805/4805
f 4886/4886 4887/4887 4805/4805
f 4888/4888 4807/4807 4806/4806
f 4887/4887 4888/4888 4806/4806
f 4889/4889 4808/4808 4807/4807
f 4888/4888 4889/4889 4807/4807
f 4890/4890 4809/4809 4808/4808
f 4889/4889 4890/4890 4808/4808
f 4891/4891 4810/4810 4809/4809
f 4890/4890 4891/4891 4809/4809
f 4892/4892 4811/4811 4810/4810
f 4891/4891 4892/4892 4810/4810
f 4893/4893 4812/4812 4811/4811
f 4892/4892 4893/4893 4811/4811
f 4894/4894 4813/4813 4812/4812
f 4893/4893 4894/4894 4812/4812
f 4895/4895 4814/4814 4813/4813
f 4894/4894 4895/4895 4813/4813
f 4896/4896 4815/4815 4814/4814
f 4895/4895 4896/4896 4814/4814
f 4897/4897 4816/4816 4815/4815
f 4896/4896 4897/4897 4815/4815
f 4898/4898 4817/4817 4816/4816
f 4897/4897 4898/4898 4816/4816
f 4899/4899 4818/4818 4817/4817
f 4898/4898 4899/4899 4817/4817
f 4900/4900 4819/4819 4818/4818
f 4899/4899 4900/4900 4818/4818
f 4901/4901 4820/4820 4819/4819
f 4900/4900 4901/4901 4819/4819
f 4902/4902 4821/4821 4820/4820
f 4901/4901 4902/4902 4820/4820
f 4903/4903 4822/4822 4821/4821
f 4902/4902 4903/4903 4821/4821
f 4904/4904 4823/4823 4822/4822
f 4903/4903 4904/4904 4822/4822
f 4905/4905 4824/4824 4823/4823
f 4904/4904 4905/4905 4823/4823
f 4906/4906 4825/4825 4824/4824
f 4905/4905 4906/4906 4824/4824
f 4907/4907 4826/4826 4825/4825
f 4906/4906 4907/4907 4825/4825
f 4908/4908 4827/4827 4826/4826
f 4907/4907 4908/4908 4826/4826
f 4909/4909 4828/4828 4827/4827
f 4908/4908 4909/4909 4827/4827
f 4910/4910 4829/4829 4828/4828
f 4909/4909 4910/4910 4828/4828
f 4911/4911 4830/4830 4829/4829
f 4910/4910 4911/4911 4829/4829
f 4912/4912 4831/4831 4830/4830
f 4911/4911 4912/4912 4830/4830
f 4913/4913 4832/4832 4831/4831
f 4912/4912 4913/4913 4831/4831
f 4914/4914 4833/4833 4832/4832
f 4913/4913 4914/4914 4832/4832
f 4915/4915 4834/4834 4833/4833
f 4914/4914 4915/4915 4833/4833
f 4916/4916 4835/4835 4834/4834
f 4915/4915 4916/4916 4834/4834
f 4917/4917 4836/4836 4835/4835
f 4916/4916 4917/4917 4835/4835
f 4918/4918 4837/4837 4836/4836
f 4917/4917 4918/4918 4836/4836
f 4919/4919 4838/4838 4837/4837
f 4918/4918 4919/4919 4837/4837
f 4920/4920 4839/4839 4838/4838
f 4919/4919 4920/4920 4838/4838
f 4921/4921 4840/4840 4839/4839
f 4920/4920 4921/4921 4839/4839
f 4922/4922 4841/4841 4840/4840
f 4921/4921 4922/4922 4840/4840
f 4923/4923 4842/4842 4841/4841
f 4922/4922 4923/4923 4841/4841
f 4924/4924 4843/4843 4842/4842
f 4923/4923 4924/4924 4842/4842
f 4925/4925 4844/4844 4843/4843
f 4924/4924 4925/4925 4843/4843
f 4926/4926 4845/4845 4844/4844
f 4925/4925 4926/4926 4844/4844
f 4927/4927 4846/4846 4845/4845
f 4926/4926 4927/4927 4845/4845
f 4928/4928 4847/4847 4846/4846
f 4927/4927 4928/4928 4846/4846
f 4929/4929 4848/4848 4847/4847
f 4928/4928 4929/4929 4847/4847
f 4930/4930 4849/4849 4848/4848
f 4929/4929 4930/4930 4848/4848
f 4931/4931 4850/4850 4849/4849
f 4930/4930 4931/4931 4849/4849
f 4932/4932 4851/4851 4850/4850
f 4931/4931 4932/4932 4850/4850
f 4933/4933 4852/4852 4851/4851
f 4932/4932 4933/4933 4851/4851
f 4934/4934 4853/4853 4852/4852
f 4933/4933 4934/4934 4852/4852
f 4935/4935 4854/4854 4853/4853
f 4934/4934 4935/4935 4853/4853
f 4936/4936 4855/4855 4854/4854
f 4935/4935 4936/4936 4854/4854
f 4937/4937 4856/4856 4855/4855
f 4936/4936 4937/4937 4855/4855
f 4938/4938 4857/4857 4856/4856
f 4937/4937 4938/4938 4856/4856
f 4939/4939 4858/4858 4857/4857
f 4938/4938 4939/4939 4857/4857
f 4940/4940 4859/4859 4858/4858
f 4939/4939 4940/4940 4858/4858
f 4941/4941 4860/4860 4859/4859
f 4940/4940 4941/4941 4859/4859
f 4943/4943 4862/4862 4861/4861
f 4942/4942 4943/4943 4861/4861
f 4944/4944 4863/4863 4862/4862
f 4943/4943 4944/4944 4862/4862
f 4945/4945 4864/4864 4863/4863
f 4944/4944 4945/4945 4863/4863
f 4946/4946 4865/4865 4864/4864
f 4945/4945 4946/4946 4864/4864
f 4947/4947 4866/4866 4865/4865
f 4946/4946 4947/4947 4865/4865
f 4948/4948 4867/4867 4866/4866
f 4947/4947 4948/4948 4866/4866
f 4949/4949 4868/4868 4867/4867
f 4948/4948 4949/4949 4867/4867
f 4950/4950 4869/4869 4868/4868
f 4949/4949 4950/4950 4868/4868
f 4951/4951 4870/4870 4869/4869
f 4950/4950 4951/4951 4869/4869
f 4952/4952 4871/4871 4870/4870
f 4951/4951 4952/4952 4870/4870
f 4953/4953 4872/4872 4871/4871
f 4952/4952 4953/4953 4871/4871
f 4954/4954 4873/4873 4872/4872
f 4953/4953 4954/4954 4872/4872
f 4955/4955 4874/4874 4873/4873
f 4954/4954 4955/4955 4873/4873
f 4956/4956 4875/4875 4874/4874
f 4955/4955 4956/4956 4874/4874
f 4957/4957 4876/4876 4875/4875
f 4956/4956 4957/4957 4875/4875
f 4958/4958 4877/4877 4876/4876
f 4957/4957 4958/4958 4876/4876
f 4959/4959 4878/4878 4877/4877
f 4958/4958 4959/4959 4877/4877
f 4960/4960 4879/4879 4878/4878
f 4959/4959 4960/4960 4878/4878
f 4961/4961 4880/4880 4879/4879
f 4960/4960 4961/4961 4879/4879
f 4962/4962 4881/4881 4880/4880
f 4961/4961 4962/4962 4880/4880
f 4963/4963 4882/4882 4881/4881
f 4962/4962 4963/4963 4881/4881
f 4964/4964 4883/4883 4882/4882
f 4963/4963 4964/4964 4882/4882
f 4965/4965 4884/4884 4883/4883
f 4964/4964 4965/4965 4883/4883
f 4966/4966 4885/4885 4884/4884
f 4965/4965 4966/4966 4884/4884
f 4967/4967 4886/4886 4885/4885
f 4966/4966 4967/4967 4885/4885
f 4968/4968 4887/4887 4886/4886
f 4967/4967 4968/4968 4886/4886
f 4969/4969 4888/4888 4887/4887
f 4968/4968 4969/4969 4887/4887
f 4970/4970 4889/4889 4888/4888
f 4969/4969 4970/4970 4888/4888
f 4971/4971 4890/4890 4889/4889
f 4970/4970 4971/4971 4889/4889
f 4972/4972 4891/4891 4890/4890
f 4971/4971 4972/4972 4890/4890
f 4973/4973 4892/4892 4891/4891
f 4972/4972 4973/4973 4891/4891
f 4974/4974 4893/4893 4892/4892
f 4973/4973 4974/4974 4892/4892
f 4975/4975 4894/4894 4893/4893
f 4974/4974 4975/4975 4893/4893
f 4976/4976 4895/4895 4894/4894
f 4975/4975 4976/4976 4894/4894
f 4977/4977 4896/4896 4895/4895
f 4976/4976 4977/4977 4895/4895
f 4978/4978 4897/4897 4896/4896
f 4977/4977 4978/4978 4896/4896
f 4979/4979 4898/4898 4897/4897
f 4978/4978 4979/4979 4897/4897
f 4980/4980 4899/4899 4898/4898
f 4979/4979 4980/4980 4898/4898
f 4981/4981 4900/4900 4899/4899
f 4980/4980 4981/4981 4899/4899
f 4982/4982 4901/4901 4900/4900
f 4981/4981 4982/4982 4900/4900
f 4983/4983 4902/4902 4901/4901
f 4982/4982 4983/4983 4901/4901
f 4984/4984 4903/4903 4902/4902
f 4983/4983 4984/4984 4902/4902
f 4985/4985 4904/4904 4903/4903
f 4984/4984 4985/4985 4903/4903
f 4986/4986 4905/4905 4904/4904
f 4985/4985 4986/4986 4904/4904
f 4987/4987 4906/4906 4905/4905
f 4986/4986 4987/4987 4905/4905
f 4988/4988 4907/4907 4906/4906
f 4987/4987 4988/4988 4906/4906
f 4989/4989 4908/4908 4907/4907
f 4988/4988 4989/4989 4907/4907
f 4990/4990 4909/4909 4908/4908
f 4989/4989 4990/4990 4908/4908
f 4991/4991 4910/4910 4909/4909
f 4990/4990 4991/4991 4909/4909
f 4992/4992 4911/4911 4910/4910
f 4991/4991 4992/4992 4910/4910
f 4993/4993 4912/4912 4911/4911
f 4992/4992 4993/4993 4911/4911
f 4994/4994 4913/4913 4912/4912
f 4993/4993 4994/4994 4912/4912
f 4995/4995 4914/4914 4913/4913
f 4994/4994 4995/4995 4913/4913
f 4996/4996 4915/4915 4914/4914
f 4995/4995 4996/4996 4914/4914
f 4997/4997 4916/4916 4915/4915
f 4996/4996 4997/4997 4915/4915
f 4998/4998 4917/4917 4916/4916
f 4997/4997 4998/4998 4916/4916
f 4999/4999 4918/4918 4917/4917
f 4998/4998 4999/4999 4917/4917
f 5000/5000 4919/4919 4918/4918
f 4999/4999 5000/5000 4918/4918
f 5001/5001 4920/4920 4919/4919
f 5000/5000 5001/5001 4919/4919
f 5002/5002 4921/4921 4920/4920
f 5001/5001 5002/5002 4920/4920
f 5003/5003 4922/4922 4921/4921
f 5002/5002 5003/5003 4921/4921
f 5004/5004 4923/4923 4922/4922
f 5003/5003 5004/5004 4922/4922
f 5005/5005 4924/4924 4923/4923
f 5004/5004 5005/5005 4923/4923
f 5006/5006 4925/4925 4924/4924
f 5005/5005 5006/5006 4924/4924
f 5007/5007 4926/4926 4925/4925
f 5006/5006 5007/5007 4925/4925
f 5008/5008 4927/4927 4926/4926
f 5007/5007 5008/5008 4926/4926
f 5009/5009 4928/4928 4927/4927
f 5008/5008 5009/5009 4927/4927
f 5010/5010 4929/4929 4928/4928
f 5009/5009 5010/5010 4928/4928
f 5011/5011 4930/4930 4929/4929
f 5010/5010 5011/5011 4929/4929
f 5012/5012 4931/4931 4930/4930
f 5011/5011 5012/5012 4930/4930
f 5013/5013 4932/4932 4931/4931
f 5012/5012 5013/5013 4931/4931
f 5014/5014 4933/4933 4932/4932
f 5013/5013 5014/5014 4932/4932
f 5015/5015 4934/4934 4933/4933
f 5014/5014 5015/5015 4933/4933
f 5016/5016 4935/4935 4934/4934
f 5015/5015 5016/5016 4934/4934
f 5017/5017 4936/4936 4935/4935
f 5016/5016 5017/5017 4935/4935
f 5018/5018 4937/4937 4936/4936
f 5017/5017 5018/5018 4936/4936
f 5019/5019 4938/4938 4937/4937
f 5018/5018 5019/5019 4937/4937
f 5020/5020 4939/4939 4938/4938
f 5019/5019 5020/5020 4938/4938
f 5021/5021 4940/4940 4939/4939
f 5020/5020 5021/5021 4939/4939
f 5022/5022 4941/4941 4940/4940
f 5021/5021 5022/5022 4940/4940
f 5024/5024 4943/4943 4942/4942
f 5023/5023 5024/5024 4942/4942
f 5025/5025 4944/4944 4943/4943
f 5024/5024 5025/5025 4943/4943
f 5026/5026 4945/4945 4944/4944
f 5025/5025 5026/5026 4944/4944
f 5027/5027 4946/4946 4945/4945
f 5026/5026 5027/5027 4945/4945
f 5028/5028 4947/4947 4946/4946
f 5027/5027 5028/5028 4946/4946
f 5029/5029 4948/4948 4947/4947
f 5028/5028 5029/5029 4947/4947
f 5030/5030 4949/4949 4948/4948
f 5029/5029 5030/5030 4948/4948
f 5031/5031 4950/4950 4949/4949
f 5030/5030 5031/5031 4949/4949
f 5032/5032 4951/4951 4950/4950
f 5031/5031 5032/5032 4950/4950
f 5033/5033 4952/4952 4951/4951
f 5032/5032 5033/5033 4951/4951
f 5034/5034 4953/4953 4952/4952
f 5033/5033 5034/5034 4952/4952
f 5035/5035 4954/4954 4953/4953
f 5034/5034 5035/5035 4953/4953
f 5036/5036 4955/4955 4954/4954
f 5035/5035 5036/5036 4954/4954
f 5037/5037 4956/4956 4955/4955
f 5036/5036 5037/5037 4955/4955
f 5038/5038 4957/4957 4956/4956
f 5037/5037 5038/5038 4956/4956
f 5039/5039 4958/4958 4957/4957
f 5038/5038 5039/5039 4957/4957
f 5040/5040 4959/4959 4958/4958
f 5039/5039 5040/5040 4958/4958
f 5041/5041 4960/4960 4959/4959
f 5040/5040 5041/5041 4959/4959
f 5042/5042 4961/4961 4960/4960
f 5041/5041 5042/5042 4960/4960
f 5043/5043 4962/4962 4961/4961
f 5042/5042 5043/5043 4961/4961
f 5044/5044 4963/4963 4962/4962
f 5043/5043 5044/5044 4962/4962
f 5045/5045 4964/4964 4963/4963
f 5044/5044 5045/5045 4963/4963
f 5046/5046 4965/4965 4964/4964
f 5045/5045 5046/5046 4964/4964
f 5047/5047 4966/4966 4965/4965
f 5046/5046 5047/5047 4965/4965
f 5048/5048 4967/4967 4966/4966
f 5047/5047 5048/5048 4966/4966
f 5049/5049 4968/4968 4967/4967
f 5048/5048 5049/5049 4967/4967
f 5050/5050 4969/4969 4968/4968
f 5049/5049 5050/5050 4968/4968
f 5051/5051 4970/4970 4969/4969
f 5050/5050 5051/5051 4969/4969
f 5052/5052 4971/4971 4970/4970
f 5051/5051 5052/5052 4970/4970
f 5053/5053 4972/4972 4971/4971
f 5052/5052 5053/5053 4971/4971
f 5054/5054 4973/4973 4972/4972
f 5053/5053 5054/5054 4972/4972
f 5055/5055 4974/4974 4973/4973
f 5054/5054 5055/5055 4973/4973
f 5056/5056 4975/4975 4974/4974
f 5055/5055 5056/5056 4974/4974
f 5057/5057 4976/4976 4975/4975
f 5056/5056 5057/5057 4975/4975
f 5058/5058 4977/4977 4976/4976
f 5057/5057 5058/5058 4976/4976
f 5059/5059 4978/4978 4977/4977
f 5058/5058 5059/5059 4977/4977
f 5060/5060 4979/4979 4978/4978
f 5059/5059 5060/5060 4978/4978
f 5061/5061 4980/4980 4979/4979
f 5060/5060 5061/5061 4979/4979
f 5062/5062 4981/4981 4980/4980
f 5061/5061 5062/5062 4980/4980
f 5063/5063 4982/4982 4981/4981
f 5062/5062 5063/5063 4981/4981
f 5064/5064 4983/4983 4982/4982
f 5063/5063 5064/5064 4982/4982
f 5065/5065 4984/4984 4983/4983
f 5064/5064 5065/5065 4983/4983
f 5066/5066 4985/4985 4984/4984
f 5065/5065 5066/5066 4984/4984
f 5067/5067 4986/4986 4985/4985
f 5066/5066 5067/5067 4985/4985
f 5068/5068 4987/4987 4986/4986
f 5067/5067 5068/5068 4986/4986
f 5069/5069 4988/4988 4987/4987
f 5068/5068 5069/5069 4987/4987
f 5070/5070 4989/4989 4988/4988
f 5069/5069 5070/5070 4988/4988
f 5071/5071 4990/4990 4989/4989
f 5070/5070 5071/5071 4989/4989
f 5072/5072 4991/4991 4990/4990
f 5071/5071 5072/5072 4990/4990
f 5073/5073 4992/4992 4991/4991
f 5072/5072 5073/5073 4991/4991
f 5074/5074 4993/4993 4992/4992
f 5073/5073 5074/5074 4992/4992
f 5075/5075 4994/4994 4993/4993
f 5074/5074 5075/5075 4993/4993
f 5076/5076 4995/4995 4994/4994
f 5075/5075 5076/5076 4994/4994
f 5077/5077 4996/4996 4995/4995
f 5076/5076 5077/5077 4995/4995
f 5078/5078 4997/4997 4996/4996
f 5077/5077 5078/5078 4996/4996
f 5079/5079 4998/4998 4997/4997
f 5078/5078 5079/5079 4997/4997
f 5080/5080 4999/4999 4998/4998
f 5079/5079 5080/5080 4998/4998
f 5081/5081 5000/5000 4999/4999
f 5080/5080 5081/5081 4999/4999
f 5082/5082 5001/5001 5000/5000
f 5081/5081 5082/5082 5000/5000
f 5083/5083 5002/5002 5001/5001
f 5082/5082 5083/5083 5001/5001
f 5084/5084 5003/5003 5002/5002
f 5083/5083 5084/5084 5002/5002
f 5085/5085 5004/5004 5003/5003
f 5084/5084 5085/5085 5003/5003
f 5086/5086 5005/5005 5004/5004
f 5085/5085 5086/5086 5004/5004
f 5087/5087 5006/5006 5005/5005
f 5086/5086 5087/5087 5005/5005
f 5088/5088 5007/5007 5006/5006
f 5087/5087 5088/5088 5006/5006
f 5089/5089 5008/5008 5007/5007
f 5088/5088 5089/5089 5007/5007
f 5090/5090 5009/5009 5008/5008
f 5089/5089 5090/5090 5008/5008
f 5091/5091 5010/5010 5009/5009
f 5090/5090 5091/5091 5009/5009
f 5092/5092 5011/5011 5010/5010
f 5091/5091 5092/5092 5010/5010
f 5093/5093 5012/5012 5011/5011
f 5092/5092 5093/5093 5011/5011
f 5094/5094 5013/5013 5012/5012
f 5093/5093 5094/5094 5012/5012
f 5095/5095 5014/5014 5013/5013
f 5094/5094 5095/5095 5013/5013
f 5096/5096 5015/5015 5014/5014
f 5095/5095 5096/5096 5014/5014
f 5097/5097 5016/5016 5015/5015
f 5096/5096 5097/5097 5015/5015
f 5098/5098 5017/5017 5016/5016
f 5097/5097 5098/5098 5016/5016
f 5099/5099 5018/5018 5017/5017
f 5098/5098 5099/5099 5017/5017
f 5100/5100 5019/5019 5018/5018
f 5099/5099 5100/5100 5018/5018
f 5101/5101 5020/5020 5019/5019
f 5100/5100 5101/5101 5019/5019
f 5102/5102 5021/5021 5020/5020
f 5101/5101 5102/5102 5020/5020
f 5103/5103 5022/5022 5021/5021
f 5102/5102 5103/5103 5021/5021
f 5105/5105 5024/5024 5023/5023
f 5104/5104 5105/5105 5023/5023
f 5106/5106 5025/5025 5024/5024
f 5105/5105 5106/5106 5024/5024
f 5107/5107 5026/5026 5025/5025
f 5106/5106 5107/5107 5025/5025
f 5108/5108 5027/5027 5026/5026
f 5107/5107 5108/5108 5026/5026
f 5109/5109 5028/5028 5027/5027
f 5108/5108 5109/5109 5027/5027
f 5110/5110 5029/5029 5028/5028
f 5109/5109 5110/5110 5028/5028
f 5111/5111 5030/5030 5029/5029
f 5110/5110 5111/5111 5029/5029
f 5112/5112 5031/5031 5030/5030
f 5111/5111 5112/5112 5030/5030
f 5113/5113 5032/5032 5031/5031
f 5112/5112 5113/5113 5031/5031
f 5114/5114 5033/5033 5032/5032
f 5113/5113 5114/5114 5032/5032
f 5115/5115 5034/5034 5033/5033
f 5114/5114 5115/5115 5033/5033
f 5116/5116 5035/5035 5034/5034
f 5115/5115 5116/5116 5034/5034
f 5117/5117 5036/5036 5035/5035
f 5116/5116 5117/5117 5035/5035
f 5118/5118 5037/5037 5036/5036
f 5117/5117 5118/5118 5036/5036
f 5119/5119 5038/5038 5037/5037
f 5118/5118 5119/5119 5037/5037
f 5120/5120 5039/5039 5038/5038
f 5119/5119 5120/5120 5038/5038
f 5121/5121 5040/5040 5039/5039
f 5120/5120 5121/5121 5039/5039
f 5122/5122 5041/5041 5040/5040
f 5121/5121 5122/5122 5040/5040
f 5123/5123 5042/5042 5041/5041
f 5122/5122 5123/5123 5041/5041
f 5124/5124 5043/5043 5042/5042
f 5123/5123 5124/5124 5042/5042
f 5125/5125 5044/5044 5043/5043
f 5124/5124 5125/5125 5043/5043
f 5126/5126 5045/5045 5044/5044
f 5125/5125 5126/5126 5044/5044
f 5127/5127 5046/5046 5045/5045
f 5126/5126 5127/5127 5045/5045
f 5128/5128 5047/5047 5046/5046
f 5127/5127 5128/5128 5046/5046
f 5129/5129 5048/5048 5047/5047
f 5128/5128 5129/5129 5047/5047
f 5130/5130 5049/5049 5048/5048
f 5129/5129 5130/5130 5048/5048
f 5131/5131 5050/5050 5049/5049
f 5130/5130 5131/5131 5049/5049
f 5132/5132 5051/5051 5050/5050
f 5131/5131 5132/5132 5050/5050
f 5133/5133 5052/5052 5051/5051
f 5132/5132 5133/5133 5051/5051
f 5134/5134 5053/5053 5052/5052
f 5133/5133 5134/5134 5052/5052
f 5135/5135 5054/5054 5053/5053
f 5134/5134 5135/5135 5053/5053
f 5136/5136 5055/5055 5054/5054
f 5135/5135 5136/5136 5054/5054
f 5137/5137 5056/5056 5055/5055
f 5136/5136 5137/5137 5055/5055
f 5138/5138 5057/5057 5056/5056
f 5137/5137 5138/5138 5056/5056
f 5139/5139 5058/5058 5057/5057
f 5138/5138 5139/5139 5057/5057
f 5140/5140 5059/5059 5058/5058
f 5139/5139 5140/5140 5058/5058
f 5141/5141 5060/5060 5059/5059
f 5140/5140 5141/5141 5059/5059
f 5142/5142 5061/5061 5060/5060
f 5141/5141 5142/5142 5060/5060
f 5143/5143 5062/5062 5061/5061
f 5142/5142 5143/5143 5061/5061
f 5144/5144 5063/5063 5062/5062
f 5143/5143 5144/5144 5062/5062
f 5145/5145 5064/5064 5063/5063
f 5144/5144 5145/5145 5063/5063
f 5146/5146 5065/5065 5064/5064
f 5145/5145 5146/5146 5064/5064
f 5147/5147 5066/5066 5065/5065
f 5146/5146 5147/5147 5065/5065
f 5148/5148 5067/5067 5066/5066
f 5147/5147 5148/5148 5066/5066
f 5149/5149 5068/5068 5067/5067
f 5148/5148 5149/5149 5067/5067
f 5150/5150 5069/5069 5068/5068
f 5149/5149 5150/5150 5068/5068
f 5151/5151 5070/5070 5069/5069
f 5150/5150 5151/5151 5069/5069
f 5152/5152 5071/5071 5070/5070
f 5151/5151 5152/5152 5070/5070
f 5153/5153 5072/5072 5071/5071
f 5152/5152 5153/5153 5071/5071
f 5154/5154 5073/5073 5072/5072
f 5153/5153 5154/5154 5072/5072
f 5155/5155 5074/5074 5073/5073
f 5154/5154 5155/5155 5073/5073
f 5156/5156 5075/5075 5074/5074
f 5155/5155 5156/5156 5074/5074
f 5157/5157 5076/5076 5075/5075
f 5156/5156 5157/5157 5075/5075
f 5158/5158 5077/5077 5076/5076
f 5157/5157 5158/5158 5076/5076
f 5159/5159 5078/5078 5077/5077
f 5158/5158 5159/5159 5077/5077
f 5160/5160 5079/5079 5078/5078
f 5159/5159 5160/5160 5078/5078
f 5161/5161 5080/5080 5079/5079
f 5160/5160 5161/5161 5079/5079
f 5162/5162 5081/5081 5080/5080
f 5161/5161 5162/5162 5080/5080
f 5163/5163 5082/5082 5081/5081
f 5162/5162 5163/5163 5081/5081
f 5164/5164 5083/5083 5082/5082
f 5163/5163 5164/5164 5082/5082
f 5165/5165 5084/5084 5083/5083
f 5164/5164 5165/5165 5083/5083
f 5166/5166 5085/5085 5084/5084
f 5165/5165 5166/5166 5084/5084
f 5167/5167 5086/5086 5085/5085
f 5166/5166 5167/5167 5085/5085
f 5168/5168 5087/5087 5086/5086
f 5167/5167 5168/5168 5086/5086
f 5169/5169 5088/5088 5087/5087
f 5168/5168 5169/5169 5087/5087
f 5170/5170 5089/5089 5088/5088
f 5169/5169 5170/5170 5088/5088
f 5171/5171 5090/5090 5089/5089
f 5170/5170 5171/5171 5089/5089
f 5172/5172 5091/5091 5090/5090
f 5171/5171 5172/5172 5090/5090
f 5173/5173 5092/5092 5091/5091
f 5172/5172 5173/5173 5091/5091
f 5174/5174 5093/5093 5092/5092
f 5173/5173 5174/5174 5092/5092
f 5175/5175 5094/5094 5093/5093
f 5174/5174 5175/5175 5093/5093
f 5176/5176 5095/5095 5094/5094
f 5175/5175 5176/5176 5094/5094
f 5177/5177 5096/5096 5095/5095
f 5176/5176 5177/5177 5095/5095
f 5178/5178 5097/5097 5096/5096
f 5177/5177 5178/5178 5096/5096
f 5179/5179 5098/5098 5097/5097
f 5178/5178 5179/5179 5097/5097
f 5180/5180 5099/5099 5098/5098
f 5179/5179 5180/5180 5098/5098
f 5181/5181 5100/5100 5099/5099
f 5180/5180 5181/5181 5099/5099
f 5182/5182 5101/5101 5100/5100
f 5181/5181 5182/5182 5100/5100
f 5183/5183 5102/5102 5101/5101
f 5182/5182 5183/5183 5101/5101
f 5184/5184 5103/5103 5102/5102
f 5183/5183 5184/5184 5102/5102
f 5186/5186 5105/5105 5104/5104
f 5185/5185 5186/5186 5104/5104
f 5187/5187 5106/5106 5105/5105
f 5186/5186 5187/5187 5105/5105
f 5188/5188 5107/5107 5106/5106
f 5187/5187 5188/5188 5106/5106
f 5189/5189 5108/5108 5107/5107
f 5188/5188 5189/5189 5107/5107
f 5190/5190 5109/5109 5108/5108
f 5189/5189 5190/5190 5108/5108
f 5191/5191 5110/5110 5109/5109
f 5190/5190 5191/5191 5109/5109
f 5192/5192 5111/5111 5110/5110
f 5191/5191 5192/5192 5110/5110
f 5193/5193 5112/5112 5111/5111
f 5192/5192 5193/5193 5111/5111
f 5194/5194 5113/5113 5112/5112
f 5193/5193 5194/5194 5112/5112
f 5195/5195 5114/5114 5113/5113
f 5194/5194 5195/5195 5113/5113
f 5196/5196 5115/5115 5114/5114
f 5195/5195 5196/5196 5114/5114
f 5197/5197 5116/5116 5115/5115
f 5196/5196 5197/5197 5115/5115
f 5198/5198 5117/5117 5116/5116
f 5197/5197 5198/5198 5116/5116
f 5199/5199 5118/5118 5117/5117
f 5198/5198 5199/5199 5117/5117
f 5200/5200 5119/5119 5118/5118
f 5199/5199 5200/5200 5118/5118
f 5201/5201 5120/5120 5119/5119
f 5200/5200 5201/5201 5119/5119
f 5202/5202 5121/5121 5120/5120
f 5201/5201 5202/5202 5120/5120
f 5203/5203 5122/5122 5121/5121
f 5202/5202 5203/5203 5121/5121
f 5204/5204 5123/5123 5122/5122
f 5203/5203 5204/5204 5122/5122
f 5205/5205 5124/5124 5123/5123
f 5204/5204 5205/5205 5123/5123
f 5206/5206 5125/5125 5124/5124
f 5205/5205 5206/5206 5124/5124
f 5207/5207 5126/5126 5125/5125
f 5206/5206 5207/5207 5125/5125
f 5208/5208 5127/5127 5126/5126
f 5207/5207 5208/5208 5126/5126
f 5209/5209 5128/5128 5127/5127
f 5208/5208 5209/5209 5127/5127
f 5210/5210 5129/5129 5128/5128
f 5209/5209 5210/5210 5128/5128
f 5211/5211 5130/5130 5129/5129
f 5210/5210 5211/5211 5129/5129
f 5212/5212 5131/5131 5130/5130
f 5211/5211 5212/5212 5130/5130
f 5213/5213 5132/5132 5131/5131
f 5212/5212 5213/5213 5131/5131
f 5214/5214 5133/5133 5132/5132
f 5213/5213 5214/5214 5132/5132
f 5215/5215 5134/5134 5133/5133
f 5214/5214 5215/5215 5133/5133
f 5216/5216 5135/5135 5134/5134
f 5215/5215 5216/5216 5134/5134
f 5217/5217 5136/5136 5135/5135
f 5216/5216 5217/5217 5135/5135
f 5218/5218 5137/5137 5136/5136
f 5217/5217 5218/5218 5136/5136
f 5219/5219 5138/5138 5137/5137
f 5218/5218 5219/5219 5137/5137
f 5220/5220 5139/5139 5138/5138
f 5219/5219 5220/5220 5138/5138
f 5221/5221 5140/5140 5139/5139
f 5220/5220 5221/5221 5139/5139
f 5222/5222 5141/5141 5140/5140
f 5221/5221 5222/5222 5140/5140
f 5223/5223 5142/5142 5141/5141
f 5222/5222 5223/5223 5141/5141
f 5224/5224 5143/5143 5142/5142
f 5223/5223 5224/5224 5142/5142
f 5225/5225 5144/5144 5143/5143
f 5224/5224 5225/5225 5143/5143
f 5226/5226 5145/5145 5144/5144
f 5225/5225 5226/5226 5144/5144
f 5227/5227 5146/5146 5145/5145
f 5226/5226 5227/5227 5145/5145
f 5228/5228 5147/5147 5146/5146
f 5227/5227 5228/5228 5146/5146
f 5229/5229 5148/5148 5147/5147
f 5228/5228 5229/5229 5147/5147
f 5230/5230 5149/5149 5148/5148
f 5229/5229 5230/5230 5148/5148
f 5231/5231 5150/5150 5149/5149
f 5230/5230 5231/5231 5149/5149
f 5232/5232 5151/5151 5150/5150
f 5231/5231 5232/5232 5150/5150
f 5233/5233 5152/5152 5151/5151
f 5232/5232 5233/5233 5151/5151
f 5234/5234 5153/5153 5152/5152
f 5233/5233 5234/5234 5152/5152
f 5235/5235 5154/5154 5153/5153
f 5234/5234 5235/5235 5153/5153
f 5236/5236 5155/5155 5154/5154
f 5235/5235 5236/5236 5154/5154
f 5237/5237 5156/5156 5155/5155
f 5236/5236 5237/5237 5155/5155
f 5238/5238 5157/5157 5156/5156
f 5237/5237 5238/5238 5156/5156
f 5239/5239 5158/5158 5157/5157
f 5238/5238 5239/5239 5157/5157
f 5240/5240 5159/5159 5158/5158
f 5239/5239 5240/5240 5158/5158
f 5241/5241 5160/5160 5159/5159
f 5240/5240 5241/5241 5159/5159
f 5242/5242 5161/5161 5160/5160
f 5241/5241 5242/5242 5160/5160
f 5243/5243 5162/5162 5161/5161
f 5242/5242 5243/5243 5161/5161
f 5244/5244 5163/5163 5162/5162
f 5243/5243 5244/5244 5162/5162
f 5245/5245 5164/5164 5163/5163
f 5244/5244 5245/5245 5163/5163
f 5246/5246 5165/5165 5164/5164
f 5245/5245 5246/5246 5164/5164
f 5247/5247 5166/5166 5165/5165
f 5246/5246 5247/5247 5165/5165
f 5248/5248 5167/5167 5166/5166
f 5247/5247 5248/5248 5166/5166
f 5249/5249 5168/5168 5167/5167
f 5248/5248 5249/5249 5167/5167
f 5250/5250 5169/5169 5168/5168
f 5249/5249 5250/5250 5168/5168
f 5251/5251 5170/5170 5169/5169
f 5250/5250 5251/5251 5169/5169
f 5252/5252 5171/5171 5170/5170
f 5251/5251 5252/5252 5170/5170
f 5253/5253 5172/5172 5171/5171
f 5252/5252 5253/5253 5171/5171
f 5254/5254 5173/5173 5172/5172
f 5253/5253 5254/5254 5172/5172
f 5255/5255 5174/5174 5173/5173
f 5254/5254 5255/5255 5173/5173
f 5256/5256 5175/5175 5174/5174
f 5255/5255 5256/5256 5174/5174
f 5257/5257 5176/5176 5175/5175
f 5256/5256 5257/5257 5175/5175
f 5258/5258 5177/5177 5176/5176
f 5257/5257 5258/5258 5176/5176
f 5259/5259 5178/5178 5177/5177
f 5258/5258 5259/5259 5177/5177
f 5260/5260 5179/5179 5178/5178
f 5259/5259 5260/5260 5178/5178
f 5261/5261 5180/5180 5179/5179
f 5260/5260 5261/5261 5179/5179
f 5262/5262 5181/5181 5180/5180
f 5261/5261 5262/5262 5180/5180
f 5263/5263 5182/5182 5181/5181
f 5262/5262 5263/5263 5181/5181
f 5264/5264 5183/5183 5182/5182
f 5263/5263 5264/5264 5182/5182
f 5265/5265 5184/5184 5183/5183
f 5264/5264 5265/5265 5183/5183
f 5267/5267 5186/5186 5185/5185
f 5266/5266 5267/5267 5185/5185
f 5268/5268 5187/5187 5186/5186
f 5267/5267 5268/5268 5186/5186
f 5269/5269 5188/5188 5187/5187
f 5268/5268 5269/5269 5187/5187
f 5270/5270 5189/5189 5188/5188
f 5269/5269 5270/5270 5188/5188
f 5271/5271 5190/5190 5189/5189
f 5270/5270 5271/5271 5189/5189
f 5272/5272 5191/5191 5190/5190
f 5271/5271 5272/5272 5190/5190
f 5273/5273 5192/5192 5191/5191
f 5272/5272 5273/5273 5191/5191
f 5274/5274 5193/5193 5192/5192
f 5273/5273 5274/5274 5192/5192
f 5275/5275 5194/5194 5193/5193
f 5274/5274 5275/5275 5193/5193
f 5276/5276 5195/5195 5194/5194
f 5275/5275 5276/5276 5194/5194
f 5277/5277 5196/5196 5195/5195
f 5276/5276 5277/5277 5195/5195
f 5278/5278 5197/5197 5196/5196
f 5277/5277 5278/5278 5196/5196
f 5279/5279 5198/5198 5197/5197
f 5278/5278 5279/5279 5197/5197
f 5280/5280 5199/5199 5198/5198
f 5279/5279 5280/5280 5198/5198
f 5281/5281 5200/5200 5199/5199
f 5280/5280 5281/5281 5199/5199
f 5282/5282 5201/5201 5200/5200
f 5281/5281 5282/5282 5200/5200
f 5283/5283 5202/5202 5201/5201
f 5282/5282 5283/5283 5201/5201
f 5284/5284 5203/5203 5202/5202
f 5283/5283 5284/5284 5202/5202
f 5285/5285 5204/5204 5203/5203
f 5284/5284 5285/5285 5203/5203
f 5286/5286 5205/5205 5204/5204
f 5285/5285 5286/5286 5204/5204
f 5287/5287 5206/5206 5205/5205
f 5286/5286 5287/5287 5205/5205
f 5288/5288 5207/5207 5206/5206
f 5287/5287 5288/5288 5206/5206
f 5289/5289 5208/5208 5207/5207
f 5288/5288 5289/5289 5207/5207
f 5290/5290 5209/5209 5208/5208
f 5289/5289 5290/5290 5208/5208
f 5291/5291 5210/5210 5209/5209
f 5290/5290 5291/5291 5209/5209
f 5292/5292 5211/5211 5210/5210
f 5291/5291 5292/5292 5210/5210
f 5293/5293 5212/5212 5211/5211
f 5292/5292 5293/5293 5211/5211
f 5294/5294 5213/5213 5212/5212
f 5293/5293 5294/5294 5212/5212
f 5295/5295 5214/5214 5213/5213
f 5294/5294 5295/5295 5213/5213
f 5296/5296 5215/5215 5214/5214
f 5295/5295 5296/5296 5214/5214
f 5297/5297 5216/5216 5215/5215
f 5296/5296 5297/5297 5215/5215
f 5298/5298 5217/5217 5216/5216
f 5297/5297 5298/5298 5216/5216
f 5299/5299 5218/5218 5217/5217
f 5298/5298 5299/5299 5217/5217
f 5300/5300 5219/5219 5218/5218
f 5299/5299 5300/5300 5218/5218
f 5301/5301 5220/5220 5219/5219
f 5300/5300 5301/5301 5219/5219
f 5302/5302 5221/5221 5220/5220
f 5301/5301 5302/5302 5220/5220
f 5303/5303 5222/5222 5221/5221
f 5302/5302 5303/5303 5221/5221
f 5304/5304 5223/5223 5222/5222
f 5303/5303 5304/5304 5222/5222
f 5305/5305 5224/5224 5223/5223
f 5304/5304 5305/5305 5223/5223
f 5306/5306 5225/5225 5224/5224
f 5305/5305 5306/5306 5224/5224
f 5307/5307 5226/5226 5225/5225
f 5306/5306 5307/5307 5225/5225
f 5308/5308 5227/5227 5226/5226
f 5307/5307 5308/5308 5226/5226
f 5309/5309 5228/5228 5227/5227
f 5308/5308 5309/5309 5227/5227
f 5310/5310 5229/5229 5228/5228
f 5309/5309 5310/5310 5228/5228
f 5311/5311 5230/5230 5229/5229
f 5310/5310 5311/5311 5229/5229
f 5312/5312 5231/5231 5230/5230
f 5311/5311 5312/5312 5230/5230
f 5313/5313 5232/5232 5231/5231
f 5312/5312 5313/5313 5231/5231
f 5314/5314 5233/5233 5232/5232
f 5313/5313 5314/5314 5232/5232
f 5315/5315 5234/5234 5233/5233
f 5314/5314 5315/5315 5233/5233
f 5316/5316 5235/5235 5234/5234
f 5315/5315 5316/5316 5234/5234
f 5317/5317 5236/5236 5235/5235
f 5316/5316 5317/5317 5235/5235
f 5318/5318 5237/5237 5236/5236
f 5317/5317 5318/5318 5236/5236
f 5319/5319 5238/5238 5237/5237
f 5318/5318 5319/5319 5237/5237
f 5320/5320 5239/5239 5238/5238
f 5319/5319 5320/5320 5238/5238
f 5321/5321 5240/5240 5239/5239
f 5320/5320 5321/5321 5239/5239
f 5322/5322 5241/5241 5240/5240
f 5321/5321 5322/5322 5240/5240
f 5323/5323 5242/5242 5241/5241
f 5322/5322 5323/5323 5241/5241
f 5324/5324 5243/5243 5242/5242
f 5323/5323 5324/5324 5242/5242
f 5325/5325 5244/5244 5243/5243
f 5324/5324 5325/5325 5243/5243
f 5326/5326 5245/5245 5244/5244
f 5325/5325 5326/5326 5244/5244
f 5327/5327 5246/5246 5245/5245
f 5326/5326 5327/5327 5245/5245
f 5328/5328 5247/5247 5246/5246
f 5327/5327 5328/5328 5246/5246
f 5329/5329 5248/5248 5247/5247
f 5328/5328 5329/5329 5247/5247
f 5330/5330 5249/5249 5248/5248
f 5329/5329 5330/5330 5248/5248
f 5331/5331 5250/5250 5249/5249
f 5330/5330 5331/5331 5249/5249
f 5332/5332 5251/5251 5250/5250
f 5331/5331 5332/5332 5250/5250
f 5333/5333 5252/5252 5251/5251
f 5332/5332 5333/5333 5251/5251
f 5334/5334 5253/5253 5252/5252
f 5333/5333 5334/5334 5252/5252
f 5335/5335 5254/5254 5253/5253
f 5334/5334 5335/5335 5253/5253
f 5336/5336 5255/5255 5254/5254
f 5335/5335 5336/5336 5254/5254
f 5337/5337 5256/5256 5255/5255
f 5336/5336 5337/5337 5255/5255
f 5338/5338 5257/5257 5256/5256
f 5337/5337 5338/5338 5256/5256
f 5339/5339 5258/5258 5257/5257
f 5338/5338 5339/5339 5257/5257
f 5340/5340 5259/5259 5258/5258
f 5339/5339 5340/5340 5258/5258
f 5341/5341 5260/5260 5259/5259
f 5340/5340 5341/5341 5259/5259
f 5342/5342 5261/5261 5260/5260
f 5341/5341 5342/5342 5260/5260
f 5343/5343 5262/5262 5261/5261
f 5342/5342 5343/5343 5261/5261
f 5344/5344 5263/5263 5262/5262
f 5343/5343 5344/5344 5262/5262
f 5345/5345 5264/5264 5263/5263
f 5344/5344 5345/5345 5263/5263
f 5346/5346 5265/5265 5264/5264
f 5345/5345 5346/5346 5264/5264
f 5348/5348 5267/5267 5266/5266
f 5347/5347 5348/5348 5266/5266
f 5349/5349 5268/5268 5267/5267
f 5348/5348 5349/5349 5267/5267
f 5350/5350 5269/5269 5268/5268
f 5349/5349 5350/5350 5268/5268
f 5351/5351 5270/5270 5269/5269
f 5350/5350 5351/5351 5269/5269
f 5352/5352 5271/5271 5270/5270
f 5351/5351 5352/5352 5270/5270
f 5353/5353 5272/5272 5271/5271
f 5352/5352 5353/5353 5271/5271
f 5354/5354 5273/5273 5272/5272
f 5353/5353 5354/5354 5272/5272
f 5355/5355 5274/5274 5273/5273
f 5354/5354 5355/5355 5273/5273
f 5356/5356 5275/5275 5274/5274
f 5355/5355 5356/5356 5274/5274
f 5357/5357 5276/5276 5275/5275
f 5356/5356 5357/5357 5275/5275
f 5358/5358 5277/5277 5276/5276
f 5357/5357 5358/5358 5276/5276
f 5359/5359 5278/5278 5277/5277
f 5358/5358 5359/5359 5277/5277
f 5360/5360 5279/5279 5278/5278
f 5359/5359 5360/5360 5278/5278
f 5361/5361 5280/5280 5279/5279
f 5360/5360 5361/5361 5279/5279
f 5362/5362 5281/5281 5280/5280
f 5361/5361 5362/5362 5280/5280
f 5363/5363 5282/5282 5281/5281
f 5362/5362 5363/5363 5281/5281
f 5364/5364 5283/5283 5282/5282
f 5363/5363 5364/5364 5282/5282
f 5365/5365 5284/5284 5283/5283
f 5364/5364 5365/5365 5283/5283
f 5366/5366 5285/5285 5284/5284
f 5365/5365 5366/5366 5284/5284
f 5367/5367 5286/5286 5285/5285
f 5366/5366 5367/5367 5285/5285
f 5368/5368 5287/5287 5286/5286
f 5367/5367 5368/5368 5286/5286
f 5369/5369 5288/5288 5287/5287
f 5368/5368 5369/5369 5287/5287
f 5370/5370 5289/5289 5288/5288
f 5369/5369 5370/5370 5288/5288
f 5371/5371 5290/5290 5289/5289
f 5370/5370 5371/5371 5289/5289
f 5372/5372 5291/5291 5290/5290
f 5371/5371 5372/5372 5290/5290
f 5373/5373 5292/5292 5291/5291
f 5372/5372 5373/5373 5291/5291
f 5374/5374 5293/5293 5292/5292
f 5373/5373 5374/5374 5292/5292
f 5375/5375 5294/5294 5293/5293
f 5374/5374 5375/5375 5293/5293
f 5376/5376 5295/5295 5294/5294
f 5375/5375 5376/5376 5294/5294
f 5377/5377 5296/5296 5295/5295
f 5376/5376 5377/5377 5295/5295
f 5378/5378 5297/5297 5296/5296
f 5377/5377 5378/5378 5296/5296
f 5379/5379 5298/5298 5297/5297
f 5378/5378 5379/5379 5297/5297
f 5380/5380 5299/5299 5298/5298
f 5379/5379 5380/5380 5298/5298
f 5381/5381 5300/5300 5299/5299
f 5380/5380 5381/5381 5299/5299
f 5382/5382 5301/5301 5300/5300
f 5381/5381 5382/5382 5300/5300
f 5383/5383 5302/5302 5301/5301
f 5382/5382 5383/5383 5301/5301
f 5384/5384 5303/5303 5302/5302
f 5383/5383 5384/5384 5302/5302
f 5385/5385 5304/5304 5303/5303
f 5384/5384 5385/5385 5303/5303
f 5386/5386 5305/5305 5304/5304
f 5385/5385 5386/5386 5304/5304
f 5387/5387 5306/5306 5305/5305
f 5386/5386 5387/5387 5305/5305
f 5388/5388 5307/5307 5306/5306
f 5387/5387 5388/5388 5306/5306
f 5389/5389 5308/5308 5307/5307
f 5388/5388 5389/5389 5307/5307
f 5390/5390 5309/5309 5308/5308
f 5389/5389 5390/5390 5308/5308
f 5391/5391 5310/5310 5309/5309
f 5390/5390 5391/5391 5309/5309
f 5392/5392 5311/5311 5310/5310
f 5391/5391 5392/5392 5310/5310
f 5393/5393 5312/5312 5311/5311
f 5392/5392 5393/5393 5311/5311
f 5394/5394 5313/5313 5312/5312
f 5393/5393 5394/5394 5312/5312
f 5395/5395 5314/5314 5313/5313
f 5394/5394 5395/5395 5313/5313
f 5396/5396 5315/5315 5314/5314
f 5395/5395 5396/5396 5314/5314
f 5397/5397 5316/5316 5315/5315
f 5396/5396 5397/5397 5315/5315
f 5398/5398 5317/5317 5316/5316
f 5397/5397 5398/5398 5316/5316
f 5399/5399 5318/5318 5317/5317
f 5398/5398 5399/5399 5317/5317
f 5400/5400 5319/5319 5318/5318
f 5399/5399 5400/5400 5318/5318
f 5401/5401 5320/5320 5319/5319
f 5400/5400 5401/5401 5319/5319
f 5402/5402 5321/5321 5320/5320
f 5401/5401 5402/5402 5320/5320
f 5403/5403 5322/5322 5321/5321
f 5402/5402 5403/5403 5321/5321
f 5404/5404 5323/5323 5322/5322
f 5403/5403 5404/5404 5322/5322
f 5405/5405 5324/5324 5323/5323
f 5404/5404 5405/5405 5323/5323
f 5406/5406 5325/5325 5324/5324
f 5405/5405 5406/5406 5324/5324
f 5407/5407 5326/5326 5325/5325
f 5406/5406 5407/5407 5325/5325
f 5408/5408 5327/5327 5326/5326
f 5407/5407 5408/5408 5326/5326
f 5409/5409 5328/5328 5327/5327
f 5408/5408 5409/5409 5327/5327
f 5410/5410 5329/5329 5328/5328
f 5409/5409 5410/5410 5328/5328
f 5411/5411 5330/5330 5329/5329
f 5410/5410 5411/5411 5329/5329
f 5412/5412 5331/5331 5330/5330
f 5411/5411 5412/5412 5330/5330
f 5413/5413 5332/5332 5331/5331
f 5412/5412 5413/5413 5331/5331
f 5414/5414 5333/5333 5332/5332
f 5413/5413 5414/5414 5332/5332
f 5415/5415 5334/5334 5333/5333
f 5414/5414 5415/5415 5333/5333
f 5416/5416 5335/5335 5334/5334
f 5415/5415 5416/5416 5334/5334
f 5417/5417 5336/5336 5335/5335
f 5416/5416 5417/5417 5335/5335
f 5418/5418 5337/5337 5336/5336
f 5417/5417 5418/5418 5336/5336
f 5419/5419 5338/5338 5337/5337
f 5418/5418 5419/5419 5337/5337
f 5420/5420 5339/5339 5338/5338
f 5419/5419 5420/5420 5338/5338
f 5421/5421 5340/5340 5339/5339
f 5420/5420 5421/5421 5339/5339
f 5422/5422 5341/5341 5340/5340
f 5421/5421 5422/5422 5340/5340
f 5423/5423 5342/5342 5341/5341
f 5422/5422 5423/5423 5341/5341
f 5424/5424 5343/5343 5342/5342
f 5423/5423 5424/5424 5342/5342
f 5425/5425 5344/5344 5343/5343
f 5424/5424 5425/5425 5343/5343
f 5426/5426 5345/5345 5344/5344
f 5425/5425 5426/5426 5344/5344
f 5427/5427 5346/5346 5345/5345
f 5426/5426 5427/5427 5345/5345
f 5429/5429 5348/5348 5347/5347
f 5428/5428 5429/5429 5347/5347
f 5430/5430 5349/5349 5348/5348
f 5429/5429 5430/5430 5348/5348
f 5431/5431 5350/5350 5349/5349
f 5430/5430 5431/5431 5349/5349
f 5432/5432 5351/5351 5350/5350
f 5431/5431 5432/5432 5350/5350
f 5433/5433 5352/5352 5351/5351
f 5432/5432 5433/5433 5351/5351
f 5434/5434 5353/5353 5352/5352
f 5433/5433 5434/5434 5352/5352
f 5435/5435 5354/5354 5353/5353
f 5434/5434 5435/5435 5353/5353
f 5436/5436 5355/5355 5354/5354
f 5435/5435 5436/5436 5354/5354
f 5437/5437 5356/5356 5355/5355
f 5436/5436 5437/5437 5355/5355
f 5438/5438 5357/5357 5356/5356
f 5437/5437 5438/5438 5356/5356
f 5439/5439 5358/5358 5357/5357
f 5438/5438 5439/5439 5357/5357
f 5440/5440 5359/5359 5358/5358
f 5439/5439 5440/5440 5358/5358
f 5441/5441 5360/5360 5359/5359
f 5440/5440 5441/5441 5359/5359
f 5442/5442 5361/5361 5360/5360
f 5441/5441 5442/5442 5360/5360
f 5443/5443 5362/5362 5361/5361
f 5442/5442 5443/5443 5361/5361
f 5444/5444 5363/5363 5362/5362
f 5443/5443 5444/5444 5362/5362
f 5445/5445 5364/5364 5363/5363
f 5444/5444 5445/5445 5363/5363
f 5446/5446 5365/5365 5364/5364
f 5445/5445 5446/5446 5364/5364
f 5447/5447 5366/5366 5365/5365
f 5446/5446 5447/5447 5365/5365
f 5448/5448 5367/5367 5366/5366
f 5447/5447 5448/5448 5366/5366
f 5449/5449 5368/5368 5367/5367
f 5448/5448 5449/5449 5367/5367
f 5450/5450 5369/5369 5368/5368
f 5449/5449 5450/5450 5368/5368
f 5451/5451 5370/5370 5369/5369
f 5450/5450 5451/5451 5369/5369
f 5452/5452 5371/5371 5370/5370
f 5451/5451 5452/5452 5370/5370
f 5453/5453 5372/5372 5371/5371
f 5452/5452 5453/5453 5371/5371
f 5454/5454 5373/5373 5372/5372
f 5453/5453 5454/5454 5372/5372
f 5455/5455 5374/5374 5373/5373
f 5454/5454 5455/5455 5373/5373
f 5456/5456 5375/5375 5374/5374
f 5455/5455 5456/5456 5374/5374
f 5457/5457 5376/5376 5375/5375
f 5456/5456 5457/5457 5375/5375
f 5458/5458 5377/5377 5376/5376
f 5457/5457 5458/5458 5376/5376
f 5459/5459 5378/5378 5377/5377
f 5458/5458 5459/5459 5377/5377
f 5460/5460 5379/5379 5378/5378
f 5459/5459 5460/5460 5378/5378
f 5461/5461 5380/5380 5379/5379
f 5460/5460 5461/5461 5379/5379
f 5462/5462 5381/5381 5380/5380
f 5461/5461 5462/5462 5380/5380
f 5463/5463 5382/5382 5381/5381
f 5462/5462 5463/5463 5381/5381
f 5464/5464 5383/5383 5382/5382
f 5463/5463 5464/5464 5382/5382
f 5465/5465 5384/5384 5383/5383
f 5464/5464 5465/5465 5383/5383
f 5466/5466 5385/5385 5384/5384
f 5465/5465 5466/5466 5384/5384
f 5467/5467 5386/5386 5385/5385
f 5466/5466 5467/5467 5385/5385
f 5468/5468 5387/5387 5386/5386
f 5467/5467 5468/5468 5386/5386
f 5469/5469 5388/5388 5387/5387
f 5468/5468 5469/5469 5387/5387
f 5470/5470 5389/5389 5388/5388
f 5469/5469 5470/5470 5388/5388
f 5471/5471 5390/5390 5389/5389
f 5470/5470 5471/5471 5389/5389
f 5472/5472 5391/5391 5390/5390
f 5471/5471 5472/5472 5390/5390
f 5473/5473 5392/5392 5391/5391
f 5472/5472 5473/5473 5391/5391
f 5474/5474 5393/5393 5392/5392
f 5473/5473 5474/5474 5392/5392
f 5475/5475 5394/5394 5393/5393
f 5474/5474 5475/5475 5393/5393
f 5476/5476 5395/5395 5394/5394
f 5475/5475 5476/5476 5394/5394
f 5477/5477 5396/5396 5395/5395
f 5476/5476 5477/5477 5395/5395
f 5478/5478 5397/5397 5396/5396
f 5477/5477 5478/5478 5396/5396
f 5479/5479 5398/5398 5397/5397
f 5478/5478 5479/5479 5397/5397
f 5480/5480 5399/5399 5398/5398
f 5479/5479 5480/5480 5398/5398
f 5481/5481 5400/5400 5399/5399
f 5480/5480 5481/5481 5399/5399
f 5482/5482 5401/5401 5400/5400
f 5481/5481 5482/5482 5400/5400
f 5483/5483 5402/5402 5401/5401
f 5482/5482 5483/5483 5401/5401
f 5484/5484 5403/5403 5402/5402
f 5483/5483 5484/5484 5402/5402
f 5485/5485 5404/5404 5403/5403
f 5484/5484 5485/5485 5403/5403
f 5486/5486 5405/5405 5404/5404
f 5485/5485 5486/5486 5404/5404
f 5487/5487 5406/5406 5405/5405
f 5486/5486 5487/5487 5405/5405
f 5488/5488 5407/5407 5406/5406
f 5487/5487 5488/5488 5406/5406
f 5489/5489 5408/5408 5407/5407
f 5488/5488 5489/5489 5407/5407
f 5490/5490 5409/5409 5408/5408
f 5489/5489 5490/5490 5408/5408
f 5491/5491 5410/5410 5409/5409
f 5490/5490 5491/5491 5409/5409
f 5492/5492 5411/5411 5410/5410
f 5491/5491 5492/5492 5410/5410
f 5493/5493 5412/5412 5411/5411
f 5492/5492 5493/5493 5411/5411
f 5494/5494 5413/5413 5412/5412
f 5493/5493 5494/5494 5412/5412
f 5495/5495 5414/5414 5413/5413
f 5494/5494 5495/5495 5413/5413
f 5496/5496 5415/5415 5414/5414
f 5495/5495 5496/5496 5414/5414
f 5497/5497 5416/5416 5415/5415
f 5496/5496 5497/5497 5415/5415
f 5498/5498 5417/5417 5416/5416
f 5497/5497 5498/5498 5416/5416
f 5499/5499 5418/5418 5417/5417
f 5498/5498 5499/5499 5417/5417
f 5500/5500 5419/5419 5418/5418
f 5499/5499 5500/5500 5418/5418
f 5501/5501 5420/5420 5419/5419
f 5500/5500 5501/5501 5419/5419
f 5502/5502 5421/5421 5420/5420
f 5501/5501 5502/5502 5420/5420
f 5503/5503 5422/5422 5421/5421
f 5502/5502 5503/5503 5421/5421
f 5504/5504 5423/5423 5422/5422
f 5503/5503 5504/5504 5422/5422
f 5505/5505 5424/5424 5423/5423
f 5504/5504 5505/5505 5423/5423
f 5506/5506 5425/5425 5424/5424
f 5505/5505 5506/5506 5424/5424
f 5507/5507 5426/5426 5425/5425
f 5506/5506 5507/5507 5425/5425
f 5508/5508 5427/5427 5426/5426
f 5507/5507 5508/5508 5426/5426
f 5510/5510 5429/5429 5428/5428
f 5509/5509 5510/5510 5428/5428
f 5511/5511 5430/5430 5429/5429
f 5510/5510 5511/5511 5429/5429
f 5512/5512 5431/5431 5430/5430
f 5511/5511 5512/5512 5430/5430
f 5513/5513 5432/5432 5431/5431
f 5512/5512 5513/5513 5431/5431
f 5514/5514 5433/5433 5432/5432
f 5513/5513 5514/5514 5432/5432
f 5515/5515 5434/5434 5433/5433
f 5514/5514 5515/5515 5433/5433
f 5516/5516 5435/5435 5434/5434
f 5515/5515 5516/5516 5434/5434
f 5517/5517 5436/5436 5435/5435
f 5516/5516 5517/5517 5435/5435
f 5518/5518 5437/5437 5436/5436
f 5517/5517 5518/5518 5436/5436
f 5519/5519 5438/5438 5437/5437
f 5518/5518 5519/5519 5437/5437
f 5520/5520 5439/5439 5438/5438
f 5519/5519 5520/5520 5438/5438
f 5521/5521 5440/5440 5439/5439
f 5520/5520 5521/5521 5439/5439
f 5522/5522 5441/5441 5440/5440
f 5521/5521 5522/5522 5440/5440
f 5523/5523 5442/5442 5441/5441
f 5522/5522 5523/5523 5441/5441
f 5524/5524 5443/5443 5442/5442
f 5523/5523 5524/5524 5442/5442
f 5525/5525 5444/5444 5443/5443
f 5524/5524 5525/5525 5443/5443
f 5526/5526 5445/5445 5444/5444
f 5525/5525 5526/5526 5444/5444
f 5527/5527 5446/5446 5445/5445
f 5526/5526 5527/5527 5445/5445
f 5528/5528 5447/5447 5446/5446
f 5527/5527 5528/5528 5446/5446
f 5529/5529 5448/5448 5447/5447
f 5528/5528 5529/5529 5447/5447
f 5530/5530 5449/5449 5448/5448
f 5529/5529 5530/5530 5448/5448
f 5531/5531 5450/5450 5449/5449
f 5530/5530 5531/5531 5449/5449
f 5532/5532 5451/5451 5450/5450
f 5531/5531 5532/5532 5450/5450
f 5533/5533 5452/5452 5451/5451
f 5532/5532 5533/5533 5451/5451
f 5534/5534 5453/5453 5452/5452
f 5533/5533 5534/5534 5452/5452
f 5535/5535 5454/5454 5453/5453
f 5534/5534 5535/5535 5453/5453
f 5536/5536 5455/5455 5454/5454
f 5535/5535 5536/5536 5454/5454
f 5537/5537 5456/5456 5455/5455
f 5536/5536 5537/5537 5455/5455
f 5538/5538 5457/5457 5456/5456
f 5537/5537 5538/5538 5456/5456
f 5539/5539 5458/5458 5457/5457
f 5538/5538 5539/5539 5457/5457
f 5540/5540 5459/5459 5458/5458
f 5539/5539 5540/5540 5458/5458
f 5541/5541 5460/5460 5459/5459
f 5540/5540 5541/5541 5459/5459
f 5542/5542 5461/5461 5460/5460
f 5541/5541 5542/5542 5460/5460
f 5543/5543 5462/5462 5461/5461
f 5542/5542 5543/5543 5461/5461
f 5544/5544 5463/5463 5462/5462
f 5543/5543 5544/5544 5462/5462
f 5545/5545 5464/5464 5463/5463
f 5544/5544 5545/5545 5463/5463
f 5546/5546 5465/5465 5464/5464
f 5545/5545 5546/5546 5464/5464
f 5547/5547 5466/5466 5465/5465
f 5546/5546 5547/5547 5465/5465
f 5548/5548 5467/5467 5466/5466
f 5547/5547 5548/5548 5466/5466
f 5549/5549 5468/5468 5467/5467
f 5548/5548 5549/5549 5467/5467
f 5550/5550 5469/5469 5468/5468
f 5549/5549 5550/5550 5468/5468
f 5551/5551 5470/5470 5469/5469
f 5550/5550 5551/5551 5469/5469
f 5552/5552 5471/5471 5470/5470
f 5551/5551 5552/5552 5470/5470
f 5553/5553 5472/5472 5471/5471
f 5552/5552 5553/5553 5471/5471
f 5554/5554 5473/5473 5472/5472
f 5553/5553 5554/5554 5472/5472
f 5555/5555 5474/5474 5473/5473
f 5554/5554 5555/5555 5473/5473
f 5556/5556 5475/5475 5474/5474
f 5555/5555 5556/5556 5474/5474
f 5557/5557 5476/5476 5475/5475
f 5556/5556 5557/5557 5475/5475
f 5558/5558 5477/5477 5476/5476
f 5557/5557 5558/5558 5476/5476
f 5559/5559 5478/5478 5477/5477
f 5558/5558 5559/5559 5477/5477
f 5560/5560 5479/5479 5478/5478
f 5559/5559 5560/5560 5478/5478
f 5561/5561 5480/5480 5479/5479
f 5560/5560 5561/5561 5479/5479
f 5562/5562 5481/5481 5480/5480
f 5561/5561 5562/5562 5480/5480
f 5563/5563 5482/5482 5481/5481
f 5562/5562 5563/5563 5481/5481
f 5564/5564 5483/5483 5482/5482
f 5563/5563 5564/5564 5482/5482
f 5565/5565 5484/5484 5483/5483
f 5564/5564 5565/5565 5483/5483
f 5566/5566 5485/5485 5484/5484
f 5565/5565 5566/5566 5484/5484
f 5567/5567 5486/5486 5485/5485
f 5566/5566 5567/5567 5485/5485
f 5568/5568 5487/5487 5486/5486
f 5567/5567 5568/5568 5486/5486
f 5569/5569 5488/5488 5487/5487
f 5568/5568 5569/5569 5487/5487
f 5570/5570 5489/5489 5488/5488
f 5569/5569 5570/5570 5488/5488
f 5571/5571 5490/5490 5489/5489
f 5570/5570 5571/5571 5489/5489
f 5572/5572 5491/5491 5490/5490
f 5571/5571 5572/5572 5490/5490
f 5573/5573 5492/5492 5491/5491
f 5572/5572 5573/5573 5491/5491
f 5574/5574 5493/5493 5492/5492
f 5573/5573 5574/5574 5492/5492
f 5575/5575 5494/5494 5493/5493
f 5574/5574 5575/5575 5493/5493
f 5576/5576 5495/5495 5494/5494
f 5575/5575 5576/5576 5494/5494
f 5577/5577 5496/5496 5495/5495
f 5576/5576 5577/5577 5495/5495
f 5578/5578 5497/5497 5496/5496
f 5577/5577 5578/5578 5496/5496
f 5579/5579 5498/5498 5497/5497
f 5578/5578 5579/5579 5497/5497
f 5580/5580 5499/5499 5498/5498
f 5579/5579 5580/5580 5498/5498
f 5581/5581 5500/5500 5499/5499
f 5580/5580 5581/5581 5499/5499
f 5582/5582 5501/5501 5500/5500
f 5581/5581 5582/5582 5500/5500
f 5583/5583 5502/5502 5501/5501
f 5582/5582 5583/5583 5501/5501
f 5584/5584 5503/5503 5502/5502
f 5583/5583 5584/5584 5502/5502
f 5585/5585 5504/5504 5503/5503
f 5584/5584 5585/5585 5503/5503
f 5586/5586 5505/5505 5504/5504
f 5585/5585 5586/5586 5504/5504
f 5587/5587 5506/5506 5505/5505
f 5586/5586 5587/5587 5505/5505
f 5588/5588 5507/5507 5506/5506
f 5587/5587 5588/5588 5506/5506
f 5589/5589 5508/5508 5507/5507
f 5588/5588 5589/5589 5507/5507
f 5591/5591 5510/5510 5509/5509
f 5590/5590 5591/5591 5509/5509
f 5592/5592 5511/5511 5510/5510
f 5591/5591 5592/5592 5510/5510
f 5593/5593 5512/5512 5511/5511
f 5592/5592 5593/5593 5511/5511
f 5594/5594 5513/5513 5512/5512
f 5593/5593 5594/5594 5512/5512
f 5595/5595 5514/5514 5513/5513
f 5594/5594 5595/5595 5513/5513
f 5596/5596 5515/5515 5514/5514
f 5595/5595 5596/5596 5514/5514
f 5597/5597 5516/5516 5515/5515
f 5596/5596 5597/5597 5515/5515
f 5598/5598 5517/5517 5516/5516
f 5597/5597 5598/5598 5516/5516
f 5599/5599 5518/5518 5517/5517
f 5598/5598 5599/5599 5517/5517
f 5600/5600 5519/5519 5518/5518
f 5599/5599 5600/5600 5518/5518
f 5601/5601 5520/5520 5519/5519
f 5600/5600 5601/5601 5519/5519
f 5602/5602 5521/5521 5520/5520
f 5601/5601 5602/5602 5520/5520
f 5603/5603 5522/5522 5521/5521
f 5602/5602 5603/5603 5521/5521
f 5604/5604 5523/5523 5522/5522
f 5603/5603 5604/5604 5522/5522
f 5605/5605 5524/5524 5523/5523
f 5604/5604 5605/5605 5523/5523
f 5606/5606 5525/5525 5524/5524
f 5605/5605 5606/5606 5524/5524
f 5607/5607 5526/5526 5525/5525
f 5606/5606 5607/5607 5525/5525
f 5608/5608 5527/5527 5526/5526
f 5607/5607 5608/5608 5526/5526
f 5609/5609 5528/5528 5527/5527
f 5608/5608 5609/5609 5527/5527
f 5610/5610 5529/5529 5528/5528
f 5609/5609 5610/5610 5528/5528
f 5611/5611 5530/5530 5529/5529
f 5610/5610 5611/5611 5529/5529
f 5612/5612 5531/5531 5530/5530
f 5611/5611 5612/5612 5530/5530
f 5613/5613 5532/5532 5531/5531
f 5612/5612 5613/5613 5531/5531
f 5614/5614 5533/5533 5532/5532
f 5613/5613 5614/5614 5532/5532
f 5615/5615 5534/5534 5533/5533
f 5614/5614 5615/5615 5533/5533
f 5616/5616 5535/5535 5534/5534
f 5615/5615 5616/5616 5534/5534
f 5617/5617 5536/5536 5535/5535
f 5616/5616 5617/5617 5535/5535
f 5618/5618 5537/5537 5536/5536
f 5617/5617 5618/5618 5536/5536
f 5619/5619 5538/5538 5537/5537
f 5618/5618 5619/5619 5537/5537
f 5620/5620 5539/5539 5538/5538
f 5619/5619 5620/5620 5538/5538
f 5621/5621 5540/5540 5539/5539
f 5620/5620 5621/5621 5539/5539
f 5622/5622 5541/5541 5540/5540
f 5621/5621 5622/5622 5540/5540
f 5623/5623 5542/5542 5541/5541
f 5622/5622 5623/5623 5541/5541
f 5624/5624 5543/5543 5542/5542
f 5623/5623 5624/5624 5542/5542
f 5625/5625 5544/5544 5543/5543
f 5624/5624 5625/5625 5543/5543
f 5626/5626 5545/5545 5544/5544
f 5625/5625 5626/5626 5544/5544
f 5627/5627 5546/5546 5545/5545
f 5626/5626 5627/5627 5545/5545
f 5628/5628 5547/5547 5546/5546
f 5627/5627 5628/5628 5546/5546
f 5629/5629 5548/5548 5547/5547
f 5628/5628 5629/5629 5547/5547
f 5630/5630 5549/5549 5548/5548
f 5629/5629 5630/5630 5548/5548
f 5631/5631 5550/5550 5549/5549
f 5630/5630 5631/5631 5549/5549
f 5632/5632 5551/5551 5550/5550
f 5631/5631 5632/5632 5550/5550
f 5633/5633 5552/5552 5551/5551
f 5632/5632 5633/5633 5551/5551
f 5634/5634 5553/5553 5552/5552
f 5633/5633 5634/5634 5552/5552
f 5635/5635 5554/5554 5553/5553
f 5634/5634 5635/5635 5553/5553
f 5636/5636 5555/5555 5554/5554
f 5635/5635 5636/5636 5554/5554
f 5637/5637 5556/5556 5555/5555
f 5636/5636 5637/5637 5555/5555
f 5638/5638 5557/5557 5556/5556
f 5637/5637 5638/5638 5556/5556
f 5639/5639 5558/5558 5557/5557
f 5638/5638 5639/5639 5557/5557
f 5640/5640 5559/5559 5558/5558
f 5639/5639 5640/5640 5558/5558
f 5641/5641 5560/5560 5559/5559
f 5640/5640 5641/5641 5559/5559
f 5642/5642 5561/5561 5560/5560
f 5641/5641 5642/5642 5560/5560
f 5643/5643 5562/5562 5561/5561
f 5642/5642 5643/5643 5561/5561
f 5644/5644 5563/5563 5562/5562
f 5643/5643 5644/5644 5562/5562
f 5645/5645 5564/5564 5563/5563
f 5644/5644 5645/5645 5563/5563
f 5646/5646 5565/5565 5564/5564
f 5645/5645 5646/5646 5564/5564
f 5647/5647 5566/5566 5565/5565
f 5646/5646 5647/5647 5565/5565
f 5648/5648 5567/5567 5566/5566
f 5647/5647 5648/5648 5566/5566
f 5649/5649 5568/5568 5567/5567
f 5648/5648 5649/5649 5567/5567
f 5650/5650 5569/5569 5568/5568
f 5649/5649 5650/5650 5568/5568
f 5651/5651 5570/5570 5569/5569
f 5650/5650 5651/5651 5569/5569
f 5652/5652 5571/5571 5570/5570
f 5651/5651 5652/5652 5570/5570
f 5653/5653 5572/5572 5571/5571
f 5652/5652 5653/5653 5571/5571
f 5654/5654 5573/5573 5572/5572
f 5653/5653 5654/5654 5572/5572
f 5655/5655 5574/5574 5573/5573
f 5654/5654 5655/5655 5573/5573
f 5656/5656 5575/5575 5574/5574
f 5655/5655 5656/5656 5574/5574
f 5657/5657 5576/5576 5575/5575
f 5656/5656 5657/5657 5575/5575
f 5658/5658 5577/5577 5576/5576
f 5657/5657 5658/5658 5576/5576
f 5659/5659 5578/5578 5577/5577
f 5658/5658 5659/5659 5577/5577
f 5660/5660 5579/5579 5578/5578
f 5659/5659 5660/5660 5578/5578
f 5661/5661 5580/5580 5579/5579
f 5660/5660 5661/5661 5579/5579
f 5662/5662 5581/5581 5580/5580
f 5661/5661 5662/5662 5580/5580
f 5663/5663 5582/5582 5581/5581
f 5662/5662 5663/5663 5581/5581
f 5664/5664 5583/5583 5582/5582
f 5663/5663 5664/5664 5582/5582
f 5665/5665 5584/5584 5583/5583
f 5664/5664 5665/5665 5583/5583
f 5666/5666 5585/5585 5584/5584
f 5665/5665 5666/5666 5584/5584
f 5667/5667 5586/5586 5585/5585
f 5666/5666 5667/5667 5585/5585
f 5668/5668 5587/5587 5586/5586
f 5667/5667 5668/5668 5586/5586
f 5669/5669 5588/5588 5587/5587
f 5668/5668 5669/5669 5587/5587
f 5670/5670 5589/5589 5588/5588
f 5669/5669 5670/5670 5588/5588
f 5672/5672 5591/5591 5590/5590
f 5671/5671 5672/5672 5590/5590
f 5673/5673 5592/5592 5591/5591
f 5672/5672 5673/5673 5591/5591
f 5674/5674 5593/5593 5592/5592
f 5673/5673 5674/5674 5592/5592
f 5675/5675 5594/5594 5593/5593
f 5674/5674 5675/5675 5593/5593
f 5676/5676 5595/5595 5594/5594
f 5675/5675 5676/5676 5594/5594
f 5677/5677 5596/5596 5595/5595
f 5676/5676 5677/5677 5595/5595
f 5678/5678 5597/5597 5596/5596
f 5677/5677 5678/5678 5596/5596
f 5679/5679 5598/5598 5597/5597
f 5678/5678 5679/5679 5597/5597
f 5680/5680 5599/5599 5598/5598
f 5679/5679 5680/5680 5598/5598
f 5681/5681 5600/5600 5599/5599
f 5680/5680 5681/5681 5599/5599
f 5682/5682 5601/5601 5600/5600
f 5681/5681 5682/5682 5600/5600
f 5683/5683 5602/5602 5601/5601
f 5682/5682 5683/5683 5601/5601
f 5684/5684 5603/5603 5602/5602
f 5683/5683 5684/5684 5602/5602
f 5685/5685 5604/5604 5603/5603
f 5684/5684 5685/5685 5603/5603
f 5686/5686 5605/5605 5604/5604
f 5685/5685 5686/5686 5604/5604
f 5687/5687 5606/5606 5605/5605
f 5686/5686 5687/5687 5605/5605
f 5688/5688 5607/5607 5606/5606
f 5687/5687 5688/5688 5606/5606
f 5689/5689 5608/5608 5607/5607
f 5688/5688 5689/5689 5607/5607
f 5690/5690 5609/5609 5608/5608
f 5689/5689 5690/5690 5608/5608
f 5691/5691 5610/5610 5609/5609
f 5690/5690 5691/5691 5609/5609
f 5692/5692 5611/5611 5610/5610
f 5691/5691 5692/5692 5610/5610
f 5693/5693 5612/5612 5611/5611
f 5692/5692 5693/5693 5611/5611
f 5694/5694 5613/5613 5612/5612
f 5693/5693 5694/5694 5612/5612
f 5695/5695 5614/5614 5613/5613
f 5694/5694 5695/5695 5613/5613
f 5696/5696 5615/5615 5614/5614
f 5695/5695 5696/5696 5614/5614
f 5697/5697 5616/5616 5615/5615
f 5696/5696 5697/5697 5615/5615
f 5698/5698 5617/5617 5616/5616
f 5697/5697 5698/5698 5616/5616
f 5699/5699 5618/5618 5617/5617
f 5698/5698 5699/5699 5617/5617
f 5700/5700 5619/5619 5618/5618
f 5699/5699 5700/5700 5618/5618
f 5701/5701 5620/5620 5619/5619
f 5700/5700 5701/5701 5619/5619
f 5702/5702 5621/5621 5620/5620
f 5701/5701 5702/5702 5620/5620
f 5703/5703 5622/5622 5621/5621
f 5702/5702 5703/5703 5621/5621
f 5704/5704 5623/5623 5622/5622
f 5703/5703 5704/5704 5622/5622
f 5705/5705 5624/5624 5623/5623
f 5704/5704 5705/5705 5623/5623
f 5706/5706 5625/5625 5624/5624
f 5705/5705 5706/5706 5624/5624
f 5707/5707 5626/5626 5625/5625
f 5706/5706 5707/5707 5625/5625
f 5708/5708 5627/5627 5626/5626
f 5707/5707 5708/5708 5626/5626
f 5709/5709 5628/5628 5627/5627
f 5708/5708 5709/5709 5627/5627
f 5710/5710 5629/5629 5628/5628
f 5709/5709 5710/5710 5628/5628
f 5711/5711 5630/5630 5629/5629
f 5710/5710 5711/5711 5629/5629
f 5712/5712 5631/5631 5630/5630
f 5711/5711 5712/5712 5630/5630
f 5713/5713 5632/5632 5631/5631
f 5712/5712 5713/5713 5631/5631
f 5714/5714 5633/5633 5632/5632
f 5713/5713 5714/5714 5632/5632
f 5715/5715 5634/5634 5633/5633
f 5714/5714 5715/5715 5633/5633
f 5716/5716 5635/5635 5634/5634
f 5715/5715 5716/5716 5634/5634
f 5717/5717 5636/5636 5635/5635
f 5716/5716 5717/5717 5635/5635
f 5718/5718 5637/5637 5636/5636
f 5717/5717 5718/5718 5636/5636
f 5719/5719 5638/5638 5637/5637
f 5718/5718 5719/5719 5637/5637
f 5720/5720 5639/5639 5638/5638
f 5719/5719 5720/5720 5638/5638
f 5721/5721 5640/5640 5639/5639
f 5720/5720 5721/5721 5639/5639
f 5722/5722 5641/5641 5640/5640
f 5721/5721 5722/5722 5640/5640
f 5723/5723 5642/5642 5641/5641
f 5722/5722 5723/5723 5641/5641
f 5724/5724 5643/5643 5642/5642
f 5723/5723 5724/5724 5642/5642
f 5725/5725 5644/5644 5643/5643
f 5724/5724 5725/5725 5643/5643
f 5726/5726 5645/5645 5644/5644
f 5725/5725 5726/5726 5644/5644
f 5727/5727 5646/5646 5645/5645
f 5726/5726 5727/5727 5645/5645
f 5728/5728 5647/5647 5646/5646
f 5727/5727 5728/5728 5646/5646
f 5729/5729 5648/5648 5647/5647
f 5728/5728 5729/5729 5647/5647
f 5730/5730 5649/5649 5648/5648
f 5729/5729 5730/5730 5648/5648
f 5731/5731 5650/5650 5649/5649
f 5730/5730 5731/5731 5649/5649
f 5732/5732 5651/5651 5650/5650
f 5731/5731 5732/5732 5650/5650
f 5733/5733 5652/5652 5651/5651
f 5732/5732 5733/5733 5651/5651
f 5734/5734 5653/5653 5652/5652
f 5733/5733 5734/5734 5652/5652
f 5735/5735 5654/5654 5653/5653
f 5734/5734 5735/5735 5653/5653
f 5736/5736 5655/5655 5654/5654
f 5735/5735 5736/5736 5654/5654
f 5737/5737 5656/5656 5655/5655
f 5736/5736 5737/5737 5655/5655
f 5738/5738 5657/5657 5656/5656
f 5737/5737 5738/5738 5656/5656
f 5739/5739 5658/5658 5657/5657
f 5738/5738 5739/5739 5657/5657
f 5740/5740 5659/5659 5658/5658
f 5739/5739 5740/5740 5658/5658
f 5741/5741 5660/5660 5659/5659
f 5740/5740 5741/5741 5659/5659
f 5742/5742 5661/5661 5660/5660
f 5741/5741 5742/5742 5660/5660
f 5743/5743 5662/5662 5661/5661
f 5742/5742 5743/5743 5661/5661
f 5744/5744 5663/5663 5662/5662
f 5743/5743 5744/5744 5662/5662
f 5745/5745 5664/5664 5663/5663
f 5744/5744 5745/5745 5663/5663
f 5746/5746 5665/5665 5664/5664
f 5745/5745 5746/5746 5664/5664
f 5747/5747 5666/5666 5665/5665
f 5746/5746 5747/5747 5665/5665
f 5748/5748 5667/5667 5666/5666
f 5747/5747 5748/5748 5666/5666
f 5749/5749 5668/5668 5667/5667
f 5748/5748 5749/5749 5667/5667
f 5750/5750 5669/5669 5668/5668
f 5749/5749 5750/5750 5668/5668
f 5751/5751 5670/5670 5669/5669
f 5750/5750 5751/5751 5669/5669
f 5753/5753 5672/5672 5671/5671
f 5752/5752 5753/5753 5671/5671
f 5754/5754 5673/5673 5672/5672
f 5753/5753 5754/5754 5672/5672
f 5755/5755 5674/5674 5673/5673
f 5754/5754 5755/5755 5673/5673
f 5756/5756 5675/5675 5674/5674
f 5755/5755 5756/5756 5674/5674
f 5757/5757 5676/5676 5675/5675
f 5756/5756 5757/5757 5675/5675
f 5758/5758 5677/5677 5676/5676
f 5757/5757 5758/5758 5676/5676
f 5759/5759 5678/5678 5677/5677
f 5758/5758 5759/5759 5677/5677
f 5760/5760 5679/5679 5678/5678
f 5759/5759 5760/5760 5678/5678
f 5761/5761 5680/5680 5679/5679
f 5760/5760 5761/5761 5679/5679
f 5762/5762 5681/5681 5680/5680
f 5761/5761 5762/5762 5680/5680
f 5763/5763 5682/5682 5681/5681
f 5762/5762 5763/5763 5681/5681
f 5764/5764 5683/5683 5682/5682
f 5763/5763 5764/5764 5682/5682
f 5765/5765 5684/5684 5683/5683
f 5764/5764 5765/5765 5683/5683
f 5766/5766 5685/5685 5684/5684
f 5765/5765 5766/5766 5684/5684
f 5767/5767 5686/5686 5685/5685
f 5766/5766 5767/5767 5685/5685
f 5768/5768 5687/5687 5686/5686
f 5767/5767 5768/5768 5686/5686
f 5769/5769 5688/5688 5687/5687
f 5768/5768 5769/5769 5687/5687
f 5770/5770 5689/5689 5688/5688
f 5769/5769 5770/5770 5688/5688
f 5771/5771 5690/5690 5689/5689
f 5770/5770 5771/5771 5689/5689
f 5772/5772 5691/5691 5690/5690
f 5771/5771 5772/5772 5690/5690
f 5773/5773 5692/5692 5691/5691
f 5772/5772 5773/5773 5691/5691
f 5774/5774 5693/5693 5692/5692
f 5773/5773 5774/5774 5692/5692
f 5775/5775 5694/5694 5693/5693
f 5774/5774 5775/5775 5693/5693
f 5776/5776 5695/5695 5694/5694
f 5775/5775 5776/5776 5694/5694
f 5777/5777 5696/5696 5695/5695
f 5776/5776 5777/5777 5695/5695
f 5778/5778 5697/5697 5696/5696
f 5777/5777 5778/5778 5696/5696
f 5779/5779 5698/5698 5697/5697
f 5778/5778 5779/5779 5697/5697
f 5780/5780 5699/5699 5698/5698
f 5779/5779 5780/5780 5698/5698
f 5781/5781 5700/5700 5699/5699
f 5780/5780 5781/5781 5699/5699
f 5782/5782 5701/5701 5700/5700
f 5781/5781 5782/5782 5700/5700
f 5783/5783 5702/5702 5701/5701
f 5782/5782 5783/5783 5701/5701
f 5784/5784 5703/5703 5702/5702
f 5783/5783 5784/5784 5702/5702
f 5785/5785 5704/5704 5703/5703
f 5784/5784 5785/5785 5703/5703
f 5786/5786 5705/5705 5704/5704
f 5785/5785 5786/5786 5704/5704
f 5787/5787 5706/5706 5705/5705
f 5786/5786 5787/5787 5705/5705
f 5788/5788 5707/5707 5706/5706
f 5787/5787 5788/5788 5706/5706
f 5789/5789 5708/5708 5707/5707
f 5788/5788 5789/5789 5707/5707
f 5790/5790 5709/5709 5708/5708
f 5789/5789 5790/5790 5708/5708
f 5791/5791 5710/5710 5709/5709
f 5790/5790 5791/5791 5709/5709
f 5792/5792 5711/5711 5710/5710
f 5791/5791 5792/5792 5710/5710
f 5793/5793 5712/5712 5711/5711
f 5792/5792 5793/5793 5711/5711
f 5794/5794 5713/5713 5712/5712
f 5793/5793 5794/5794 5712/5712
f 5795/5795 5714/5714 5713/5713
f 5794/5794 5795/5795 5713/5713
f 5796/5796 5715/5715 5714/5714
f 5795/5795 5796/5796 5714/5714
f 5797/5797 5716/5716 5715/5715
f 5796/5796 5797/5797 5715/5715
f 5798/5798 5717/5717 5716/5716
f 5797/5797 5798/5798 5716/5716
f 5799/5799 5718/5718 5717/5717
f 5798/5798 5799/5799 5717/5717
f 5800/5800 5719/5719 5718/5718
f 5799/5799 5800/5800 5718/5718
f 5801/5801 5720/5720 5719/5719
f 5800/5800 5801/5801 5719/5719
f 5802/5802 5721/5721 5720/5720
f 5801/5801 5802/5802 5720/5720
f 5803/5803 5722/5722 5721/5721
f 5802/5802 5803/5803 5721/5721
f 5804/5804 5723/5723 5722/5722
f 5803/5803 5804/5804 5722/5722
f 5805/5805 5724/5724 5723/5723
f 5804/5804 5805/5805 5723/5723
f 5806/5806 5725/5725 5724/5724
f 5805/5805 5806/5806 5724/5724
f 5807/5807 5726/5726 5725/5725
f 5806/5806 5807/5807 5725/5725
f 5808/5808 5727/5727 5726/5726
f 5807/5807 5808/5808 5726/5726
f 5809/5809 5728/5728 5727/5727
f 5808/5808 5809/5809 5727/5727
f 5810/5810 5729/5729 5728/5728
f 5809/5809 5810/5810 5728/5728
f 5811/5811 5730/5730 5729/5729
f 5810/5810 5811/5811 5729/5729
f 5812/5812 5731/5731 5730/5730
f 5811/5811 5812/5812 5730/5730
f 5813/5813 5732/5732 5731/5731
f 5812/5812 5813/5813 5731/5731
f 5814/5814 5733/5733 5732/5732
f 5813/5813 5814/5814 5732/5732
f 5815/5815 5734/5734 5733/5733
f 5814/5814 5815/5815 5733/5733
f 5816/5816 5735/5735 5734/5734
f 5815/5815 5816/5816 5734/5734
f 5817/5817 5736/5736 5735/5735
f 5816/5816 5817/5817 5735/5735
f 5818/5818 5737/5737 5736/5736
f 5817/5817 5818/5818 5736/5736
f 5819/5819 5738/5738 5737/5737
f 5818/5818 5819/5819 5737/5737
f 5820/5820 5739/5739 5738/5738
f 5819/5819 5820/5820 5738/5738
f 5821/5821 5740/5740 5739/5739
f 5820/5820 5821/5821 5739/5739
f 5822/5822 5741/5741 5740/5740
f 5821/5821 5822/5822 5740/5740
f 5823/5823 5742/5742 5741/5741
f 5822/5822 5823/5823 5741/5741
f 5824/5824 5743/5743 5742/5742
f 5823/5823 5824/5824 5742/5742
f 5825/5825 5744/5744 5743/5743
f 5824/5824 5825/5825 5743/5743
f 5826/5826 5745/5745 5744/5744
f 5825/5825 5826/5826 5744/5744
f 5827/5827 5746/5746 5745/5745
f 5826/5826 5827/5827 5745/5745
f 5828/5828 5747/5747 5746/5746
f 5827/5827 5828/5828 5746/5746
f 5829/5829 5748/5748 5747/5747
f 5828/5828 5829/5829 5747/5747
f 5830/5830 5749/5749 5748/5748
f 5829/5829 5830/5830 5748/5748
f 5831/5831 5750/5750 5749/5749
f 5830/5830 5831/5831 5749/5749
f 5832/5832 5751/5751 5750/5750
f 5831/5831 5832/5832 5750/5750
f 5834/5834 5753/5753 5752/5752
f 5833/5833 5834/5834 5752/5752
f 5835/5835 5754/5754 5753/5753
f 5834/5834 5835/5835 5753/5753
f 5836/5836 5755/5755 5754/5754
f 5835/5835 5836/5836 5754/5754
f 5837/5837 5756/5756 5755/5755
f 5836/5836 5837/5837 5755/5755
f 5838/5838 5757/5757 5756/5756
f 5837/5837 5838/5838 5756/5756
f 5839/5839 5758/5758 5757/5757
f 5838/5838 5839/5839 5757/5757
f 5840/5840 5759/5759 5758/5758
f 5839/5839 5840/5840 5758/5758
f 5841/5841 5760/5760 5759/5759
f 5840/5840 5841/5841 5759/5759
f 5842/5842 5761/5761 5760/5760
f 5841/5841 5842/5842 5760/5760
f 5843/5843 5762/5762 5761/5761
f 5842/5842 5843/5843 5761/5761
f 5844/5844 5763/5763 5762/5762
f 5843/5843 5844/5844 5762/5762
f 5845/5845 5764/5764 5763/5763
f 5844/5844 5845/5845 5763/5763
f 5846/5846 5765/5765 5764/5764
f 5845/5845 5846/5846 5764/5764
f 5847/5847 5766/5766 5765/5765
f 5846/5846 5847/5847 5765/5765
f 5848/5848 5767/5767 5766/5766
f 5847/5847 5848/5848 5766/5766
f 5849/5849 5768/5768 5767/5767
f 5848/5848 5849/5849 5767/5767
f 5850/5850 5769/5769 5768/5768
f 5849/5849 5850/5850 5768/5768
f 5851/5851 5770/5770 5769/5769
f 5850/5850 5851/5851 5769/5769
f 5852/5852 5771/5771 5770/5770
f 5851/5851 5852/5852 5770/5770
f 5853/5853 5772/5772 5771/5771
f 5852/5852 5853/5853 5771/5771
f 5854/5854 5773/5773 5772/5772
f 5853/5853 5854/5854 5772/5772
f 5855/5855 5774/5774 5773/5773
f 5854/5854 5855/5855 5773/5773
f 5856/5856 5775/5775 5774/5774
f 5855/5855 5856/5856 5774/5774
f 5857/5857 5776/5776 5775/5775
f 5856/5856 5857/5857 5775/5775
f 5858/5858 5777/5777 5776/5776
f 5857/5857 5858/5858 5776/5776
f 5859/5859 5778/5778 5777/5777
f 5858/5858 5859/5859 5777/5777
f 5860/5860 5779/5779 5778/5778
f 5859/5859 5860/5860 5778/5778
f 5861/5861 5780/5780 5779/5779
f 5860/5860 5861/5861 5779/5779
f 5862/5862 5781/5781 5780/5780
f 5861/5861 5862/5862 5780/5780
f 5863/5863 5782/5782 5781/5781
f 5862/5862 5863/5863 5781/5781
f 5864/5864 5783/5783 5782/5782
f 5863/5863 5864/5864 5782/5782
f 5865/5865 5784/5784 5783/5783
f 5864/5864 5865/5865 5783/5783
f 5866/5866 5785/5785 5784/5784
f 5865/5865 5866/5866 5784/5784
f 5867/5867 5786/5786 5785/5785
f 5866/5866 5867/5867 5785/5785
f 5868/5868 5787/5787 5786/5786
f 5867/5867 5868/5868 5786/5786
f 5869/5869 5788/5788 5787/5787
f 5868/5868 5869/5869 5787/5787
f 5870/5870 5789/5789 5788/5788
f 5869/5869 5870/5870 5788/5788
f 5871/5871 5790/5790 5789/5789
f 5870/5870 5871/5871 5789/5789
f 5872/5872 5791/5791 5790/5790
f 5871/5871 5872/5872 5790/5790
f 5873/5873 5792/5792 5791/5791
f 5872/5872 5873/5873 5791/5791
f 5874/5874 5793/5793 5792/5792
f 5873/5873 5874/5874 5792/5792
f 5875/5875 5794/5794 5793/5793
f 5874/5874 5875/5875 5793/5793
f 5876/5876 5795/5795 5794/5794
f 5875/5875 5876/5876 5794/5794
f 5877/5877 5796/5796 5795/5795
f 5876/5876 5877/5877 5795/5795
f 5878/5878 5797/5797 5796/5796
f 5877/5877 5878/5878 5796/5796
f 5879/5879 5798/5798 5797/5797
f 5878/5878 5879/5879 5797/5797
f 5880/5880 5799/5799 5798/5798
f 5879/5879 5880/5880 5798/5798
f 5881/5881 5800/5800 5799/5799
f 5880/5880 5881/5881 5799/5799
f 5882/5882 5801/5801 5800/5800
f 5881/5881 5882/5882 5800/5800
f 5883/5883 5802/5802 5801/5801
f 5882/5882 5883/5883 5801/5801
f 5884/5884 5803/5803 5802/5802
f 5883/5883 5884/5884 5802/5802
f 5885/5885 5804/5804 5803/5803
f 5884/5884 5885/5885 5803/5803
f 5886/5886 5805/5805 5804/5804
f 5885/5885 5886/5886 5804/5804
f 5887/5887 5806/5806 5805/5805
f 5886/5886 5887/5887 5805/5805
f 5888/5888 5807/5807 5806/5806
f 5887/5887 5888/5888 5806/5806
f 5889/5889 5808/5808 5807/5807
f 5888/5888 5889/5889 5807/5807
f 5890/5890 5809/5809 5808/5808
f 5889/5889 5890/5890 5808/5808
f 5891/5891 5810/5810 5809/5809
f 5890/5890 5891/5891 5809/5809
f 5892/5892 5811/5811 5810/5810
f 5891/5891 5892/5892 5810/5810
f 5893/5893 5812/5812 5811/5811
f 5892/5892 5893/5893 5811/5811
f 5894/5894 5813/5813 5812/5812
f 5893/5893 5894/5894 5812/5812
f 5895/5895 5814/5814 5813/5813
f 5894/5894 5895/5895 5813/5813
f 5896/5896 5815/5815 5814/5814
f 5895/5895 5896/5896 5814/5814
f 5897/5897 5816/5816 5815/5815
f 5896/5896 5897/5897 5815/5815
f 5898/5898 5817/5817 5816/5816
f 5897/5897 5898/5898 5816/5816
f 5899/5899 5818/5818 5817/5817
f 5898/5898 5899/5899 5817/5817
f 5900/5900 5819/5819 5818/5818
f 5899/5899 5900/5900 5818/5818
f 5901/5901 5820/5820 5819/5819
f 5900/5900 5901/5901 5819/5819
f 5902/5902 5821/5821 5820/5820
f 5901/5901 5902/5902 5820/5820
f 5903/5903 5822/5822 5821/5821
f 5902/5902 5903/5903 5821/5821
f 5904/5904 5823/5823 5822/5822
f 5903/5903 5904/5904 5822/5822
f 5905/5905 5824/5824 5823/5823
f 5904/5904 5905/5905 5823/5823
f 5906/5906 5825/5825 5824/5824
f 5905/5905 5906/5906 5824/5824
f 5907/5907 5826/5826 5825/5825
f 5906/5906 5907/5907 5825/5825
f 5908/5908 5827/5827 5826/5826
f 5907/5907 5908/5908 5826/5826
f 5909/5909 5828/5828 5827/5827
f 5908/5908 5909/5909 5827/5827
f 5910/5910 5829/5829 5828/5828
f 5909/5909 5910/5910 5828/5828
f 5911/5911 5830/5830 5829/5829
f 5910/5910 5911/5911 5829/5829
f 5912/5912 5831/5831 5830/5830
f 5911/5911 5912/5912 5830/5830
f 5913/5913 5832/5832 5831/5831
f 5912/5912 5913/5913 5831/5831
f 5915/5915 5834/5834 5833/5833
f 5914/5914 5915/5915 5833/5833
f 5916/5916 5835/5835 5834/5834
f 5915/5915 5916/5916 5834/5834
f 5917/5917 5836/5836 5835/5835
f 5916/5916 5917/5917 5835/5835
f 5918/5918 5837/5837 5836/5836
f 5917/5917 5918/5918 5836/5836
f 5919/5919 5838/5838 5837/5837
f 5918/5918 5919/5919 5837/5837
f 5920/5920 5839/5839 5838/5838
f 5919/5919 5920/5920 5838/5838
f 5921/5921 5840/5840 5839/5839
f 5920/5920 5921/5921 5839/5839
f 5922/5922 5841/5841 5840/5840
f 5921/5921 5922/5922 5840/5840
f 5923/5923 5842/5842 5841/5841
f 5922/5922 5923/5923 5841/5841
f 5924/5924 5843/5843 5842/5842
f 5923/5923 5924/5924 5842/5842
f 5925/5925 5844/5844 5843/5843
f 5924/5924 5925/5925 5843/5843
f 5926/5926 5845/5845 5844/5844
f 5925/5925 5926/5926 5844/5844
f 5927/5927 5846/5846 5845/5845
f 5926/5926 5927/5927 5845/5845
f 5928/5928 5847/5847 5846/5846
f 5927/5927 5928/5928 5846/5846
f 5929/5929 5848/5848 5847/5847
f 5928/5928 5929/5929 5847/5847
f 5930/5930 5849/5849 5848/5848
f 5929/5929 5930/5930 5848/5848
f 5931/5931 5850/5850 5849/5849
f 5930/5930 5931/5931 5849/5849
f 5932/5932 5851/5851 5850/5850
f 5931/5931 5932/5932 5850/5850
f 5933/5933 5852/5852 5851/5851
f 5932/5932 5933/5933 5851/5851
f 5934/5934 5853/5853 5852/5852
f 5933/5933 5934/5934 5852/5852
f 5935/5935 5854/5854 5853/5853
f 5934/5934 5935/5935 5853/5853
f 5936/5936 5855/5855 5854/5854
f 5935/5935 5936/5936 5854/5854
f 5937/5937 5856/5856 5855/5855
f 5936/5936 5937/5937 5855/5855
f 5938/5938 5857/5857 5856/5856
f 5937/5937 5938/5938 5856/5856
f 5939/5939 5858/5858 5857/5857
f 5938/5938 5939/5939 5857/5857
f 5940/5940 5859/5859 5858/5858
f 5939/5939 5940/5940 5858/5858
f 5941/5941 5860/5860 5859/5859
f 5940/5940 5941/5941 5859/5859
f 5942/5942 5861/5861 5860/5860
f 5941/5941 5942/5942 5860/5860
f 5943/5943 5862/5862 5861/5861
f 5942/5942 5943/5943 5861/5861
f 5944/5944 5863/5863 5862/5862
f 5943/5943 5944/5944 5862/5862
f 5945/5945 5864/5864 5863/5863
f 5944/5944 5945/5945 5863/5863
f 5946/5946 5865/5865 5864/5864
f 5945/5945 5946/5946 5864/5864
f 5947/5947 5866/5866 5865/5865
f 5946/5946 5947/5947 5865/5865
f 5948/5948 5867/5867 5866/5866
f 5947/5947 5948/5948 5866/5866
f 5949/5949 5868/5868 5867/5867
f 5948/5948 5949/5949 5867/5867
f 5950/5950 5869/5869 5868/5868
f 5949/5949 5950/5950 5868/5868
f 5951/5951 5870/5870 5869/5869
f 5950/5950 5951/5951 5869/5869
f 5952/5952 5871/5871 5870/5870
f 5951/5951 5952/5952 5870/5870
f 5953/5953 5872/5872 5871/5871
f 5952/5952 5953/5953 5871/5871
f 5954/5954 5873/5873 5872/5872
f 5953/5953 5954/5954 5872/5872
f 5955/5955 5874/5874 5873/5873
f 5954/5954 5955/5955 5873/5873
f 5956/5956 5875/5875 5874/5874
f 5955/5955 5956/5956 5874/5874
f 5957/5957 5876/5876 5875/5875
f 5956/5956 5957/5957 5875/5875
f 5958/5958 5877/5877 5876/5876
f 5957/5957 5958/5958 5876/5876
f 5959/5959 5878/5878 5877/5877
f 5958/5958 5959/5959 5877/5877
f 5960/5960 5879/5879 5878/5878
f 5959/5959 5960/5960 5878/5878
f 5961/5961 5880/5880 5879/5879
f 5960/5960 5961/5961 5879/5879
f 5962/5962 5881/5881 5880/5880
f 5961/5961 5962/5962 5880/5880
f 5963/5963 5882/5882 5881/5881
f 5962/5962 5963/5963 5881/5881
f 5964/5964 5883/5883 5882/5882
f 5963/5963 5964/5964 5882/5882
f 5965/5965 5884/5884 5883/5883
f 5964/5964 5965/5965 5883/5883
f 5966/5966 5885/5885 5884/5884
f 5965/5965 5966/5966 5884/5884
f 5967/5967 5886/5886 5885/5885
f 5966/5966 5967/5967 5885/5885
f 5968/5968 5887/5887 5886/5886
f 5967/5967 5968/5968 5886/5886
f 5969/5969 5888/5888 5887/5887
f 5968/5968 5969/5969 5887/5887
f 5970/5970 5889/5889 5888/5888
f 5969/5969 5970/5970 5888/5888
f 5971/5971 5890/5890 5889/5889
f 5970/5970 5971/5971 5889/5889
f 5972/5972 5891/5891 5890/5890
f 5971/5971 5972/5972 5890/5890
f 5973/5973 5892/5892 5891/5891
f 5972/5972 5973/5973 5891/5891
f 5974/5974 5893/5893 5892/5892
f 5973/5973 5974/5974 5892/5892
f 5975/5975 5894/5894 5893/5893
f 5974/5974 5975/5975 5893/5893
f 5976/5976 5895/5895 5894/5894
f 5975/5975 5976/5976 5894/5894
f 5977/5977 5896/5896 5895/5895
f 5976/5976 5977/5977 5895/5895
f 5978/5978 5897/5897 5896/5896
f 5977/5977 5978/5978 5896/5896
f 5979/5979 5898/5898 5897/5897
f 5978/5978 5979/5979 5897/5897
f 5980/5980 5899/5899 5898/5898
f 5979/5979 5980/5980 5898/5898
f 5981/5981 5900/5900 5899/5899
f 5980/5980 5981/5981 5899/5899
f 5982/5982 5901/5901 5900/5900
f 5981/5981 5982/5982 5900/5900
f 5983/5983 5902/5902 5901/5901
f 5982/5982 5983/5983 5901/5901
f 5984/5984 5903/5903 5902/5902
f 5983/5983 5984/5984 5902/5902
f 5985/5985 5904/5904 5903/5903
f 5984/5984 5985/5985 5903/5903
f 5986/5986 5905/5905 5904/5904
f 5985/5985 5986/5986 5904/5904
f 5987/5987 5906/5906 5905/5905
f 5986/5986 5987/5987 5905/5905
f 5988/5988 5907/5907 5906/5906
f 5987/5987 5988/5988 5906/5906
f 5989/5989 5908/5908 5907/5907
f 5988/5988 5989/5989 5907/5907
f 5990/5990 5909/5909 5908/5908
f 5989/5989 5990/5990 5908/5908
f 5991/5991 5910/5910 5909/5909
f 5990/5990 5991/5991 5909/5909
f 5992/5992 5911/5911 5910/5910
f 5991/5991 5992/5992 5910/5910
f 5993/5993 5912/5912 5911/5911
f 5992/5992 5993/5993 5911/5911
f 5994/5994 5913/5913 5912/5912
f 5993/5993 5994/5994 5912/5912
f 5996/5996 5915/5915 5914/5914
f 5995/5995 5996/5996 5914/5914
f 5997/5997 5916/5916 5915/5915
f 5996/5996 5997/5997 5915/5915
f 5998/5998 5917/5917 5916/5916
f 5997/5997 5998/5998 5916/5916
f 5999/5999 5918/5918 5917/5917
f 5998/5998 5999/5999 5917/5917
f 6000/6000 5919/5919 5918/5918
f 5999/5999 6000/6000 5918/5918
f 6001/6001 5920/5920 5919/5919
f 6000/6000 6001/6001 5919/5919
f 6002/6002 5921/5921 5920/5920
f 6001/6001 6002/6002 5920/5920
f 6003/6003 5922/5922 5921/5921
f 6002/6002 6003/6003 5921/5921
f 6004/6004 5923/5923 5922/5922
f 6003/6003 6004/6004 5922/5922
f 6005/6005 5924/5924 5923/5923
f 6004/6004 6005/6005 5923/5923
f 6006/6006 5925/5925 5924/5924
f 6005/6005 6006/6006 5924/5924
f 6007/6007 5926/5926 5925/5925
f 6006/6006 6007/6007 5925/5925
f 6008/6008 5927/5927 5926/5926
f 6007/6007 6008/6008 5926/5926
f 6009/6009 5928/5928 5927/5927
f 6008/6008 6009/6009 5927/5927
f 6010/6010 5929/5929 5928/5928
f 6009/6009 6010/6010 5928/5928
f 6011/6011 5930/5930 5929/5929
f 6010/6010 6011/6011 5929/5929
f 6012/6012 5931/5931 5930/5930
f 6011/6011 6012/6012 5930/5930
f 6013/6013 5932/5932 5931/5931
f 6012/6012 6013/6013 5931/5931
f 6014/6014 5933/5933 5932/5932
f 6013/6013 6014/6014 5932/5932
f 6015/6015 5934/5934 5933/5933
f 6014/6014 6015/6015 5933/5933
f 6016/6016 5935/5935 5934/5934
f 6015/6015 6016/6016 5934/5934
f 6017/6017 5936/5936 5935/5935
f 6016/6016 6017/6017 5935/5935
f 6018/6018 5937/5937 5936/5936
f 6017/6017 6018/6018 5936/5936
f 6019/6019 5938/5938 5937/5937
f 6018/6018 6019/6019 5937/5937
f 6020/6020 5939/5939 5938/5938
f 6019/6019 6020/6020 5938/5938
f 6021/6021 5940/5940 5939/5939
f 6020/6020 6021/6021 5939/5939
f 6022/6022 5941/5941 5940/5940
f 6021/6021 6022/6022 5940/5940
f 6023/6023 5942/5942 5941/5941
f 6022/6022 6023/6023 5941/5941
f 6024/6024 5943/5943 5942/5942
f 6023/6023 6024/6024 5942/5942
f 6025/6025 5944/5944 5943/5943
f 6024/6024 6025/6025 5943/5943
f 6026/6026 5945/5945 5944/5944
f 6025/6025 6026/6026 5944/5944
f 6027/6027 5946/5946 5945/5945
f 6026/6026 6027/6027 5945/5945
f 6028/6028 5947/5947 5946/5946
f 6027/6027 6028/6028 5946/5946
f 6029/6029 5948/5948 5947/5947
f 6028/6028 6029/6029 5947/5947
f 6030/6030 5949/5949 5948/5948
f 6029/6029 6030/6030 5948/5948
f 6031/6031 5950/5950 5949/5949
f 6030/6030 6031/6031 5949/5949
f 6032/6032 5951/5951 5950/5950
f 6031/6031 6032/6032 5950/5950
f 6033/6033 5952/5952 5951/5951
f 6032/6032 6033/6033 5951/5951
f 6034/6034 5953/5953 5952/5952
f 6033/6033 6034/6034 5952/5952
f 6035/6035 5954/5954 5953/5953
f 6034/6034 6035/6035 5953/5953
f 6036/6036 5955/5955 5954/5954
f 6035/6035 6036/6036 5954/5954
f 6037/6037 5956/5956 5955/5955
f 6036/6036 6037/6037 5955/5955
f 6038/6038 5957/5957 5956/5956
f 6037/6037 6038/6038 5956/5956
f 6039/6039 5958/5958 5957/5957
f 6038/6038 6039/6039 5957/5957
f 6040/6040 5959/5959 5958/5958
f 6039/6039 6040/6040 5958/5958
f 6041/6041 5960/5960 5959/5959
f 6040/6040 6041/6041 5959/5959
f 6042/6042 5961/5961 5960/5960
f 6041/6041 6042/6042 5960/5960
f 6043/6043 5962/5962 5961/5961
f 6042/6042 6043/6043 5961/5961
f 6044/6044 5963/5963 5962/5962
f 6043/6043 6044/6044 5962/5962
f 6045/6045 5964/5964 5963/5963
f 6044/6044 6045/6045 5963/5963
f 6046/6046 5965/5965 5964/5964
f 6045/6045 6046/6046 5964/5964
f 6047/6047 5966/5966 5965/5965
f 6046/6046 6047/6047 5965/5965
f 6048/6048 5967/5967 5966/5966
f 6047/6047 6048/6048 5966/5966
f 6049/6049 5968/5968 5967/5967
f 6048/6048 6049/6049 5967/5967
f 6050/6050 5969/5969 5968/5968
f 6049/6049 6050/6050 5968/5968
f 6051/6051 5970/5970 5969/5969
f 6050/6050 6051/6051 5969/5969
f 6052/6052 5971/5971 5970/5970
f 6051/6051 6052/6052 5970/5970
f 6053/6053 5972/5972 5971/5971
f 6052/6052 6053/6053 5971/5971
f 6054/6054 5973/5973 5972/5972
f 6053/6053 6054/6054 5972/5972
f 6055/6055 5974/5974 5973/5973
f 6054/6054 6055/6055 5973/5973
f 6056/6056 5975/5975 5974/5974
f 6055/6055 6056/6056 5974/5974
f 6057/6057 5976/5976 5975/5975
f 6056/6056 6057/6057 5975/5975
f 6058/6058 5977/5977 5976/5976
f 6057/6057 6058/6058 5976/5976
f 6059/6059 5978/5978 5977/5977
f 6058/6058 6059/6059 5977/5977
f 6060/6060 5979/5979 5978/5978
f 6059/6059 6060/6060 5978/5978
f 6061/6061 5980/5980 5979/5979
f 6060/6060 6061/6061 5979/5979
f 6062/6062 5981/5981 5980/5980
f 6061/6061 6062/6062 5980/5980
f 6063/6063 5982/5982 5981/5981
f 6062/6062 6063/6063 5981/5981
f 6064/6064 5983/5983 5982/5982
f 6063/6063 6064/6064 5982/5982
f 6065/6065 5984/5984 5983/5983
f 6064/6064 6065/6065 5983/5983
f 6066/6066 5985/5985 5984/5984
f 6065/6065 6066/6066 5984/5984
f 6067/6067 5986/5986 5985/5985
f 6066/6066 6067/6067 5985/5985
f 6068/6068 5987/5987 5986/5986
f 6067/6067 6068/6068 5986/5986
f 6069/6069 5988/5988 5987/5987
f 6068/6068 6069/6069 5987/5987
f 6070/6070 5989/5989 5988/5988
f 6069/6069 6070/6070 5988/5988
f 6071/6071 5990/5990 5989/5989
f 6070/6070 6071/6071 5989/5989
f 6072/6072 5991/5991 5990/5990
f 6071/6071 6072/6072 5990/5990
f 6073/6073 5992/5992 5991/5991
f 6072/6072 6073/6073 5991/5991
f 6074/6074 5993/5993 5992/5992
f 6073/6073 6074/6074 5992/5992
f 6075/6075 5994/5994 5993/5993
f 6074/6074 6075/6075 5993/5993
f 6077/6077 5996/5996 5995/5995
f 6076/6076 6077/6077 5995/5995
f 6078/6078 5997/5997 5996/5996
f 6077/6077 6078/6078 5996/5996
f 6079/6079 5998/5998 5997/5997
f 6078/6078 6079/6079 5997/5997
f 6080/6080 5999/5999 5998/5998
f 6079/6079 6080/6080 5998/5998
f 6081/6081 6000/6000 5999/5999
f 6080/6080 6081/6081 5999/5999
f 6082/6082 6001/6001 6000/6000
f 6081/6081 6082/6082 6000/6000
f 6083/6083 6002/6002 6001/6001
f 6082/6082 6083/6083 6001/6001
f 6084/6084 6003/6003 6002/6002
f 6083/6083 6084/6084 6002/6002
f 6085/6085 6004/6004 6003/6003
f 6084/6084 6085/6085 6003/6003
f 6086/6086 6005/6005 6004/6004
f 6085/6085 6086/6086 6004/6004
f 6087/6087 6006/6006 6005/6005
f 6086/6086 6087/6087 6005/6005
f 6088/6088 6007/6007 6006/6006
f 6087/6087 6088/6088 6006/6006
f 6089/6089 6008/6008 6007/6007
f 6088/6088 6089/6089 6007/6007
f 6090/6090 6009/6009 6008/6008
f 6089/6089 6090/6090 6008/6008
f 6091/6091 6010/6010 6009/6009
f 6090/6090 6091/6091 6009/6009
f 6092/6092 6011/6011 6010/6010
f 6091/6091 6092/6092 6010/6010
f 6093/6093 6012/6012 6011/6011
f 6092/6092 6093/6093 6011/6011
f 6094/6094 6013/6013 6012/6012
f 6093/6093 6094/6094 6012/6012
f 6095/6095 6014/6014 6013/6013
f 6094/6094 6095/6095 6013/6013
f 6096/6096 6015/6015 6014/6014
f 6095/6095 6096/6096 6014/6014
f 6097/6097 6016/6016 6015/6015
f 6096/6096 6097/6097 6015/6015
f 6098/6098 6017/6017 6016/6016
f 6097/6097 6098/6098 6016/6016
f 6099/6099 6018/6018 6017/6017
f 6098/6098 6099/6099 6017/6017
f 6100/6100 6019/6019 6018/6018
f 6099/6099 6100/6100 6018/6018
f 6101/6101 6020/6020 6019/6019
f 6100/6100 6101/6101 6019/6019
f 6102/6102 6021/6021 6020/6020
f 6101/6101 6102/6102 6020/6020
f 6103/6103 6022/6022 6021/6021
f 6102/6102 6103/6103 6021/6021
f 6104/6104 6023/6023 6022/6022
f 6103/6103 6104/6104 6022/6022
f 6105/6105 6024/6024 6023/6023
f 6104/6104 6105/6105 6023/6023
f 6106/6106 6025/6025 6024/6024
f 6105/6105 6106/6106 6024/6024
f 6107/6107 6026/6026 6025/6025
f 6106/6106 6107/6107 6025/6025
f 6108/6108 6027/6027 6026/6026
f 6107/6107 6108/6108 6026/6026
f 6109/6109 6028/6028 6027/6027
f 6108/6108 6109/6109 6027/6027
f 6110/6110 6029/6029 6028/6028
f 6109/6109 6110/6110 6028/6028
f 6111/6111 6030/6030 6029/6029
f 6110/6110 6111/6111 6029/6029
f 6112/6112 6031/6031 6030/6030
f 6111/6111 6112/6112 6030/6030
f 6113/6113 6032/6032 6031/6031
f 6112/6112 6113/6113 6031/6031
f 6114/6114 6033/6033 6032/6032
f 6113/6113 6114/6114 6032/6032
f 6115/6115 6034/6034 6033/6033
f 6114/6114 6115/6115 6033/6033
f 6116/6116 6035/6035 6034/6034
f 6115/6115 6116/6116 6034/6034
f 6117/6117 6036/6036 6035/6035
f 6116/6116 6117/6117 6035/6035
f 6118/6118 6037/6037 6036/6036
f 6117/6117 6118/6118 6036/6036
f 6119/6119 6038/6038 6037/6037
f 6118/6118 6119/6119 6037/6037
f 6120/6120 6039/6039 6038/6038
f 6119/6119 6120/6120 6038/6038
f 6121/6121 6040/6040 6039/6039
f 6120/6120 6121/6121 6039/6039
f 6122/6122 6041/6041 6040/6040
f 6121/6121 6122/6122 6040/6040
f 6123/6123 6042/6042 6041/6041
f 6122/6122 6123/6123 6041/6041
f 6124/6124 6043/6043 6042/6042
f 6123/6123 6124/6124 6042/6042
f 6125/6125 6044/6044 6043/6043
f 6124/6124 6125/6125 6043/6043
f 6126/6126 6045/6045 6044/6044
f 6125/6125 6126/6126 6044/6044
f 6127/6127 6046/6046 6045/6045
f 6126/6126 6127/6127 6045/6045
f 6128/6128 6047/6047 6046/6046
f 6127/6127 6128/6128 6046/6046
f 6129/6129 6048/6048 6047/6047
f 6128/6128 6129/6129 6047/6047
f 6130/6130 6049/6049 6048/6048
f 6129/6129 6130/6130 6048/6048
f 6131/6131 6050/6050 6049/6049
f 6130/6130 6131/6131 6049/6049
f 6132/6132 6051/6051 6050/6050
f 6131/6131 6132/6132 6050/6050
f 6133/6133 6052/6052 6051/6051
f 6132/6132 6133/6133 6051/6051
f 6134/6134 6053/6053 6052/6052
f 6133/6133 6134/6134 6052/6052
f 6135/6135 6054/6054 6053/6053
f 6134/6134 6135/6135 6053/6053
f 6136/6136 6055/6055 6054/6054
f 6135/6135 6136/6136 6054/6054
f 6137/6137 6056/6056 6055/6055
f 6136/6136 6137/6137 6055/6055
f 6138/6138 6057/6057 6056/6056
f 6137/6137 6138/6138 6056/6056
f 6139/6139 6058/6058 6057/6057
f 6138/6138 6139/6139 6057/6057
f 6140/6140 6059/6059 6058/6058
f 6139/6139 6140/6140 6058/6058
f 6141/6141 6060/6060 6059/6059
f 6140/6140 6141/6141 6059/6059
f 6142/6142 6061/6061 6060/6060
f 6141/6141 6142/6142 6060/6060
f 6143/6143 6062/6062 6061/6061
f 6142/6142 6143/6143 6061/6061
f 6144/6144 6063/6063 6062/6062
f 6143/6143 6144/6144 6062/6062
f 6145/6145 6064/6064 6063/6063
f 6144/6144 6145/6145 6063/6063
f 6146/6146 6065/6065 6064/6064
f 6145/6145 6146/6146 6064/6064
f 6147/6147 6066/6066 6065/6065
f 6146/6146 6147/6147 6065/6065
f 6148/6148 6067/6067 6066/6066
f 6147/6147 6148/6148 6066/6066
f 6149/6149 6068/6068 6067/6067
f 6148/6148 6149/6149 6067/6067
f 6150/6150 6069/6069 6068/6068
f 6149/6149 6150/6150 6068/6068
f 6151/6151 6070/6070 6069/6069
f 6150/6150 6151/6151 6069/6069
f 6152/6152 6071/6071 6070/6070
f 6151/6151 6152/6152 6070/6070
f 6153/6153 6072/6072 6071/6071
f 6152/6152 6153/6153 6071/6071
f 6154/6154 6073/6073 6072/6072
f 6153/6153 6154/6154 6072/6072
f 6155/6155 6074/6074 6073/6073
f 6154/6154 6155/6155 6073/6073
f 6156/6156 6075/6075 6074/6074
f 6155/6155 6156/6156 6074/6074
f 6158/6158 6077/6077 6076/6076
f 6157/6157 6158/6158 6076/6076
f 6159/6159 6078/6078 6077/6077
f 6158/6158 6159/6159 6077/6077
f 6160/6160 6079/6079 6078/6078
f 6159/6159 6160/6160 6078/6078
f 6161/6161 6080/6080 6079/6079
f 6160/6160 6161/6161 6079/6079
f 6162/6162 6081/6081 6080/6080
f 6161/6161 6162/6162 6080/6080
f 6163/6163 6082/6082 6081/6081
f 6162/6162 6163/6163 6081/6081
f 6164/6164 6083/6083 6082/6082
f 6163/6163 6164/6164 6082/6082
f 6165/6165 6084/6084 6083/6083
f 6164/6164 6165/6165 6083/6083
f 6166/6166 6085/6085 6084/6084
f 6165/6165 6166/6166 6084/6084
f 6167/6167 6086/6086 6085/6085
f 6166/6166 6167/6167 6085/6085
f 6168/6168 6087/6087 6086/6086
f 6167/6167 6168/6168 6086/6086
f 6169/6169 6088/6088 6087/6087
f 6168/6168 6169/6169 6087/6087
f 6170/6170 6089/6089 6088/6088
f 6169/6169 6170/6170 6088/6088
f 6171/6171 6090/6090 6089/6089
f 6170/6170 6171/6171 6089/6089
f 6172/6172 6091/6091 6090/6090
f 6171/6171 6172/6172 6090/6090
f 6173/6173 6092/6092 6091/6091
f 6172/6172 6173/6173 6091/6091
f 6174/6174 6093/6093 6092/6092
f 6173/6173 6174/6174 6092/6092
f 6175/6175 6094/6094 6093/6093
f 6174/6174 6175/6175 6093/6093
f 6176/6176 6095/6095 6094/6094
f 6175/6175 6176/6176 6094/6094
f 6177/6177 6096/6096 6095/6095
f 6176/6176 6177/6177 6095/6095
f 6178/6178 6097/6097 6096/6096
f 6177/6177 6178/6178 6096/6096
f 6179/6179 6098/6098 6097/6097
f 6178/6178 6179/6179 6097/6097
f 6180/6180 6099/6099 6098/6098
f 6179/6179 6180/6180 6098/6098
f 6181/6181 6100/6100 6099/6099
f 6180/6180 6181/6181 6099/6099
f 6182/6182 6101/6101 6100/6100
f 6181/6181 6182/6182 6100/6100
f 6183/6183 6102/6102 6101/6101
f 6182/6182 6183/6183 6101/6101
f 6184/6184 6103/6103 6102/6102
f 6183/6183 6184/6184 6102/6102
f 6185/6185 6104/6104 6103/6103
f 6184/6184 6185/6185 6103/6103
f 6186/6186 6105/6105 6104/6104
f 6185/6185 6186/6186 6104/6104
f 6187/6187 6106/6106 6105/6105
f 6186/6186 6187/6187 6105/6105
f 6188/6188 6107/6107 6106/6106
f 6187/6187 6188/6188 6106/6106
f 6189/6189 6108/6108 6107/6107
f 6188/6188 6189/6189 6107/6107
f 6190/6190 6109/6109 6108/6108
f 6189/6189 6190/6190 6108/6108
f 6191/6191 6110/6110 6109/6109
f 6190/6190 6191/6191 6109/6109
f 6192/6192 6111/6111 6110/6110
f 6191/6191 6192/6192 6110/6110
f 6193/6193 6112/6112 6111/6111
f 6192/6192 6193/6193 6111/6111
f 6194/6194 6113/6113 6112/6112
f 6193/6193 6194/6194 6112/6112
f 6195/6195 6114/6114 6113/6113
f 6194/6194 6195/6195 6113/6113
f 6196/6196 6115/6115 6114/6114
f 6195/6195 6196/6196 6114/6114
f 6197/6197 6116/6116 6115/6115
f 6196/6196 6197/6197 6115/6115
f 6198/6198 6117/6117 6116/6116
f 6197/6197 6198/6198 6116/6116
f 6199/6199 6118/6118 6117/6117
f 6198/6198 6199/6199 6117/6117
f 6200/6200 6119/6119 6118/6118
f 6199/6199 6200/6200 6118/6118
f 6201/6201 6120/6120 6119/6119
f 6200/6200 6201/6201 6119/6119
f 6202/6202 6121/6121 6120/6120
f 6201/6201 6202/6202 6120/6120
f 6203/6203 6122/6122 6121/6121
f 6202/6202 6203/6203 6121/6121
f 6204/6204 6123/6123 6122/6122
f 6203/6203 6204/6204 6122/6122
f 6205/6205 6124/6124 6123/6123
f 6204/6204 6205/6205 6123/6123
f 6206/6206 6125/6125 6124/6124
f 6205/6205 6206/6206 6124/6124
f 6207/6207 6126/6126 6125/6125
f 6206/6206 6207/6207 6125/6125
f 6208/6208 6127/6127 6126/6126
f 6207/6207 6208/6208 6126/6126
f 6209/6209 6128/6128 6127/6127
f 6208/6208 6209/6209 6127/6127
f 6210/6210 6129/6129 6128/6128
f 6209/6209 6210/6210 6128/6128
f 6211/6211 6130/6130 6129/6129
f 6210/6210 6211/6211 6129/6129
f 6212/6212 6131/6131 6130/6130
f 6211/6211 6212/6212 6130/6130
f 6213/6213 6132/6132 6131/6131
f 6212/6212 6213/6213 6131/6131
f 6214/6214 6133/6133 6132/6132
f 6213/6213 6214/6214 6132/6132
f 6215/6215 6134/6134 6133/6133
f 6214/6214 6215/6215 6133/6133
f 6216/6216 6135/6135 6134/6134
f 6215/6215 6216/6216 6134/6134
f 6217/6217 6136/6136 6135/6135
f 6216/6216 6217/6217 6135/6135
f 6218/6218 6137/6137 6136/6136
f 6217/6217 6218/6218 6136/6136
f 6219/6219 6138/6138 6137/6137
f 6218/6218 6219/6219 6137/6137
f 6220/6220 6139/6139 6138/6138
f 6219/6219 6220/6220 6138/6138
f 6221/6221 6140/6140 6139/6139
f 6220/6220 6221/6221 6139/6139
f 6222/6222 6141/6141 6140/6140
f 6221/6221 6222/6222 6140/6140
f 6223/6223 6142/6142 6141/6141
f 6222/6222 6223/6223 6141/6141
f 6224/6224 6143/6143 6142/6142
f 6223/6223 6224/6224 6142/6142
f 6225/6225 6144/6144 6143/6143
f 6224/6224 6225/6225 6143/6143
f 6226/6226 6145/6145 6144/6144
f 6225/6225 6226/6226 6144/6144
f 6227/6227 6146/6146 6145/6145
f 6226/6226 6227/6227 6145/6145
f 6228/6228 6147/6147 6146/6146
f 6227/6227 6228/6228 6146/6146
f 6229/6229 6148/6148 6147/6147
f 6228/6228 6229/6229 6147/6147
f 6230/6230 6149/6149 6148/6148
f 6229/6229 6230/6230 6148/6148
f 6231/6231 6150/6150 6149/6149
f 6230/6230 6231/6231 6149/6149
f 6232/6232 6151/6151 6150/6150
f 6231/6231 6232/6232 6150/6150
f 6233/6233 6152/6152 6151/6151
f 6232/6232 6233/6233 6151/6151
f 6234/6234 6153/6153 6152/6152
f 6233/6233 6234/6234 6152/6152
f 6235/6235 6154/6154 6153/6153
f 6234/6234 6235/6235 6153/6153
f 6236/6236 6155/6155 6154/6154
f 6235/6235 6236/6236 6154/6154
f 6237/6237 6156/6156 6155/6155
f 6236/6236 6237/6237 6155/6155
f 6239/6239 6158/6158 6157/6157
f 6238/6238 6239/6239 6157/6157
f 6240/6240 6159/6159 6158/6158
f 6239/6239 6240/6240 6158/6158
f 6241/6241 6160/6160 6159/6159
f 6240/6240 6241/6241 6159/6159
f 6242/6242 6161/6161 6160/6160
f 6241/6241 6242/6242 6160/6160
f 6243/6243 6162/6162 6161/6161
f 6242/6242 6243/6243 6161/6161
f 6244/6244 6163/6163 6162/6162
f 6243/6243 6244/6244 6162/6162
f 6245/6245 6164/6164 6163/6163
f 6244/6244 6245/6245 6163/6163
f 6246/6246 6165/6165 6164/6164
f 6245/6245 6246/6246 6164/6164
f 6247/6247 6166/6166 6165/6165
f 6246/6246 6247/6247 6165/6165
f 6248/6248 6167/6167 6166/6166
f 6247/6247 6248/6248 6166/6166
f 6249/6249 6168/6168 6167/6167
f 6248/6248 6249/6249 6167/6167
f 6250/6250 6169/6169 6168/6168
f 6249/6249 6250/6250 6168/6168
f 6251/6251 6170/6170 6169/6169
f 6250/6250 6251/6251 6169/6169
f 6252/6252 6171/6171 6170/6170
f 6251/6251 6252/6252 6170/6170
f 6253/6253 6172/6172 6171/6171
f 6252/6252 6253/6253 6171/6171
f 6254/6254 6173/6173 6172/6172
f 6253/6253 6254/6254 6172/6172
f 6255/6255 6174/6174 6173/6173
f 6254/6254 6255/6255 6173/6173
f 6256/6256 6175/6175 6174/6174
f 6255/6255 6256/6256 6174/6174
f 6257/6257 6176/6176 6175/6175
f 6256/6256 6257/6257 6175/6175
f 6258/6258 6177/6177 6176/6176
f 6257/6257 6258/6258 6176/6176
f 6259/6259 6178/6178 6177/6177
f 6258/6258 6259/6259 6177/6177
f 6260/6260 6179/6179 6178/6178
f 6259/6259 6260/6260 6178/6178
f 6261/6261 6180/6180 6179/6179
f 6260/6260 6261/6261 6179/6179
f 6262/6262 6181/6181 6180/6180
f 6261/6261 6262/6262 6180/6180
f 6263/6263 6182/6182 6181/6181
f 6262/6262 6263/6263 6181/6181
f 6264/6264 6183/6183 6182/6182
f 6263/6263 6264/6264 6182/6182
f 6265/6265 6184/6184 6183/6183
f 6264/6264 6265/6265 6183/6183
f 6266/6266 6185/6185 6184/6184
f 6265/6265 6266/6266 6184/6184
f 6267/6267 6186/6186 6185/6185
f 6266/6266 6267/6267 6185/6185
f 6268/6268 6187/6187 6186/6186
f 6267/6267 6268/6268 6186/6186
f 6269/6269 6188/6188 6187/6187
f 6268/6268 6269/6269 6187/6187
f 6270/6270 6189/6189 6188/6188
f 6269/6269 6270/6270 6188/6188
f 6271/6271 6190/6190 6189/6189
f 6270/6270 6271/6271 6189/6189
f 6272/6272 6191/6191 6190/6190
f 6271/6271 6272/6272 6190/6190
f 6273/6273 6192/6192 6191/6191
f 6272/6272 6273/6273 6191/6191
f 6274/6274 6193/6193 6192/6192
f 6273/6273 6274/6274 6192/6192
f 6275/6275 6194/6194 6193/6193
f 6274/6274 6275/6275 6193/6193
f 6276/6276 6195/6195 6194/6194
f 6275/6275 6276/6276 6194/6194
f 6277/6277 6196/6196 6195/6195
f 6276/6276 6277/6277 6195/6195
f 6278/6278 6197/6197 6196/6196
f 6277/6277 6278/6278 6196/6196
f 6279/6279 6198/6198 6197/6197
f 6278/6278 6279/6279 6197/6197
f 6280/6280 6199/6199 6198/6198
f 6279/6279 6280/6280 6198/6198
f 6281/6281 6200/6200 6199/6199
f 6280/6280 6281/6281 6199/6199
f 6282/6282 6201/6201 6200/6200
f 6281/6281 6282/6282 6200/6200
f 6283/6283 6202/6202 6201/6201
f 6282/6282 6283/6283 6201/6201
f 6284/6284 6203/6203 6202/6202
f 6283/6283 6284/6284 6202/6202
f 6285/6285 6204/6204 6203/6203
f 6284/6284 6285/6285 6203/6203
f 6286/6286 6205/6205 6204/6204
f 6285/6285 6286/6286 6204/6204
f 6287/6287 6206/6206 6205/6205
f 6286/6286 6287/6287 6205/6205
f 6288/6288 6207/6207 6206/6206
f 6287/6287 6288/6288 6206/6206
f 6289/6289 6208/6208 6207/6207
f 6288/6288 6289/6289 6207/6207
f 6290/6290 6209/6209 6208/6208
f 6289/6289 6290/6290 6208/6208
f 6291/6291 6210/6210 6209/6209
f 6290/6290 6291/6291 6209/6209
f 6292/6292 6211/6211 6210/6210
f 6291/6291 6292/6292 6210/6210
f 6293/6293 6212/6212 6211/6211
f 6292/6292 6293/6293 6211/6211
f 6294/6294 6213/6213 6212/6212
f 6293/6293 6294/6294 6212/6212
f 6295/6295 6214/6214 6213/6213
f 6294/6294 6295/6295 6213/6213
f 6296/6296 6215/6215 6214/6214
f 6295/6295 6296/6296 6214/6214
f 6297/6297 6216/6216 6215/6215
f 6296/6296 6297/6297 6215/6215
f 6298/6298 6217/6217 6216/6216
f 6297/6297 6298/6298 6216/6216
f 6299/6299 6218/6218 6217/6217
f 6298/6298 6299/6299 6217/6217
f 6300/6300 6219/6219 6218/6218
f 6299/6299 6300/6300 6218/6218
f 6301/6301 6220/6220 6219/6219
f 6300/6300 6301/6301 6219/6219
f 6302/6302 6221/6221 6220/6220
f 6301/6301 6302/6302 6220/6220
f 6303/6303 6222/6222 6221/6221
f 6302/6302 6303/6303 6221/6221
f 6304/6304 6223/6223 6222/6222
f 6303/6303 6304/6304 6222/6222
f 6305/6305 6224/6224 6223/6223
f 6304/6304 6305/6305 6223/6223
f 6306/6306 6225/6225 6224/6224
f 6305/6305 6306/6306 6224/6224
f 6307/6307 6226/6226 6225/6225
f 6306/6306 6307/6307 6225/6225
f 6308/6308 6227/6227 6226/6226
f 6307/6307 6308/6308 6226/6226
f 6309/6309 6228/6228 6227/6227
f 6308/6308 6309/6309 6227/6227
f 6310/6310 6229/6229 6228/6228
f 6309/6309 6310/6310 6228/6228
f 6311/6311 6230/6230 6229/6229
f 6310/6310 6311/6311 6229/6229
f 6312/6312 6231/6231 6230/6230
f 6311/6311 6312/6312 6230/6230
f 6313/6313 6232/6232 6231/6231
f 6312/6312 6313/6313 6231/6231
f 6314/6314 6233/6233 6232/6232
f 6313/6313 6314/6314 6232/6232
f 6315/6315 6234/6234 6233/6233
f 6314/6314 6315/6315 6233/6233
f 6316/6316 6235/6235 6234/6234
f 6315/6315 6316/6316 6234/6234
f 6317/6317 6236/6236 6235/6235
f 6316/6316 6317/6317 6235/6235
f 6318/6318 6237/6237 6236/6236
f 6317/6317 6318/6318 6236/6236
f 6320/6320 6239/6239 6238/6238
f 6319/6319 6320/6320 6238/6238
f 6321/6321 6240/6240 6239/6239
f 6320/6320 6321/6321 6239/6239
f 6322/6322 6241/6241 6240/6240
f 6321/6321 6322/6322 6240/6240
f 6323/6323 6242/6242 6241/6241
f 6322/6322 6323/6323 6241/6241
f 6324/6324 6243/6243 6242/6242
f 6323/6323 6324/6324 6242/6242
f 6325/6325 6244/6244 6243/6243
f 6324/6324 6325/6325 6243/6243
f 6326/6326 6245/6245 6244/6244
f 6325/6325 6326/6326 6244/6244
f 6327/6327 6246/6246 6245/6245
f 6326/6326 6327/6327 6245/6245
f 6328/6328 6247/6247 6246/6246
f 6327/6327 6328/6328 6246/6246
f 6329/6329 6248/6248 6247/6247
f 6328/6328 6329/6329 6247/6247
f 6330/6330 6249/6249 6248/6248
f 6329/6329 6330/6330 6248/6248
f 6331/6331 6250/6250 6249/6249
f 6330/6330 6331/6331 6249/6249
f 6332/6332 6251/6251 6250/6250
f 6331/6331 6332/6332 6250/6250
f 6333/6333 6252/6252 6251/6251
f 6332/6332 6333/6333 6251/6251
f 6334/6334 6253/6253 6252/6252
f 6333/6333 6334/6334 6252/6252
f 6335/6335 6254/6254 6253/6253
f 6334/6334 6335/6335 6253/6253
f 6336/6336 6255/6255 6254/6254
f 6335/6335 6336/6336 6254/6254
f 6337/6337 6256/6256 6255/6255
f 6336/6336 6337/6337 6255/6255
f 6338/6338 6257/6257 6256/6256
f 6337/6337 6338/6338 6256/6256
f 6339/6339 6258/6258 6257/6257
f 6338/6338 6339/6339 6257/6257
f 6340/6340 6259/6259 6258/6258
f 6339/6339 6340/6340 6258/6258
f 6341/6341 6260/6260 6259/6259
f 6340/6340 6341/6341 6259/6259
f 6342/6342 6261/6261 6260/6260
f 6341/6341 6342/6342 6260/6260
f 6343/6343 6262/6262 6261/6261
f 6342/6342 6343/6343 6261/6261
f 6344/6344 6263/6263 6262/6262
f 6343/6343 6344/6344 6262/6262
f 6345/6345 6264/6264 6263/6263
f 6344/6344 6345/6345 6263/6263
f 6346/6346 6265/6265 6264/6264
f 6345/6345 6346/6346 6264/6264
f 6347/6347 6266/6266 6265/6265
f 6346/6346 6347/6347 6265/6265
f 6348/6348 6267/6267 6266/6266
f 6347/6347 6348/6348 6266/6266
f 6349/6349 6268/6268 6267/6267
f 6348/6348 6349/6349 6267/6267
f 6350/6350 6269/6269 6268/6268
f 6349/6349 6350/6350 6268/6268
f 6351/6351 6270/6270 6269/6269
f 6350/6350 6351/6351 6269/6269
f 6352/6352 6271/6271 6270/6270
f 6351/6351 6352/6352 6270/6270
f 6353/6353 6272/6272 6271/6271
f 6352/6352 6353/6353 6271/6271
f 6354/6354 6273/6273 6272/6272
f 6353/6353 6354/6354 6272/6272
f 6355/6355 6274/6274 6273/6273
f 6354/6354 6355/6355 6273/6273
f 6356/6356 6275/6275 6274/6274
f 6355/6355 6356/6356 6274/6274
f 6357/6357 6276/6276 6275/6275
f 6356/6356 6357/6357 6275/6275
f 6358/6358 6277/6277 6276/6276
f 6357/6357 6358/6358 6276/6276
f 6359/6359 6278/6278 6277/6277
f 6358/6358 6359/6359 6277/6277
f 6360/6360 6279/6279 6278/6278
f 6359/6359 6360/6360 6278/6278
f 6361/6361 6280/6280 6279/6279
f 6360/6360 6361/6361 6279/6279
f 6362/6362 6281/6281 6280/6280
f 6361/6361 6362/6362 6280/6280
f 6363/6363 6282/6282 6281/6281
f 6362/6362 6363/6363 6281/6281
f 6364/6364 6283/6283 6282/6282
f 6363/6363 6364/6364 6282/6282
f 6365/6365 6284/6284 6283/6283
f 6364/6364 6365/6365 6283/6283
f 6366/6366 6285/6285 6284/6284
f 6365/6365 6366/6366 6284/6284
f 6367/6367 6286/6286 6285/6285
f 6366/6366 6367/6367 6285/6285
f 6368/6368 6287/6287 6286/6286
f 6367/6367 6368/6368 6286/6286
f 6369/6369 6288/6288 6287/6287
f 6368/6368 6369/6369 6287/6287
f 6370/6370 6289/6289 6288/6288
f 6369/6369 6370/6370 6288/6288
f 6371/6371 6290/6290 6289/6289
f 6370/6370 6371/6371 6289/6289
f 6372/6372 6291/6291 6290/6290
f 6371/6371 6372/6372 6290/6290
f 6373/6373 6292/6292 6291/6291
f 6372/6372 6373/6373 6291/6291
f 6374/6374 6293/6293 6292/6292
f 6373/6373 6374/6374 6292/6292
f 6375/6375 6294/6294 6293/6293
f 6374/6374 6375/6375 6293/6293
f 6376/6376 6295/6295 6294/6294
f 6375/6375 6376/6376 6294/6294
f 6377/6377 6296/6296 6295/6295
f 6376/6376 6377/6377 6295/6295
f 6378/6378 6297/6297 6296/6296
f 6377/6377 6378/6378 6296/6296
f 6379/6379 6298/6298 6297/6297
f 6378/6378 6379/6379 6297/6297
f 6380/6380 6299/6299 6298/6298
f 6379/6379 6380/6380 6298/6298
f 6381/6381 6300/6300 6299/6299
f 6380/6380 6381/6381 6299/6299
f 6382/6382 6301/6301 6300/6300
f 6381/6381 6382/6382 6300/6300
f 6383/6383 6302/6302 6301/6301
f 6382/6382 6383/6383 6301/6301
f 6384/6384 6303/6303 6302/6302
f 6383/6383 6384/6384 6302/6302
f 6385/6385 6304/6304 6303/6303
f 6384/6384 6385/6385 6303/6303
f 6386/6386 6305/6305 6304/6304
f 6385/6385 6386/6386 6304/6304
f 6387/6387 6306/6306 6305/6305
f 6386/6386 6387/6387 6305/6305
f 6388/6388 6307/6307 6306/6306
f 6387/6387 6388/6388 6306/6306
f 6389/6389 6308/6308 6307/6307
f 6388/6388 6389/6389 6307/6307
f 6390/6390 6309/6309 6308/6308
f 6389/6389 6390/6390 6308/6308
f 6391/6391 6310/6310 6309/6309
f 6390/6390 6391/6391 6309/6309
f 6392/6392 6311/6311 6310/6310
f 6391/6391 6392/6392 6310/6310
f 6393/6393 6312/6312 6311/6311
f 6392/6392 6393/6393 6311/6311
f 6394/6394 6313/6313 6312/6312
f 6393/6393 6394/6394 6312/6312
f 6395/6395 6314/6314 6313/6313
f 6394/6394 6395/6395 6313/6313
f 6396/6396 6315/6315 6314/6314
f 6395/6395 6396/6396 6314/6314
f 6397/6397 6316/6316 6315/6315
f 6396/6396 6397/6397 6315/6315
f 6398/6398 6317/6317 6316/6316
f 6397/6397 6398/6398 6316/6316
f 6399/6399 6318/6318 6317/6317
f 6398/6398 6399/6399 6317/6317
f 6401/6401 6320/6320 6319/6319
f 6400/6400 6401/6401 6319/6319
f 6402/6402 6321/6321 6320/6320
f 6401/6401 6402/6402 6320/6320
f 6403/6403 6322/6322 6321/6321
f 6402/6402 6403/6403 6321/6321
f 6404/6404 6323/6323 6322/6322
f 6403/6403 6404/6404 6322/6322
f 6405/6405 6324/6324 6323/6323
f 6404/6404 6405/6405 6323/6323
f 6406/6406 6325/6325 6324/6324
f 6405/6405 6406/6406 6324/6324
f 6407/6407 6326/6326 6325/6325
f 6406/6406 6407/6407 6325/6325
f 6408/6408 6327/6327 6326/6326
f 6407/6407 6408/6408 6326/6326
f 6409/6409 6328/6328 6327/6327
f 6408/6408 6409/6409 6327/6327
f 6410/6410 6329/6329 6328/6328
f 6409/6409 6410/6410 6328/6328
f 6411/6411 6330/6330 6329/6329
f 6410/6410 6411/6411 6329/6329
f 6412/6412 6331/6331 6330/6330
f 6411/6411 6412/6412 6330/6330
f 6413/6413 6332/6332 6331/6331
f 6412/6412 6413/6413 6331/6331
f 6414/6414 6333/6333 6332/6332
f 6413/6413 6414/6414 6332/6332
f 6415/6415 6334/6334 6333/6333
f 6414/6414 6415/6415 6333/6333
f 6416/6416 6335/6335 6334/6334
f 6415/6415 6416/6416 6334/6334
f 6417/6417 6336/6336 6335/6335
f 6416/6416 6417/6417 6335/6335
f 6418/6418 6337/6337 6336/6336
f 6417/6417 6418/6418 6336/6336
f 6419/6419 6338/6338 6337/6337
f 6418/6418 6419/6419 6337/6337
f 6420/6420 6339/6339 6338/6338
f 6419/6419 6420/6420 6338/6338
f 6421/6421 6340/6340 6339/6339
f 6420/6420 6421/6421 6339/6339
f 6422/6422 6341/6341 6340/6340
f 6421/6421 6422/6422 6340/6340
f 6423/6423 6342/6342 6341/6341
f 6422/6422 6423/6423 6341/6341
f 6424/6424 6343/6343 6342/6342
f 6423/6423 6424/6424 6342/6342
f 6425/6425 6344/6344 6343/6343
f 6424/6424 6425/6425 6343/6343
f 6426/6426 6345/6345 6344/6344
f 6425/6425 6426/6426 6344/6344
f 6427/6427 6346/6346 6345/6345
f 6426/6426 6427/6427 6345/6345
f 6428/6428 6347/6347 6346/6346
f 6427/6427 6428/6428 6346/6346
f 6429/6429 6348/6348 6347/6347
f 6428/6428 6429/6429 6347/6347
f 6430/6430 6349/6349 6348/6348
f 6429/6429 6430/6430 6348/6348
f 6431/6431 6350/6350 6349/6349
f 6430/6430 6431/6431 6349/6349
f 6432/6432 6351/6351 6350/6350
f 6431/6431 6432/6432 6350/6350
f 6433/6433 6352/6352 6351/6351
f 6432/6432 6433/6433 6351/6351
f 6434/6434 6353/6353 6352/6352
f 6433/6433 6434/6434 6352/6352
f 6435/6435 6354/6354 6353/6353
f 6434/6434 6435/6435 6353/6353
f 6436/6436 6355/6355 6354/6354
f 6435/6435 6436/6436 6354/6354
f 6437/6437 6356/6356 6355/6355
f 6436/6436 6437/6437 6355/6355
f 6438/6438 6357/6357 6356/6356
f 6437/6437 6438/6438 6356/6356
f 6439/6439 6358/6358 6357/6357
f 6438/6438 6439/6439 6357/6357
f 6440/6440 6359/6359 6358/6358
f 6439/6439 6440/6440 6358/6358
f 6441/6441 6360/6360 6359/6359
f 6440/6440 6441/6441 6359/6359
f 6442/6442 6361/6361 6360/6360
f 6441/6441 6442/6442 6360/6360
f 6443/6443 6362/6362 6361/6361
f 6442/6442 6443/6443 6361/6361
f 6444/6444 6363/6363 6362/6362
f 6443/6443 6444/6444 6362/6362
f 6445/6445 6364/6364 6363/6363
f 6444/6444 6445/6445 6363/6363
f 6446/6446 6365/6365 6364/6364
f 6445/6445 6446/6446 6364/6364
f 6447/6447 6366/6366 6365/6365
f 6446/6446 6447/6447 6365/6365
f 6448/6448 6367/6367 6366/6366
f 6447/6447 6448/6448 6366/6366
f 6449/6449 6368/6368 6367/6367
f 6448/6448 6449/6449 6367/6367
f 6450/6450 6369/6369 6368/6368
f 6449/6449 6450/6450 6368/6368
f 6451/6451 6370/6370 6369/6369
f 6450/6450 6451/6451 6369/6369
f 6452/6452 6371/6371 6370/6370
f 6451/6451 6452/6452 6370/6370
f 6453/6453 6372/6372 6371/6371
f 6452/6452 6453/6453 6371/6371
f 6454/6454 6373/6373 6372/6372
f 6453/6453 6454/6454 6372/6372
f 6455/6455 6374/6374 6373/6373
f 6454/6454 6455/6455 6373/6373
f 6456/6456 6375/6375 6374/6374
f 6455/6455 6456/6456 6374/6374
f 6457/6457 6376/6376 6375/6375
f 6456/6456 6457/6457 6375/6375
f 6458/6458 6377/6377 6376/6376
f 6457/6457 6458/6458 6376/6376
f 6459/6459 6378/6378 6377/6377
f 6458/6458 6459/6459 6377/6377
f 6460/6460 6379/6379 6378/6378
f 6459/6459 6460/6460 6378/6378
f 6461/6461 6380/6380 6379/6379
f 6460/6460 6461/6461 6379/6379
f 6462/6462 6381/6381 6380/6380
f 6461/6461 6462/6462 6380/6380
f 6463/6463 6382/6382 6381/6381
f 6462/6462 6463/6463 6381/6381
f 6464/6464 6383/6383 6382/6382
f 6463/6463 6464/6464 6382/6382
f 6465/6465 6384/6384 6383/6383
f 6464/6464 6465/6465 6383/6383
f 6466/6466 6385/6385 6384/6384
f 6465/6465 6466/6466 6384/6384
f 6467/6467 6386/6386 6385/6385
f 6466/6466 6467/6467 6385/6385
f 6468/6468 6387/6387 6386/6386
f 6467/6467 6468/6468 6386/6386
f 6469/6469 6388/6388 6387/6387
f 6468/6468 6469/6469 6387/6387
f 6470/6470 6389/6389 6388/6388
f 6469/6469 6470/6470 6388/6388
f 6471/6471 6390/6390 6389/6389
f 6470/6470 6471/6471 6389/6389
f 6472/6472 6391/6391 6390/6390
f 6471/6471 6472/6472 6390/6390
f 6473/6473 6392/6392 6391/6391
f 6472/6472 6473/6473 6391/6391
f 6474/6474 6393/6393 6392/6392
f 6473/6473 6474/6474 6392/6392
f 6475/6475 6394/6394 6393/6393
f 6474/6474 6475/6475 6393/6393
f 6476/6476 6395/6395 6394/6394
f 6475/6475 6476/6476 6394/6394
f 6477/6477 6396/6396 6395/6395
f 6476/6476 6477/6477 6395/6395
f 6478/6478 6397/6397 6396/6396
f 6477/6477 6478/6478 6396/6396
f 6479/6479 6398/6398 6397/6397
f 6478/6478 6479/6479 6397/6397
f 6480/6480 6399/6399 6398/6398
f 6479/6479 6480/6480 6398/6398
f 1/1 2/2 6481/6481
f 2/2 3/3 6481/6481
f 3/3 4/4 6481/6481
f 4/4 5/5 6481/6481
f 5/5 6/6 6481/6481
f 6/6 7/7 6481/6481
f 7/7 8/8 6481/6481
f 8/8 9/9 6481/6481
f 9/9 10/10 6481/6481
f 10/10 11/11 6481/6481
f 11/11 12/12 6481/6481
f 12/12 13/13 6481/6481
f 13/13 14/14 6481/6481
f 14/14 15/15 6481/6481
f 15/15 16/16 6481/6481
f 16/16 17/17 6481/6481
f 17/17 18/18 6481/6481
f 18/18 19/19 6481/6481
f 19/19 20/20 6481/6481
f 20/20 21/21 6481/6481
f 21/21 22/22 6481/6481
f 22/22 23/23 6481/6481
f 23/23 24/24 6481/6481
f 24/24 25/25 6481/6481
f 25/25 26/26 6481/6481
f 26/26 27/27 6481/6481
f 27/27 28/28 6481/6481
f 28/28 29/29 6481/6481
f 29/29 30/30 6481/6481
f 30/30 31/31 6481/6481
f 31/31 32/32 6481/6481
f 32/32 33/33 6481/6481
f 33/33 34/34 6481/6481
f 34/34 35/35 6481/6481
f 35/35 36/36 6481/6481
f 36/36 37/37 6481/6481
f 37/37 38/38 6481/6481
f 38/38 39/39 6481/6481
f 39/39 40/40 6481/6481
f 40/40 41/41 6481/6481
f 41/41 42/42 6481/6481
f 42/42 43/43 6481/6481
f 43/43 44/44 6481/6481
f 44/44 45/45 6481/6481
f 45/45 46/46 6481/6481
f 46/46 47/47 6481/6481
f 47/47 48/48 6481/6481
f 48/48 49/49 6481/6481
f 49/49 50/50 6481/6481
f 50/50 51/51 6481/6481
f 51/51 52/52 6481/6481
f 52/52 53/53 6481/6481
f 53/53 54/54 6481/6481
f 54/54 55/55 6481/6481
f 55/55 56/56 6481/6481
f 56/56 57/57 6481/6481
f 57/57 58/58 6481/6481
f 58/58 59/59 6481/6481
f 59/59 60/60 6481/6481
f 60/60 61/61 6481/6481
f 61/61 62/62 6481/6481
f 62/62 63/63 6481/6481
f 63/63 64/64 6481/6481
f 64/64 65/65 6481/6481
f 65/65 66/66 6481/6481
f 66/66 67/67 6481/6481
f 67/67 68/68 6481/6481
f 68/68 69/69 6481/6481
f 69/69 70/70 6481/6481
f 70/70 71/71 6481/6481
f 71/71 72/72 6481/6481
f 72/72 73/73 6481/6481
f 73/73 74/74 6481/6481
f 74/74 75/75 6481/6481
f 75/75 76/76 6481/6481
f 76/76 77/77 6481/6481
f 77/77 78/78 6481/6481
f 78/78 79/79 6481/6481
f 79/79 80/80 6481/6481
f 80/80 81/81 6481/6481
f 6401/6401 6400/6400 6482/6482
f 6402/6402 6401/6401 6482/6482
f 6403/6403 6402/6402 6482/6482
f 6404/6404 6403/6403 6482/6482
f 6405/6405 6404/6404 6482/6482
f 6406/6406 6405/6405 6482/6482
f 6407/6407 6406/6406 6482/6482
f 6408/6408 6407/6407 6482/6482
f 6409/6409 6408/6408 6482/6482
f 6410/6410 6409/6409 6482/6482
f 6411/6411 6410/6410 6482/6482
f 6412/6412 6411/6411 6482/6482
f 6413/6413 6412/6412 6482/6482
f 6414/6414 6413/6413 6482/6482
f 6415/6415 6414/6414 6482/6482
f 6416/6416 6415/6415 6482/6482
f 6417/6417 6416/6416 6482/6482
f 6418/6418 6417/6417 6482/6482
f 6419/6419 6418/6418 6482/6482
f 6420/6420 6419/6419 6482/6482
f 6421/6421 6420/6420 6482/6482
f 6422/6422 6421/6421 6482/6482
f 6423/6423 6422/6422 6482/6482
f 6424/6424 6423/6423 6482/6482
f 6425/6425 6424/6424 6482/6482
f 6426/6426 6425/6425 6482/6482
f 6427/6427 6426/6426 6482/6482
f 6428/6428 6427/6427 6482/6482
f 6429/6429 6428/6428 6482/6482
f 6430/6430 6429/6429 6482/6482
f 6431/6431 6430/6430 6482/6482
f 6432/6432 6431/6431 6482/6482
f 6433/6433 6432/6432 6482/6482
f 6434/6434 6433/6433 6482/6482
f 6435/6435 6434/6434 6482/6482
f 6436/6436 6435/6435 6482/6482
f 6437/6437 6436/6436 6482/6482
f 6438/6438 6437/6437 6482/6482
f 6439/6439 6438/6438 6482/6482
f 6440/6440 6439/6439 6482/6482
f 6441/6441 6440/6440 6482/6482
f 6442/6442 6441/6441 6482/6482
f 6443/6443 6442/6442 6482/6482
f 6444/6444 6443/6443 6482/6482
f 6445/6445 6444/6444 6482/6482
f 6446/6446 6445/6445 6482/6482
f 6447/6447 6446/6446 6482/6482
f 6448/6448 6447/6447 6482/6482
f 6449/6449 6448/6448 6482/6482
f 6450/6450 6449/6449 6482/6482
f 6451/6451 6450/6450 6482/6482
f 6452/6452 6451/6451 6482/6482
f 6453/6453 6452/6452 6482/6482
f 6454/6454 6453/6453 6482/6482
f 6455/6455 6454/6454 6482/6482
f 6456/6456 6455/6455 6482/6482
f 6457/6457 6456/6456 6482/6482
f 6458/6458 6457/6457 6482/6482
f 6459/6459 6458/6458 6482/6482
f 6460/6460 6459/6459 6482/6482
f 6461/6461 6460/6460 6482/6482
f 6462/6462 6461/6461 6482/6482
f 6463/6463 6462/6462 6482/6482
f 6464/6464 6463/6463 6482/6482
f 6465/6465 6464/6464 6482/6482
f 6466/6466 6465/6465 6482/6482
f 6467/6467 6466/6466 6482/6482
f 6468/6468 6467/6467 6482/6482
f 6469/6469 6468/6468 6482/6482
f 6470/6470 6469/6469 6482/6482
f 6471/6471 6470/6470 6482/6482
f 6472/6472 6471/6471 6482/6482
f 6473/6473 6472/6472 6482/6482
f 6474/6474 6473/6473 6482/6482
f 6475/6475 6474/6474 6482/6482
f 6476/6476 6475/6475 6482/6482
f 6477/6477 6476/6476 6482/6482
f 6478/6478 6477/6477 6482/6482
f 6479/6479 6478/6478 6482/6482
f 6480/6480 6479/6479 6482/6482
