# M870 FPS art asset, meters, +Z forward
o Receiver
v -0.0208488 -0.020315384615384614 -0.145
v -0.0208488 -0.0133 -0.145
v -0.0208488 0.024699999999999996 -0.145
v -0.0208488 0.024947826086956518 -0.145
v -0.02059211667539991 0.0252062830291969 -0.145
v -0.0198283870969344 0.025458375903749914 -0.145
v -0.018576416821498444 0.025697897347395773 -0.145
v -0.016867033512324405 0.025918949547265827 -0.145
v -0.014742327859602096 0.026116089464569076 -0.145
v -0.012254617167995313 0.026284462860271654 -0.145
v -0.009465157130969864 0.026419923822572085 -0.145
v -0.006442633512324405 0.026519136853009384 -0.145
v -0.003261470874730767 0.026579658997505008 -0.145
v -1.276620809303167e-18 0.0266 -0.145
v 0.003261470874730769 0.026579658997505008 -0.145
v 0.006442633512324402 0.026519136853009384 -0.145
v 0.009465157130969862 0.026419923822572085 -0.145
v 0.012254617167995311 0.026284462860271654 -0.145
v 0.01474232785960209 0.026116089464569076 -0.145
v 0.0168670335123244 0.025918949547265827 -0.145
v 0.018576416821498444 0.025697897347395773 -0.145
v 0.0198283870969344 0.025458375903749914 -0.145
v 0.020592116675399907 0.0252062830291969 -0.145
v 0.0208488 0.024947826086956518 -0.145
v 0.0208488 -0.020315384615384614 -0.145
v 0.020754540271546086 -0.0211707806426861 -0.145
v 0.020475383434687366 -0.02199330428037001 -0.145
v 0.020022057330111365 -0.022751346406316715 -0.145
v 0.01941198302578873 -0.023415775886741017 -0.145
v 0.01866860533510096 -0.02396105906932654 -0.145
v 0.017820491845810183 -0.024366241027164868 -0.145
v 0.01690023508368232 -0.024615750844844932 -0.145
v 0.0159432 -0.0247 -0.145
v -0.0159432 -0.0247 -0.145
v -0.016900235083682318 -0.024615750844844932 -0.145
v -0.017820491845810183 -0.024366241027164875 -0.145
v -0.01866860533510096 -0.02396105906932654 -0.145
v -0.019411983025788723 -0.023415775886741017 -0.145
v -0.020022057330111365 -0.022751346406316715 -0.145
v -0.020475383434687362 -0.02199330428037001 -0.145
v -0.020754540271546086 -0.021170780642686102 -0.145
v -0.0225624 -0.022653846153846153 -0.143
v -0.0225624 -0.0133 -0.143
v -0.0225624 0.024699999999999996 -0.143
v -0.0225624 0.025691304347826086 -0.143
v -0.02228461941584374 0.02672513211678761 -0.143
v -0.021458117543257774 0.02773350361499965 -0.143
v -0.020103245601347634 0.02869158938958309 -0.143
v -0.018253365033885315 0.029575798189063304 -0.143
v -0.01595402603984336 0.030364357858276316 -0.143
v -0.013261845976323697 0.031037851441086606 -0.143
v -0.010243115251323553 0.03157969529028835 -0.143
v -0.006972165033885315 0.031976547412037544 -0.143
v -0.0035295369740237065 0.03221863599002004 -0.143
v -1.3815485470541121e-18 0.0323 -0.143
v 0.0035295369740237087 0.03221863599002004 -0.143
v 0.006972165033885312 0.031976547412037544 -0.143
v 0.010243115251323551 0.03157969529028835 -0.143
v 0.013261845976323695 0.031037851441086606 -0.143
v 0.01595402603984336 0.030364357858276316 -0.143
v 0.018253365033885312 0.029575798189063304 -0.143
v 0.02010324560134763 0.02869158938958309 -0.143
v 0.021458117543257774 0.027733503614999655 -0.143
v 0.022284619415843736 0.02672513211678761 -0.143
v 0.0225624 0.02569130434782609 -0.143
v 0.0225624 -0.022653846153846153 -0.143
v 0.022460392896604668 -0.023794374190248137 -0.143
v 0.02215829166219592 -0.024891072373826678 -0.143
v 0.021667705877791755 -0.025901795208422288 -0.143
v 0.021007488479963143 -0.026787701182321356 -0.143
v 0.020203011253054466 -0.02751474542576873 -0.143
v 0.019285189805739792 -0.028054988036219825 -0.143
v 0.018289295501519223 -0.028387667793126577 -0.143
v 0.017253599999999997 -0.028499999999999998 -0.143
v -0.017253599999999997 -0.028499999999999998 -0.143
v -0.018289295501519223 -0.028387667793126577 -0.143
v -0.01928518980573979 -0.028054988036219832 -0.143
v -0.020203011253054463 -0.02751474542576873 -0.143
v -0.02100748847996314 -0.026787701182321356 -0.143
v -0.021667705877791755 -0.025901795208422288 -0.143
v -0.022158291662195916 -0.024891072373826685 -0.143
v -0.022460392896604668 -0.02379437419024814 -0.143
v -0.0245616 -0.024407692307692307 -0.14
v -0.0245616 -0.0133 -0.14
v -0.0245616 0.024699999999999996 -0.14
v -0.0245616 0.02631086956521739 -0.14
v -0.024259205946361537 0.02799083968977987 -0.14
v -0.023359469730635046 0.029629443374374433 -0.14
v -0.021884545844505016 0.031186332758072526 -0.14
v -0.01987075180903971 0.03262317205722787 -0.14
v -0.017367673916791507 0.03390458151969901 -0.14
v -0.01443694625270681 0.03499900859176574 -0.14
v -0.011150733058402855 0.035879504846718556 -0.14
v -0.0075899518090397095 0.036524389544561 -0.14
v -0.0038422807565321364 0.036917783483782565 -0.14
v -1.5039642410968813e-18 0.03705 -0.14
v 0.0038422807565321386 0.036917783483782565 -0.14
v 0.007589951809039706 0.036524389544561 -0.14
v 0.011150733058402851 0.035879504846718556 -0.14
v 0.014436946252706806 0.03499900859176574 -0.14
v 0.017367673916791504 0.03390458151969901 -0.14
v 0.01987075180903971 0.03262317205722787 -0.14
v 0.021884545844505016 0.031186332758072526 -0.14
v 0.023359469730635046 0.029629443374374436 -0.14
v 0.024259205946361533 0.02799083968977987 -0.14
v 0.0245616 0.02631086956521739 -0.14
v 0.0245616 -0.024407692307692307 -0.14
v 0.024450554292506345 -0.02576206935091966 -0.14
v 0.02412168459428923 -0.027064398443919183 -0.14
v 0.02358762918341887 -0.028264631810001467 -0.14
v 0.022868911509833296 -0.029316645154006612 -0.14
v 0.021993151490666885 -0.030180010193100366 -0.14
v 0.02099400409232433 -0.030821548293011043 -0.14
v 0.01990986598899561 -0.031216605504337816 -0.14
v 0.018782399999999998 -0.03135 -0.14
v -0.018782399999999998 -0.03135 -0.14
v -0.019909865988995606 -0.031216605504337816 -0.14
v -0.020994004092324325 -0.03082154829301105 -0.14
v -0.02199315149066688 -0.030180010193100366 -0.14
v -0.022868911509833292 -0.029316645154006612 -0.14
v -0.02358762918341887 -0.028264631810001467 -0.14
v -0.024121684594289223 -0.02706439844391919 -0.14
v -0.024450554292506345 -0.025762069350919663 -0.14
v -0.0268464 -0.026746153846153847 -0.135
v -0.0268464 -0.0133 -0.135
v -0.0268464 0.024699999999999996 -0.135
v -0.0268464 0.026930434782608693 -0.135
v -0.026515876266953307 0.02925654726277213 -0.135
v -0.025532443659066213 0.03152538313374922 -0.135
v -0.023920317550970602 0.03368107612656196 -0.135
v -0.021719193837787587 0.03567054592539243 -0.135
v -0.01898327149044653 0.037444805181121706 -0.135
v -0.015779917997144653 0.03896016574244487 -0.135
v -0.01218801055220777 0.04017931440314877 -0.135
v -0.008295993837787589 0.041072231677084466 -0.135
v -0.004199702222256055 0.04161693097754509 -0.135
v -1.6438678914314749e-18 0.0418 -0.135
v 0.004199702222256059 0.04161693097754509 -0.135
v 0.008295993837787586 0.041072231677084466 -0.135
v 0.012188010552207766 0.04017931440314877 -0.135
v 0.01577991799714465 0.03896016574244487 -0.135
v 0.018983271490446527 0.037444805181121706 -0.135
v 0.021719193837787587 0.03567054592539243 -0.135
v 0.023920317550970596 0.03368107612656196 -0.135
v 0.025532443659066213 0.031525383133749224 -0.135
v 0.0265158762669533 0.02925654726277213 -0.135
v 0.0268464 0.026930434782608696 -0.135
v 0.0268464 -0.026746153846153847 -0.135
v 0.02672502445925112 -0.028385662898481694 -0.135
v 0.026365562230967296 -0.029962166537375854 -0.135
v 0.025781827246992715 -0.03141508061210704 -0.135
v 0.024996252115399183 -0.03268857044958695 -0.135
v 0.02403902604793822 -0.03373369654954255 -0.135
v 0.0229469347055638 -0.034510295302066 -0.135
v 0.02176194654611148 -0.03498852245261946 -0.135
v 0.020529599999999995 -0.035149999999999994 -0.135
v -0.020529599999999995 -0.035149999999999994 -0.135
v -0.021761946546111476 -0.03498852245261946 -0.135
v -0.022946934705563797 -0.03451029530206601 -0.135
v -0.024039026047938217 -0.03373369654954255 -0.135
v -0.024996252115399176 -0.03268857044958695 -0.135
v -0.025781827246992715 -0.03141508061210704 -0.135
v -0.026365562230967293 -0.02996216653737586 -0.135
v -0.02672502445925112 -0.0283856628984817 -0.135
v -0.0282744 -0.027915384615384613 -0.128
v -0.0282744 -0.0133 -0.128
v -0.0282744 0.024699999999999996 -0.128
v -0.0282744 0.02742608695652174 -0.128
v -0.02792629521732317 0.030269113321165938 -0.128
v -0.02689055236433569 0.033042134941249045 -0.128
v -0.02519267486751159 0.0356768708213535 -0.128
v -0.022874470105755017 0.03810844501992408 -0.128
v -0.019993019973980924 0.04027698411025987 -0.128
v -0.0166192753374183 0.042129091462988176 -0.128
v -0.012836308985835843 0.04361916204829295 -0.128
v -0.008737270105755014 0.044710505383103234 -0.128
v -0.004423090638333506 0.045376248972555114 -0.128
v -1.731307672890596e-18 0.0456 -0.128
v 0.004423090638333509 0.045376248972555114 -0.128
v 0.00873727010575501 0.044710505383103234 -0.128
v 0.012836308985835841 0.04361916204829295 -0.128
v 0.0166192753374183 0.042129091462988176 -0.128
v 0.019993019973980918 0.04027698411025987 -0.128
v 0.022874470105755013 0.03810844501992408 -0.128
v 0.025192674867511585 0.0356768708213535 -0.128
v 0.02689055236433569 0.03304213494124905 -0.128
v 0.027926295217323163 0.030269113321165938 -0.128
v 0.0282744 0.027426086956521743 -0.128
v 0.0282744 -0.027915384615384613 -0.128
v 0.028146568313466607 -0.029697459672262706 -0.128
v 0.02776798575389109 -0.03141105058410419 -0.128
v 0.02715320103672637 -0.032990305013159825 -0.128
v 0.026325839993877862 -0.03437453309737712 -0.128
v 0.025317697646232807 -0.03551053972776364 -0.128
v 0.02416751633883847 -0.03635466880659348 -0.128
v 0.0229194968943089 -0.03687448092676028 -0.128
v 0.021621599999999998 -0.03705000000000001 -0.128
v -0.021621599999999998 -0.03705000000000001 -0.128
v -0.022919496894308895 -0.03687448092676028 -0.128
v -0.024167516338838468 -0.036354668806593486 -0.128
v -0.025317697646232803 -0.03551053972776364 -0.128
v -0.026325839993877855 -0.03437453309737712 -0.128
v -0.02715320103672637 -0.032990305013159825 -0.128
v -0.027767985753891083 -0.03141105058410419 -0.128
v -0.028146568313466607 -0.029697459672262713 -0.128
v -0.028560000000000002 -0.028499999999999998 -0.12
v -0.028560000000000002 -0.0133 -0.12
v -0.028560000000000002 0.024699999999999996 -0.12
v -0.028560000000000002 0.02767391304347826 -0.12
v -0.028208379007397137 0.030775396350362843 -0.12
v -0.027162174105389587 0.03380051084499896 -0.12
v -0.02544714633081979 0.036674768168749275 -0.12
v -0.0231055253593485 0.03932739456718991 -0.12
v -0.0201949696706878 0.041693073574828945 -0.12
v -0.01678714680547303 0.04371355432325983 -0.12
v -0.01296596867256146 0.04533908587086504 -0.12
v -0.0088255253593485 0.04652964223611262 -0.12
v -0.004467768321548995 0.04725590797006012 -0.12
v -1.7487956291824203e-18 0.0475 -0.12
v 0.004467768321548999 0.04725590797006012 -0.12
v 0.008825525359348496 0.04652964223611262 -0.12
v 0.012965968672561456 0.04533908587086504 -0.12
v 0.01678714680547303 0.04371355432325983 -0.12
v 0.020194969670687794 0.041693073574828945 -0.12
v 0.023105525359348497 0.03932739456718991 -0.12
v 0.025447146330819785 0.036674768168749275 -0.12
v 0.027162174105389587 0.033800510844998966 -0.12
v 0.028208379007397134 0.030775396350362843 -0.12
v 0.028560000000000002 0.027673913043478264 -0.12
v 0.028560000000000002 -0.028499999999999998 -0.12
v 0.028430877084309705 -0.03035335805915322 -0.12
v 0.028048470458475847 -0.032135492607468355 -0.12
v 0.027427475794673105 -0.03377791721368622 -0.12
v 0.0265917575695736 -0.03521751442127221 -0.12
v 0.025573431965891725 -0.03639896131687419 -0.12
v 0.024411632665493406 -0.03727685555885722 -0.12
v 0.023151006963948385 -0.037817460163830696 -0.12
v 0.02184 -0.038000000000000006 -0.12
v -0.02184 -0.038000000000000006 -0.12
v -0.02315100696394838 -0.037817460163830696 -0.12
v -0.024411632665493403 -0.03727685555885722 -0.12
v -0.02557343196589172 -0.03639896131687419 -0.12
v -0.026591757569573594 -0.03521751442127221 -0.12
v -0.027427475794673105 -0.03377791721368622 -0.12
v -0.028048470458475843 -0.03213549260746836 -0.12
v -0.028430877084309705 -0.030353358059153228 -0.12
v -0.028560000000000002 -0.028499999999999998 -0.102
v -0.028560000000000002 -0.0133 -0.102
v -0.028560000000000002 0.024699999999999996 -0.102
v -0.028560000000000002 0.027921739130434782 -0.102
v -0.028208379007397137 0.03128167937955974 -0.102
v -0.027162174105389587 0.034558886748748865 -0.102
v -0.02544714633081979 0.037672665516145044 -0.102
v -0.0231055253593485 0.04054634411445573 -0.102
v -0.0201949696706878 0.04310916303939802 -0.102
v -0.01678714680547303 0.04529801718353147 -0.102
v -0.01296596867256146 0.04705900969343712 -0.102
v -0.0088255253593485 0.048348779089121996 -0.102
v -0.004467768321548995 0.04913556696756513 -0.102
v -1.7487956291824203e-18 0.0494 -0.102
v 0.004467768321548999 0.04913556696756513 -0.102
v 0.008825525359348496 0.048348779089121996 -0.102
v 0.012965968672561456 0.04705900969343712 -0.102
v 0.01678714680547303 0.04529801718353147 -0.102
v 0.020194969670687794 0.04310916303939802 -0.102
v 0.023105525359348497 0.04054634411445573 -0.102
v 0.025447146330819785 0.037672665516145044 -0.102
v 0.027162174105389587 0.03455888674874887 -0.102
v 0.028208379007397134 0.03128167937955974 -0.102
v 0.028560000000000002 0.02792173913043479 -0.102
v 0.028560000000000002 -0.028499999999999998 -0.102
v 0.028430877084309705 -0.03035335805915322 -0.102
v 0.028048470458475847 -0.032135492607468355 -0.102
v 0.027427475794673105 -0.03377791721368622 -0.102
v 0.0265917575695736 -0.03521751442127221 -0.102
v 0.025573431965891725 -0.03639896131687419 -0.102
v 0.024411632665493406 -0.03727685555885722 -0.102
v 0.023151006963948385 -0.037817460163830696 -0.102
v 0.02184 -0.038000000000000006 -0.102
v -0.02184 -0.038000000000000006 -0.102
v -0.02315100696394838 -0.037817460163830696 -0.102
v -0.024411632665493403 -0.03727685555885722 -0.102
v -0.02557343196589172 -0.03639896131687419 -0.102
v -0.026591757569573594 -0.03521751442127221 -0.102
v -0.027427475794673105 -0.03377791721368622 -0.102
v -0.028048470458475843 -0.03213549260746836 -0.102
v -0.028430877084309705 -0.030353358059153228 -0.102
v -0.028560000000000002 -0.028499999999999998 -0.075
v -0.028560000000000002 -0.0133 -0.075
v -0.028560000000000002 0.024699999999999996 -0.075
v -0.028560000000000002 0.027921739130434782 -0.075
v -0.028208379007397137 0.03128167937955974 -0.075
v -0.027162174105389587 0.034558886748748865 -0.075
v -0.02544714633081979 0.037672665516145044 -0.075
v -0.0231055253593485 0.04054634411445573 -0.075
v -0.0201949696706878 0.04310916303939802 -0.075
v -0.01678714680547303 0.04529801718353147 -0.075
v -0.01296596867256146 0.04705900969343712 -0.075
v -0.0088255253593485 0.048348779089121996 -0.075
v -0.004467768321548995 0.04913556696756513 -0.075
v -1.7487956291824203e-18 0.0494 -0.075
v 0.004467768321548999 0.04913556696756513 -0.075
v 0.008825525359348496 0.048348779089121996 -0.075
v 0.012965968672561456 0.04705900969343712 -0.075
v 0.01678714680547303 0.04529801718353147 -0.075
v 0.020194969670687794 0.04310916303939802 -0.075
v 0.023105525359348497 0.04054634411445573 -0.075
v 0.025447146330819785 0.037672665516145044 -0.075
v 0.027162174105389587 0.03455888674874887 -0.075
v 0.028208379007397134 0.03128167937955974 -0.075
v 0.028560000000000002 0.02792173913043479 -0.075
v 0.028560000000000002 -0.028499999999999998 -0.075
v 0.028430877084309705 -0.03035335805915322 -0.075
v 0.028048470458475847 -0.032135492607468355 -0.075
v 0.027427475794673105 -0.03377791721368622 -0.075
v 0.0265917575695736 -0.03521751442127221 -0.075
v 0.025573431965891725 -0.03639896131687419 -0.075
v 0.024411632665493406 -0.03727685555885722 -0.075
v 0.023151006963948385 -0.037817460163830696 -0.075
v 0.02184 -0.038000000000000006 -0.075
v -0.02184 -0.038000000000000006 -0.075
v -0.02315100696394838 -0.037817460163830696 -0.075
v -0.024411632665493403 -0.03727685555885722 -0.075
v -0.02557343196589172 -0.03639896131687419 -0.075
v -0.026591757569573594 -0.03521751442127221 -0.075
v -0.027427475794673105 -0.03377791721368622 -0.075
v -0.028048470458475843 -0.03213549260746836 -0.075
v -0.028430877084309705 -0.030353358059153228 -0.075
v -0.028560000000000002 -0.028499999999999998 -0.045
v -0.028560000000000002 -0.0133 -0.045
v -0.028560000000000002 0.024699999999999996 -0.045
v -0.028560000000000002 0.02779782608695652 -0.045
v -0.028208379007397137 0.031028537864961292 -0.045
v -0.027162174105389587 0.034179698796873915 -0.045
v -0.02544714633081979 0.03717371684244716 -0.045
v -0.0231055253593485 0.039936869340822814 -0.045
v -0.0201949696706878 0.04240111830711349 -0.045
v -0.01678714680547303 0.04450578575339565 -0.045
v -0.01296596867256146 0.04619904778215107 -0.045
v -0.0088255253593485 0.047439210662617304 -0.045
v -0.004467768321548995 0.04819573746881262 -0.045
v -1.7487956291824203e-18 0.04845 -0.045
v 0.004467768321548999 0.04819573746881262 -0.045
v 0.008825525359348496 0.047439210662617304 -0.045
v 0.012965968672561456 0.04619904778215107 -0.045
v 0.01678714680547303 0.04450578575339565 -0.045
v 0.020194969670687794 0.04240111830711349 -0.045
v 0.023105525359348497 0.039936869340822814 -0.045
v 0.025447146330819785 0.03717371684244716 -0.045
v 0.027162174105389587 0.03417969879687392 -0.045
v 0.028208379007397134 0.031028537864961292 -0.045
v 0.028560000000000002 0.027797826086956523 -0.045
v 0.028560000000000002 -0.028499999999999998 -0.045
v 0.028430877084309705 -0.03035335805915322 -0.045
v 0.028048470458475847 -0.032135492607468355 -0.045
v 0.027427475794673105 -0.03377791721368622 -0.045
v 0.0265917575695736 -0.03521751442127221 -0.045
v 0.025573431965891725 -0.03639896131687419 -0.045
v 0.024411632665493406 -0.03727685555885722 -0.045
v 0.023151006963948385 -0.037817460163830696 -0.045
v 0.02184 -0.038000000000000006 -0.045
v -0.02184 -0.038000000000000006 -0.045
v -0.02315100696394838 -0.037817460163830696 -0.045
v -0.024411632665493403 -0.03727685555885722 -0.045
v -0.02557343196589172 -0.03639896131687419 -0.045
v -0.026591757569573594 -0.03521751442127221 -0.045
v -0.027427475794673105 -0.03377791721368622 -0.045
v -0.028048470458475843 -0.03213549260746836 -0.045
v -0.028430877084309705 -0.030353358059153228 -0.045
v -0.028560000000000002 -0.028499999999999998 -0.004
v -0.028560000000000002 -0.0133 -0.004
v -0.028560000000000002 0.024699999999999996 -0.004
v -0.028560000000000002 0.02767391304347826 -0.004
v -0.028208379007397137 0.030775396350362843 -0.004
v -0.027162174105389587 0.03380051084499896 -0.004
v -0.02544714633081979 0.036674768168749275 -0.004
v -0.0231055253593485 0.03932739456718991 -0.004
v -0.0201949696706878 0.041693073574828945 -0.004
v -0.01678714680547303 0.04371355432325983 -0.004
v -0.01296596867256146 0.04533908587086504 -0.004
v -0.0088255253593485 0.04652964223611262 -0.004
v -0.004467768321548995 0.04725590797006012 -0.004
v -1.7487956291824203e-18 0.0475 -0.004
v 0.004467768321548999 0.04725590797006012 -0.004
v 0.008825525359348496 0.04652964223611262 -0.004
v 0.012965968672561456 0.04533908587086504 -0.004
v 0.01678714680547303 0.04371355432325983 -0.004
v 0.020194969670687794 0.041693073574828945 -0.004
v 0.023105525359348497 0.03932739456718991 -0.004
v 0.025447146330819785 0.036674768168749275 -0.004
v 0.027162174105389587 0.033800510844998966 -0.004
v 0.028208379007397134 0.030775396350362843 -0.004
v 0.028560000000000002 0.027673913043478264 -0.004
v 0.028560000000000002 -0.028499999999999998 -0.004
v 0.028430877084309705 -0.03035335805915322 -0.004
v 0.028048470458475847 -0.032135492607468355 -0.004
v 0.027427475794673105 -0.03377791721368622 -0.004
v 0.0265917575695736 -0.03521751442127221 -0.004
v 0.025573431965891725 -0.03639896131687419 -0.004
v 0.024411632665493406 -0.03727685555885722 -0.004
v 0.023151006963948385 -0.037817460163830696 -0.004
v 0.02184 -0.038000000000000006 -0.004
v -0.02184 -0.038000000000000006 -0.004
v -0.02315100696394838 -0.037817460163830696 -0.004
v -0.024411632665493403 -0.03727685555885722 -0.004
v -0.02557343196589172 -0.03639896131687419 -0.004
v -0.026591757569573594 -0.03521751442127221 -0.004
v -0.027427475794673105 -0.03377791721368622 -0.004
v -0.028048470458475843 -0.03213549260746836 -0.004
v -0.028430877084309705 -0.030353358059153228 -0.004
v -0.028560000000000002 -0.028499999999999998 0.04
v -0.028560000000000002 -0.0133 0.04
v -0.028560000000000002 0.024699999999999996 0.04
v -0.028560000000000002 0.02742608695652174 0.04
v -0.028208379007397137 0.030269113321165938 0.04
v -0.027162174105389587 0.033042134941249045 0.04
v -0.02544714633081979 0.0356768708213535 0.04
v -0.0231055253593485 0.03810844501992408 0.04
v -0.0201949696706878 0.04027698411025987 0.04
v -0.01678714680547303 0.042129091462988176 0.04
v -0.01296596867256146 0.04361916204829295 0.04
v -0.0088255253593485 0.044710505383103234 0.04
v -0.004467768321548995 0.045376248972555114 0.04
v -1.7487956291824203e-18 0.0456 0.04
v 0.004467768321548999 0.045376248972555114 0.04
v 0.008825525359348496 0.044710505383103234 0.04
v 0.012965968672561456 0.04361916204829295 0.04
v 0.01678714680547303 0.042129091462988176 0.04
v 0.020194969670687794 0.04027698411025987 0.04
v 0.023105525359348497 0.03810844501992408 0.04
v 0.025447146330819785 0.0356768708213535 0.04
v 0.027162174105389587 0.03304213494124905 0.04
v 0.028208379007397134 0.030269113321165938 0.04
v 0.028560000000000002 0.027426086956521743 0.04
v 0.028560000000000002 -0.028499999999999998 0.04
v 0.028430877084309705 -0.03035335805915322 0.04
v 0.028048470458475847 -0.032135492607468355 0.04
v 0.027427475794673105 -0.03377791721368622 0.04
v 0.0265917575695736 -0.03521751442127221 0.04
v 0.025573431965891725 -0.03639896131687419 0.04
v 0.024411632665493406 -0.03727685555885722 0.04
v 0.023151006963948385 -0.037817460163830696 0.04
v 0.02184 -0.038000000000000006 0.04
v -0.02184 -0.038000000000000006 0.04
v -0.02315100696394838 -0.037817460163830696 0.04
v -0.024411632665493403 -0.03727685555885722 0.04
v -0.02557343196589172 -0.03639896131687419 0.04
v -0.026591757569573594 -0.03521751442127221 0.04
v -0.027427475794673105 -0.03377791721368622 0.04
v -0.028048470458475843 -0.03213549260746836 0.04
v -0.028430877084309705 -0.030353358059153228 0.04
v -0.028560000000000002 -0.028499999999999998 0.094
v -0.028560000000000002 -0.0133 0.094
v -0.028560000000000002 0.024699999999999996 0.094
v -0.028560000000000002 0.027178260869565218 0.094
v -0.028208379007397137 0.029762830291969033 0.094
v -0.027162174105389587 0.03228375903749913 0.094
v -0.02544714633081979 0.03467897347395773 0.094
v -0.0231055253593485 0.036889495472658254 0.094
v -0.0201949696706878 0.038860894645690786 0.094
v -0.01678714680547303 0.04054462860271653 0.094
v -0.01296596867256146 0.041899238225720864 0.094
v -0.0088255253593485 0.04289136853009384 0.094
v -0.004467768321548995 0.043496589975050105 0.094
v -1.7487956291824203e-18 0.043699999999999996 0.094
v 0.004467768321548999 0.043496589975050105 0.094
v 0.008825525359348496 0.04289136853009384 0.094
v 0.012965968672561456 0.041899238225720864 0.094
v 0.01678714680547303 0.04054462860271653 0.094
v 0.020194969670687794 0.038860894645690786 0.094
v 0.023105525359348497 0.036889495472658254 0.094
v 0.025447146330819785 0.03467897347395773 0.094
v 0.027162174105389587 0.03228375903749914 0.094
v 0.028208379007397134 0.029762830291969033 0.094
v 0.028560000000000002 0.027178260869565218 0.094
v 0.028560000000000002 -0.028499999999999998 0.094
v 0.028430877084309705 -0.03035335805915322 0.094
v 0.028048470458475847 -0.032135492607468355 0.094
v 0.027427475794673105 -0.03377791721368622 0.094
v 0.0265917575695736 -0.03521751442127221 0.094
v 0.025573431965891725 -0.03639896131687419 0.094
v 0.024411632665493406 -0.03727685555885722 0.094
v 0.023151006963948385 -0.037817460163830696 0.094
v 0.02184 -0.038000000000000006 0.094
v -0.02184 -0.038000000000000006 0.094
v -0.02315100696394838 -0.037817460163830696 0.094
v -0.024411632665493403 -0.03727685555885722 0.094
v -0.02557343196589172 -0.03639896131687419 0.094
v -0.026591757569573594 -0.03521751442127221 0.094
v -0.027427475794673105 -0.03377791721368622 0.094
v -0.028048470458475843 -0.03213549260746836 0.094
v -0.028430877084309705 -0.030353358059153228 0.094
v -0.0282744 -0.027915384615384613 0.104
v -0.0282744 -0.0133 0.104
v -0.0282744 0.024699999999999996 0.104
v -0.0282744 0.026930434782608693 0.104
v -0.02792629521732317 0.02925654726277213 0.104
v -0.02689055236433569 0.03152538313374922 0.104
v -0.02519267486751159 0.03368107612656196 0.104
v -0.022874470105755017 0.03567054592539243 0.104
v -0.019993019973980924 0.037444805181121706 0.104
v -0.0166192753374183 0.03896016574244487 0.104
v -0.012836308985835843 0.04017931440314877 0.104
v -0.008737270105755014 0.041072231677084466 0.104
v -0.004423090638333506 0.04161693097754509 0.104
v -1.731307672890596e-18 0.0418 0.104
v 0.004423090638333509 0.04161693097754509 0.104
v 0.00873727010575501 0.041072231677084466 0.104
v 0.012836308985835841 0.04017931440314877 0.104
v 0.0166192753374183 0.03896016574244487 0.104
v 0.019993019973980918 0.037444805181121706 0.104
v 0.022874470105755013 0.03567054592539243 0.104
v 0.025192674867511585 0.03368107612656196 0.104
v 0.02689055236433569 0.031525383133749224 0.104
v 0.027926295217323163 0.02925654726277213 0.104
v 0.0282744 0.026930434782608696 0.104
v 0.0282744 -0.027915384615384613 0.104
v 0.028146568313466607 -0.029697459672262706 0.104
v 0.02776798575389109 -0.03141105058410419 0.104
v 0.02715320103672637 -0.032990305013159825 0.104
v 0.026325839993877862 -0.03437453309737712 0.104
v 0.025317697646232807 -0.03551053972776364 0.104
v 0.02416751633883847 -0.03635466880659348 0.104
v 0.0229194968943089 -0.03687448092676028 0.104
v 0.021621599999999998 -0.03705000000000001 0.104
v -0.021621599999999998 -0.03705000000000001 0.104
v -0.022919496894308895 -0.03687448092676028 0.104
v -0.024167516338838468 -0.036354668806593486 0.104
v -0.025317697646232803 -0.03551053972776364 0.104
v -0.026325839993877855 -0.03437453309737712 0.104
v -0.02715320103672637 -0.032990305013159825 0.104
v -0.027767985753891083 -0.03141105058410419 0.104
v -0.028146568313466607 -0.029697459672262713 0.104
v -0.027132 -0.026746153846153847 0.112
v -0.027132 -0.0133 0.112
v -0.027132 0.024699999999999996 0.112
v -0.027132 0.02668260869565217 0.112
v -0.02679796005702728 0.028750264233575226 0.112
v -0.025804065400120108 0.030767007229999307 0.112
v -0.0241747890142788 0.03268317877916618 0.112
v -0.02195024909138107 0.0344515963781266 0.112
v -0.01918522118715341 0.03602871571655263 0.112
v -0.015947789465199383 0.03737570288217322 0.112
v -0.012317670238933385 0.038459390580576694 0.112
v -0.008384249091381074 0.039253094824075074 0.112
v -0.004244379905471545 0.03973727198004009 0.112
v -1.6613558477232994e-18 0.039900000000000005 0.112
v 0.004244379905471548 0.03973727198004009 0.112
v 0.008384249091381071 0.039253094824075074 0.112
v 0.012317670238933383 0.038459390580576694 0.112
v 0.01594778946519938 0.03737570288217322 0.112
v 0.019185221187153406 0.03602871571655263 0.112
v 0.02195024909138107 0.0344515963781266 0.112
v 0.024174789014278792 0.03268317877916618 0.112
v 0.025804065400120108 0.030767007229999307 0.112
v 0.026797960057027274 0.028750264233575226 0.112
v 0.027132 0.026682608695652175 0.112
v 0.027132 -0.026746153846153847 0.112
v 0.027009333230094218 -0.028385662898481694 0.112
v 0.026646046935552052 -0.029962166537375854 0.112
v 0.026056102004939446 -0.03141508061210704 0.112
v 0.02526216969109492 -0.03268857044958695 0.112
v 0.02429476036759714 -0.03373369654954255 0.112
v 0.023191051032218732 -0.034510295302066 0.112
v 0.021993456615750962 -0.03498852245261946 0.112
v 0.020747999999999996 -0.035149999999999994 0.112
v -0.020747999999999996 -0.035149999999999994 0.112
v -0.02199345661575096 -0.03498852245261946 0.112
v -0.023191051032218732 -0.03451029530206601 0.112
v -0.024294760367597135 -0.03373369654954255 0.112
v -0.02526216969109491 -0.03268857044958695 0.112
v -0.026056102004939446 -0.03141508061210704 0.112
v -0.02664604693555205 -0.02996216653737586 0.112
v -0.027009333230094218 -0.0283856628984817 0.112
v -0.0259896 -0.02557692307692308 0.118
v -0.0259896 -0.0133 0.118
v -0.0259896 0.024699999999999996 0.118
v -0.0259896 0.026434782608695653 0.118
v -0.025669624896731396 0.02824398120437832 0.118
v -0.024717578435904525 0.030008631326249393 0.118
v -0.02315690316104601 0.031685281431770414 0.118
v -0.021026028077007135 0.033232646830860774 0.118
v -0.0183774224003259 0.03461262625198355 0.118
v -0.01527630359298046 0.035791240021901566 0.118
v -0.011799031492030928 0.0367394667580046 0.118
v -0.008031228077007135 0.03743395797106569 0.118
v -0.0040656691726095855 0.03785761298253507 0.118
v -1.5914040225560025e-18 0.038 0.118
v 0.004065669172609589 0.03785761298253507 0.118
v 0.008031228077007133 0.03743395797106569 0.118
v 0.011799031492030924 0.0367394667580046 0.118
v 0.015276303592980458 0.035791240021901566 0.118
v 0.018377422400325895 0.03461262625198355 0.118
v 0.021026028077007132 0.033232646830860774 0.118
v 0.023156903161046002 0.031685281431770414 0.118
v 0.024717578435904525 0.030008631326249393 0.118
v 0.025669624896731393 0.02824398120437832 0.118
v 0.0259896 0.026434782608695657 0.118
v 0.0259896 -0.02557692307692308 0.118
v 0.025872098146721832 -0.02707386612470068 0.118
v 0.02552410811721302 -0.028513282490647524 0.118
v 0.024959002973152525 -0.02983985621105426 0.118
v 0.024198499388311978 -0.031002607801796787 0.118
v 0.02327182308896147 -0.03195685337132145 0.118
v 0.022214585725599 -0.03266592179753852 0.118
v 0.02106741633719303 -0.03310256397847864 0.118
v 0.0198744 -0.03325000000000001 0.118
v -0.0198744 -0.03325000000000001 0.118
v -0.021067416337193026 -0.03310256397847864 0.118
v -0.022214585725598996 -0.03266592179753853 0.118
v -0.023271823088961467 -0.03195685337132145 0.118
v -0.02419849938831197 -0.031002607801796787 0.118
v -0.024959002973152525 -0.02983985621105426 0.118
v -0.025524108117213017 -0.028513282490647527 0.118
v -0.025872098146721832 -0.027073866124700686 0.118
v -0.025704 -0.024992307692307692 0.12
v -0.025704 -0.0133 0.12
v -0.025704 0.024699999999999996 0.12
v -0.025704 0.02631086956521739 0.12
v -0.025387541106657426 0.02799083968977987 0.12
v -0.02444595669485063 0.029629443374374433 0.12
v -0.02290243169773781 0.031186332758072526 0.12
v -0.02079497282341365 0.03262317205722787 0.12
v -0.018175472703619022 0.03390458151969901 0.12
v -0.015108432124925731 0.03499900859176574 0.12
v -0.011669371805305312 0.035879504846718556 0.12
v -0.00794297282341365 0.036524389544561 0.12
v -0.004020991489394096 0.036917783483782565 0.12
v -1.5739160662641784e-18 0.03705 0.12
v 0.004020991489394099 0.036917783483782565 0.12
v 0.007942972823413646 0.036524389544561 0.12
v 0.011669371805305312 0.035879504846718556 0.12
v 0.015108432124925728 0.03499900859176574 0.12
v 0.018175472703619015 0.03390458151969901 0.12
v 0.020794972823413648 0.03262317205722787 0.12
v 0.022902431697737806 0.031186332758072526 0.12
v 0.02444595669485063 0.029629443374374436 0.12
v 0.02538754110665742 0.02799083968977987 0.12
v 0.025704 0.02631086956521739 0.12
v 0.025704 -0.024992307692307692 0.12
v 0.025587789375878738 -0.02641796773781017 0.12
v 0.025243623412628265 -0.02778884046728335 0.12
v 0.024684728215205794 -0.02905224401052786 0.12
v 0.023932581812616243 -0.030159626477901703 0.12
v 0.023016088769302553 -0.03106843178221091 0.12
v 0.021970469398944065 -0.031743735045274786 0.12
v 0.020835906267553547 -0.03215958474140823 0.12
v 0.019656 -0.03230000000000001 0.12
v -0.019656 -0.03230000000000001 0.12
v -0.020835906267553543 -0.03215958474140823 0.12
v -0.02197046939894406 -0.03174373504527479 0.12
v -0.02301608876930255 -0.03106843178221091 0.12
v -0.023932581812616236 -0.030159626477901703 0.12
v -0.024684728215205794 -0.02905224401052786 0.12
v -0.025243623412628258 -0.027788840467283357 0.12
v -0.025587789375878738 -0.026417967737810178 0.12
v 0 0 -0.145
v 0 0 0.12
v -0.028560000000000002 -0.0133 -0.004
v -0.028560000000000002 0.024699999999999996 -0.004
v -0.028560000000000002 0.024699999999999996 0.094
v -0.028560000000000002 -0.0133 0.094
v -0.025199999999999997 -0.011875 -0.0025
v -0.025199999999999997 0.023274999999999997 -0.0025
v -0.025199999999999997 0.023274999999999997 0.0925
v -0.025199999999999997 -0.011875 0.0925
v -0.0168 -0.011875 -0.0025
v -0.0168 0.023274999999999997 -0.0025
v -0.0168 0.023274999999999997 0.0925
v -0.0168 -0.011875 0.0925
vt 0 0.11235955056179778
vt 0 0.2921348314606742
vt 0 0.7415730337078652
vt 0 0.7752808988764046
vt 0 0.8104347112449959
vt 0 0.8447229200842579
vt 0 0.8773012358965275
vt 0 0.907367472425275
vt 0 0.9341812991430446
vt 0 0.9570824706460558
vt 0 0.9755070840872737
vt 0 0.9890014643359898
vt 0 0.9972333349651995
vt 0 1
vt 0 0.9972333349651995
vt 0 0.9890014643359898
vt 0 0.9755070840872737
vt 0 0.9570824706460558
vt 0 0.9341812991430446
vt 0 0.907367472425275
vt 0 0.8773012358965275
vt 0 0.8447229200842579
vt 0 0.8104347112449959
vt 0 0.7752808988764046
vt 0 0.11235955056179778
vt 0 0.09043928966110922
vt 0 0.06936141209381015
vt 0 0.049935928874202055
vt 0 0.0329093504284778
vt 0 0.018935998617691546
vt 0 0.00855286151558585
vt 0 0.0021589572580640124
vt 0 0
vt 0 0
vt 0 0.0021589572580640124
vt 0 0.008552861515585772
vt 0 0.018935998617691546
vt 0 0.0329093504284778
vt 0 0.049935928874202055
vt 0 0.06936141209381007
vt 0 0.09043928966110915
vt 0.007547169811320761 0.11235955056179778
vt 0.007547169811320761 0.2921348314606742
vt 0.007547169811320761 0.7415730337078652
vt 0.007547169811320761 0.7752808988764046
vt 0.007547169811320761 0.8104347112449959
vt 0.007547169811320761 0.8447229200842579
vt 0.007547169811320761 0.8773012358965275
vt 0.007547169811320761 0.907367472425275
vt 0.007547169811320761 0.9341812991430446
vt 0.007547169811320761 0.9570824706460558
vt 0.007547169811320761 0.9755070840872737
vt 0.007547169811320761 0.9890014643359898
vt 0.007547169811320761 0.9972333349651995
vt 0.007547169811320761 1
vt 0.007547169811320761 0.9972333349651995
vt 0.007547169811320761 0.9890014643359898
vt 0.007547169811320761 0.9755070840872737
vt 0.007547169811320761 0.9570824706460558
vt 0.007547169811320761 0.9341812991430446
vt 0.007547169811320761 0.907367472425275
vt 0.007547169811320761 0.8773012358965275
vt 0.007547169811320761 0.8447229200842579
vt 0.007547169811320761 0.8104347112449959
vt 0.007547169811320761 0.7752808988764046
vt 0.007547169811320761 0.11235955056179778
vt 0.007547169811320761 0.09043928966110922
vt 0.007547169811320761 0.06936141209381015
vt 0.007547169811320761 0.049935928874202055
vt 0.007547169811320761 0.0329093504284778
vt 0.007547169811320761 0.018935998617691546
vt 0.007547169811320761 0.00855286151558585
vt 0.007547169811320761 0.0021589572580640124
vt 0.007547169811320761 0
vt 0.007547169811320761 0
vt 0.007547169811320761 0.0021589572580640124
vt 0.007547169811320761 0.008552861515585772
vt 0.007547169811320761 0.018935998617691546
vt 0.007547169811320761 0.0329093504284778
vt 0.007547169811320761 0.049935928874202055
vt 0.007547169811320761 0.06936141209381007
vt 0.007547169811320761 0.09043928966110915
vt 0.0188679245283018 0.11235955056179778
vt 0.0188679245283018 0.2921348314606742
vt 0.0188679245283018 0.7415730337078652
vt 0.0188679245283018 0.7752808988764046
vt 0.0188679245283018 0.8104347112449959
vt 0.0188679245283018 0.8447229200842579
vt 0.0188679245283018 0.8773012358965275
vt 0.0188679245283018 0.907367472425275
vt 0.0188679245283018 0.9341812991430446
vt 0.0188679245283018 0.9570824706460558
vt 0.0188679245283018 0.9755070840872737
vt 0.0188679245283018 0.9890014643359898
vt 0.0188679245283018 0.9972333349651995
vt 0.0188679245283018 1
vt 0.0188679245283018 0.9972333349651995
vt 0.0188679245283018 0.9890014643359898
vt 0.0188679245283018 0.9755070840872737
vt 0.0188679245283018 0.9570824706460558
vt 0.0188679245283018 0.9341812991430446
vt 0.0188679245283018 0.907367472425275
vt 0.0188679245283018 0.8773012358965275
vt 0.0188679245283018 0.8447229200842579
vt 0.0188679245283018 0.8104347112449959
vt 0.0188679245283018 0.7752808988764046
vt 0.0188679245283018 0.11235955056179778
vt 0.0188679245283018 0.09043928966110922
vt 0.0188679245283018 0.06936141209381015
vt 0.0188679245283018 0.049935928874202055
vt 0.0188679245283018 0.0329093504284778
vt 0.0188679245283018 0.018935998617691546
vt 0.0188679245283018 0.00855286151558585
vt 0.0188679245283018 0.0021589572580640124
vt 0.0188679245283018 0
vt 0.0188679245283018 0
vt 0.0188679245283018 0.0021589572580640124
vt 0.0188679245283018 0.008552861515585772
vt 0.0188679245283018 0.018935998617691546
vt 0.0188679245283018 0.0329093504284778
vt 0.0188679245283018 0.049935928874202055
vt 0.0188679245283018 0.06936141209381007
vt 0.0188679245283018 0.09043928966110915
vt 0.0377358490566037 0.11235955056179778
vt 0.0377358490566037 0.2921348314606742
vt 0.0377358490566037 0.7415730337078652
vt 0.0377358490566037 0.7752808988764046
vt 0.0377358490566037 0.8104347112449959
vt 0.0377358490566037 0.8447229200842579
vt 0.0377358490566037 0.8773012358965275
vt 0.0377358490566037 0.907367472425275
vt 0.0377358490566037 0.9341812991430446
vt 0.0377358490566037 0.9570824706460558
vt 0.0377358490566037 0.9755070840872737
vt 0.0377358490566037 0.9890014643359898
vt 0.0377358490566037 0.9972333349651995
vt 0.0377358490566037 1
vt 0.0377358490566037 0.9972333349651995
vt 0.0377358490566037 0.9890014643359898
vt 0.0377358490566037 0.9755070840872737
vt 0.0377358490566037 0.9570824706460558
vt 0.0377358490566037 0.9341812991430446
vt 0.0377358490566037 0.907367472425275
vt 0.0377358490566037 0.8773012358965275
vt 0.0377358490566037 0.8447229200842579
vt 0.0377358490566037 0.8104347112449959
vt 0.0377358490566037 0.7752808988764046
vt 0.0377358490566037 0.11235955056179778
vt 0.0377358490566037 0.09043928966110922
vt 0.0377358490566037 0.06936141209381015
vt 0.0377358490566037 0.049935928874202055
vt 0.0377358490566037 0.0329093504284778
vt 0.0377358490566037 0.018935998617691546
vt 0.0377358490566037 0.00855286151558585
vt 0.0377358490566037 0.0021589572580640124
vt 0.0377358490566037 0
vt 0.0377358490566037 0
vt 0.0377358490566037 0.0021589572580640124
vt 0.0377358490566037 0.008552861515585772
vt 0.0377358490566037 0.018935998617691546
vt 0.0377358490566037 0.0329093504284778
vt 0.0377358490566037 0.049935928874202055
vt 0.0377358490566037 0.06936141209381007
vt 0.0377358490566037 0.09043928966110915
vt 0.06415094339622636 0.11235955056179778
vt 0.06415094339622636 0.2921348314606742
vt 0.06415094339622636 0.7415730337078652
vt 0.06415094339622636 0.7752808988764046
vt 0.06415094339622636 0.8104347112449959
vt 0.06415094339622636 0.8447229200842579
vt 0.06415094339622636 0.8773012358965275
vt 0.06415094339622636 0.907367472425275
vt 0.06415094339622636 0.9341812991430446
vt 0.06415094339622636 0.9570824706460558
vt 0.06415094339622636 0.9755070840872737
vt 0.06415094339622636 0.9890014643359898
vt 0.06415094339622636 0.9972333349651995
vt 0.06415094339622636 1
vt 0.06415094339622636 0.9972333349651995
vt 0.06415094339622636 0.9890014643359898
vt 0.06415094339622636 0.9755070840872737
vt 0.06415094339622636 0.9570824706460558
vt 0.06415094339622636 0.9341812991430446
vt 0.06415094339622636 0.907367472425275
vt 0.06415094339622636 0.8773012358965275
vt 0.06415094339622636 0.8447229200842579
vt 0.06415094339622636 0.8104347112449959
vt 0.06415094339622636 0.7752808988764046
vt 0.06415094339622636 0.11235955056179778
vt 0.06415094339622636 0.09043928966110922
vt 0.06415094339622636 0.06936141209381015
vt 0.06415094339622636 0.049935928874202055
vt 0.06415094339622636 0.0329093504284778
vt 0.06415094339622636 0.018935998617691546
vt 0.06415094339622636 0.00855286151558585
vt 0.06415094339622636 0.0021589572580640124
vt 0.06415094339622636 0
vt 0.06415094339622636 0
vt 0.06415094339622636 0.0021589572580640124
vt 0.06415094339622636 0.008552861515585772
vt 0.06415094339622636 0.018935998617691546
vt 0.06415094339622636 0.0329093504284778
vt 0.06415094339622636 0.049935928874202055
vt 0.06415094339622636 0.06936141209381007
vt 0.06415094339622636 0.09043928966110915
vt 0.09433962264150941 0.11235955056179778
vt 0.09433962264150941 0.2921348314606742
vt 0.09433962264150941 0.7415730337078652
vt 0.09433962264150941 0.7752808988764046
vt 0.09433962264150941 0.8104347112449959
vt 0.09433962264150941 0.8447229200842579
vt 0.09433962264150941 0.8773012358965275
vt 0.09433962264150941 0.907367472425275
vt 0.09433962264150941 0.9341812991430446
vt 0.09433962264150941 0.9570824706460558
vt 0.09433962264150941 0.9755070840872737
vt 0.09433962264150941 0.9890014643359898
vt 0.09433962264150941 0.9972333349651995
vt 0.09433962264150941 1
vt 0.09433962264150941 0.9972333349651995
vt 0.09433962264150941 0.9890014643359898
vt 0.09433962264150941 0.9755070840872737
vt 0.09433962264150941 0.9570824706460558
vt 0.09433962264150941 0.9341812991430446
vt 0.09433962264150941 0.907367472425275
vt 0.09433962264150941 0.8773012358965275
vt 0.09433962264150941 0.8447229200842579
vt 0.09433962264150941 0.8104347112449959
vt 0.09433962264150941 0.7752808988764046
vt 0.09433962264150941 0.11235955056179778
vt 0.09433962264150941 0.09043928966110922
vt 0.09433962264150941 0.06936141209381015
vt 0.09433962264150941 0.049935928874202055
vt 0.09433962264150941 0.0329093504284778
vt 0.09433962264150941 0.018935998617691546
vt 0.09433962264150941 0.00855286151558585
vt 0.09433962264150941 0.0021589572580640124
vt 0.09433962264150941 0
vt 0.09433962264150941 0
vt 0.09433962264150941 0.0021589572580640124
vt 0.09433962264150941 0.008552861515585772
vt 0.09433962264150941 0.018935998617691546
vt 0.09433962264150941 0.0329093504284778
vt 0.09433962264150941 0.049935928874202055
vt 0.09433962264150941 0.06936141209381007
vt 0.09433962264150941 0.09043928966110915
vt 0.16226415094339622 0.11235955056179778
vt 0.16226415094339622 0.2921348314606742
vt 0.16226415094339622 0.7415730337078652
vt 0.16226415094339622 0.7752808988764046
vt 0.16226415094339622 0.8104347112449959
vt 0.16226415094339622 0.8447229200842579
vt 0.16226415094339622 0.8773012358965275
vt 0.16226415094339622 0.907367472425275
vt 0.16226415094339622 0.9341812991430446
vt 0.16226415094339622 0.9570824706460558
vt 0.16226415094339622 0.9755070840872737
vt 0.16226415094339622 0.9890014643359898
vt 0.16226415094339622 0.9972333349651995
vt 0.16226415094339622 1
vt 0.16226415094339622 0.9972333349651995
vt 0.16226415094339622 0.9890014643359898
vt 0.16226415094339622 0.9755070840872737
vt 0.16226415094339622 0.9570824706460558
vt 0.16226415094339622 0.9341812991430446
vt 0.16226415094339622 0.907367472425275
vt 0.16226415094339622 0.8773012358965275
vt 0.16226415094339622 0.8447229200842579
vt 0.16226415094339622 0.8104347112449959
vt 0.16226415094339622 0.7752808988764046
vt 0.16226415094339622 0.11235955056179778
vt 0.16226415094339622 0.09043928966110922
vt 0.16226415094339622 0.06936141209381015
vt 0.16226415094339622 0.049935928874202055
vt 0.16226415094339622 0.0329093504284778
vt 0.16226415094339622 0.018935998617691546
vt 0.16226415094339622 0.00855286151558585
vt 0.16226415094339622 0.0021589572580640124
vt 0.16226415094339622 0
vt 0.16226415094339622 0
vt 0.16226415094339622 0.0021589572580640124
vt 0.16226415094339622 0.008552861515585772
vt 0.16226415094339622 0.018935998617691546
vt 0.16226415094339622 0.0329093504284778
vt 0.16226415094339622 0.049935928874202055
vt 0.16226415094339622 0.06936141209381007
vt 0.16226415094339622 0.09043928966110915
vt 0.26415094339622636 0.11235955056179778
vt 0.26415094339622636 0.2921348314606742
vt 0.26415094339622636 0.7415730337078652
vt 0.26415094339622636 0.7752808988764046
vt 0.26415094339622636 0.8104347112449959
vt 0.26415094339622636 0.8447229200842579
vt 0.26415094339622636 0.8773012358965275
vt 0.26415094339622636 0.907367472425275
vt 0.26415094339622636 0.9341812991430446
vt 0.26415094339622636 0.9570824706460558
vt 0.26415094339622636 0.9755070840872737
vt 0.26415094339622636 0.9890014643359898
vt 0.26415094339622636 0.9972333349651995
vt 0.26415094339622636 1
vt 0.26415094339622636 0.9972333349651995
vt 0.26415094339622636 0.9890014643359898
vt 0.26415094339622636 0.9755070840872737
vt 0.26415094339622636 0.9570824706460558
vt 0.26415094339622636 0.9341812991430446
vt 0.26415094339622636 0.907367472425275
vt 0.26415094339622636 0.8773012358965275
vt 0.26415094339622636 0.8447229200842579
vt 0.26415094339622636 0.8104347112449959
vt 0.26415094339622636 0.7752808988764046
vt 0.26415094339622636 0.11235955056179778
vt 0.26415094339622636 0.09043928966110922
vt 0.26415094339622636 0.06936141209381015
vt 0.26415094339622636 0.049935928874202055
vt 0.26415094339622636 0.0329093504284778
vt 0.26415094339622636 0.018935998617691546
vt 0.26415094339622636 0.00855286151558585
vt 0.26415094339622636 0.0021589572580640124
vt 0.26415094339622636 0
vt 0.26415094339622636 0
vt 0.26415094339622636 0.0021589572580640124
vt 0.26415094339622636 0.008552861515585772
vt 0.26415094339622636 0.018935998617691546
vt 0.26415094339622636 0.0329093504284778
vt 0.26415094339622636 0.049935928874202055
vt 0.26415094339622636 0.06936141209381007
vt 0.26415094339622636 0.09043928966110915
vt 0.3773584905660377 0.11235955056179778
vt 0.3773584905660377 0.2921348314606742
vt 0.3773584905660377 0.7415730337078652
vt 0.3773584905660377 0.7752808988764046
vt 0.3773584905660377 0.8104347112449959
vt 0.3773584905660377 0.8447229200842579
vt 0.3773584905660377 0.8773012358965275
vt 0.3773584905660377 0.907367472425275
vt 0.3773584905660377 0.9341812991430446
vt 0.3773584905660377 0.9570824706460558
vt 0.3773584905660377 0.9755070840872737
vt 0.3773584905660377 0.9890014643359898
vt 0.3773584905660377 0.9972333349651995
vt 0.3773584905660377 1
vt 0.3773584905660377 0.9972333349651995
vt 0.3773584905660377 0.9890014643359898
vt 0.3773584905660377 0.9755070840872737
vt 0.3773584905660377 0.9570824706460558
vt 0.3773584905660377 0.9341812991430446
vt 0.3773584905660377 0.907367472425275
vt 0.3773584905660377 0.8773012358965275
vt 0.3773584905660377 0.8447229200842579
vt 0.3773584905660377 0.8104347112449959
vt 0.3773584905660377 0.7752808988764046
vt 0.3773584905660377 0.11235955056179778
vt 0.3773584905660377 0.09043928966110922
vt 0.3773584905660377 0.06936141209381015
vt 0.3773584905660377 0.049935928874202055
vt 0.3773584905660377 0.0329093504284778
vt 0.3773584905660377 0.018935998617691546
vt 0.3773584905660377 0.00855286151558585
vt 0.3773584905660377 0.0021589572580640124
vt 0.3773584905660377 0
vt 0.3773584905660377 0
vt 0.3773584905660377 0.0021589572580640124
vt 0.3773584905660377 0.008552861515585772
vt 0.3773584905660377 0.018935998617691546
vt 0.3773584905660377 0.0329093504284778
vt 0.3773584905660377 0.049935928874202055
vt 0.3773584905660377 0.06936141209381007
vt 0.3773584905660377 0.09043928966110915
vt 0.5320754716981131 0.11235955056179778
vt 0.5320754716981131 0.2921348314606742
vt 0.5320754716981131 0.7415730337078652
vt 0.5320754716981131 0.7752808988764046
vt 0.5320754716981131 0.8104347112449959
vt 0.5320754716981131 0.8447229200842579
vt 0.5320754716981131 0.8773012358965275
vt 0.5320754716981131 0.907367472425275
vt 0.5320754716981131 0.9341812991430446
vt 0.5320754716981131 0.9570824706460558
vt 0.5320754716981131 0.9755070840872737
vt 0.5320754716981131 0.9890014643359898
vt 0.5320754716981131 0.9972333349651995
vt 0.5320754716981131 1
vt 0.5320754716981131 0.9972333349651995
vt 0.5320754716981131 0.9890014643359898
vt 0.5320754716981131 0.9755070840872737
vt 0.5320754716981131 0.9570824706460558
vt 0.5320754716981131 0.9341812991430446
vt 0.5320754716981131 0.907367472425275
vt 0.5320754716981131 0.8773012358965275
vt 0.5320754716981131 0.8447229200842579
vt 0.5320754716981131 0.8104347112449959
vt 0.5320754716981131 0.7752808988764046
vt 0.5320754716981131 0.11235955056179778
vt 0.5320754716981131 0.09043928966110922
vt 0.5320754716981131 0.06936141209381015
vt 0.5320754716981131 0.049935928874202055
vt 0.5320754716981131 0.0329093504284778
vt 0.5320754716981131 0.018935998617691546
vt 0.5320754716981131 0.00855286151558585
vt 0.5320754716981131 0.0021589572580640124
vt 0.5320754716981131 0
vt 0.5320754716981131 0
vt 0.5320754716981131 0.0021589572580640124
vt 0.5320754716981131 0.008552861515585772
vt 0.5320754716981131 0.018935998617691546
vt 0.5320754716981131 0.0329093504284778
vt 0.5320754716981131 0.049935928874202055
vt 0.5320754716981131 0.06936141209381007
vt 0.5320754716981131 0.09043928966110915
vt 0.6981132075471698 0.11235955056179778
vt 0.6981132075471698 0.2921348314606742
vt 0.6981132075471698 0.7415730337078652
vt 0.6981132075471698 0.7752808988764046
vt 0.6981132075471698 0.8104347112449959
vt 0.6981132075471698 0.8447229200842579
vt 0.6981132075471698 0.8773012358965275
vt 0.6981132075471698 0.907367472425275
vt 0.6981132075471698 0.9341812991430446
vt 0.6981132075471698 0.9570824706460558
vt 0.6981132075471698 0.9755070840872737
vt 0.6981132075471698 0.9890014643359898
vt 0.6981132075471698 0.9972333349651995
vt 0.6981132075471698 1
vt 0.6981132075471698 0.9972333349651995
vt 0.6981132075471698 0.9890014643359898
vt 0.6981132075471698 0.9755070840872737
vt 0.6981132075471698 0.9570824706460558
vt 0.6981132075471698 0.9341812991430446
vt 0.6981132075471698 0.907367472425275
vt 0.6981132075471698 0.8773012358965275
vt 0.6981132075471698 0.8447229200842579
vt 0.6981132075471698 0.8104347112449959
vt 0.6981132075471698 0.7752808988764046
vt 0.6981132075471698 0.11235955056179778
vt 0.6981132075471698 0.09043928966110922
vt 0.6981132075471698 0.06936141209381015
vt 0.6981132075471698 0.049935928874202055
vt 0.6981132075471698 0.0329093504284778
vt 0.6981132075471698 0.018935998617691546
vt 0.6981132075471698 0.00855286151558585
vt 0.6981132075471698 0.0021589572580640124
vt 0.6981132075471698 0
vt 0.6981132075471698 0
vt 0.6981132075471698 0.0021589572580640124
vt 0.6981132075471698 0.008552861515585772
vt 0.6981132075471698 0.018935998617691546
vt 0.6981132075471698 0.0329093504284778
vt 0.6981132075471698 0.049935928874202055
vt 0.6981132075471698 0.06936141209381007
vt 0.6981132075471698 0.09043928966110915
vt 0.9018867924528301 0.11235955056179778
vt 0.9018867924528301 0.2921348314606742
vt 0.9018867924528301 0.7415730337078652
vt 0.9018867924528301 0.7752808988764046
vt 0.9018867924528301 0.8104347112449959
vt 0.9018867924528301 0.8447229200842579
vt 0.9018867924528301 0.8773012358965275
vt 0.9018867924528301 0.907367472425275
vt 0.9018867924528301 0.9341812991430446
vt 0.9018867924528301 0.9570824706460558
vt 0.9018867924528301 0.9755070840872737
vt 0.9018867924528301 0.9890014643359898
vt 0.9018867924528301 0.9972333349651995
vt 0.9018867924528301 1
vt 0.9018867924528301 0.9972333349651995
vt 0.9018867924528301 0.9890014643359898
vt 0.9018867924528301 0.9755070840872737
vt 0.9018867924528301 0.9570824706460558
vt 0.9018867924528301 0.9341812991430446
vt 0.9018867924528301 0.907367472425275
vt 0.9018867924528301 0.8773012358965275
vt 0.9018867924528301 0.8447229200842579
vt 0.9018867924528301 0.8104347112449959
vt 0.9018867924528301 0.7752808988764046
vt 0.9018867924528301 0.11235955056179778
vt 0.9018867924528301 0.09043928966110922
vt 0.9018867924528301 0.06936141209381015
vt 0.9018867924528301 0.049935928874202055
vt 0.9018867924528301 0.0329093504284778
vt 0.9018867924528301 0.018935998617691546
vt 0.9018867924528301 0.00855286151558585
vt 0.9018867924528301 0.0021589572580640124
vt 0.9018867924528301 0
vt 0.9018867924528301 0
vt 0.9018867924528301 0.0021589572580640124
vt 0.9018867924528301 0.008552861515585772
vt 0.9018867924528301 0.018935998617691546
vt 0.9018867924528301 0.0329093504284778
vt 0.9018867924528301 0.049935928874202055
vt 0.9018867924528301 0.06936141209381007
vt 0.9018867924528301 0.09043928966110915
vt 0.9396226415094339 0.11235955056179778
vt 0.9396226415094339 0.2921348314606742
vt 0.9396226415094339 0.7415730337078652
vt 0.9396226415094339 0.7752808988764046
vt 0.9396226415094339 0.8104347112449959
vt 0.9396226415094339 0.8447229200842579
vt 0.9396226415094339 0.8773012358965275
vt 0.9396226415094339 0.907367472425275
vt 0.9396226415094339 0.9341812991430446
vt 0.9396226415094339 0.9570824706460558
vt 0.9396226415094339 0.9755070840872737
vt 0.9396226415094339 0.9890014643359898
vt 0.9396226415094339 0.9972333349651995
vt 0.9396226415094339 1
vt 0.9396226415094339 0.9972333349651995
vt 0.9396226415094339 0.9890014643359898
vt 0.9396226415094339 0.9755070840872737
vt 0.9396226415094339 0.9570824706460558
vt 0.9396226415094339 0.9341812991430446
vt 0.9396226415094339 0.907367472425275
vt 0.9396226415094339 0.8773012358965275
vt 0.9396226415094339 0.8447229200842579
vt 0.9396226415094339 0.8104347112449959
vt 0.9396226415094339 0.7752808988764046
vt 0.9396226415094339 0.11235955056179778
vt 0.9396226415094339 0.09043928966110922
vt 0.9396226415094339 0.06936141209381015
vt 0.9396226415094339 0.049935928874202055
vt 0.9396226415094339 0.0329093504284778
vt 0.9396226415094339 0.018935998617691546
vt 0.9396226415094339 0.00855286151558585
vt 0.9396226415094339 0.0021589572580640124
vt 0.9396226415094339 0
vt 0.9396226415094339 0
vt 0.9396226415094339 0.0021589572580640124
vt 0.9396226415094339 0.008552861515585772
vt 0.9396226415094339 0.018935998617691546
vt 0.9396226415094339 0.0329093504284778
vt 0.9396226415094339 0.049935928874202055
vt 0.9396226415094339 0.06936141209381007
vt 0.9396226415094339 0.09043928966110915
vt 0.969811320754717 0.11235955056179778
vt 0.969811320754717 0.2921348314606742
vt 0.969811320754717 0.7415730337078652
vt 0.969811320754717 0.7752808988764046
vt 0.969811320754717 0.8104347112449959
vt 0.969811320754717 0.8447229200842579
vt 0.969811320754717 0.8773012358965275
vt 0.969811320754717 0.907367472425275
vt 0.969811320754717 0.9341812991430446
vt 0.969811320754717 0.9570824706460558
vt 0.969811320754717 0.9755070840872737
vt 0.969811320754717 0.9890014643359898
vt 0.969811320754717 0.9972333349651995
vt 0.969811320754717 1
vt 0.969811320754717 0.9972333349651995
vt 0.969811320754717 0.9890014643359898
vt 0.969811320754717 0.9755070840872737
vt 0.969811320754717 0.9570824706460558
vt 0.969811320754717 0.9341812991430446
vt 0.969811320754717 0.907367472425275
vt 0.969811320754717 0.8773012358965275
vt 0.969811320754717 0.8447229200842579
vt 0.969811320754717 0.8104347112449959
vt 0.969811320754717 0.7752808988764046
vt 0.969811320754717 0.11235955056179778
vt 0.969811320754717 0.09043928966110922
vt 0.969811320754717 0.06936141209381015
vt 0.969811320754717 0.049935928874202055
vt 0.969811320754717 0.0329093504284778
vt 0.969811320754717 0.018935998617691546
vt 0.969811320754717 0.00855286151558585
vt 0.969811320754717 0.0021589572580640124
vt 0.969811320754717 0
vt 0.969811320754717 0
vt 0.969811320754717 0.0021589572580640124
vt 0.969811320754717 0.008552861515585772
vt 0.969811320754717 0.018935998617691546
vt 0.969811320754717 0.0329093504284778
vt 0.969811320754717 0.049935928874202055
vt 0.969811320754717 0.06936141209381007
vt 0.969811320754717 0.09043928966110915
vt 0.9924528301886792 0.11235955056179778
vt 0.9924528301886792 0.2921348314606742
vt 0.9924528301886792 0.7415730337078652
vt 0.9924528301886792 0.7752808988764046
vt 0.9924528301886792 0.8104347112449959
vt 0.9924528301886792 0.8447229200842579
vt 0.9924528301886792 0.8773012358965275
vt 0.9924528301886792 0.907367472425275
vt 0.9924528301886792 0.9341812991430446
vt 0.9924528301886792 0.9570824706460558
vt 0.9924528301886792 0.9755070840872737
vt 0.9924528301886792 0.9890014643359898
vt 0.9924528301886792 0.9972333349651995
vt 0.9924528301886792 1
vt 0.9924528301886792 0.9972333349651995
vt 0.9924528301886792 0.9890014643359898
vt 0.9924528301886792 0.9755070840872737
vt 0.9924528301886792 0.9570824706460558
vt 0.9924528301886792 0.9341812991430446
vt 0.9924528301886792 0.907367472425275
vt 0.9924528301886792 0.8773012358965275
vt 0.9924528301886792 0.8447229200842579
vt 0.9924528301886792 0.8104347112449959
vt 0.9924528301886792 0.7752808988764046
vt 0.9924528301886792 0.11235955056179778
vt 0.9924528301886792 0.09043928966110922
vt 0.9924528301886792 0.06936141209381015
vt 0.9924528301886792 0.049935928874202055
vt 0.9924528301886792 0.0329093504284778
vt 0.9924528301886792 0.018935998617691546
vt 0.9924528301886792 0.00855286151558585
vt 0.9924528301886792 0.0021589572580640124
vt 0.9924528301886792 0
vt 0.9924528301886792 0
vt 0.9924528301886792 0.0021589572580640124
vt 0.9924528301886792 0.008552861515585772
vt 0.9924528301886792 0.018935998617691546
vt 0.9924528301886792 0.0329093504284778
vt 0.9924528301886792 0.049935928874202055
vt 0.9924528301886792 0.06936141209381007
vt 0.9924528301886792 0.09043928966110915
vt 1 0.11235955056179778
vt 1 0.2921348314606742
vt 1 0.7415730337078652
vt 1 0.7752808988764046
vt 1 0.8104347112449959
vt 1 0.8447229200842579
vt 1 0.8773012358965275
vt 1 0.907367472425275
vt 1 0.9341812991430446
vt 1 0.9570824706460558
vt 1 0.9755070840872737
vt 1 0.9890014643359898
vt 1 0.9972333349651995
vt 1 1
vt 1 0.9972333349651995
vt 1 0.9890014643359898
vt 1 0.9755070840872737
vt 1 0.9570824706460558
vt 1 0.9341812991430446
vt 1 0.907367472425275
vt 1 0.8773012358965275
vt 1 0.8447229200842579
vt 1 0.8104347112449959
vt 1 0.7752808988764046
vt 1 0.11235955056179778
vt 1 0.09043928966110922
vt 1 0.06936141209381015
vt 1 0.049935928874202055
vt 1 0.0329093504284778
vt 1 0.018935998617691546
vt 1 0.00855286151558585
vt 1 0.0021589572580640124
vt 1 0
vt 1 0
vt 1 0.0021589572580640124
vt 1 0.008552861515585772
vt 1 0.018935998617691546
vt 1 0.0329093504284778
vt 1 0.049935928874202055
vt 1 0.06936141209381007
vt 1 0.09043928966110915
vt 0.5 0.5
vt 0.5 0.5
vt 0.492 0.43
vt 0.492 0.63
vt 0.688 0.63
vt 0.688 0.43
vt 0.495 0.4375
vt 0.495 0.6224999999999999
vt 0.685 0.6224999999999999
vt 0.685 0.4375
vt 0.495 0.4375
vt 0.495 0.6224999999999999
vt 0.685 0.6224999999999999
vt 0.685 0.4375
vn -0.4865645992582288 -0.017080472668408293 -0.8734776174591442
vn -0.49942630717661496 0 -0.8663563722279242
vn -0.7972181622783148 0 -0.6036913132831933
vn -0.4865645992582288 -0.017080472668408293 -0.8734776174591442
vn -0.7972181622783148 0 -0.6036913132831933
vn -0.779656194093459 -0.03592813889262651 -0.6251762854166932
vn -0.49942630717661496 0 -0.8663563722279242
vn -0.49942630717661496 0 -0.8663563722279242
vn -0.7972181622783149 0 -0.6036913132831933
vn -0.49942630717661496 0 -0.8663563722279242
vn -0.7972181622783149 0 -0.6036913132831933
vn -0.7972181622783148 0 -0.6036913132831933
vn -0.49942630717661496 0 -0.8663563722279242
vn -0.4245555813076119 0.14380035656634385 -0.8939094002369302
vn -0.7787379498399823 0.09127804310929956 -0.6206734441919985
vn -0.49942630717661496 0 -0.8663563722279242
vn -0.7787379498399823 0.09127804310929956 -0.6206734441919985
vn -0.7972181622783149 0 -0.6036913132831933
vn -0.4245555813076119 0.14380035656634385 -0.8939094002369302
vn -0.24909159698747182 0.31006824126325633 -0.9175026223778012
vn -0.6312853070290555 0.3612949499642813 -0.6862541950760945
vn -0.4245555813076119 0.14380035656634385 -0.8939094002369302
vn -0.6312853070290555 0.3612949499642813 -0.6862541950760945
vn -0.7787379498399823 0.09127804310929956 -0.6206734441919985
vn -0.24909159698747182 0.31006824126325633 -0.9175026223778012
vn -0.13051171163977363 0.32730266765108 -0.9358630545509014
vn -0.4314895216081178 0.5095760358263028 -0.7444118862927621
vn -0.24909159698747182 0.31006824126325633 -0.9175026223778012
vn -0.4314895216081178 0.5095760358263028 -0.7444118862927621
vn -0.6312853070290555 0.3612949499642813 -0.6862541950760945
vn -0.13051171163977363 0.32730266765108 -0.9358630545509014
vn -0.07852562961589227 0.2982293657833704 -0.9512586246010473
vn -0.2940317601039573 0.5358392374518819 -0.7914680256694864
vn -0.13051171163977363 0.32730266765108 -0.9358630545509014
vn -0.2940317601039573 0.5358392374518819 -0.7914680256694864
vn -0.4314895216081178 0.5095760358263028 -0.7444118862927621
vn -0.07852562961589227 0.2982293657833704 -0.9512586246010473
vn -0.0505396719527151 0.26880854077291616 -0.961866783898086
vn -0.20333368817168246 0.5231642224479748 -0.8276198448592851
vn -0.07852562961589227 0.2982293657833704 -0.9512586246010473
vn -0.20333368817168246 0.5231642224479748 -0.8276198448592851
vn -0.2940317601039573 0.5358392374518819 -0.7914680256694864
vn -0.0505396719527151 0.26880854077291616 -0.961866783898086
vn -0.03365045247241741 0.24513357894965598 -0.9689051426841198
vn -0.1420188530072629 0.5005162585279787 -0.8539988994955761
vn -0.0505396719527151 0.26880854077291616 -0.961866783898086
vn -0.1420188530072629 0.5005162585279787 -0.8539988994955761
vn -0.20333368817168246 0.5231642224479748 -0.8276198448592851
vn -0.03365045247241741 0.24513357894965598 -0.9689051426841198
vn -0.022527259481729622 0.22741918641327938 -0.9735363558857804
vn -0.0985846453685036 0.47824090368910865 -0.8726778934613796
vn -0.03365045247241741 0.24513357894965598 -0.9689051426841198
vn -0.0985846453685036 0.47824090368910865 -0.8726778934613796
vn -0.1420188530072629 0.5005162585279787 -0.8539988994955761
vn -0.022527259481729622 0.22741918641327938 -0.9735363558857804
vn -0.014593049671177472 0.21488948563920948 -0.9765293399908733
vn -0.06605523633785138 0.4599337741025535 -0.8854928735975981
vn -0.022527259481729622 0.22741918641327938 -0.9735363558857804
vn -0.06605523633785138 0.4599337741025535 -0.8854928735975981
vn -0.0985846453685036 0.47824090368910865 -0.8726778934613796
vn -0.014593049671177472 0.21488948563920948 -0.9765293399908733
vn -0.008454360572235878 0.20679132346327878 -0.9783485433768582
vn -0.04010574961029801 0.4467274803797362 -0.8937707128351031
vn -0.014593049671177472 0.21488948563920948 -0.9765293399908733
vn -0.04010574961029801 0.4467274803797362 -0.8937707128351031
vn -0.06605523633785138 0.4599337741025535 -0.8854928735975981
vn -0.008454360572235878 0.20679132346327878 -0.9783485433768582
vn -0.003268561606080503 0.20260003406445387 -0.9792561170103098
vn -0.01787418425890664 0.4388814378989077 -0.8983671838423674
vn -0.008454360572235878 0.20679132346327878 -0.9783485433768582
vn -0.01787418425890664 0.4388814378989077 -0.8983671838423674
vn -0.04010574961029801 0.4467274803797362 -0.8937707128351031
vn -0.003268561606080503 0.20260003406445387 -0.9792561170103098
vn 0.001551578606010115 0.20204240174828178 -0.9793755462025866
vn 0.0027380910070161934 0.4363882729623155 -0.8997542876133489
vn -0.003268561606080503 0.20260003406445387 -0.9792561170103098
vn 0.0027380910070161934 0.4363882729623155 -0.8997542876133489
vn -0.01787418425890664 0.4388814378989077 -0.8983671838423674
vn 0.001551578606010115 0.20204240174828178 -0.9793755462025866
vn 0.006502269514834278 0.20508977172522885 -0.9787215671603695
vn 0.02350947941611566 0.43919546715038044 -0.8980838747088952
vn 0.001551578606010115 0.20204240174828178 -0.9793755462025866
vn 0.02350947941611566 0.43919546715038044 -0.8980838747088952
vn 0.0027380910070161934 0.4363882729623155 -0.8997542876133489
vn 0.006502269514834278 0.20508977172522885 -0.9787215671603695
vn 0.012110893610946657 0.21196071523446897 -0.9772031423676639
vn 0.046234841761371506 0.44724899224857206 -0.8932136801124002
vn 0.006502269514834278 0.20508977172522885 -0.9787215671603695
vn 0.046234841761371506 0.44724899224857206 -0.8932136801124002
vn 0.02350947941611566 0.43919546715038044 -0.8980838747088952
vn 0.012110893610946657 0.21196071523446897 -0.9772031423676639
vn 0.01907210315529949 0.2231403673759429 -0.9745997287751331
vn 0.0730604783233209 0.46040530525027257 -0.8846971919275944
vn 0.012110893610946657 0.21196071523446897 -0.9772031423676639
vn 0.0730604783233209 0.46040530525027257 -0.8846971919275944
vn 0.046234841761371506 0.44724899224857206 -0.8932136801124002
vn 0.01907210315529949 0.2231403673759429 -0.9745997287751331
vn 0.028463574229426997 0.23940269675495357 -0.9705030518903801
vn 0.10691582447332539 0.4781513168418387 -0.8717455618926917
vn 0.01907210315529949 0.2231403673759429 -0.9745997287751331
vn 0.10691582447332539 0.4781513168418387 -0.8717455618926917
vn 0.0730604783233209 0.46040530525027257 -0.8846971919275944
vn 0.028463574229426997 0.23940269675495357 -0.9705030518903801
vn 0.042168150801900034 0.26176695543574635 -0.9642094731435945
vn 0.1521630126532203 0.49891826571821063 -0.8531863698589125
vn 0.028463574229426997 0.23940269675495357 -0.9705030518903801
vn 0.1521630126532203 0.49891826571821063 -0.8531863698589125
vn 0.10691582447332539 0.4781513168418387 -0.8717455618926917
vn 0.042168150801900034 0.26176695543574635 -0.9642094731435945
vn 0.06380752454482594 0.2911090502513687 -0.9545596475198433
vn 0.21560200024703188 0.5184335347215425 -0.8274916601184608
vn 0.042168150801900034 0.26176695543574635 -0.9642094731435945
vn 0.21560200024703188 0.5184335347215425 -0.8274916601184608
vn 0.1521630126532203 0.49891826571821063 -0.8531863698589125
vn 0.06380752454482594 0.2911090502513687 -0.9545596475198433
vn 0.1009957032453426 0.32628020693060833 -0.9398622742143117
vn 0.30773554483838067 0.5257179025594592 -0.7930444636787449
vn 0.06380752454482594 0.2911090502513687 -0.9545596475198433
vn 0.30773554483838067 0.5257179025594592 -0.7930444636787449
vn 0.21560200024703188 0.5184335347215425 -0.8274916601184608
vn 0.1009957032453426 0.32628020693060833 -0.9398622742143117
vn 0.17115341622260336 0.35553010923988143 -0.9188606257421255
vn 0.44217567324784945 0.4937097567181216 -0.7488199717616675
vn 0.1009957032453426 0.32628020693060833 -0.9398622742143117
vn 0.44217567324784945 0.4937097567181216 -0.7488199717616675
vn 0.30773554483838067 0.5257179025594592 -0.7930444636787449
vn 0.17115341622260336 0.35553010923988143 -0.9188606257421255
vn 0.3167617776494051 0.30648370882069204 -0.8976244829815538
vn 0.6202685428967825 0.36436414697600067 -0.6946263046352
vn 0.17115341622260336 0.35553010923988143 -0.9188606257421255
vn 0.6202685428967825 0.36436414697600067 -0.6946263046352
vn 0.44217567324784945 0.4937097567181216 -0.7488199717616675
vn 0.3167617776494051 0.30648370882069204 -0.8976244829815538
vn 0.45743368022722114 0.11839712317977144 -0.8813265849936301
vn 0.7577465422542957 0.15853775781545767 -0.6329975964002597
vn 0.3167617776494051 0.30648370882069204 -0.8976244829815538
vn 0.7577465422542957 0.15853775781545767 -0.6329975964002597
vn 0.6202685428967825 0.36436414697600067 -0.6946263046352
vn 0.45743368022722114 0.11839712317977144 -0.8813265849936301
vn 0.4748583775535527 -0.03089220593614685 -0.8795198649715685
vn 0.7837816995358711 -0.03395756746830892 -0.620107354483316
vn 0.45743368022722114 0.11839712317977144 -0.8813265849936301
vn 0.7837816995358711 -0.03395756746830892 -0.620107354483316
vn 0.7577465422542957 0.15853775781545767 -0.6329975964002597
vn 0.4748583775535527 -0.03089220593614685 -0.8795198649715685
vn 0.4099348807439985 -0.09604052271121498 -0.9070444374708222
vn 0.7303445951091991 -0.13112432673791036 -0.6703754047787774
vn 0.4748583775535527 -0.03089220593614685 -0.8795198649715685
vn 0.7303445951091991 -0.13112432673791036 -0.6703754047787774
vn 0.7837816995358711 -0.03395756746830892 -0.620107354483316
vn 0.4099348807439985 -0.09604052271121498 -0.9070444374708222
vn 0.3330481470723589 -0.15481613618797885 -0.9301133778779301
vn 0.6418866983733833 -0.24430196325374434 -0.7268411223931154
vn 0.4099348807439985 -0.09604052271121498 -0.9070444374708222
vn 0.6418866983733833 -0.24430196325374434 -0.7268411223931154
vn 0.7303445951091991 -0.13112432673791036 -0.6703754047787774
vn 0.3330481470723589 -0.15481613618797885 -0.9301133778779301
vn 0.26312973918626464 -0.19489016943220097 -0.9448706589869623
vn 0.5446332100423964 -0.3362106563344043 -0.7683339515380693
vn 0.3330481470723589 -0.15481613618797885 -0.9301133778779301
vn 0.5446332100423964 -0.3362106563344043 -0.7683339515380693
vn 0.6418866983733833 -0.24430196325374434 -0.7268411223931154
vn 0.26312973918626464 -0.19489016943220097 -0.9448706589869623
vn 0.20095934217333492 -0.22270340860633694 -0.9539489161314559
vn 0.44306696048191013 -0.4108214066084422 -0.7968170683422781
vn 0.26312973918626464 -0.19489016943220097 -0.9448706589869623
vn 0.44306696048191013 -0.4108214066084422 -0.7968170683422781
vn 0.5446332100423964 -0.3362106563344043 -0.7683339515380693
vn 0.20095934217333492 -0.22270340860633694 -0.9539489161314559
vn 0.14512757911724355 -0.243195823332141 -0.9590587976205476
vn 0.338620443801153 -0.47230442134076717 -0.8137964909127301
vn 0.20095934217333492 -0.22270340860633694 -0.9539489161314559
vn 0.338620443801153 -0.47230442134076717 -0.8137964909127301
vn 0.44306696048191013 -0.4108214066084422 -0.7968170683422781
vn 0.14512757911724355 -0.243195823332141 -0.9590587976205476
vn 0.0932459020529315 -0.25988320987126057 -0.9611274207811081
vn 0.23039995926561352 -0.5241696565293337 -0.8198548834667779
vn 0.14512757911724355 -0.243195823332141 -0.9590587976205476
vn 0.23039995926561352 -0.5241696565293337 -0.8198548834667779
vn 0.338620443801153 -0.47230442134076717 -0.8137964909127301
vn 0.0932459020529315 -0.25988320987126057 -0.9611274207811081
vn 0.042359910545808566 -0.275235711902086 -0.9604430961136132
vn 0.11573215585481468 -0.5687698251147002 -0.8143137934114775
vn 0.0932459020529315 -0.25988320987126057 -0.9611274207811081
vn 0.11573215585481468 -0.5687698251147002 -0.8143137934114775
vn 0.23039995926561352 -0.5241696565293337 -0.8198548834667779
vn 0.042359910545808566 -0.275235711902086 -0.9604430961136132
vn 0.008230464023486645 -0.285096695792924 -0.9584634231466086
vn 0.027964404560447558 -0.5960213811566922 -0.8024814672512061
vn 0.042359910545808566 -0.275235711902086 -0.9604430961136132
vn 0.027964404560447558 -0.5960213811566922 -0.8024814672512061
vn 0.11573215585481468 -0.5687698251147002 -0.8143137934114775
vn 0.008230464023486645 -0.285096695792924 -0.9584634231466086
vn -0.018340448669614692 -0.2825409170113299 -0.9590799018627146
vn -0.03518072538056028 -0.593294436893077 -0.8042164060210564
vn 0.008230464023486645 -0.285096695792924 -0.9584634231466086
vn -0.03518072538056028 -0.593294436893077 -0.8042164060210564
vn 0.027964404560447558 -0.5960213811566922 -0.8024814672512061
vn -0.018340448669614692 -0.2825409170113299 -0.9590799018627146
vn -0.0615906714790137 -0.27035022338446 -0.9607899593057458
vn -0.12809328803148354 -0.562291247555035 -0.8169581767044661
vn -0.018340448669614692 -0.2825409170113299 -0.9590799018627146
vn -0.12809328803148354 -0.562291247555035 -0.8169581767044661
vn -0.03518072538056028 -0.593294436893077 -0.8042164060210564
vn -0.0615906714790137 -0.27035022338446 -0.9607899593057458
vn -0.11241259940328473 -0.2554340553453409 -0.9602691554273883
vn -0.23983617827676432 -0.5169286903428226 -0.8217440822361
vn -0.0615906714790137 -0.27035022338446 -0.9607899593057458
vn -0.23983617827676432 -0.5169286903428226 -0.8217440822361
vn -0.12809328803148354 -0.562291247555035 -0.8169581767044661
vn -0.11241259940328473 -0.2554340553453409 -0.9602691554273883
vn -0.165406872683828 -0.2382830317143578 -0.9570066683497928
vn -0.34494878302534593 -0.4648094281750918 -0.8154523484354417
vn -0.11241259940328473 -0.2554340553453409 -0.9602691554273883
vn -0.34494878302534593 -0.4648094281750918 -0.8154523484354417
vn -0.23983617827676432 -0.5169286903428226 -0.8217440822361
vn -0.165406872683828 -0.2382830317143578 -0.9570066683497928
vn -0.22315825001572276 -0.21612538293741987 -0.9505210225450427
vn -0.4460194807497076 -0.40366645157047704 -0.7988241475245105
vn -0.165406872683828 -0.2382830317143578 -0.9570066683497928
vn -0.4460194807497076 -0.40366645157047704 -0.7988241475245105
vn -0.34494878302534593 -0.4648094281750918 -0.8154523484354417
vn -0.22315825001572276 -0.21612538293741987 -0.9505210225450427
vn -0.2875215624409937 -0.18508111530819688 -0.939721411849152
vn -0.5439454529083833 -0.33027271901072186 -0.7713904817519842
vn -0.22315825001572276 -0.21612538293741987 -0.9505210225450427
vn -0.5439454529083833 -0.33027271901072186 -0.7713904817519842
vn -0.4460194807497076 -0.40366645157047704 -0.7988241475245105
vn -0.2875215624409937 -0.18508111530819688 -0.939721411849152
vn -0.3589922243322236 -0.13991028413830897 -0.9227945032678403
vn -0.6375739052961078 -0.24082140697126453 -0.731781774321997
vn -0.2875215624409937 -0.18508111530819688 -0.939721411849152
vn -0.6375739052961078 -0.24082140697126453 -0.731781774321997
vn -0.5439454529083833 -0.33027271901072186 -0.7713904817519842
vn -0.3589922243322236 -0.13991028413830897 -0.9227945032678403
vn -0.43537785803592655 -0.074242373417543 -0.8971812474195939
vn -0.7231469927630153 -0.1315103802499758 -0.6780585865132263
vn -0.3589922243322236 -0.13991028413830897 -0.9227945032678403
vn -0.7231469927630153 -0.1315103802499758 -0.6780585865132263
vn -0.6375739052961078 -0.24082140697126453 -0.731781774321997
vn -0.43537785803592655 -0.074242373417543 -0.8971812474195939
vn -0.4865645992582288 -0.017080472668408293 -0.8734776174591442
vn -0.779656194093459 -0.03592813889262651 -0.6251762854166932
vn -0.43537785803592655 -0.074242373417543 -0.8971812474195939
vn -0.779656194093459 -0.03592813889262651 -0.6251762854166932
vn -0.7231469927630153 -0.1315103802499758 -0.6780585865132263
vn -0.779656194093459 -0.03592813889262651 -0.6251762854166932
vn -0.7972181622783148 0 -0.6036913132831933
vn -0.8736109284226554 0 -0.4866250566303653
vn -0.779656194093459 -0.03592813889262651 -0.6251762854166932
vn -0.8736109284226554 0 -0.4866250566303653
vn -0.8647808731347949 -0.035522829653443146 -0.5008913754833819
vn -0.7972181622783148 0 -0.6036913132831933
vn -0.7972181622783149 0 -0.6036913132831933
vn -0.8736109284226554 0 -0.48662505663036526
vn -0.7972181622783148 0 -0.6036913132831933
vn -0.8736109284226554 0 -0.48662505663036526
vn -0.8736109284226554 0 -0.4866250566303653
vn -0.7972181622783149 0 -0.6036913132831933
vn -0.7787379498399823 0.09127804310929956 -0.6206734441919985
vn -0.8653716349385647 0.0724238723653989 -0.4958696564172444
vn -0.7972181622783149 0 -0.6036913132831933
vn -0.8653716349385647 0.0724238723653989 -0.4958696564172444
vn -0.8736109284226554 0 -0.48662505663036526
vn -0.7787379498399823 0.09127804310929956 -0.6206734441919985
vn -0.6312853070290555 0.3612949499642813 -0.6862541950760945
vn -0.7978246663961955 0.28039991774183554 -0.5337149874419594
vn -0.7787379498399823 0.09127804310929956 -0.6206734441919985
vn -0.7978246663961955 0.28039991774183554 -0.5337149874419594
vn -0.8653716349385647 0.0724238723653989 -0.4958696564172444
vn -0.6312853070290555 0.3612949499642813 -0.6862541950760945
vn -0.4314895216081178 0.5095760358263028 -0.7444118862927621
vn -0.6516716177795552 0.4843760594259788 -0.583698497201713
vn -0.6312853070290555 0.3612949499642813 -0.6862541950760945
vn -0.6516716177795552 0.4843760594259788 -0.583698497201713
vn -0.7978246663961955 0.28039991774183554 -0.5337149874419594
vn -0.4314895216081178 0.5095760358263028 -0.7444118862927621
vn -0.2940317601039573 0.5358392374518819 -0.7914680256694864
vn -0.5036189888789147 0.590866232179783 -0.6302737577515395
vn -0.4314895216081178 0.5095760358263028 -0.7444118862927621
vn -0.5036189888789147 0.590866232179783 -0.6302737577515395
vn -0.6516716177795552 0.4843760594259788 -0.583698497201713
vn -0.2940317601039573 0.5358392374518819 -0.7914680256694864
vn -0.20333368817168246 0.5231642224479748 -0.8276198448592851
vn -0.380042095554687 0.6369086054479031 -0.6707573584484998
vn -0.2940317601039573 0.5358392374518819 -0.7914680256694864
vn -0.380042095554687 0.6369086054479031 -0.6707573584484998
vn -0.5036189888789147 0.590866232179783 -0.6302737577515395
vn -0.20333368817168246 0.5231642224479748 -0.8276198448592851
vn -0.1420188530072629 0.5005162585279787 -0.8539988994955761
vn -0.28221799969568945 0.6517331118701083 -0.7039864711341182
vn -0.20333368817168246 0.5231642224479748 -0.8276198448592851
vn -0.28221799969568945 0.6517331118701083 -0.7039864711341182
vn -0.380042095554687 0.6369086054479031 -0.6707573584484998
vn -0.1420188530072629 0.5005162585279787 -0.8539988994955761
vn -0.0985846453685036 0.47824090368910865 -0.8726778934613796
vn -0.20473162388195645 0.6521578511960923 -0.7299144465661388
vn -0.1420188530072629 0.5005162585279787 -0.8539988994955761
vn -0.20473162388195645 0.6521578511960923 -0.7299144465661388
vn -0.28221799969568945 0.6517331118701083 -0.7039864711341182
vn -0.0985846453685036 0.47824090368910865 -0.8726778934613796
vn -0.06605523633785138 0.4599337741025535 -0.8854928735975981
vn -0.14178851553340258 0.6471289251344776 -0.7490795492583745
vn -0.0985846453685036 0.47824090368910865 -0.8726778934613796
vn -0.14178851553340258 0.6471289251344776 -0.7490795492583745
vn -0.20473162388195645 0.6521578511960923 -0.7299144465661388
vn -0.06605523633785138 0.4599337741025535 -0.8854928735975981
vn -0.04010574961029801 0.4467274803797362 -0.8937707128351031
vn -0.08858699109054369 0.641296114339149 -0.7621624752918718
vn -0.06605523633785138 0.4599337741025535 -0.8854928735975981
vn -0.08858699109054369 0.641296114339149 -0.7621624752918718
vn -0.14178851553340258 0.6471289251344776 -0.7490795492583745
vn -0.04010574961029801 0.4467274803797362 -0.8937707128351031
vn -0.01787418425890664 0.4388814378989077 -0.8983671838423674
vn -0.041300438976650165 0.6370132292102316 -0.769745684984001
vn -0.04010574961029801 0.4467274803797362 -0.8937707128351031
vn -0.041300438976650165 0.6370132292102316 -0.769745684984001
vn -0.08858699109054369 0.641296114339149 -0.7621624752918718
vn -0.01787418425890664 0.4388814378989077 -0.8983671838423674
vn 0.0027380910070161934 0.4363882729623155 -0.8997542876133489
vn 0.0032362173240362926 0.6353587148087331 -0.772210353734024
vn -0.01787418425890664 0.4388814378989077 -0.8983671838423674
vn 0.0032362173240362926 0.6353587148087331 -0.772210353734024
vn -0.041300438976650165 0.6370132292102316 -0.769745684984001
vn 0.0027380910070161934 0.4363882729623155 -0.8997542876133489
vn 0.02350947941611566 0.43919546715038044 -0.8980838747088952
vn 0.04786197425128503 0.6366066653159944 -0.7697020105833288
vn 0.0027380910070161934 0.4363882729623155 -0.8997542876133489
vn 0.04786197425128503 0.6366066653159944 -0.7697020105833288
vn 0.0032362173240362926 0.6353587148087331 -0.772210353734024
vn 0.02350947941611566 0.43919546715038044 -0.8980838747088952
vn 0.046234841761371506 0.44724899224857206 -0.8932136801124002
vn 0.09540351435965275 0.6403602595008476 -0.7621265692126438
vn 0.02350947941611566 0.43919546715038044 -0.8980838747088952
vn 0.09540351435965275 0.6403602595008476 -0.7621265692126438
vn 0.04786197425128503 0.6366066653159944 -0.7697020105833288
vn 0.046234841761371506 0.44724899224857206 -0.8932136801124002
vn 0.0730604783233209 0.46040530525027257 -0.8846971919275944
vn 0.14897845317295255 0.6454128328067766 -0.7491646653029802
vn 0.046234841761371506 0.44724899224857206 -0.8932136801124002
vn 0.14897845317295255 0.6454128328067766 -0.7491646653029802
vn 0.09540351435965275 0.6403602595008476 -0.7621265692126438
vn 0.0730604783233209 0.46040530525027257 -0.8846971919275944
vn 0.10691582447332539 0.4781513168418387 -0.8717455618926917
vn 0.21229299903036972 0.6492877731407736 -0.730312994689665
vn 0.0730604783233209 0.46040530525027257 -0.8846971919275944
vn 0.21229299903036972 0.6492877731407736 -0.730312994689665
vn 0.14897845317295255 0.6454128328067766 -0.7491646653029802
vn 0.10691582447332539 0.4781513168418387 -0.8717455618926917
vn 0.1521630126532203 0.49891826571821063 -0.8531863698589125
vn 0.2898694498923294 0.6472836089311088 -0.7049820080173947
vn 0.10691582447332539 0.4781513168418387 -0.8717455618926917
vn 0.2898694498923294 0.6472836089311088 -0.7049820080173947
vn 0.21229299903036972 0.6492877731407736 -0.730312994689665
vn 0.1521630126532203 0.49891826571821063 -0.8531863698589125
vn 0.21560200024703188 0.5184335347215425 -0.8274916601184608
vn 0.38689512816142835 0.6307035969811472 -0.6726998829790255
vn 0.1521630126532203 0.49891826571821063 -0.8531863698589125
vn 0.38689512816142835 0.6307035969811472 -0.6726998829790255
vn 0.2898694498923294 0.6472836089311088 -0.7049820080173947
vn 0.21560200024703188 0.5184335347215425 -0.8274916601184608
vn 0.30773554483838067 0.5257179025594592 -0.7930444636787449
vn 0.5076275328653836 0.5839722367038395 -0.6334751097210678
vn 0.21560200024703188 0.5184335347215425 -0.8274916601184608
vn 0.5076275328653836 0.5839722367038395 -0.6334751097210678
vn 0.38689512816142835 0.6307035969811472 -0.6726998829790255
vn 0.30773554483838067 0.5257179025594592 -0.7930444636787449
vn 0.44217567324784945 0.4937097567181216 -0.7488199717616675
vn 0.6494720264696788 0.4817328464943534 -0.5883192597916682
vn 0.30773554483838067 0.5257179025594592 -0.7930444636787449
vn 0.6494720264696788 0.4817328464943534 -0.5883192597916682
vn 0.5076275328653836 0.5839722367038395 -0.6334751097210678
vn 0.44217567324784945 0.4937097567181216 -0.7488199717616675
vn 0.6202685428967825 0.36436414697600067 -0.6946263046352
vn 0.7888756952715243 0.29345100596631923 -0.5399644844869192
vn 0.44217567324784945 0.4937097567181216 -0.7488199717616675
vn 0.7888756952715243 0.29345100596631923 -0.5399644844869192
vn 0.6494720264696788 0.4817328464943534 -0.5883192597916682
vn 0.6202685428967825 0.36436414697600067 -0.6946263046352
vn 0.7577465422542957 0.15853775781545767 -0.6329975964002597
vn 0.8622180583826344 0.08681797733075285 -0.499041740349519
vn 0.6202685428967825 0.36436414697600067 -0.6946263046352
vn 0.8622180583826344 0.08681797733075285 -0.499041740349519
vn 0.7888756952715243 0.29345100596631923 -0.5399644844869192
vn 0.7577465422542957 0.15853775781545767 -0.6329975964002597
vn 0.7837816995358711 -0.03395756746830892 -0.620107354483316
vn 0.8653510264450771 -0.03446352114970597 -0.4999798663350509
vn 0.7577465422542957 0.15853775781545767 -0.6329975964002597
vn 0.8653510264450771 -0.03446352114970597 -0.4999798663350509
vn 0.8622180583826344 0.08681797733075285 -0.499041740349519
vn 0.7837816995358711 -0.03395756746830892 -0.620107354483316
vn 0.7303445951091991 -0.13112432673791036 -0.6703754047787774
vn 0.8307313973205399 -0.1355024511649442 -0.5399300243866376
vn 0.7837816995358711 -0.03395756746830892 -0.620107354483316
vn 0.8307313973205399 -0.1355024511649442 -0.5399300243866376
vn 0.8653510264450771 -0.03446352114970597 -0.4999798663350509
vn 0.7303445951091991 -0.13112432673791036 -0.6703754047787774
vn 0.6418866983733833 -0.24430196325374434 -0.7268411223931154
vn 0.7651512720177118 -0.262249447227145 -0.588021052649252
vn 0.7303445951091991 -0.13112432673791036 -0.6703754047787774
vn 0.7651512720177118 -0.262249447227145 -0.588021052649252
vn 0.8307313973205399 -0.1355024511649442 -0.5399300243866376
vn 0.6418866983733833 -0.24430196325374434 -0.7268411223931154
vn 0.5446332100423964 -0.3362106563344043 -0.7683339515380693
vn 0.6799681222809191 -0.3772489788795784 -0.6287499985018502
vn 0.6418866983733833 -0.24430196325374434 -0.7268411223931154
vn 0.6799681222809191 -0.3772489788795784 -0.6287499985018502
vn 0.7651512720177118 -0.262249447227145 -0.588021052649252
vn 0.5446332100423964 -0.3362106563344043 -0.7683339515380693
vn 0.44306696048191013 -0.4108214066084422 -0.7968170683422781
vn 0.5769958664528814 -0.4803686559816197 -0.6605465346564928
vn 0.5446332100423964 -0.3362106563344043 -0.7683339515380693
vn 0.5769958664528814 -0.4803686559816197 -0.6605465346564928
vn 0.6799681222809191 -0.3772489788795784 -0.6287499985018502
vn 0.44306696048191013 -0.4108214066084422 -0.7968170683422781
vn 0.338620443801153 -0.47230442134076717 -0.8137964909127301
vn 0.45716499406544414 -0.5715754060249562 -0.6813968912671594
vn 0.44306696048191013 -0.4108214066084422 -0.7968170683422781
vn 0.45716499406544414 -0.5715754060249562 -0.6813968912671594
vn 0.5769958664528814 -0.4803686559816197 -0.6605465346564928
vn 0.338620443801153 -0.47230442134076717 -0.8137964909127301
vn 0.23039995926561352 -0.5241696565293337 -0.8198548834667779
vn 0.32043288358429506 -0.6504384486091507 -0.688659997160264
vn 0.338620443801153 -0.47230442134076717 -0.8137964909127301
vn 0.32043288358429506 -0.6504384486091507 -0.688659997160264
vn 0.45716499406544414 -0.5715754060249562 -0.6813968912671594
vn 0.23039995926561352 -0.5241696565293337 -0.8198548834667779
vn 0.11573215585481468 -0.5687698251147002 -0.8143137934114775
vn 0.16604524275417407 -0.7153532033646418 -0.6787479442286752
vn 0.23039995926561352 -0.5241696565293337 -0.8198548834667779
vn 0.16604524275417407 -0.7153532033646418 -0.6787479442286752
vn 0.32043288358429506 -0.6504384486091507 -0.688659997160264
vn 0.11573215585481468 -0.5687698251147002 -0.8143137934114775
vn 0.027964404560447558 -0.5960213811566922 -0.8024814672512061
vn 0.04199817482816702 -0.7520578254948644 -0.6577576912686304
vn 0.11573215585481468 -0.5687698251147002 -0.8143137934114775
vn 0.04199817482816702 -0.7520578254948644 -0.6577576912686304
vn 0.16604524275417407 -0.7153532033646418 -0.6787479442286752
vn 0.027964404560447558 -0.5960213811566922 -0.8024814672512061
vn -0.03518072538056028 -0.593294436893077 -0.8042164060210564
vn -0.04620199997560306 -0.7518837691393125 -0.65767482307225
vn 0.027964404560447558 -0.5960213811566922 -0.8024814672512061
vn -0.04620199997560306 -0.7518837691393125 -0.65767482307225
vn 0.04199817482816702 -0.7520578254948644 -0.6577576912686304
vn -0.03518072538056028 -0.593294436893077 -0.8042164060210564
vn -0.12809328803148354 -0.562291247555035 -0.8169581767044661
vn -0.17363033622348278 -0.7140895272150835 -0.6781803989092128
vn -0.03518072538056028 -0.593294436893077 -0.8042164060210564
vn -0.17363033622348278 -0.7140895272150835 -0.6781803989092128
vn -0.04620199997560306 -0.7518837691393125 -0.65767482307225
vn -0.12809328803148354 -0.562291247555035 -0.8169581767044661
vn -0.23983617827676432 -0.5169286903428226 -0.8217440822361
vn -0.3264089174143912 -0.6485576670891411 -0.687626476433431
vn -0.12809328803148354 -0.562291247555035 -0.8169581767044661
vn -0.3264089174143912 -0.6485576670891411 -0.687626476433431
vn -0.17363033622348278 -0.7140895272150835 -0.6781803989092128
vn -0.23983617827676432 -0.5169286903428226 -0.8217440822361
vn -0.34494878302534593 -0.4648094281750918 -0.8154523484354417
vn -0.4613530145603225 -0.5696662156170534 -0.680171889113809
vn -0.23983617827676432 -0.5169286903428226 -0.8217440822361
vn -0.4613530145603225 -0.5696662156170534 -0.680171889113809
vn -0.3264089174143912 -0.6485576670891411 -0.687626476433431
vn -0.34494878302534593 -0.4648094281750918 -0.8154523484354417
vn -0.4460194807497076 -0.40366645157047704 -0.7988241475245105
vn -0.5794804019441384 -0.4788705800650069 -0.6594584378949621
vn -0.34494878302534593 -0.4648094281750918 -0.8154523484354417
vn -0.5794804019441384 -0.4788705800650069 -0.6594584378949621
vn -0.4613530145603225 -0.5696662156170534 -0.680171889113809
vn -0.4460194807497076 -0.40366645157047704 -0.7988241475245105
vn -0.5439454529083833 -0.33027271901072186 -0.7713904817519842
vn -0.6809687874136388 -0.3764884567497975 -0.6281225616888428
vn -0.4460194807497076 -0.40366645157047704 -0.7988241475245105
vn -0.6809687874136388 -0.3764884567497975 -0.6281225616888428
vn -0.5794804019441384 -0.4788705800650069 -0.6594584378949621
vn -0.5439454529083833 -0.33027271901072186 -0.7713904817519842
vn -0.6375739052961078 -0.24082140697126453 -0.731781774321997
vn -0.7649851834605226 -0.2624606476839231 -0.5881429056812693
vn -0.5439454529083833 -0.33027271901072186 -0.7713904817519842
vn -0.7649851834605226 -0.2624606476839231 -0.5881429056812693
vn -0.6809687874136388 -0.3764884567497975 -0.6281225616888428
vn -0.6375739052961078 -0.24082140697126453 -0.731781774321997
vn -0.7231469927630153 -0.1315103802499758 -0.6780585865132263
vn -0.8298045028026574 -0.136807441304191 -0.5410251483362255
vn -0.6375739052961078 -0.24082140697126453 -0.731781774321997
vn -0.8298045028026574 -0.136807441304191 -0.5410251483362255
vn -0.7649851834605226 -0.2624606476839231 -0.5881429056812693
vn -0.7231469927630153 -0.1315103802499758 -0.6780585865132263
vn -0.779656194093459 -0.03592813889262651 -0.6251762854166932
vn -0.8647808731347949 -0.035522829653443146 -0.5008913754833819
vn -0.7231469927630153 -0.1315103802499758 -0.6780585865132263
vn -0.8647808731347949 -0.035522829653443146 -0.5008913754833819
vn -0.8298045028026574 -0.136807441304191 -0.5410251483362255
vn -0.8647808731347949 -0.035522829653443146 -0.5008913754833819
vn -0.8736109284226554 0 -0.4866250566303653
vn -0.950817210945745 0 -0.30975253246641016
vn -0.8647808731347949 -0.035522829653443146 -0.5008913754833819
vn -0.950817210945745 0 -0.30975253246641016
vn -0.9463941038368688 -0.03556765249395745 -0.32105006201351083
vn -0.8736109284226554 0 -0.4866250566303653
vn -0.8736109284226554 0 -0.48662505663036526
vn -0.950817210945745 0 -0.3097525324664101
vn -0.8736109284226554 0 -0.4866250566303653
vn -0.950817210945745 0 -0.3097525324664101
vn -0.950817210945745 0 -0.30975253246641016
vn -0.8736109284226554 0 -0.48662505663036526
vn -0.8653716349385647 0.0724238723653989 -0.4958696564172444
vn -0.9467135307934473 0.06447499493526308 -0.31555738882286094
vn -0.8736109284226554 0 -0.48662505663036526
vn -0.9467135307934473 0.06447499493526308 -0.31555738882286094
vn -0.950817210945745 0 -0.3097525324664101
vn -0.8653716349385647 0.0724238723653989 -0.4958696564172444
vn -0.7978246663961955 0.28039991774183554 -0.5337149874419594
vn -0.9049045580127206 0.2535686186672454 -0.3418343114946009
vn -0.8653716349385647 0.0724238723653989 -0.4958696564172444
vn -0.9049045580127206 0.2535686186672454 -0.3418343114946009
vn -0.9467135307934473 0.06447499493526308 -0.31555738882286094
vn -0.7978246663961955 0.28039991774183554 -0.5337149874419594
vn -0.6516716177795552 0.4843760594259788 -0.583698497201713
vn -0.7973155767446115 0.466428051699412 -0.38305710235981527
vn -0.7978246663961955 0.28039991774183554 -0.5337149874419594
vn -0.7973155767446115 0.466428051699412 -0.38305710235981527
vn -0.9049045580127206 0.2535686186672454 -0.3418343114946009
vn -0.6516716177795552 0.4843760594259788 -0.583698497201713
vn -0.5036189888789147 0.590866232179783 -0.6302737577515395
vn -0.6645712339800032 0.6132722076648754 -0.42689843554661333
vn -0.6516716177795552 0.4843760594259788 -0.583698497201713
vn -0.6645712339800032 0.6132722076648754 -0.42689843554661333
vn -0.7973155767446115 0.466428051699412 -0.38305710235981527
vn -0.5036189888789147 0.590866232179783 -0.6302737577515395
vn -0.380042095554687 0.6369086054479031 -0.6707573584484998
vn -0.5336583218003115 0.7041786311077785 -0.4683388207958535
vn -0.5036189888789147 0.590866232179783 -0.6302737577515395
vn -0.5336583218003115 0.7041786311077785 -0.4683388207958535
vn -0.6645712339800032 0.6132722076648754 -0.42689843554661333
vn -0.380042095554687 0.6369086054479031 -0.6707573584484998
vn -0.28221799969568945 0.6517331118701083 -0.7039864711341182
vn -0.415783072065009 0.7566056095514746 -0.504650759019963
vn -0.380042095554687 0.6369086054479031 -0.6707573584484998
vn -0.415783072065009 0.7566056095514746 -0.504650759019963
vn -0.5336583218003115 0.7041786311077785 -0.4683388207958535
vn -0.28221799969568945 0.6517331118701083 -0.7039864711341182
vn -0.20473162388195645 0.6521578511960923 -0.7299144465661388
vn -0.3127723894836832 0.7851100674757491 -0.5345798484089086
vn -0.28221799969568945 0.6517331118701083 -0.7039864711341182
vn -0.3127723894836832 0.7851100674757491 -0.5345798484089086
vn -0.415783072065009 0.7566056095514746 -0.504650759019963
vn -0.20473162388195645 0.6521578511960923 -0.7299144465661388
vn -0.14178851553340258 0.6471289251344776 -0.7490795492583745
vn -0.22260163441084396 0.799625723465021 -0.5577160699949956
vn -0.20473162388195645 0.6521578511960923 -0.7299144465661388
vn -0.22260163441084396 0.799625723465021 -0.5577160699949956
vn -0.3127723894836832 0.7851100674757491 -0.5345798484089086
vn -0.14178851553340258 0.6471289251344776 -0.7490795492583745
vn -0.08858699109054369 0.641296114339149 -0.7621624752918718
vn -0.14208030433196253 0.8063875543125074 -0.5740664590191885
vn -0.14178851553340258 0.6471289251344776 -0.7490795492583745
vn -0.14208030433196253 0.8063875543125074 -0.5740664590191885
vn -0.22260163441084396 0.799625723465021 -0.5577160699949956
vn -0.08858699109054369 0.641296114339149 -0.7621624752918718
vn -0.041300438976650165 0.6370132292102316 -0.769745684984001
vn -0.06786388057127817 0.8090656236458492 -0.5837870419496823
vn -0.08858699109054369 0.641296114339149 -0.7621624752918718
vn -0.06786388057127817 0.8090656236458492 -0.5837870419496823
vn -0.14208030433196253 0.8063875543125074 -0.5740664590191885
vn -0.041300438976650165 0.6370132292102316 -0.769745684984001
vn 0.0032362173240362926 0.6353587148087331 -0.772210353734024
vn 0.003269099179721775 0.8095595298158745 -0.5870286881191188
vn -0.041300438976650165 0.6370132292102316 -0.769745684984001
vn 0.003269099179721775 0.8095595298158745 -0.5870286881191188
vn -0.06786388057127817 0.8090656236458492 -0.5837870419496823
vn 0.0032362173240362926 0.6353587148087331 -0.772210353734024
vn 0.04786197425128503 0.6366066653159944 -0.7697020105833288
vn 0.07442325188922912 0.8084360150216895 -0.5838599054517128
vn 0.0032362173240362926 0.6353587148087331 -0.772210353734024
vn 0.07442325188922912 0.8084360150216895 -0.5838599054517128
vn 0.003269099179721775 0.8095595298158745 -0.5870286881191188
vn 0.04786197425128503 0.6366066653159944 -0.7697020105833288
vn 0.09540351435965275 0.6403602595008476 -0.7621265692126438
vn 0.14868251011143355 0.8050702141275422 -0.5742433817743104
vn 0.04786197425128503 0.6366066653159944 -0.7697020105833288
vn 0.14868251011143355 0.8050702141275422 -0.5742433817743104
vn 0.07442325188922912 0.8084360150216895 -0.5838599054517128
vn 0.09540351435965275 0.6403602595008476 -0.7621265692126438
vn 0.14897845317295255 0.6454128328067766 -0.7491646653029802
vn 0.22919828246329166 0.7975208838983382 -0.5580578707104582
vn 0.09540351435965275 0.6403602595008476 -0.7621265692126438
vn 0.22919828246329166 0.7975208838983382 -0.5580578707104582
vn 0.14868251011143355 0.8050702141275422 -0.5742433817743104
vn 0.14897845317295255 0.6454128328067766 -0.7491646653029802
vn 0.21229299903036972 0.6492877731407736 -0.730312994689665
vn 0.3191703581656423 0.7821260971340176 -0.5351719823106632
vn 0.14897845317295255 0.6454128328067766 -0.7491646653029802
vn 0.3191703581656423 0.7821260971340176 -0.5351719823106632
vn 0.22919828246329166 0.7975208838983382 -0.5580578707104582
vn 0.21229299903036972 0.6492877731407736 -0.730312994689665
vn 0.2898694498923294 0.6472836089311088 -0.7049820080173947
vn 0.42152850430492284 0.7527879715265556 -0.5055927115607861
vn 0.21229299903036972 0.6492877731407736 -0.730312994689665
vn 0.42152850430492284 0.7527879715265556 -0.5055927115607861
vn 0.3191703581656423 0.7821260971340176 -0.5351719823106632
vn 0.2898694498923294 0.6472836089311088 -0.7049820080173947
vn 0.38689512816142835 0.6307035969811472 -0.6726998829790255
vn 0.5378966128791337 0.7000148599346994 -0.4697301669296519
vn 0.2898694498923294 0.6472836089311088 -0.7049820080173947
vn 0.5378966128791337 0.7000148599346994 -0.4697301669296519
vn 0.42152850430492284 0.7527879715265556 -0.5055927115607861
vn 0.38689512816142835 0.6307035969811472 -0.6726998829790255
vn 0.5076275328653836 0.5839722367038395 -0.6334751097210678
vn 0.6660673446983262 0.6102901997212337 -0.42883582458877845
vn 0.38689512816142835 0.6307035969811472 -0.6726998829790255
vn 0.6660673446983262 0.6102901997212337 -0.42883582458877845
vn 0.5378966128791337 0.7000148599346994 -0.4697301669296519
vn 0.5076275328653836 0.5839722367038395 -0.6334751097210678
vn 0.6494720264696788 0.4817328464943534 -0.5883192597916682
vn 0.7952662053714451 0.46779072264962923 -0.38564686229378314
vn 0.5076275328653836 0.5839722367038395 -0.6334751097210678
vn 0.7952662053714451 0.46779072264962923 -0.38564686229378314
vn 0.6660673446983262 0.6102901997212337 -0.42883582458877845
vn 0.6494720264696788 0.4817328464943534 -0.5883192597916682
vn 0.7888756952715243 0.29345100596631923 -0.5399644844869192
vn 0.9011072083341106 0.2625624223246099 -0.3450605359517938
vn 0.6494720264696788 0.4817328464943534 -0.5883192597916682
vn 0.9011072083341106 0.2625624223246099 -0.3450605359517938
vn 0.7952662053714451 0.46779072264962923 -0.38564686229378314
vn 0.7888756952715243 0.29345100596631923 -0.5399644844869192
vn 0.8622180583826344 0.08681797733075285 -0.499041740349519
vn 0.9457187276986495 0.07144793277313416 -0.31703514155767204
vn 0.7888756952715243 0.29345100596631923 -0.5399644844869192
vn 0.9457187276986495 0.07144793277313416 -0.31703514155767204
vn 0.9011072083341106 0.2625624223246099 -0.3450605359517938
vn 0.8622180583826344 0.08681797733075285 -0.499041740349519
vn 0.8653510264450771 -0.03446352114970597 -0.4999798663350509
vn 0.9474963419755175 -0.03498390525473985 -0.31784714615069404
vn 0.8622180583826344 0.08681797733075285 -0.499041740349519
vn 0.9474963419755175 -0.03498390525473985 -0.31784714615069404
vn 0.9457187276986495 0.07144793277313416 -0.31703514155767204
vn 0.8653510264450771 -0.03446352114970597 -0.4999798663350509
vn 0.8307313973205399 -0.1355024511649442 -0.5399300243866376
vn 0.9279318091925391 -0.14000993370434975 -0.3454558958141619
vn 0.8653510264450771 -0.03446352114970597 -0.4999798663350509
vn 0.9279318091925391 -0.14000993370434975 -0.3454558958141619
vn 0.9474963419755175 -0.03498390525473985 -0.31784714615069404
vn 0.8307313973205399 -0.1355024511649442 -0.5399300243866376
vn 0.7651512720177118 -0.262249447227145 -0.588021052649252
vn 0.8810079244639336 -0.27818006930707495 -0.3826759543949201
vn 0.8307313973205399 -0.1355024511649442 -0.5399300243866376
vn 0.8810079244639336 -0.27818006930707495 -0.3826759543949201
vn 0.9279318091925391 -0.14000993370434975 -0.3454558958141619
vn 0.7651512720177118 -0.262249447227145 -0.588021052649252
vn 0.6799681222809191 -0.3772489788795784 -0.6287499985018502
vn 0.8094174037092982 -0.413240793825936 -0.4172235766236244
vn 0.7651512720177118 -0.262249447227145 -0.588021052649252
vn 0.8094174037092982 -0.413240793825936 -0.4172235766236244
vn 0.8810079244639336 -0.27818006930707495 -0.3826759543949201
vn 0.6799681222809191 -0.3772489788795784 -0.6287499985018502
vn 0.5769958664528814 -0.4803686559816197 -0.6605465346564928
vn 0.7101798783933316 -0.5438867613085461 -0.44702542567345455
vn 0.6799681222809191 -0.3772489788795784 -0.6287499985018502
vn 0.7101798783933316 -0.5438867613085461 -0.44702542567345455
vn 0.8094174037092982 -0.413240793825936 -0.4172235766236244
vn 0.5769958664528814 -0.4803686559816197 -0.6605465346564928
vn 0.45716499406544414 -0.5715754060249562 -0.6813968912671594
vn 0.5795384309768206 -0.6664985585765768 -0.4689508273116388
vn 0.5769958664528814 -0.4803686559816197 -0.6605465346564928
vn 0.5795384309768206 -0.6664985585765768 -0.4689508273116388
vn 0.7101798783933316 -0.5438867613085461 -0.44702542567345455
vn 0.45716499406544414 -0.5715754060249562 -0.6813968912671594
vn 0.32043288358429506 -0.6504384486091507 -0.688659997160264
vn 0.41452074779223075 -0.7739360685836423 -0.4787436802664505
vn 0.45716499406544414 -0.5715754060249562 -0.6813968912671594
vn 0.41452074779223075 -0.7739360685836423 -0.4787436802664505
vn 0.5795384309768206 -0.6664985585765768 -0.4689508273116388
vn 0.32043288358429506 -0.6504384486091507 -0.688659997160264
vn 0.16604524275417407 -0.7153532033646418 -0.6787479442286752
vn 0.2160176155287687 -0.8550729615378266 -0.47136675766137304
vn 0.32043288358429506 -0.6504384486091507 -0.688659997160264
vn 0.2160176155287687 -0.8550729615378266 -0.47136675766137304
vn 0.41452074779223075 -0.7739360685836423 -0.4787436802664505
vn 0.16604524275417407 -0.7153532033646418 -0.6787479442286752
vn 0.04199817482816702 -0.7520578254948644 -0.6577576912686304
vn 0.05420001643343636 -0.8905973386870805 -0.45155147939310863
vn 0.16604524275417407 -0.7153532033646418 -0.6787479442286752
vn 0.05420001643343636 -0.8905973386870805 -0.45155147939310863
vn 0.2160176155287687 -0.8550729615378266 -0.47136675766137304
vn 0.04199817482816702 -0.7520578254948644 -0.6577576912686304
vn -0.04620199997560306 -0.7518837691393125 -0.65767482307225
vn -0.06037674356907067 -0.8904843094402034 -0.4509904028655141
vn 0.04199817482816702 -0.7520578254948644 -0.6577576912686304
vn -0.06037674356907067 -0.8904843094402034 -0.4509904028655141
vn 0.05420001643343636 -0.8905973386870805 -0.45155147939310863
vn -0.04620199997560306 -0.7518837691393125 -0.65767482307225
vn -0.17363033622348278 -0.7140895272150835 -0.6781803989092128
vn -0.2273394364642216 -0.8519598153590057 -0.47167918508407725
vn -0.04620199997560306 -0.7518837691393125 -0.65767482307225
vn -0.2273394364642216 -0.8519598153590057 -0.47167918508407725
vn -0.06037674356907067 -0.8904843094402034 -0.4509904028655141
vn -0.17363033622348278 -0.7140895272150835 -0.6781803989092128
vn -0.3264089174143912 -0.6485576670891411 -0.687626476433431
vn -0.4225402751051275 -0.7683527881370767 -0.48072207030264746
vn -0.17363033622348278 -0.7140895272150835 -0.6781803989092128
vn -0.4225402751051275 -0.7683527881370767 -0.48072207030264746
vn -0.2273394364642216 -0.8519598153590057 -0.47167918508407725
vn -0.3264089174143912 -0.6485576670891411 -0.687626476433431
vn -0.4613530145603225 -0.5696662156170534 -0.680171889113809
vn -0.5836578888511333 -0.660515919332125 -0.4722945998957386
vn -0.3264089174143912 -0.6485576670891411 -0.687626476433431
vn -0.5836578888511333 -0.660515919332125 -0.4722945998957386
vn -0.4225402751051275 -0.7683527881370767 -0.48072207030264746
vn -0.4613530145603225 -0.5696662156170534 -0.680171889113809
vn -0.5794804019441384 -0.4788705800650069 -0.6594584378949621
vn -0.7110834920905362 -0.5389530682659511 -0.4515416453474089
vn -0.4613530145603225 -0.5696662156170534 -0.680171889113809
vn -0.7110834920905362 -0.5389530682659511 -0.4515416453474089
vn -0.5836578888511333 -0.660515919332125 -0.4722945998957386
vn -0.5794804019441384 -0.4788705800650069 -0.6594584378949621
vn -0.6809687874136388 -0.3764884567497975 -0.6281225616888428
vn -0.8082265431942657 -0.41002245088339884 -0.42267179305912816
vn -0.5794804019441384 -0.4788705800650069 -0.6594584378949621
vn -0.8082265431942657 -0.41002245088339884 -0.42267179305912816
vn -0.7110834920905362 -0.5389530682659511 -0.4515416453474089
vn -0.6809687874136388 -0.3764884567497975 -0.6281225616888428
vn -0.7649851834605226 -0.2624606476839231 -0.5881429056812693
vn -0.8787869049069919 -0.276780659278987 -0.3887493310773391
vn -0.6809687874136388 -0.3764884567497975 -0.6281225616888428
vn -0.8787869049069919 -0.276780659278987 -0.3887493310773391
vn -0.8082265431942657 -0.41002245088339884 -0.42267179305912816
vn -0.7649851834605226 -0.2624606476839231 -0.5881429056812693
vn -0.8298045028026574 -0.136807441304191 -0.5410251483362255
vn -0.9255041743694874 -0.1402083164315297 -0.3518290085085215
vn -0.7649851834605226 -0.2624606476839231 -0.5881429056812693
vn -0.9255041743694874 -0.1402083164315297 -0.3518290085085215
vn -0.8787869049069919 -0.276780659278987 -0.3887493310773391
vn -0.8298045028026574 -0.136807441304191 -0.5410251483362255
vn -0.8647808731347949 -0.035522829653443146 -0.5008913754833819
vn -0.9463941038368688 -0.03556765249395745 -0.32105006201351083
vn -0.8298045028026574 -0.136807441304191 -0.5410251483362255
vn -0.9463941038368688 -0.03556765249395745 -0.32105006201351083
vn -0.9255041743694874 -0.1402083164315297 -0.3518290085085215
vn -0.9463941038368688 -0.03556765249395745 -0.32105006201351083
vn -0.950817210945745 0 -0.30975253246641016
vn -0.9929916035443521 0 -0.11818491989427587
vn -0.9463941038368688 -0.03556765249395745 -0.32105006201351083
vn -0.9929916035443521 0 -0.11818491989427587
vn -0.9917779818750774 -0.03575335115903002 -0.12287445848791176
vn -0.950817210945745 0 -0.30975253246641016
vn -0.950817210945745 0 -0.3097525324664101
vn -0.9929916035443521 0 -0.11818491989427587
vn -0.950817210945745 0 -0.30975253246641016
vn -0.9929916035443521 0 -0.11818491989427587
vn -0.9929916035443521 0 -0.11818491989427587
vn -0.950817210945745 0 -0.3097525324664101
vn -0.9467135307934473 0.06447499493526308 -0.31555738882286094
vn -0.9908641138510765 0.05911956448594183 -0.12121544859098361
vn -0.950817210945745 0 -0.3097525324664101
vn -0.9908641138510765 0.05911956448594183 -0.12121544859098361
vn -0.9929916035443521 0 -0.11818491989427587
vn -0.9467135307934473 0.06447499493526308 -0.31555738882286094
vn -0.9049045580127206 0.2535686186672454 -0.3418343114946009
vn -0.962386289559144 0.23448830668491277 -0.1372146628339177
vn -0.9467135307934473 0.06447499493526308 -0.31555738882286094
vn -0.962386289559144 0.23448830668491277 -0.1372146628339177
vn -0.9908641138510765 0.05911956448594183 -0.12121544859098361
vn -0.9049045580127206 0.2535686186672454 -0.3418343114946009
vn -0.7973155767446115 0.466428051699412 -0.38305710235981527
vn -0.8799529662428713 0.4446833212265209 -0.1671511921085902
vn -0.9049045580127206 0.2535686186672454 -0.3418343114946009
vn -0.8799529662428713 0.4446833212265209 -0.1671511921085902
vn -0.962386289559144 0.23448830668491277 -0.1372146628339177
vn -0.7973155767446115 0.466428051699412 -0.38305710235981527
vn -0.6645712339800032 0.6132722076648754 -0.42689843554661333
vn -0.7661407227362497 0.6097820980664269 -0.20296350864843565
vn -0.7973155767446115 0.466428051699412 -0.38305710235981527
vn -0.7661407227362497 0.6097820980664269 -0.20296350864843565
vn -0.8799529662428713 0.4446833212265209 -0.1671511921085902
vn -0.6645712339800032 0.6132722076648754 -0.42689843554661333
vn -0.5336583218003115 0.7041786311077785 -0.4683388207958535
vn -0.6409645923587468 0.7292340019574013 -0.2395457403745232
vn -0.6645712339800032 0.6132722076648754 -0.42689843554661333
vn -0.6409645923587468 0.7292340019574013 -0.2395457403745232
vn -0.7661407227362497 0.6097820980664269 -0.20296350864843565
vn -0.5336583218003115 0.7041786311077785 -0.4683388207958535
vn -0.415783072065009 0.7566056095514746 -0.504650759019963
vn -0.5170517837764096 0.8111203227879689 -0.2733885053435388
vn -0.5336583218003115 0.7041786311077785 -0.4683388207958535
vn -0.5170517837764096 0.8111203227879689 -0.2733885053435388
vn -0.6409645923587468 0.7292340019574013 -0.2395457403745232
vn -0.415783072065009 0.7566056095514746 -0.504650759019963
vn -0.3127723894836832 0.7851100674757491 -0.5345798484089086
vn -0.3999895648406721 0.8651800919997975 -0.3024429804538232
vn -0.415783072065009 0.7566056095514746 -0.504650759019963
vn -0.3999895648406721 0.8651800919997975 -0.3024429804538232
vn -0.5170517837764096 0.8111203227879689 -0.2733885053435388
vn -0.3127723894836832 0.7851100674757491 -0.5345798484089086
vn -0.22260163441084396 0.799625723465021 -0.5577160699949956
vn -0.2909730225436091 0.8996078670743152 -0.32563842778431035
vn -0.3127723894836832 0.7851100674757491 -0.5345798484089086
vn -0.2909730225436091 0.8996078670743152 -0.32563842778431035
vn -0.3999895648406721 0.8651800919997975 -0.3024429804538232
vn -0.22260163441084396 0.799625723465021 -0.5577160699949956
vn -0.14208030433196253 0.8063875543125074 -0.5740664590191885
vn -0.18896830596867617 0.9203281688215151 -0.34247195653507956
vn -0.22260163441084396 0.799625723465021 -0.5577160699949956
vn -0.18896830596867617 0.9203281688215151 -0.34247195653507956
vn -0.2909730225436091 0.8996078670743152 -0.32563842778431035
vn -0.14208030433196253 0.8063875543125074 -0.5740664590191885
vn -0.06786388057127817 0.8090656236458492 -0.5837870419496823
vn -0.09195279502417947 0.9311925955484306 -0.35273932795056784
vn -0.14208030433196253 0.8063875543125074 -0.5740664590191885
vn -0.09195279502417947 0.9311925955484306 -0.35273932795056784
vn -0.18896830596867617 0.9203281688215151 -0.34247195653507956
vn -0.06786388057127817 0.8090656236458492 -0.5837870419496823
vn 0.003269099179721775 0.8095595298158745 -0.5870286881191188
vn 0.002481798894797222 0.9343391710289287 -0.35637642199676994
vn -0.06786388057127817 0.8090656236458492 -0.5837870419496823
vn 0.002481798894797222 0.9343391710289287 -0.35637642199676994
vn -0.09195279502417947 0.9311925955484306 -0.35273932795056784
vn 0.003269099179721775 0.8095595298158745 -0.5870286881191188
vn 0.07442325188922912 0.8084360150216895 -0.5838599054517128
vn 0.09686090760823374 0.9304531290812172 -0.35337648359827334
vn 0.003269099179721775 0.8095595298158745 -0.5870286881191188
vn 0.09686090760823374 0.9304531290812172 -0.35337648359827334
vn 0.002481798894797222 0.9343391710289287 -0.35637642199676994
vn 0.07442325188922912 0.8084360150216895 -0.5838599054517128
vn 0.14868251011143355 0.8050702141275422 -0.5742433817743104
vn 0.19369357509688934 0.9188636021653269 -0.3437622428102677
vn 0.07442325188922912 0.8084360150216895 -0.5838599054517128
vn 0.19369357509688934 0.9188636021653269 -0.3437622428102677
vn 0.09686090760823374 0.9304531290812172 -0.35337648359827334
vn 0.14868251011143355 0.8050702141275422 -0.5742433817743104
vn 0.22919828246329166 0.7975208838983382 -0.5580578707104582
vn 0.29533691133767975 0.8974688917558031 -0.3276060089988124
vn 0.14868251011143355 0.8050702141275422 -0.5742433817743104
vn 0.29533691133767975 0.8974688917558031 -0.3276060089988124
vn 0.19369357509688934 0.9188636021653269 -0.3437622428102677
vn 0.22919828246329166 0.7975208838983382 -0.5580578707104582
vn 0.3191703581656423 0.7821260971340176 -0.5351719823106632
vn 0.4037240870858378 0.8625070375625092 -0.3051040341618755
vn 0.22919828246329166 0.7975208838983382 -0.5580578707104582
vn 0.4037240870858378 0.8625070375625092 -0.3051040341618755
vn 0.29533691133767975 0.8974688917558031 -0.3276060089988124
vn 0.3191703581656423 0.7821260971340176 -0.5351719823106632
vn 0.42152850430492284 0.7527879715265556 -0.5055927115607861
vn 0.5197691323032917 0.8082467754693812 -0.2767258554021127
vn 0.3191703581656423 0.7821260971340176 -0.5351719823106632
vn 0.5197691323032917 0.8082467754693812 -0.2767258554021127
vn 0.4037240870858378 0.8625070375625092 -0.3051040341618755
vn 0.42152850430492284 0.7527879715265556 -0.5055927115607861
vn 0.5378966128791337 0.7000148599346994 -0.4697301669296519
vn 0.6421861365157835 0.7268548095752797 -0.24347289759686905
vn 0.42152850430492284 0.7527879715265556 -0.5055927115607861
vn 0.6421861365157835 0.7268548095752797 -0.24347289759686905
vn 0.5197691323032917 0.8082467754693812 -0.2767258554021127
vn 0.5378966128791337 0.7000148599346994 -0.4697301669296519
vn 0.6660673446983262 0.6102901997212337 -0.42883582458877845
vn 0.765517543246006 0.6091149917257284 -0.20727232771782447
vn 0.5378966128791337 0.7000148599346994 -0.4697301669296519
vn 0.765517543246006 0.6091149917257284 -0.20727232771782447
vn 0.6421861365157835 0.7268548095752797 -0.24347289759686905
vn 0.6660673446983262 0.6102901997212337 -0.42883582458877845
vn 0.7952662053714451 0.46779072264962923 -0.38564686229378314
vn 0.8778196024742361 0.4472627336398796 -0.1714315974637006
vn 0.6660673446983262 0.6102901997212337 -0.42883582458877845
vn 0.8778196024742361 0.4472627336398796 -0.1714315974637006
vn 0.765517543246006 0.6091149917257284 -0.20727232771782447
vn 0.7952662053714451 0.46779072264962923 -0.38564686229378314
vn 0.9011072083341106 0.2625624223246099 -0.3450605359517938
vn 0.9602707257366084 0.24095873471748297 -0.14078004637247737
vn 0.7952662053714451 0.46779072264962923 -0.38564686229378314
vn 0.9602707257366084 0.24095873471748297 -0.14078004637247737
vn 0.8778196024742361 0.4472627336398796 -0.1714315974637006
vn 0.9011072083341106 0.2625624223246099 -0.3450605359517938
vn 0.9457187276986495 0.07144793277313416 -0.31703514155767204
vn 0.9904555002776871 0.06333138890826254 -0.12242155508172198
vn 0.9011072083341106 0.2625624223246099 -0.3450605359517938
vn 0.9904555002776871 0.06333138890826254 -0.12242155508172198
vn 0.9602707257366084 0.24095873471748297 -0.14078004637247737
vn 0.9457187276986495 0.07144793277313416 -0.31703514155767204
vn 0.9474963419755175 -0.03498390525473985 -0.31784714615069404
vn 0.9919242513061277 -0.03528880912661203 -0.12182355938488978
vn 0.9457187276986495 0.07144793277313416 -0.31703514155767204
vn 0.9919242513061277 -0.03528880912661203 -0.12182355938488978
vn 0.9904555002776871 0.06333138890826254 -0.12242155508172198
vn 0.9474963419755175 -0.03498390525473985 -0.31784714615069404
vn 0.9279318091925391 -0.14000993370434975 -0.3454558958141619
vn 0.9806674395976978 -0.14227290380178337 -0.1343495208651826
vn 0.9474963419755175 -0.03498390525473985 -0.31784714615069404
vn 0.9806674395976978 -0.14227290380178337 -0.1343495208651826
vn 0.9919242513061277 -0.03528880912661203 -0.12182355938488978
vn 0.9279318091925391 -0.14000993370434975 -0.3454558958141619
vn 0.8810079244639336 -0.27818006930707495 -0.3826759543949201
vn 0.9459523095845533 -0.2864674832337367 -0.15202173871317923
vn 0.9279318091925391 -0.14000993370434975 -0.3454558958141619
vn 0.9459523095845533 -0.2864674832337367 -0.15202173871317923
vn 0.9806674395976978 -0.14227290380178337 -0.1343495208651826
vn 0.8810079244639336 -0.27818006930707495 -0.3826759543949201
vn 0.8094174037092982 -0.413240793825936 -0.4172235766236244
vn 0.8852337869738832 -0.4330201139014839 -0.16986678120404602
vn 0.8810079244639336 -0.27818006930707495 -0.3826759543949201
vn 0.8852337869738832 -0.4330201139014839 -0.16986678120404602
vn 0.9459523095845533 -0.2864674832337367 -0.15202173871317923
vn 0.8094174037092982 -0.413240793825936 -0.4172235766236244
vn 0.7101798783933316 -0.5438867613085461 -0.44702542567345455
vn 0.7922971864599343 -0.5808123491816629 -0.1868747799082329
vn 0.8094174037092982 -0.413240793825936 -0.4172235766236244
vn 0.7922971864599343 -0.5808123491816629 -0.1868747799082329
vn 0.8852337869738832 -0.4330201139014839 -0.16986678120404602
vn 0.7101798783933316 -0.5438867613085461 -0.44702542567345455
vn 0.5795384309768206 -0.6664985585765768 -0.4689508273116388
vn 0.6592404401481083 -0.7245475566333399 -0.20107928846598183
vn 0.7101798783933316 -0.5438867613085461 -0.44702542567345455
vn 0.6592404401481083 -0.7245475566333399 -0.20107928846598183
vn 0.7922971864599343 -0.5808123491816629 -0.1868747799082329
vn 0.5795384309768206 -0.6664985585765768 -0.4689508273116388
vn 0.41452074779223075 -0.7739360685836423 -0.4787436802664505
vn 0.479426811571449 -0.8522533018458233 -0.20931851766942702
vn 0.5795384309768206 -0.6664985585765768 -0.4689508273116388
vn 0.479426811571449 -0.8522533018458233 -0.20931851766942702
vn 0.6592404401481083 -0.7245475566333399 -0.20107928846598183
vn 0.41452074779223075 -0.7739360685836423 -0.4787436802664505
vn 0.2160176155287687 -0.8550729615378266 -0.47136675766137304
vn 0.2537698012134936 -0.9447249136315133 -0.20759510002886297
vn 0.41452074779223075 -0.7739360685836423 -0.4787436802664505
vn 0.2537698012134936 -0.9447249136315133 -0.20759510002886297
vn 0.479426811571449 -0.8522533018458233 -0.20931851766942702
vn 0.2160176155287687 -0.8550729615378266 -0.47136675766137304
vn 0.05420001643343636 -0.8905973386870805 -0.45155147939310863
vn 0.06476765308521235 -0.9783232411745622 -0.19669465394751579
vn 0.2160176155287687 -0.8550729615378266 -0.47136675766137304
vn 0.06476765308521235 -0.9783232411745622 -0.19669465394751579
vn 0.2537698012134936 -0.9447249136315133 -0.20759510002886297
vn 0.05420001643343636 -0.8905973386870805 -0.45155147939310863
vn -0.06037674356907067 -0.8904843094402034 -0.4509904028655141
vn -0.06678303267193235 -0.9786436104250605 -0.19441376062753832
vn 0.05420001643343636 -0.8905973386870805 -0.45155147939310863
vn -0.06678303267193235 -0.9786436104250605 -0.19441376062753832
vn 0.06476765308521235 -0.9783232411745622 -0.19669465394751579
vn -0.06037674356907067 -0.8904843094402034 -0.4509904028655141
vn -0.2273394364642216 -0.8519598153590057 -0.47167918508407725
vn -0.25755456470365073 -0.9444634892389284 -0.20409400700398228
vn -0.06037674356907067 -0.8904843094402034 -0.4509904028655141
vn -0.25755456470365073 -0.9444634892389284 -0.20409400700398228
vn -0.06678303267193235 -0.9786436104250605 -0.19441376062753832
vn -0.2273394364642216 -0.8519598153590057 -0.47167918508407725
vn -0.4225402751051275 -0.7683527881370767 -0.48072207030264746
vn -0.4820417559689395 -0.8512488372323752 -0.2073913272364848
vn -0.2273394364642216 -0.8519598153590057 -0.47167918508407725
vn -0.4820417559689395 -0.8512488372323752 -0.2073913272364848
vn -0.25755456470365073 -0.9444634892389284 -0.20409400700398228
vn -0.4225402751051275 -0.7683527881370767 -0.48072207030264746
vn -0.5836578888511333 -0.660515919332125 -0.4722945998957386
vn -0.660509641467759 -0.7235546370822783 -0.20048865475349228
vn -0.4225402751051275 -0.7683527881370767 -0.48072207030264746
vn -0.660509641467759 -0.7235546370822783 -0.20048865475349228
vn -0.4820417559689395 -0.8512488372323752 -0.2073913272364848
vn -0.5836578888511333 -0.660515919332125 -0.4722945998957386
vn -0.7110834920905362 -0.5389530682659511 -0.4515416453474089
vn -0.7926043815386296 -0.5802629138932377 -0.1872785228633962
vn -0.5836578888511333 -0.660515919332125 -0.4722945998957386
vn -0.7926043815386296 -0.5802629138932377 -0.1872785228633962
vn -0.660509641467759 -0.7235546370822783 -0.20048865475349228
vn -0.7110834920905362 -0.5389530682659511 -0.4515416453474089
vn -0.8082265431942657 -0.41002245088339884 -0.42267179305912816
vn -0.8850323593865504 -0.43300107346609557 -0.17096137931089805
vn -0.7110834920905362 -0.5389530682659511 -0.4515416453474089
vn -0.8850323593865504 -0.43300107346609557 -0.17096137931089805
vn -0.7926043815386296 -0.5802629138932377 -0.1872785228633962
vn -0.8082265431942657 -0.41002245088339884 -0.42267179305912816
vn -0.8787869049069919 -0.276780659278987 -0.3887493310773391
vn -0.9455673486878701 -0.28689868700025534 -0.15359535309676992
vn -0.8082265431942657 -0.41002245088339884 -0.42267179305912816
vn -0.9455673486878701 -0.28689868700025534 -0.15359535309676992
vn -0.8850323593865504 -0.43300107346609557 -0.17096137931089805
vn -0.8787869049069919 -0.276780659278987 -0.3887493310773391
vn -0.9255041743694874 -0.1402083164315297 -0.3518290085085215
vn -0.9802904501435054 -0.1430313749834093 -0.13628154360660527
vn -0.8787869049069919 -0.276780659278987 -0.3887493310773391
vn -0.9802904501435054 -0.1430313749834093 -0.13628154360660527
vn -0.9455673486878701 -0.28689868700025534 -0.15359535309676992
vn -0.9255041743694874 -0.1402083164315297 -0.3518290085085215
vn -0.9463941038368688 -0.03556765249395745 -0.32105006201351083
vn -0.9917779818750774 -0.03575335115903002 -0.12287445848791176
vn -0.9255041743694874 -0.1402083164315297 -0.3518290085085215
vn -0.9917779818750774 -0.03575335115903002 -0.12287445848791176
vn -0.9802904501435054 -0.1430313749834093 -0.13628154360660527
vn -0.9917779818750774 -0.03575335115903002 -0.12287445848791176
vn -0.9929916035443521 0 -0.11818491989427587
vn -0.9998408282010623 0 -0.017841475897853346
vn -0.9917779818750774 -0.03575335115903002 -0.12287445848791176
vn -0.9998408282010623 0 -0.017841475897853346
vn -0.9991912715230309 -0.03510047592302185 -0.01961528746069897
vn -0.9929916035443521 0 -0.11818491989427587
vn -0.9929916035443521 0 -0.11818491989427587
vn -0.9998408282010623 0 -0.017841475897853346
vn -0.9929916035443521 0 -0.11818491989427587
vn -0.9998408282010623 0 -0.017841475897853346
vn -0.9998408282010623 0 -0.017841475897853346
vn -0.9929916035443521 0 -0.11818491989427587
vn -0.9908641138510765 0.05911956448594183 -0.12121544859098361
vn -0.9983035087216019 0.054974750019579584 -0.01918023290846303
vn -0.9929916035443521 0 -0.11818491989427587
vn -0.9983035087216019 0.054974750019579584 -0.01918023290846303
vn -0.9998408282010623 0 -0.017841475897853346
vn -0.9908641138510765 0.05911956448594183 -0.12121544859098361
vn -0.962386289559144 0.23448830668491277 -0.1372146628339177
vn -0.9754499178663298 0.21856151617551367 -0.02698743006717518
vn -0.9908641138510765 0.05911956448594183 -0.12121544859098361
vn -0.9754499178663298 0.21856151617551367 -0.02698743006717518
vn -0.9983035087216019 0.054974750019579584 -0.01918023290846303
vn -0.962386289559144 0.23448830668491277 -0.1372146628339177
vn -0.8799529662428713 0.4446833212265209 -0.1671511921085902
vn -0.9065283720904829 0.4199155165347887 -0.04332746898101095
vn -0.962386289559144 0.23448830668491277 -0.1372146628339177
vn -0.9065283720904829 0.4199155165347887 -0.04332746898101095
vn -0.9754499178663298 0.21856151617551367 -0.02698743006717518
vn -0.8799529662428713 0.4446833212265209 -0.1671511921085902
vn -0.7661407227362497 0.6097820980664269 -0.20296350864843565
vn -0.8064984694210504 0.587710629188509 -0.06447042081722343
vn -0.8799529662428713 0.4446833212265209 -0.1671511921085902
vn -0.8064984694210504 0.587710629188509 -0.06447042081722343
vn -0.9065283720904829 0.4199155165347887 -0.04332746898101095
vn -0.7661407227362497 0.6097820980664269 -0.20296350864843565
vn -0.6409645923587468 0.7292340019574013 -0.2395457403745232
vn -0.6900636884286099 0.7184557866969833 -0.08736926504166785
vn -0.7661407227362497 0.6097820980664269 -0.20296350864843565
vn -0.6900636884286099 0.7184557866969833 -0.08736926504166785
vn -0.8064984694210504 0.587710629188509 -0.06447042081722343
vn -0.6409645923587468 0.7292340019574013 -0.2395457403745232
vn -0.5170517837764096 0.8111203227879689 -0.2733885053435388
vn -0.5682591032860578 0.8155251841514243 -0.10954572354643011
vn -0.6409645923587468 0.7292340019574013 -0.2395457403745232
vn -0.5682591032860578 0.8155251841514243 -0.10954572354643011
vn -0.6900636884286099 0.7184557866969833 -0.08736926504166785
vn -0.5170517837764096 0.8111203227879689 -0.2733885053435388
vn -0.3999895648406721 0.8651800919997975 -0.3024429804538232
vn -0.4473983394229349 0.8849405818459615 -0.12928608774238554
vn -0.5170517837764096 0.8111203227879689 -0.2733885053435388
vn -0.4473983394229349 0.8849405818459615 -0.12928608774238554
vn -0.5682591032860578 0.8155251841514243 -0.10954572354643011
vn -0.3999895648406721 0.8651800919997975 -0.3024429804538232
vn -0.2909730225436091 0.8996078670743152 -0.32563842778431035
vn -0.33013787253815835 0.9326503930931463 -0.14550680183131692
vn -0.3999895648406721 0.8651800919997975 -0.3024429804538232
vn -0.33013787253815835 0.9326503930931463 -0.14550680183131692
vn -0.4473983394229349 0.8849405818459615 -0.12928608774238554
vn -0.2909730225436091 0.8996078670743152 -0.32563842778431035
vn -0.18896830596867617 0.9203281688215151 -0.34247195653507956
vn -0.21687228839059586 0.963401296756246 -0.1575574559854593
vn -0.2909730225436091 0.8996078670743152 -0.32563842778431035
vn -0.21687228839059586 0.963401296756246 -0.1575574559854593
vn -0.33013787253815835 0.9326503930931463 -0.14550680183131692
vn -0.18896830596867617 0.9203281688215151 -0.34247195653507956
vn -0.09195279502417947 0.9311925955484306 -0.35273932795056784
vn -0.10676895881449375 0.980486369674319 -0.16506625432396413
vn -0.18896830596867617 0.9203281688215151 -0.34247195653507956
vn -0.10676895881449375 0.980486369674319 -0.16506625432396413
vn -0.21687228839059586 0.963401296756246 -0.1575574559854593
vn -0.09195279502417947 0.9311925955484306 -0.35273932795056784
vn 0.002481798894797222 0.9343391710289287 -0.35637642199676994
vn 0.0016021637703015467 0.9858126188302612 -0.16784193047708715
vn -0.09195279502417947 0.9311925955484306 -0.35273932795056784
vn 0.0016021637703015467 0.9858126188302612 -0.16784193047708715
vn -0.10676895881449375 0.980486369674319 -0.16506625432396413
vn 0.002481798894797222 0.9343391710289287 -0.35637642199676994
vn 0.09686090760823374 0.9304531290812172 -0.35337648359827334
vn 0.10990430758110876 0.9800124764283445 -0.16582095530993782
vn 0.002481798894797222 0.9343391710289287 -0.35637642199676994
vn 0.10990430758110876 0.9800124764283445 -0.16582095530993782
vn 0.0016021637703015467 0.9858126188302612 -0.16784193047708715
vn 0.09686090760823374 0.9304531290812172 -0.35337648359827334
vn 0.19369357509688934 0.9188636021653269 -0.3437622428102677
vn 0.21979162226350427 0.9624940999892043 -0.15904952143514398
vn 0.09686090760823374 0.9304531290812172 -0.35337648359827334
vn 0.21979162226350427 0.9624940999892043 -0.15904952143514398
vn 0.10990430758110876 0.9800124764283445 -0.16582095530993782
vn 0.19369357509688934 0.9188636021653269 -0.3437622428102677
vn 0.29533691133767975 0.8974688917558031 -0.3276060089988124
vn 0.33266789790925216 0.9314063697602716 -0.1476964592352562
vn 0.19369357509688934 0.9188636021653269 -0.3437622428102677
vn 0.33266789790925216 0.9314063697602716 -0.1476964592352562
vn 0.21979162226350427 0.9624940999892043 -0.15904952143514398
vn 0.29533691133767975 0.8974688917558031 -0.3276060089988124
vn 0.4037240870858378 0.8625070375625092 -0.3051040341618755
vn 0.44932837434732487 0.8835459629879843 -0.13210050451843855
vn 0.29533691133767975 0.8974688917558031 -0.3276060089988124
vn 0.44932837434732487 0.8835459629879843 -0.13210050451843855
vn 0.33266789790925216 0.9314063697602716 -0.1476964592352562
vn 0.4037240870858378 0.8625070375625092 -0.3051040341618755
vn 0.5197691323032917 0.8082467754693812 -0.2767258554021127
vn 0.5693519122303694 0.8143099104459034 -0.11286172862935581
vn 0.4037240870858378 0.8625070375625092 -0.3051040341618755
vn 0.5693519122303694 0.8143099104459034 -0.11286172862935581
vn 0.44932837434732487 0.8835459629879843 -0.13210050451843855
vn 0.5197691323032917 0.8082467754693812 -0.2767258554021127
vn 0.6421861365157835 0.7268548095752797 -0.24347289759686905
vn 0.6901232982159364 0.7179492239040857 -0.09098760989870494
vn 0.5197691323032917 0.8082467754693812 -0.2767258554021127
vn 0.6901232982159364 0.7179492239040857 -0.09098760989870494
vn 0.5693519122303694 0.8143099104459034 -0.11286172862935581
vn 0.6421861365157835 0.7268548095752797 -0.24347289759686905
vn 0.765517543246006 0.6091149917257284 -0.20727232771782447
vn 0.8055376174542761 0.5886203548776084 -0.06808248445706445
vn 0.6421861365157835 0.7268548095752797 -0.24347289759686905
vn 0.8055376174542761 0.5886203548776084 -0.06808248445706445
vn 0.6901232982159364 0.7179492239040857 -0.09098760989870494
vn 0.765517543246006 0.6091149917257284 -0.20727232771782447
vn 0.8778196024742361 0.4472627336398796 -0.1714315974637006
vn 0.9049989617517273 0.42286562564105445 -0.04649238517752305
vn 0.765517543246006 0.6091149917257284 -0.20727232771782447
vn 0.9049989617517273 0.42286562564105445 -0.04649238517752305
vn 0.8055376174542761 0.5886203548776084 -0.06808248445706445
vn 0.8778196024742361 0.4472627336398796 -0.1714315974637006
vn 0.9602707257366084 0.24095873471748297 -0.14078004637247737
vn 0.9742637209141733 0.2235148095389841 -0.029177594609935267
vn 0.8778196024742361 0.4472627336398796 -0.1714315974637006
vn 0.9742637209141733 0.2235148095389841 -0.029177594609935267
vn 0.9049989617517273 0.42286562564105445 -0.04649238517752305
vn 0.9602707257366084 0.24095873471748297 -0.14078004637247737
vn 0.9904555002776871 0.06333138890826254 -0.12242155508172198
vn 0.9981272553867151 0.05788164760674952 -0.019791334581353556
vn 0.9602707257366084 0.24095873471748297 -0.14078004637247737
vn 0.9981272553867151 0.05788164760674952 -0.019791334581353556
vn 0.9742637209141733 0.2235148095389841 -0.029177594609935267
vn 0.9904555002776871 0.06333138890826254 -0.12242155508172198
vn 0.9919242513061277 -0.03528880912661203 -0.12182355938488978
vn 0.999220747332152 -0.03476816361648921 -0.018683492706470642
vn 0.9904555002776871 0.06333138890826254 -0.12242155508172198
vn 0.999220747332152 -0.03476816361648921 -0.018683492706470642
vn 0.9981272553867151 0.05788164760674952 -0.019791334581353556
vn 0.9919242513061277 -0.03528880912661203 -0.12182355938488978
vn 0.9806674395976978 -0.14227290380178337 -0.1343495208651826
vn 0.9898548975291421 -0.1403108423454583 -0.022364019269343928
vn 0.9919242513061277 -0.03528880912661203 -0.12182355938488978
vn 0.9898548975291421 -0.1403108423454583 -0.022364019269343928
vn 0.999220747332152 -0.03476816361648921 -0.018683492706470642
vn 0.9806674395976978 -0.14227290380178337 -0.1343495208651826
vn 0.9459523095845533 -0.2864674832337367 -0.15202173871317923
vn 0.9585823415020165 -0.2833894790947711 -0.02846572849772125
vn 0.9806674395976978 -0.14227290380178337 -0.1343495208651826
vn 0.9585823415020165 -0.2833894790947711 -0.02846572849772125
vn 0.9898548975291421 -0.1403108423454583 -0.022364019269343928
vn 0.9459523095845533 -0.2864674832337367 -0.15202173871317923
vn 0.8852337869738832 -0.4330201139014839 -0.16986678120404602
vn 0.9018884188011081 -0.4305236623095251 -0.03530801925952658
vn 0.9459523095845533 -0.2864674832337367 -0.15202173871317923
vn 0.9018884188011081 -0.4305236623095251 -0.03530801925952658
vn 0.9585823415020165 -0.2833894790947711 -0.02846572849772125
vn 0.8852337869738832 -0.4330201139014839 -0.16986678120404602
vn 0.7922971864599343 -0.5808123491816629 -0.1868747799082329
vn 0.8126531811615283 -0.5811837255977058 -0.042664789328191996
vn 0.8852337869738832 -0.4330201139014839 -0.16986678120404602
vn 0.8126531811615283 -0.5811837255977058 -0.042664789328191996
vn 0.9018884188011081 -0.4305236623095251 -0.03530801925952658
vn 0.7922971864599343 -0.5808123491816629 -0.1868747799082329
vn 0.6592404401481083 -0.7245475566333399 -0.20107928846598183
vn 0.6813650154723064 -0.7302345057403966 -0.04999282264988067
vn 0.7922971864599343 -0.5808123491816629 -0.1868747799082329
vn 0.6813650154723064 -0.7302345057403966 -0.04999282264988067
vn 0.8126531811615283 -0.5811837255977058 -0.042664789328191996
vn 0.6592404401481083 -0.7245475566333399 -0.20107928846598183
vn 0.479426811571449 -0.8522533018458233 -0.20931851766942702
vn 0.4992802042397054 -0.8646115320424058 -0.05626878631747642
vn 0.6592404401481083 -0.7245475566333399 -0.20107928846598183
vn 0.4992802042397054 -0.8646115320424058 -0.05626878631747642
vn 0.6813650154723064 -0.7302345057403966 -0.04999282264988067
vn 0.479426811571449 -0.8522533018458233 -0.20931851766942702
vn 0.2537698012134936 -0.9447249136315133 -0.20759510002886297
vn 0.266099113706503 -0.9620781577935811 -0.05997399420684677
vn 0.479426811571449 -0.8522533018458233 -0.20931851766942702
vn 0.266099113706503 -0.9620781577935811 -0.05997399420684677
vn 0.4992802042397054 -0.8646115320424058 -0.05626878631747642
vn 0.2537698012134936 -0.9447249136315133 -0.20759510002886297
vn 0.06476765308521235 -0.9783232411745622 -0.19669465394751579
vn 0.06825752264797048 -0.9958646439884113 -0.059954328082272225
vn 0.2537698012134936 -0.9447249136315133 -0.20759510002886297
vn 0.06825752264797048 -0.9958646439884113 -0.059954328082272225
vn 0.266099113706503 -0.9620781577935811 -0.05997399420684677
vn 0.06476765308521235 -0.9783232411745622 -0.19669465394751579
vn -0.06678303267193235 -0.9786436104250605 -0.19441376062753832
vn -0.0690722244655636 -0.9958275037548759 -0.05963732533163432
vn 0.06476765308521235 -0.9783232411745622 -0.19669465394751579
vn -0.0690722244655636 -0.9958275037548759 -0.05963732533163432
vn 0.06825752264797048 -0.9958646439884113 -0.059954328082272225
vn -0.06678303267193235 -0.9786436104250605 -0.19441376062753832
vn -0.25755456470365073 -0.9444634892389284 -0.20409400700398228
vn -0.26744083736229 -0.9616721067560218 -0.06051576322241868
vn -0.06678303267193235 -0.9786436104250605 -0.19441376062753832
vn -0.26744083736229 -0.9616721067560218 -0.06051576322241868
vn -0.0690722244655636 -0.9958275037548759 -0.05963732533163432
vn -0.25755456470365073 -0.9444634892389284 -0.20409400700398228
vn -0.4820417559689395 -0.8512488372323752 -0.2073913272364848
vn -0.4999600059926657 -0.8640916625304952 -0.05818583292433294
vn -0.25755456470365073 -0.9444634892389284 -0.20409400700398228
vn -0.4999600059926657 -0.8640916625304952 -0.05818583292433294
vn -0.26744083736229 -0.9616721067560218 -0.06051576322241868
vn -0.4820417559689395 -0.8512488372323752 -0.2073913272364848
vn -0.660509641467759 -0.7235546370822783 -0.20048865475349228
vn -0.6814698618924709 -0.7299478339410002 -0.05267814591553756
vn -0.4820417559689395 -0.8512488372323752 -0.2073913272364848
vn -0.6814698618924709 -0.7299478339410002 -0.05267814591553756
vn -0.4999600059926657 -0.8640916625304952 -0.05818583292433294
vn -0.660509641467759 -0.7235546370822783 -0.20048865475349228
vn -0.7926043815386296 -0.5802629138932377 -0.1872785228633962
vn -0.8124574364902468 -0.5812351830210645 -0.04559140171311068
vn -0.660509641467759 -0.7235546370822783 -0.20048865475349228
vn -0.8124574364902468 -0.5812351830210645 -0.04559140171311068
vn -0.6814698618924709 -0.7299478339410002 -0.05267814591553756
vn -0.7926043815386296 -0.5802629138932377 -0.1872785228633962
vn -0.8850323593865504 -0.43300107346609557 -0.17096137931089805
vn -0.9016135729788315 -0.43085847753606593 -0.03813053049261989
vn -0.7926043815386296 -0.5802629138932377 -0.1872785228633962
vn -0.9016135729788315 -0.43085847753606593 -0.03813053049261989
vn -0.8124574364902468 -0.5812351830210645 -0.04559140171311068
vn -0.8850323593865504 -0.43300107346609557 -0.17096137931089805
vn -0.9455673486878701 -0.28689868700025534 -0.15359535309676992
vn -0.9583492354900157 -0.28391220764656633 -0.03099356683176914
vn -0.8850323593865504 -0.43300107346609557 -0.17096137931089805
vn -0.9583492354900157 -0.28391220764656633 -0.03099356683176914
vn -0.9016135729788315 -0.43085847753606593 -0.03813053049261989
vn -0.9455673486878701 -0.28689868700025534 -0.15359535309676992
vn -0.9802904501435054 -0.1430313749834093 -0.13628154360660527
vn -0.9897149519782867 -0.14093814177618866 -0.0245102840312505
vn -0.9455673486878701 -0.28689868700025534 -0.15359535309676992
vn -0.9897149519782867 -0.14093814177618866 -0.0245102840312505
vn -0.9583492354900157 -0.28391220764656633 -0.03099356683176914
vn -0.9802904501435054 -0.1430313749834093 -0.13628154360660527
vn -0.9917779818750774 -0.03575335115903002 -0.12287445848791176
vn -0.9991912715230309 -0.03510047592302185 -0.01961528746069897
vn -0.9802904501435054 -0.1430313749834093 -0.13628154360660527
vn -0.9991912715230309 -0.03510047592302185 -0.01961528746069897
vn -0.9897149519782867 -0.14093814177618866 -0.0245102840312505
vn -1 0 0
vn -1 0 0
vn -1 0 0
vn -1 0 0
vn -1 0 0
vn -1 0 0
vn -1 0 0
vn -1 0 0
vn -1 0 0
vn -1 0 0
vn -1 0 0
vn -1 0 0
vn -1 0 0
vn -1 0 0
vn -1 0 0
vn -1 0 0
vn -1 0 0
vn -1 0 0
vn -0.9983035087216019 0.054974750019579584 -0.01918023290846303
vn -0.9754499178663298 0.21856151617551367 -0.02698743006717518
vn -0.9784275549379859 0.20657846762064 -0.0022037362779056477
vn -0.9983035087216019 0.054974750019579584 -0.01918023290846303
vn -0.9784275549379859 0.20657846762064 -0.0022037362779056477
vn -0.9986412136645272 0.05211208278685748 -0.0002391615688867795
vn -0.9754499178663298 0.21856151617551367 -0.02698743006717518
vn -0.9065283720904829 0.4199155165347887 -0.04332746898101095
vn -0.9170087657994237 0.39880315765774327 -0.007138969759769577
vn -0.9754499178663298 0.21856151617551367 -0.02698743006717518
vn -0.9170087657994237 0.39880315765774327 -0.007138969759769577
vn -0.9784275549379859 0.20657846762064 -0.0022037362779056477
vn -0.9065283720904829 0.4199155165347887 -0.04332746898101095
vn -0.8064984694210504 0.587710629188509 -0.06447042081722343
vn -0.8256222712312654 0.5640494005372372 -0.014004963424094297
vn -0.9065283720904829 0.4199155165347887 -0.04332746898101095
vn -0.8256222712312654 0.5640494005372372 -0.014004963424094297
vn -0.9170087657994237 0.39880315765774327 -0.007138969759769577
vn -0.8064984694210504 0.587710629188509 -0.06447042081722343
vn -0.6900636884286099 0.7184557866969833 -0.08736926504166785
vn -0.715736021147911 0.6980298103534026 -0.021825028965608586
vn -0.8064984694210504 0.587710629188509 -0.06447042081722343
vn -0.715736021147911 0.6980298103534026 -0.021825028965608586
vn -0.8256222712312654 0.5640494005372372 -0.014004963424094297
vn -0.6900636884286099 0.7184557866969833 -0.08736926504166785
vn -0.5682591032860578 0.8155251841514243 -0.10954572354643011
vn -0.596819853980923 0.8018250148254384 -0.02971039370953146
vn -0.6900636884286099 0.7184557866969833 -0.08736926504166785
vn -0.596819853980923 0.8018250148254384 -0.02971039370953146
vn -0.715736021147911 0.6980298103534026 -0.021825028965608586
vn -0.5682591032860578 0.8155251841514243 -0.10954572354643011
vn -0.4473983394229349 0.8849405818459615 -0.12928608774238554
vn -0.47507156200101164 0.8791699327720164 -0.036976212455675284
vn -0.5682591032860578 0.8155251841514243 -0.10954572354643011
vn -0.47507156200101164 0.8791699327720164 -0.036976212455675284
vn -0.596819853980923 0.8018250148254384 -0.02971039370953146
vn -0.4473983394229349 0.8849405818459615 -0.12928608774238554
vn -0.33013787253815835 0.9326503930931463 -0.14550680183131692
vn -0.353765799259877 0.9343385844387406 -0.04314126682227536
vn -0.4473983394229349 0.8849405818459615 -0.12928608774238554
vn -0.353765799259877 0.9343385844387406 -0.04314126682227536
vn -0.47507156200101164 0.8791699327720164 -0.036976212455675284
vn -0.33013787253815835 0.9326503930931463 -0.14550680183131692
vn -0.21687228839059586 0.963401296756246 -0.1575574559854593
vn -0.23413331706785181 0.9710245301318882 -0.0478847754610054
vn -0.33013787253815835 0.9326503930931463 -0.14550680183131692
vn -0.23413331706785181 0.9710245301318882 -0.0478847754610054
vn -0.353765799259877 0.9343385844387406 -0.04314126682227536
vn -0.21687228839059586 0.963401296756246 -0.1575574559854593
vn -0.10676895881449375 0.980486369674319 -0.16506625432396413
vn -0.11616654585046665 0.991919390380164 -0.05100251575182565
vn -0.21687228839059586 0.963401296756246 -0.1575574559854593
vn -0.11616654585046665 0.991919390380164 -0.05100251575182565
vn -0.23413331706785181 0.9710245301318882 -0.0478847754610054
vn -0.10676895881449375 0.980486369674319 -0.16506625432396413
vn 0.0016021637703015467 0.9858126188302612 -0.16784193047708715
vn 0.0008065428924181598 0.9986271345185713 -0.05237552569464253
vn -0.10676895881449375 0.980486369674319 -0.16506625432396413
vn 0.0008065428924181598 0.9986271345185713 -0.05237552569464253
vn -0.11616654585046665 0.991919390380164 -0.05100251575182565
vn 0.0016021637703015467 0.9858126188302612 -0.16784193047708715
vn 0.10990430758110876 0.9800124764283445 -0.16582095530993782
vn 0.11773944717501504 0.9916846300007002 -0.05195206636213979
vn 0.0016021637703015467 0.9858126188302612 -0.16784193047708715
vn 0.11773944717501504 0.9916846300007002 -0.05195206636213979
vn 0.0008065428924181598 0.9986271345185713 -0.05237552569464253
vn 0.10990430758110876 0.9800124764283445 -0.16582095530993782
vn 0.21979162226350427 0.9624940999892043 -0.15904952143514398
vn 0.23558204535943564 0.9705807300727248 -0.04974079126593239
vn 0.10990430758110876 0.9800124764283445 -0.16582095530993782
vn 0.23558204535943564 0.9705807300727248 -0.04974079126593239
vn 0.11773944717501504 0.9916846300007002 -0.05195206636213979
vn 0.21979162226350427 0.9624940999892043 -0.15904952143514398
vn 0.33266789790925216 0.9314063697602716 -0.1476964592352562
vn 0.3549963733390014 0.9337444246147881 -0.045814019873339225
vn 0.21979162226350427 0.9624940999892043 -0.15904952143514398
vn 0.3549963733390014 0.9337444246147881 -0.045814019873339225
vn 0.23558204535943564 0.9705807300727248 -0.04974079126593239
vn 0.33266789790925216 0.9314063697602716 -0.1476964592352562
vn 0.44932837434732487 0.8835459629879843 -0.13210050451843855
vn 0.4759778236272955 0.8785324470817606 -0.040321840726289936
vn 0.33266789790925216 0.9314063697602716 -0.1476964592352562
vn 0.4759778236272955 0.8785324470817606 -0.040321840726289936
vn 0.3549963733390014 0.9337444246147881 -0.045814019873339225
vn 0.44932837434732487 0.8835459629879843 -0.13210050451843855
vn 0.5693519122303694 0.8143099104459034 -0.11286172862935581
vn 0.5972937477964598 0.8013218121719271 -0.033519131563299734
vn 0.44932837434732487 0.8835459629879843 -0.13210050451843855
vn 0.5972937477964598 0.8013218121719271 -0.033519131563299734
vn 0.4759778236272955 0.8785324470817606 -0.040321840726289936
vn 0.5693519122303694 0.8143099104459034 -0.11286172862935581
vn 0.6901232982159364 0.7179492239040857 -0.09098760989870494
vn 0.7157052507601573 0.6979255128747675 -0.02580644324259027
vn 0.5693519122303694 0.8143099104459034 -0.11286172862935581
vn 0.7157052507601573 0.6979255128747675 -0.02580644324259027
vn 0.5972937477964598 0.8013218121719271 -0.033519131563299734
vn 0.6901232982159364 0.7179492239040857 -0.09098760989870494
vn 0.8055376174542761 0.5886203548776084 -0.06808248445706445
vn 0.8251269287173395 0.5646676126979921 -0.017777476633115418
vn 0.6901232982159364 0.7179492239040857 -0.09098760989870494
vn 0.8251269287173395 0.5646676126979921 -0.017777476633115418
vn 0.7157052507601573 0.6979255128747675 -0.02580644324259027
vn 0.8055376174542761 0.5886203548776084 -0.06808248445706445
vn 0.9049989617517273 0.42286562564105445 -0.04649238517752305
vn 0.9162865289164287 0.4003923731546366 -0.010244239643860252
vn 0.8055376174542761 0.5886203548776084 -0.06808248445706445
vn 0.9162865289164287 0.4003923731546366 -0.010244239643860252
vn 0.8251269287173395 0.5646676126979921 -0.017777476633115418
vn 0.9049989617517273 0.42286562564105445 -0.04649238517752305
vn 0.9742637209141733 0.2235148095389841 -0.029177594609935267
vn 0.9778913704405733 0.20907176317881745 -0.004179169673280327
vn 0.9049989617517273 0.42286562564105445 -0.04649238517752305
vn 0.9778913704405733 0.20907176317881745 -0.004179169673280327
vn 0.9162865289164287 0.4003923731546366 -0.010244239643860252
vn 0.9742637209141733 0.2235148095389841 -0.029177594609935267
vn 0.9981272553867151 0.05788164760674952 -0.019791334581353556
vn 0.9985650930251576 0.05354620669441687 -0.0007474893290513093
vn 0.9742637209141733 0.2235148095389841 -0.029177594609935267
vn 0.9985650930251576 0.05354620669441687 -0.0007474893290513093
vn 0.9778913704405733 0.20907176317881745 -0.004179169673280327
vn 1 0 0
vn 1 0 0
vn 1 0 0
vn 1 0 0
vn 1 0 0
vn 1 0 0
vn 0.999220747332152 -0.03476816361648921 -0.018683492706470642
vn 0.9898548975291421 -0.1403108423454583 -0.022364019269343928
vn 0.9901510048449317 -0.14000352711475603 0
vn 0.999220747332152 -0.03476816361648921 -0.018683492706470642
vn 0.9901510048449317 -0.14000352711475603 0
vn 0.9993952834811135 -0.03477164585844373 0
vn 0.9898548975291421 -0.1403108423454583 -0.022364019269343928
vn 0.9585823415020165 -0.2833894790947711 -0.02846572849772125
vn 0.9592593076813966 -0.2825271325494379 0
vn 0.9898548975291421 -0.1403108423454583 -0.022364019269343928
vn 0.9592593076813966 -0.2825271325494379 0
vn 0.9901510048449317 -0.14000352711475603 0
vn 0.9585823415020165 -0.2833894790947711 -0.02846572849772125
vn 0.9018884188011081 -0.4305236623095251 -0.03530801925952658
vn 0.9031572697956277 -0.42930984849559106 0
vn 0.9585823415020165 -0.2833894790947711 -0.02846572849772125
vn 0.9031572697956277 -0.42930984849559106 0
vn 0.9592593076813966 -0.2825271325494379 0
vn 0.9018884188011081 -0.4305236623095251 -0.03530801925952658
vn 0.8126531811615283 -0.5811837255977058 -0.042664789328191996
vn 0.8146463300411152 -0.5799580648206751 0
vn 0.9018884188011081 -0.4305236623095251 -0.03530801925952658
vn 0.8146463300411152 -0.5799580648206751 0
vn 0.9031572697956277 -0.42930984849559106 0
vn 0.8126531811615283 -0.5811837255977058 -0.042664789328191996
vn 0.6813650154723064 -0.7302345057403966 -0.04999282264988067
vn 0.6840179177626884 -0.7294652069698706 0
vn 0.8126531811615283 -0.5811837255977058 -0.042664789328191996
vn 0.6840179177626884 -0.7294652069698706 0
vn 0.8146463300411152 -0.5799580648206751 0
vn 0.6813650154723064 -0.7302345057403966 -0.04999282264988067
vn 0.4992802042397054 -0.8646115320424058 -0.05626878631747642
vn 0.5021705781415875 -0.8647685878019297 0
vn 0.6813650154723064 -0.7302345057403966 -0.04999282264988067
vn 0.5021705781415875 -0.8647685878019297 0
vn 0.6840179177626884 -0.7294652069698706 0
vn 0.4992802042397054 -0.8646115320424058 -0.05626878631747642
vn 0.266099113706503 -0.9620781577935811 -0.05997399420684677
vn 0.2684003550537381 -0.9633074532084901 0
vn 0.4992802042397054 -0.8646115320424058 -0.05626878631747642
vn 0.2684003550537381 -0.9633074532084901 0
vn 0.5021705781415875 -0.8647685878019297 0
vn 0.266099113706503 -0.9620781577935811 -0.05997399420684677
vn 0.06825752264797048 -0.9958646439884113 -0.059954328082272225
vn 0.0691182985776545 -0.9976084706946559 0
vn 0.266099113706503 -0.9620781577935811 -0.05997399420684677
vn 0.0691182985776545 -0.9976084706946559 0
vn 0.2684003550537381 -0.9633074532084901 0
vn 0 -1 0
vn 0 -1 0
vn 0 -1 0
vn 0 -1 0
vn 0 -1 0
vn 0 -1 0
vn -0.0690722244655636 -0.9958275037548759 -0.05963732533163432
vn -0.26744083736229 -0.9616721067560218 -0.06051576322241868
vn -0.2684003550537383 -0.9633074532084901 0
vn -0.0690722244655636 -0.9958275037548759 -0.05963732533163432
vn -0.2684003550537383 -0.9633074532084901 0
vn -0.06911829857765465 -0.9976084706946559 0
vn -0.26744083736229 -0.9616721067560218 -0.06051576322241868
vn -0.4999600059926657 -0.8640916625304952 -0.05818583292433294
vn -0.5021705781415875 -0.8647685878019297 0
vn -0.26744083736229 -0.9616721067560218 -0.06051576322241868
vn -0.5021705781415875 -0.8647685878019297 0
vn -0.2684003550537383 -0.9633074532084901 0
vn -0.4999600059926657 -0.8640916625304952 -0.05818583292433294
vn -0.6814698618924709 -0.7299478339410002 -0.05267814591553756
vn -0.6840179177626889 -0.7294652069698699 0
vn -0.4999600059926657 -0.8640916625304952 -0.05818583292433294
vn -0.6840179177626889 -0.7294652069698699 0
vn -0.5021705781415875 -0.8647685878019297 0
vn -0.6814698618924709 -0.7299478339410002 -0.05267814591553756
vn -0.8124574364902468 -0.5812351830210645 -0.04559140171311068
vn -0.8146463300411145 -0.5799580648206759 0
vn -0.6814698618924709 -0.7299478339410002 -0.05267814591553756
vn -0.8146463300411145 -0.5799580648206759 0
vn -0.6840179177626889 -0.7294652069698699 0
vn -0.8124574364902468 -0.5812351830210645 -0.04559140171311068
vn -0.9016135729788315 -0.43085847753606593 -0.03813053049261989
vn -0.9031572697956273 -0.4293098484955926 0
vn -0.8124574364902468 -0.5812351830210645 -0.04559140171311068
vn -0.9031572697956273 -0.4293098484955926 0
vn -0.8146463300411145 -0.5799580648206759 0
vn -0.9016135729788315 -0.43085847753606593 -0.03813053049261989
vn -0.9583492354900157 -0.28391220764656633 -0.03099356683176914
vn -0.9592593076813963 -0.28252713254943856 0
vn -0.9016135729788315 -0.43085847753606593 -0.03813053049261989
vn -0.9592593076813963 -0.28252713254943856 0
vn -0.9031572697956273 -0.4293098484955926 0
vn -0.9583492354900157 -0.28391220764656633 -0.03099356683176914
vn -0.9897149519782867 -0.14093814177618866 -0.0245102840312505
vn -0.9901510048449316 -0.1400035271147569 0
vn -0.9583492354900157 -0.28391220764656633 -0.03099356683176914
vn -0.9901510048449316 -0.1400035271147569 0
vn -0.9592593076813963 -0.28252713254943856 0
vn -0.9897149519782867 -0.14093814177618866 -0.0245102840312505
vn -0.9991912715230309 -0.03510047592302185 -0.01961528746069897
vn -0.9993952834811135 -0.0347716458584436 0
vn -0.9897149519782867 -0.14093814177618866 -0.0245102840312505
vn -0.9993952834811135 -0.0347716458584436 0
vn -0.9901510048449316 -0.1400035271147569 0
vn -1 0 0
vn -1 0 0
vn -1 0 0
vn -1 0 0
vn -1 0 0
vn -1 0 0
vn -1 0 0
vn -1 0 0
vn -1 0 0
vn -1 0 0
vn -1 0 0
vn -1 0 0
vn -1 0 0
vn -1 0 0
vn -1 0 0
vn -1 0 0
vn -1 0 0
vn -1 0 0
vn -0.9986412136645272 0.05211208278685748 -0.0002391615688867795
vn -0.9784275549379859 0.20657846762064 -0.0022037362779056477
vn -0.9783284756119438 0.2070552195231607 0.0012368811689980877
vn -0.9986412136645272 0.05211208278685748 -0.0002391615688867795
vn -0.9783284756119438 0.2070552195231607 0.0012368811689980877
vn -0.9986050350858715 0.05280089947751141 0.0002211685137529443
vn -0.9784275549379859 0.20657846762064 -0.0022037362779056477
vn -0.9170087657994237 0.39880315765774327 -0.007138969759769577
vn -0.9175078356149993 0.3977060831522974 0.003040231691409105
vn -0.9784275549379859 0.20657846762064 -0.0022037362779056477
vn -0.9175078356149993 0.3977060831522974 0.003040231691409105
vn -0.9783284756119438 0.2070552195231607 0.0012368811689980877
vn -0.9170087657994237 0.39880315765774327 -0.007138969759769577
vn -0.8256222712312654 0.5640494005372372 -0.014004963424094297
vn -0.8271275609571245 0.5619893246830375 0.0052912047230852105
vn -0.9170087657994237 0.39880315765774327 -0.007138969759769577
vn -0.8271275609571245 0.5619893246830375 0.0052912047230852105
vn -0.9175078356149993 0.3977060831522974 0.003040231691409105
vn -0.8256222712312654 0.5640494005372372 -0.014004963424094297
vn -0.715736021147911 0.6980298103534026 -0.021825028965608586
vn -0.718225617210997 0.6957676522866878 0.007703039228337718
vn -0.8256222712312654 0.5640494005372372 -0.014004963424094297
vn -0.718225617210997 0.6957676522866878 0.007703039228337718
vn -0.8271275609571245 0.5619893246830375 0.0052912047230852105
vn -0.715736021147911 0.6980298103534026 -0.021825028965608586
vn -0.596819853980923 0.8018250148254384 -0.02971039370953146
vn -0.5999735830937414 0.7999569146929351 0.01003166110958287
vn -0.715736021147911 0.6980298103534026 -0.021825028965608586
vn -0.5999735830937414 0.7999569146929351 0.01003166110958287
vn -0.718225617210997 0.6957676522866878 0.007703039228337718
vn -0.596819853980923 0.8018250148254384 -0.02971039370953146
vn -0.47507156200101164 0.8791699327720164 -0.036976212455675284
vn -0.4784649107724181 0.8780233725137262 0.012094894756232079
vn -0.596819853980923 0.8018250148254384 -0.02971039370953146
vn -0.4784649107724181 0.8780233725137262 0.012094894756232079
vn -0.5999735830937414 0.7999569146929351 0.01003166110958287
vn -0.47507156200101164 0.8791699327720164 -0.036976212455675284
vn -0.353765799259877 0.9343385844387406 -0.04314126682227536
vn -0.3569984531530621 0.9340035195215948 0.013766988326955193
vn -0.47507156200101164 0.8791699327720164 -0.036976212455675284
vn -0.3569984531530621 0.9340035195215948 0.013766988326955193
vn -0.4784649107724181 0.8780233725137262 0.012094894756232079
vn -0.353765799259877 0.9343385844387406 -0.04314126682227536
vn -0.23413331706785181 0.9710245301318882 -0.0478847754610054
vn -0.23688416035223228 0.9714226248428277 0.014965911856243583
vn -0.353765799259877 0.9343385844387406 -0.04314126682227536
vn -0.23688416035223228 0.9714226248428277 0.014965911856243583
vn -0.3569984531530621 0.9340035195215948 0.013766988326955193
vn -0.23413331706785181 0.9710245301318882 -0.0478847754610054
vn -0.11616654585046665 0.991919390380164 -0.05100251575182565
vn -0.11820667836240749 0.9928658037710749 0.01564215114821441
vn -0.23413331706785181 0.9710245301318882 -0.0478847754610054
vn -0.11820667836240749 0.9928658037710749 0.01564215114821441
vn -0.23688416035223228 0.9714226248428277 0.014965911856243583
vn -0.11616654585046665 0.991919390380164 -0.05100251575182565
vn 0.0008065428924181598 0.9986271345185713 -0.05237552569464253
vn -0.0003828249619296028 0.999875551960727 0.015771304203526133
vn -0.11616654585046665 0.991919390380164 -0.05100251575182565
vn -0.0003828249619296028 0.999875551960727 0.015771304203526133
vn -0.11820667836240749 0.9928658037710749 0.01564215114821441
vn 0.0008065428924181598 0.9986271345185713 -0.05237552569464253
vn 0.11773944717501504 0.9916846300007002 -0.05195206636213979
vn 0.11745909378613396 0.9929590783876622 0.015350242163060688
vn 0.0008065428924181598 0.9986271345185713 -0.05237552569464253
vn 0.11745909378613396 0.9929590783876622 0.015350242163060688
vn -0.0003828249619296028 0.999875551960727 0.015771304203526133
vn 0.11773944717501504 0.9916846300007002 -0.05195206636213979
vn 0.23558204535943564 0.9705807300727248 -0.04974079126593239
vn 0.236193099853038 0.9715994898008149 0.014396214801429911
vn 0.11773944717501504 0.9916846300007002 -0.05195206636213979
vn 0.236193099853038 0.9715994898008149 0.014396214801429911
vn 0.11745909378613396 0.9929590783876622 0.015350242163060688
vn 0.23558204535943564 0.9705807300727248 -0.04974079126593239
vn 0.3549963733390014 0.9337444246147881 -0.045814019873339225
vn 0.3564087167446692 0.9342404176715575 0.01294869172125238
vn 0.23558204535943564 0.9705807300727248 -0.04974079126593239
vn 0.3564087167446692 0.9342404176715575 0.01294869172125238
vn 0.236193099853038 0.9715994898008149 0.014396214801429911
vn 0.3549963733390014 0.9337444246147881 -0.045814019873339225
vn 0.4759778236272955 0.8785324470817606 -0.040321840726289936
vn 0.47802892567225524 0.8782742775306639 0.01107427869523767
vn 0.3549963733390014 0.9337444246147881 -0.045814019873339225
vn 0.47802892567225524 0.8782742775306639 0.01107427869523767
vn 0.3564087167446692 0.9342404176715575 0.01294869172125238
vn 0.4759778236272955 0.8785324470817606 -0.040321840726289936
vn 0.5972937477964598 0.8013218121719271 -0.033519131563299734
vn 0.5997455285407981 0.8001415690274643 0.00887527518368955
vn 0.4759778236272955 0.8785324470817606 -0.040321840726289936
vn 0.5997455285407981 0.8001415690274643 0.00887527518368955
vn 0.47802892567225524 0.8782742775306639 0.01107427869523767
vn 0.5972937477964598 0.8013218121719271 -0.033519131563299734
vn 0.7157052507601573 0.6979255128747675 -0.02580644324259027
vn 0.7182413231422189 0.6957637045811107 0.006501470486262803
vn 0.5972937477964598 0.8013218121719271 -0.033519131563299734
vn 0.7182413231422189 0.6957637045811107 0.006501470486262803
vn 0.5997455285407981 0.8001415690274643 0.00887527518368955
vn 0.7157052507601573 0.6979255128747675 -0.02580644324259027
vn 0.8251269287173395 0.5646676126979921 -0.017777476633115418
vn 0.8273662692820682 0.5616473477278091 0.0041609187194063145
vn 0.7157052507601573 0.6979255128747675 -0.02580644324259027
vn 0.8273662692820682 0.5616473477278091 0.0041609187194063145
vn 0.7182413231422189 0.6957637045811107 0.006501470486262803
vn 0.8251269287173395 0.5646676126979921 -0.017777476633115418
vn 0.9162865289164287 0.4003923731546366 -0.010244239643860252
vn 0.9178532483652497 0.39691426165544014 0.0021173945961520057
vn 0.8251269287173395 0.5646676126979921 -0.017777476633115418
vn 0.9178532483652497 0.39691426165544014 0.0021173945961520057
vn 0.8273662692820682 0.5616473477278091 0.0041609187194063145
vn 0.9162865289164287 0.4003923731546366 -0.010244239643860252
vn 0.9778913704405733 0.20907176317881745 -0.004179169673280327
vn 0.9785836472126744 0.20584852812284832 0.000654887468852645
vn 0.9162865289164287 0.4003923731546366 -0.010244239643860252
vn 0.9785836472126744 0.20584852812284832 0.000654887468852645
vn 0.9178532483652497 0.39691426165544014 0.0021173945961520057
vn 0.9778913704405733 0.20907176317881745 -0.004179169673280327
vn 0.9985650930251576 0.05354620669441687 -0.0007474893290513093
vn 0.9986412392308885 0.052112092258357376 0.00007174852839930733
vn 0.9778913704405733 0.20907176317881745 -0.004179169673280327
vn 0.9986412392308885 0.052112092258357376 0.00007174852839930733
vn 0.9785836472126744 0.20584852812284832 0.000654887468852645
vn 1 0 0
vn 1 0 0
vn 1 0 0
vn 1 0 0
vn 1 0 0
vn 1 0 0
vn 0.9993952834811135 -0.03477164585844373 0
vn 0.9901510048449317 -0.14000352711475603 0
vn 0.9901510048449317 -0.14000352711475608 0
vn 0.9993952834811135 -0.03477164585844373 0
vn 0.9901510048449317 -0.14000352711475608 0
vn 0.9993952834811135 -0.03477164585844373 0
vn 0.9901510048449317 -0.14000352711475603 0
vn 0.9592593076813966 -0.2825271325494379 0
vn 0.9592593076813968 -0.2825271325494379 0
vn 0.9901510048449317 -0.14000352711475603 0
vn 0.9592593076813968 -0.2825271325494379 0
vn 0.9901510048449317 -0.14000352711475608 0
vn 0.9592593076813966 -0.2825271325494379 0
vn 0.9031572697956277 -0.42930984849559106 0
vn 0.9031572697956277 -0.42930984849559106 0
vn 0.9592593076813966 -0.2825271325494379 0
vn 0.9031572697956277 -0.42930984849559106 0
vn 0.9592593076813968 -0.2825271325494379 0
vn 0.9031572697956277 -0.42930984849559106 0
vn 0.8146463300411152 -0.5799580648206751 0
vn 0.8146463300411152 -0.5799580648206751 0
vn 0.9031572697956277 -0.42930984849559106 0
vn 0.8146463300411152 -0.5799580648206751 0
vn 0.9031572697956277 -0.42930984849559106 0
vn 0.8146463300411152 -0.5799580648206751 0
vn 0.6840179177626884 -0.7294652069698706 0
vn 0.6840179177626884 -0.7294652069698706 0
vn 0.8146463300411152 -0.5799580648206751 0
vn 0.6840179177626884 -0.7294652069698706 0
vn 0.8146463300411152 -0.5799580648206751 0
vn 0.6840179177626884 -0.7294652069698706 0
vn 0.5021705781415875 -0.8647685878019297 0
vn 0.5021705781415876 -0.8647685878019297 0
vn 0.6840179177626884 -0.7294652069698706 0
vn 0.5021705781415876 -0.8647685878019297 0
vn 0.6840179177626884 -0.7294652069698706 0
vn 0.5021705781415875 -0.8647685878019297 0
vn 0.2684003550537381 -0.9633074532084901 0
vn 0.2684003550537381 -0.9633074532084901 0
vn 0.5021705781415875 -0.8647685878019297 0
vn 0.2684003550537381 -0.9633074532084901 0
vn 0.5021705781415876 -0.8647685878019297 0
vn 0.2684003550537381 -0.9633074532084901 0
vn 0.0691182985776545 -0.9976084706946559 0
vn 0.0691182985776545 -0.9976084706946559 0
vn 0.2684003550537381 -0.9633074532084901 0
vn 0.0691182985776545 -0.9976084706946559 0
vn 0.2684003550537381 -0.9633074532084901 0
vn 0 -1 0
vn 0 -1 0
vn 0 -1 0
vn 0 -1 0
vn 0 -1 0
vn 0 -1 0
vn -0.06911829857765465 -0.9976084706946559 0
vn -0.2684003550537383 -0.9633074532084901 0
vn -0.2684003550537383 -0.9633074532084901 0
vn -0.06911829857765465 -0.9976084706946559 0
vn -0.2684003550537383 -0.9633074532084901 0
vn -0.06911829857765467 -0.9976084706946559 0
vn -0.2684003550537383 -0.9633074532084901 0
vn -0.5021705781415875 -0.8647685878019297 0
vn -0.5021705781415875 -0.8647685878019297 0
vn -0.2684003550537383 -0.9633074532084901 0
vn -0.5021705781415875 -0.8647685878019297 0
vn -0.2684003550537383 -0.9633074532084901 0
vn -0.5021705781415875 -0.8647685878019297 0
vn -0.6840179177626889 -0.7294652069698699 0
vn -0.6840179177626889 -0.7294652069698699 0
vn -0.5021705781415875 -0.8647685878019297 0
vn -0.6840179177626889 -0.7294652069698699 0
vn -0.5021705781415875 -0.8647685878019297 0
vn -0.6840179177626889 -0.7294652069698699 0
vn -0.8146463300411145 -0.5799580648206759 0
vn -0.8146463300411145 -0.5799580648206759 0
vn -0.6840179177626889 -0.7294652069698699 0
vn -0.8146463300411145 -0.5799580648206759 0
vn -0.6840179177626889 -0.7294652069698699 0
vn -0.8146463300411145 -0.5799580648206759 0
vn -0.9031572697956273 -0.4293098484955926 0
vn -0.9031572697956273 -0.42930984849559256 0
vn -0.8146463300411145 -0.5799580648206759 0
vn -0.9031572697956273 -0.42930984849559256 0
vn -0.8146463300411145 -0.5799580648206759 0
vn -0.9031572697956273 -0.4293098484955926 0
vn -0.9592593076813963 -0.28252713254943856 0
vn -0.9592593076813963 -0.2825271325494385 0
vn -0.9031572697956273 -0.4293098484955926 0
vn -0.9592593076813963 -0.2825271325494385 0
vn -0.9031572697956273 -0.42930984849559256 0
vn -0.9592593076813963 -0.28252713254943856 0
vn -0.9901510048449316 -0.1400035271147569 0
vn -0.9901510048449316 -0.14000352711475686 0
vn -0.9592593076813963 -0.28252713254943856 0
vn -0.9901510048449316 -0.14000352711475686 0
vn -0.9592593076813963 -0.2825271325494385 0
vn -0.9901510048449316 -0.1400035271147569 0
vn -0.9993952834811135 -0.0347716458584436 0
vn -0.9993952834811135 -0.0347716458584436 0
vn -0.9901510048449316 -0.1400035271147569 0
vn -0.9993952834811135 -0.0347716458584436 0
vn -0.9901510048449316 -0.14000352711475686 0
vn -1 0 0
vn -1 0 0
vn -1 0 0
vn -1 0 0
vn -1 0 0
vn -1 0 0
vn -1 0 0
vn -1 0 0
vn -1 0 0
vn -1 0 0
vn -1 0 0
vn -1 0 0
vn -1 0 0
vn -1 0 0
vn -1 0 0
vn -1 0 0
vn -1 0 0
vn -1 0 0
vn -0.9986050350858715 0.05280089947751141 0.0002211685137529443
vn -0.9783284756119438 0.2070552195231607 0.0012368811689980877
vn -0.9767912554852747 0.214187444012488 0.0016068711517634809
vn -0.9986050350858715 0.05280089947751141 0.0002211685137529443
vn -0.9767912554852747 0.214187444012488 0.0016068711517634809
vn -0.9984905071330588 0.05492402159807127 0.00024293345128098773
vn -0.9783284756119438 0.2070552195231607 0.0012368811689980877
vn -0.9175078356149993 0.3977060831522974 0.003040231691409105
vn -0.9125029779608842 0.40904597733638753 0.004438877948020833
vn -0.9783284756119438 0.2070552195231607 0.0012368811689980877
vn -0.9125029779608842 0.40904597733638753 0.004438877948020833
vn -0.9767912554852747 0.214187444012488 0.0016068711517634809
vn -0.9175078356149993 0.3977060831522974 0.003040231691409105
vn -0.8271275609571245 0.5619893246830375 0.0052912047230852105
vn -0.8183731214793722 0.5746292068589385 0.008167537252804374
vn -0.9175078356149993 0.3977060831522974 0.003040231691409105
vn -0.8183731214793722 0.5746292068589385 0.008167537252804374
vn -0.9125029779608842 0.40904597733638753 0.004438877948020833
vn -0.8271275609571245 0.5619893246830375 0.0052912047230852105
vn -0.718225617210997 0.6957676522866878 0.007703039228337718
vn -0.7068004977393376 0.7073062611471632 0.012284516166517942
vn -0.8271275609571245 0.5619893246830375 0.0052912047230852105
vn -0.7068004977393376 0.7073062611471632 0.012284516166517942
vn -0.8183731214793722 0.5746292068589385 0.008167537252804374
vn -0.718225617210997 0.6957676522866878 0.007703039228337718
vn -0.5999735830937414 0.7999569146929351 0.01003166110958287
vn -0.5875508743802433 0.8090220834424522 0.0163474315244187
vn -0.718225617210997 0.6957676522866878 0.007703039228337718
vn -0.5875508743802433 0.8090220834424522 0.0163474315244187
vn -0.7068004977393376 0.7073062611471632 0.012284516166517942
vn -0.5999735830937414 0.7999569146929351 0.01003166110958287
vn -0.4784649107724181 0.8780233725137262 0.012094894756232079
vn -0.46669245171779705 0.8841929647291503 0.020023901545576882
vn -0.5999735830937414 0.7999569146929351 0.01003166110958287
vn -0.46669245171779705 0.8841929647291503 0.020023901545576882
vn -0.5875508743802433 0.8090220834424522 0.0163474315244187
vn -0.4784649107724181 0.8780233725137262 0.012094894756232079
vn -0.3569984531530621 0.9340035195215948 0.013766988326955193
vn -0.3472026583403122 0.9375059790085825 0.023083616800231018
vn -0.4784649107724181 0.8780233725137262 0.012094894756232079
vn -0.3472026583403122 0.9375059790085825 0.023083616800231018
vn -0.46669245171779705 0.8841929647291503 0.020023901545576882
vn -0.3569984531530621 0.9340035195215948 0.013766988326955193
vn -0.23688416035223228 0.9714226248428277 0.014965911856243583
vn -0.23000216121525566 0.9728592621927457 0.025374432054689252
vn -0.3569984531530621 0.9340035195215948 0.013766988326955193
vn -0.23000216121525566 0.9728592621927457 0.025374432054689252
vn -0.3472026583403122 0.9375059790085825 0.023083616800231018
vn -0.23688416035223228 0.9714226248428277 0.014965911856243583
vn -0.11820667836240749 0.9928658037710749 0.01564215114821441
vn -0.11481709079414265 0.9930250488669092 0.026800895217171113
vn -0.23688416035223228 0.9714226248428277 0.014965911856243583
vn -0.11481709079414265 0.9930250488669092 0.026800895217171113
vn -0.23000216121525566 0.9728592621927457 0.025374432054689252
vn -0.11820667836240749 0.9928658037710749 0.01564215114821441
vn -0.0003828249619296028 0.999875551960727 0.015771304203526133
vn -0.0007539189781514182 0.9996267285201816 0.02730998414889891
vn -0.11820667836240749 0.9928658037710749 0.01564215114821441
vn -0.0007539189781514182 0.9996267285201816 0.02730998414889891
vn -0.11481709079414265 0.9930250488669092 0.026800895217171113
vn -0.0003828249619296028 0.999875551960727 0.015771304203526133
vn 0.11745909378613396 0.9929590783876622 0.015350242163060688
vn 0.11334065391914476 0.9931924169082897 0.026883436630211803
vn -0.0003828249619296028 0.999875551960727 0.015771304203526133
vn 0.11334065391914476 0.9931924169082897 0.026883436630211803
vn -0.0007539189781514182 0.9996267285201816 0.02730998414889891
vn 0.11745909378613396 0.9929590783876622 0.015350242163060688
vn 0.236193099853038 0.9715994898008149 0.014396214801429911
vn 0.22862544594387846 0.9731795087520989 0.025535254296476885
vn 0.11745909378613396 0.9929590783876622 0.015350242163060688
vn 0.22862544594387846 0.9731795087520989 0.025535254296476885
vn 0.11334065391914476 0.9931924169082897 0.026883436630211803
vn 0.236193099853038 0.9715994898008149 0.014396214801429911
vn 0.3564087167446692 0.9342404176715575 0.01294869172125238
vn 0.34600953044378857 0.9379412945415485 0.023313790678334934
vn 0.236193099853038 0.9715994898008149 0.014396214801429911
vn 0.34600953044378857 0.9379412945415485 0.023313790678334934
vn 0.22862544594387846 0.9731795087520989 0.025535254296476885
vn 0.3564087167446692 0.9342404176715575 0.01294869172125238
vn 0.47802892567225524 0.8782742775306639 0.01107427869523767
vn 0.4657876058850034 0.8846634665891911 0.02030903952213989
vn 0.3564087167446692 0.9342404176715575 0.01294869172125238
vn 0.4657876058850034 0.8846634665891911 0.02030903952213989
vn 0.34600953044378857 0.9379412945415485 0.023313790678334934
vn 0.47802892567225524 0.8782742775306639 0.01107427869523767
vn 0.5997455285407981 0.8001415690274643 0.00887527518368955
vn 0.5870512515782143 0.8093781868956806 0.01666669127070061
vn 0.47802892567225524 0.8782742775306639 0.01107427869523767
vn 0.5870512515782143 0.8093781868956806 0.01666669127070061
vn 0.4657876058850034 0.8846634665891911 0.02030903952213989
vn 0.5997455285407981 0.8001415690274643 0.00887527518368955
vn 0.7182413231422189 0.6957637045811107 0.006501470486262803
vn 0.7067962530470455 0.7073047751169091 0.012609987132250575
vn 0.5997455285407981 0.8001415690274643 0.00887527518368955
vn 0.7067962530470455 0.7073047751169091 0.012609987132250575
vn 0.5870512515782143 0.8093781868956806 0.01666669127070061
vn 0.7182413231422189 0.6957637045811107 0.006501470486262803
vn 0.8273662692820682 0.5616473477278091 0.0041609187194063145
vn 0.8188442146974584 0.5739533875299246 0.008465282005156859
vn 0.7182413231422189 0.6957637045811107 0.006501470486262803
vn 0.8188442146974584 0.5739533875299246 0.008465282005156859
vn 0.7067962530470455 0.7073047751169091 0.012609987132250575
vn 0.8273662692820682 0.5616473477278091 0.0041609187194063145
vn 0.9178532483652497 0.39691426165544014 0.0021173945961520057
vn 0.9132216682037482 0.40743630925700186 0.004673181164461848
vn 0.8273662692820682 0.5616473477278091 0.0041609187194063145
vn 0.9132216682037482 0.40743630925700186 0.004673181164461848
vn 0.8188442146974584 0.5739533875299246 0.008465282005156859
vn 0.9178532483652497 0.39691426165544014 0.0021173945961520057
vn 0.9785836472126744 0.20584852812284832 0.000654887468852645
vn 0.9773352290623175 0.21169032995920528 0.001747637110638751
vn 0.9178532483652497 0.39691426165544014 0.0021173945961520057
vn 0.9773352290623175 0.21169032995920528 0.001747637110638751
vn 0.9132216682037482 0.40743630925700186 0.004673181164461848
vn 0.9785836472126744 0.20584852812284832 0.000654887468852645
vn 0.9986412392308885 0.052112092258357376 0.00007174852839930733
vn 0.9985683604654118 0.053489735424133315 0.0002787143259087958
vn 0.9785836472126744 0.20584852812284832 0.000654887468852645
vn 0.9985683604654118 0.053489735424133315 0.0002787143259087958
vn 0.9773352290623175 0.21169032995920528 0.001747637110638751
vn 1 0 0
vn 1 0 0
vn 1 0 0
vn 1 0 0
vn 1 0 0
vn 1 0 0
vn 0.9993952834811135 -0.03477164585844373 0
vn 0.9901510048449317 -0.14000352711475608 0
vn 0.9901510048449317 -0.14000352711475603 0
vn 0.9993952834811135 -0.03477164585844373 0
vn 0.9901510048449317 -0.14000352711475603 0
vn 0.9993952834811135 -0.03477164585844374 0
vn 0.9901510048449317 -0.14000352711475608 0
vn 0.9592593076813968 -0.2825271325494379 0
vn 0.9592593076813966 -0.28252713254943784 0
vn 0.9901510048449317 -0.14000352711475608 0
vn 0.9592593076813966 -0.28252713254943784 0
vn 0.9901510048449317 -0.14000352711475603 0
vn 0.9592593076813968 -0.2825271325494379 0
vn 0.9031572697956277 -0.42930984849559106 0
vn 0.9031572697956278 -0.429309848495591 0
vn 0.9592593076813968 -0.2825271325494379 0
vn 0.9031572697956278 -0.429309848495591 0
vn 0.9592593076813966 -0.28252713254943784 0
vn 0.9031572697956277 -0.42930984849559106 0
vn 0.8146463300411152 -0.5799580648206751 0
vn 0.8146463300411152 -0.5799580648206751 0
vn 0.9031572697956277 -0.42930984849559106 0
vn 0.8146463300411152 -0.5799580648206751 0
vn 0.9031572697956278 -0.429309848495591 0
vn 0.8146463300411152 -0.5799580648206751 0
vn 0.6840179177626884 -0.7294652069698706 0
vn 0.6840179177626884 -0.7294652069698706 0
vn 0.8146463300411152 -0.5799580648206751 0
vn 0.6840179177626884 -0.7294652069698706 0
vn 0.8146463300411152 -0.5799580648206751 0
vn 0.6840179177626884 -0.7294652069698706 0
vn 0.5021705781415876 -0.8647685878019297 0
vn 0.5021705781415876 -0.8647685878019297 0
vn 0.6840179177626884 -0.7294652069698706 0
vn 0.5021705781415876 -0.8647685878019297 0
vn 0.6840179177626884 -0.7294652069698706 0
vn 0.5021705781415876 -0.8647685878019297 0
vn 0.2684003550537381 -0.9633074532084901 0
vn 0.2684003550537381 -0.9633074532084901 0
vn 0.5021705781415876 -0.8647685878019297 0
vn 0.2684003550537381 -0.9633074532084901 0
vn 0.5021705781415876 -0.8647685878019297 0
vn 0.2684003550537381 -0.9633074532084901 0
vn 0.0691182985776545 -0.9976084706946559 0
vn 0.0691182985776545 -0.9976084706946559 0
vn 0.2684003550537381 -0.9633074532084901 0
vn 0.0691182985776545 -0.9976084706946559 0
vn 0.2684003550537381 -0.9633074532084901 0
vn 0 -1 0
vn 0 -1 0
vn 0 -1 0
vn 0 -1 0
vn 0 -1 0
vn 0 -1 0
vn -0.06911829857765467 -0.9976084706946559 0
vn -0.2684003550537383 -0.9633074532084901 0
vn -0.2684003550537383 -0.9633074532084901 0
vn -0.06911829857765467 -0.9976084706946559 0
vn -0.2684003550537383 -0.9633074532084901 0
vn -0.06911829857765467 -0.9976084706946559 0
vn -0.2684003550537383 -0.9633074532084901 0
vn -0.5021705781415875 -0.8647685878019297 0
vn -0.5021705781415875 -0.8647685878019297 0
vn -0.2684003550537383 -0.9633074532084901 0
vn -0.5021705781415875 -0.8647685878019297 0
vn -0.2684003550537383 -0.9633074532084901 0
vn -0.5021705781415875 -0.8647685878019297 0
vn -0.6840179177626889 -0.7294652069698699 0
vn -0.6840179177626889 -0.7294652069698699 0
vn -0.5021705781415875 -0.8647685878019297 0
vn -0.6840179177626889 -0.7294652069698699 0
vn -0.5021705781415875 -0.8647685878019297 0
vn -0.6840179177626889 -0.7294652069698699 0
vn -0.8146463300411145 -0.5799580648206759 0
vn -0.8146463300411145 -0.5799580648206758 0
vn -0.6840179177626889 -0.7294652069698699 0
vn -0.8146463300411145 -0.5799580648206758 0
vn -0.6840179177626889 -0.7294652069698699 0
vn -0.8146463300411145 -0.5799580648206759 0
vn -0.9031572697956273 -0.42930984849559256 0
vn -0.9031572697956273 -0.42930984849559256 0
vn -0.8146463300411145 -0.5799580648206759 0
vn -0.9031572697956273 -0.42930984849559256 0
vn -0.8146463300411145 -0.5799580648206758 0
vn -0.9031572697956273 -0.42930984849559256 0
vn -0.9592593076813963 -0.2825271325494385 0
vn -0.9592593076813963 -0.28252713254943856 0
vn -0.9031572697956273 -0.42930984849559256 0
vn -0.9592593076813963 -0.28252713254943856 0
vn -0.9031572697956273 -0.42930984849559256 0
vn -0.9592593076813963 -0.2825271325494385 0
vn -0.9901510048449316 -0.14000352711475686 0
vn -0.9901510048449316 -0.1400035271147569 0
vn -0.9592593076813963 -0.2825271325494385 0
vn -0.9901510048449316 -0.1400035271147569 0
vn -0.9592593076813963 -0.28252713254943856 0
vn -0.9901510048449316 -0.14000352711475686 0
vn -0.9993952834811135 -0.0347716458584436 0
vn -0.9993952834811135 -0.034771645858443605 0
vn -0.9901510048449316 -0.14000352711475686 0
vn -0.9993952834811135 -0.034771645858443605 0
vn -0.9901510048449316 -0.1400035271147569 0
vn -1 0 0
vn -1 0 0
vn -1 0 0
vn -1 0 0
vn -1 0 0
vn -1 0 0
vn -1 0 0
vn -1 0 0
vn -1 0 0
vn -1 0 0
vn -1 0 0
vn -1 0 0
vn -1 0 0
vn -1 0 0
vn -1 0 0
vn -1 0 0
vn -1 0 0
vn -1 0 0
vn -0.9984905071330588 0.05492402159807127 0.00024293345128098773
vn -0.9767912554852747 0.214187444012488 0.0016068711517634809
vn -0.97438626652947 0.22486856495478127 0.00235204037756784
vn -0.9984905071330588 0.05492402159807127 0.00024293345128098773
vn -0.97438626652947 0.22486856495478127 0.00235204037756784
vn -0.9983103565842418 0.05810577321391374 0.00038865905048927776
vn -0.9767912554852747 0.214187444012488 0.0016068711517634809
vn -0.9125029779608842 0.40904597733638753 0.004438877948020833
vn -0.9047771124085139 0.4258418211235788 0.006092638497842339
vn -0.9767912554852747 0.214187444012488 0.0016068711517634809
vn -0.9047771124085139 0.4258418211235788 0.006092638497842339
vn -0.97438626652947 0.22486856495478127 0.00235204037756784
vn -0.9125029779608842 0.40904597733638753 0.004438877948020833
vn -0.8183731214793722 0.5746292068589385 0.008167537252804374
vn -0.8051199142107128 0.5930135082126903 0.010812160681932104
vn -0.9125029779608842 0.40904597733638753 0.004438877948020833
vn -0.8051199142107128 0.5930135082126903 0.010812160681932104
vn -0.9047771124085139 0.4258418211235788 0.006092638497842339
vn -0.8183731214793722 0.5746292068589385 0.008167537252804374
vn -0.7068004977393376 0.7073062611471632 0.012284516166517942
vn -0.6898450807030998 0.7237833825719974 0.015854959551236354
vn -0.8183731214793722 0.5746292068589385 0.008167537252804374
vn -0.6898450807030998 0.7237833825719974 0.015854959551236354
vn -0.8051199142107128 0.5930135082126903 0.010812160681932104
vn -0.7068004977393376 0.7073062611471632 0.012284516166517942
vn -0.5875508743802433 0.8090220834424522 0.0163474315244187
vn -0.5694349657265645 0.8217756923187929 0.020700998090790016
vn -0.7068004977393376 0.7073062611471632 0.012284516166517942
vn -0.5694349657265645 0.8217756923187929 0.020700998090790016
vn -0.6898450807030998 0.7237833825719974 0.015854959551236354
vn -0.5875508743802433 0.8090220834424522 0.0163474315244187
vn -0.46669245171779705 0.8841929647291503 0.020023901545576882
vn -0.4497592934825711 0.8928001355091265 0.02498991718560946
vn -0.5875508743802433 0.8090220834424522 0.0163474315244187
vn -0.4497592934825711 0.8928001355091265 0.02498991718560946
vn -0.5694349657265645 0.8217756923187929 0.020700998090790016
vn -0.46669245171779705 0.8841929647291503 0.020023901545576882
vn -0.3472026583403122 0.9375059790085825 0.023083616800231018
vn -0.33324206217068253 0.9424108339380155 0.028487682890775287
vn -0.46669245171779705 0.8841929647291503 0.020023901545576882
vn -0.33324206217068253 0.9424108339380155 0.028487682890775287
vn -0.4497592934825711 0.8928001355091265 0.02498991718560946
vn -0.3472026583403122 0.9375059790085825 0.023083616800231018
vn -0.23000216121525566 0.9728592621927457 0.025374432054689252
vn -0.22022699088618594 0.9749544377135005 0.03104701061242427
vn -0.3472026583403122 0.9375059790085825 0.023083616800231018
vn -0.22022699088618594 0.9749544377135005 0.03104701061242427
vn -0.33324206217068253 0.9424108339380155 0.028487682890775287
vn -0.23000216121525566 0.9728592621927457 0.025374432054689252
vn -0.11481709079414265 0.9930250488669092 0.026800895217171113
vn -0.10995488401182968 0.9934024999268187 0.03257908256983085
vn -0.23000216121525566 0.9728592621927457 0.025374432054689252
vn -0.10995488401182968 0.9934024999268187 0.03257908256983085
vn -0.22022699088618594 0.9749544377135005 0.03104701061242427
vn -0.11481709079414265 0.9930250488669092 0.026800895217171113
vn -0.0007539189781514182 0.9996267285201816 0.02730998414889891
vn -0.0011401451603251875 0.9994534739819635 0.03303715203219054
vn -0.11481709079414265 0.9930250488669092 0.026800895217171113
vn -0.0011401451603251875 0.9994534739819635 0.03303715203219054
vn -0.10995488401182968 0.9934024999268187 0.03257908256983085
vn -0.0007539189781514182 0.9996267285201816 0.02730998414889891
vn 0.11334065391914476 0.9931924169082897 0.026883436630211803
vn 0.10771134271275296 0.9936538386422842 0.032408572977980644
vn -0.0007539189781514182 0.9996267285201816 0.02730998414889891
vn 0.10771134271275296 0.9936538386422842 0.032408572977980644
vn -0.0011401451603251875 0.9994534739819635 0.03303715203219054
vn 0.11334065391914476 0.9931924169082897 0.026883436630211803
vn 0.22862544594387846 0.9731795087520989 0.025535254296476885
vn 0.2181028163160514 0.9754424127640211 0.03071255274496261
vn 0.11334065391914476 0.9931924169082897 0.026883436630211803
vn 0.2181028163160514 0.9754424127640211 0.03071255274496261
vn 0.10771134271275296 0.9936538386422842 0.032408572977980644
vn 0.22862544594387846 0.9731795087520989 0.025535254296476885
vn 0.34600953044378857 0.9379412945415485 0.023313790678334934
vn 0.33134714843600277 0.9430932684203378 0.028002754928294796
vn 0.22862544594387846 0.9731795087520989 0.025535254296476885
vn 0.33134714843600277 0.9430932684203378 0.028002754928294796
vn 0.2181028163160514 0.9754424127640211 0.03071255274496261
vn 0.34600953044378857 0.9379412945415485 0.023313790678334934
vn 0.4657876058850034 0.8846634665891911 0.02030903952213989
vn 0.4482461783641398 0.8935777423991016 0.02437584605441816
vn 0.34600953044378857 0.9379412945415485 0.023313790678334934
vn 0.4482461783641398 0.8935777423991016 0.02437584605441816
vn 0.33134714843600277 0.9430932684203378 0.028002754928294796
vn 0.4657876058850034 0.8846634665891911 0.02030903952213989
vn 0.5870512515782143 0.8093781868956806 0.01666669127070061
vn 0.568499292659412 0.8224408755446081 0.01998900895909488
vn 0.4657876058850034 0.8846634665891911 0.02030903952213989
vn 0.568499292659412 0.8224408755446081 0.01998900895909488
vn 0.4482461783641398 0.8935777423991016 0.02437584605441816
vn 0.5870512515782143 0.8093781868956806 0.01666669127070061
vn 0.7067962530470455 0.7073047751169091 0.012609987132250575
vn 0.6896801496308812 0.7239568877086305 0.015090259916870885
vn 0.5870512515782143 0.8093781868956806 0.01666669127070061
vn 0.6896801496308812 0.7239568877086305 0.015090259916870885
vn 0.568499292659412 0.8224408755446081 0.01998900895909488
vn 0.7067962530470455 0.7073047751169091 0.012609987132250575
vn 0.8188442146974584 0.5739533875299246 0.008465282005156859
vn 0.8057787521277475 0.5921312241424103 0.010060617031818346
vn 0.7067962530470455 0.7073047751169091 0.012609987132250575
vn 0.8057787521277475 0.5921312241424103 0.010060617031818346
vn 0.6896801496308812 0.7239568877086305 0.015090259916870885
vn 0.8188442146974584 0.5739533875299246 0.008465282005156859
vn 0.9132216682037482 0.40743630925700186 0.004673181164461848
vn 0.9059515899538 0.4233462526722889 0.005446742926961692
vn 0.8188442146974584 0.5739533875299246 0.008465282005156859
vn 0.9059515899538 0.4233462526722889 0.005446742926961692
vn 0.8057787521277475 0.5921312241424103 0.010060617031818346
vn 0.9132216682037482 0.40743630925700186 0.004673181164461848
vn 0.9773352290623175 0.21169032995920528 0.001747637110638751
vn 0.9753354953988921 0.22071922059786395 0.0019227775923085315
vn 0.9132216682037482 0.40743630925700186 0.004673181164461848
vn 0.9753354953988921 0.22071922059786395 0.0019227775923085315
vn 0.9059515899538 0.4233462526722889 0.005446742926961692
vn 0.9773352290623175 0.21169032995920528 0.001747637110638751
vn 0.9985683604654118 0.053489735424133315 0.0002787143259087958
vn 0.998449214167765 0.05566947296963063 0.00027659908829540103
vn 0.9773352290623175 0.21169032995920528 0.001747637110638751
vn 0.998449214167765 0.05566947296963063 0.00027659908829540103
vn 0.9753354953988921 0.22071922059786395 0.0019227775923085315
vn 1 0 0
vn 1 0 0
vn 1 0 0
vn 1 0 0
vn 1 0 0
vn 1 0 0
vn 0.9993952834811135 -0.03477164585844374 0
vn 0.9901510048449317 -0.14000352711475603 0
vn 0.9901510048449316 -0.1400035271147561 0
vn 0.9993952834811135 -0.03477164585844374 0
vn 0.9901510048449316 -0.1400035271147561 0
vn 0.9993952834811135 -0.03477164585844374 0
vn 0.9901510048449317 -0.14000352711475603 0
vn 0.9592593076813966 -0.28252713254943784 0
vn 0.9592593076813968 -0.2825271325494379 0
vn 0.9901510048449317 -0.14000352711475603 0
vn 0.9592593076813968 -0.2825271325494379 0
vn 0.9901510048449316 -0.1400035271147561 0
vn 0.9592593076813966 -0.28252713254943784 0
vn 0.9031572697956278 -0.429309848495591 0
vn 0.9031572697956277 -0.4293098484955912 0
vn 0.9592593076813966 -0.28252713254943784 0
vn 0.9031572697956277 -0.4293098484955912 0
vn 0.9592593076813968 -0.2825271325494379 0
vn 0.9031572697956278 -0.429309848495591 0
vn 0.8146463300411152 -0.5799580648206751 0
vn 0.8146463300411152 -0.5799580648206752 0
vn 0.9031572697956278 -0.429309848495591 0
vn 0.8146463300411152 -0.5799580648206752 0
vn 0.9031572697956277 -0.4293098484955912 0
vn 0.8146463300411152 -0.5799580648206751 0
vn 0.6840179177626884 -0.7294652069698706 0
vn 0.6840179177626884 -0.7294652069698706 0
vn 0.8146463300411152 -0.5799580648206751 0
vn 0.6840179177626884 -0.7294652069698706 0
vn 0.8146463300411152 -0.5799580648206752 0
vn 0.6840179177626884 -0.7294652069698706 0
vn 0.5021705781415876 -0.8647685878019297 0
vn 0.5021705781415876 -0.8647685878019297 0
vn 0.6840179177626884 -0.7294652069698706 0
vn 0.5021705781415876 -0.8647685878019297 0
vn 0.6840179177626884 -0.7294652069698706 0
vn 0.5021705781415876 -0.8647685878019297 0
vn 0.2684003550537381 -0.9633074532084901 0
vn 0.26840035505373816 -0.9633074532084901 0
vn 0.5021705781415876 -0.8647685878019297 0
vn 0.26840035505373816 -0.9633074532084901 0
vn 0.5021705781415876 -0.8647685878019297 0
vn 0.2684003550537381 -0.9633074532084901 0
vn 0.0691182985776545 -0.9976084706946559 0
vn 0.10361529381252252 -0.9946174495192333 0
vn 0.2684003550537381 -0.9633074532084901 0
vn 0.10361529381252252 -0.9946174495192333 0
vn 0.26840035505373816 -0.9633074532084901 0
vn 0 -1 0
vn 0 -1 0
vn 0 -1 0
vn 0 -1 0
vn 0 -1 0
vn 0 -1 0
vn -0.06911829857765467 -0.9976084706946559 0
vn -0.2684003550537383 -0.9633074532084901 0
vn -0.26840035505373827 -0.9633074532084899 0
vn -0.06911829857765467 -0.9976084706946559 0
vn -0.26840035505373827 -0.9633074532084899 0
vn -0.08293399656097813 -0.9965550422402285 0
vn -0.2684003550537383 -0.9633074532084901 0
vn -0.5021705781415875 -0.8647685878019297 0
vn -0.5021705781415875 -0.8647685878019297 0
vn -0.2684003550537383 -0.9633074532084901 0
vn -0.5021705781415875 -0.8647685878019297 0
vn -0.26840035505373827 -0.9633074532084899 0
vn -0.5021705781415875 -0.8647685878019297 0
vn -0.6840179177626889 -0.7294652069698699 0
vn -0.6840179177626889 -0.7294652069698699 0
vn -0.5021705781415875 -0.8647685878019297 0
vn -0.6840179177626889 -0.7294652069698699 0
vn -0.5021705781415875 -0.8647685878019297 0
vn -0.6840179177626889 -0.7294652069698699 0
vn -0.8146463300411145 -0.5799580648206758 0
vn -0.8146463300411145 -0.5799580648206758 0
vn -0.6840179177626889 -0.7294652069698699 0
vn -0.8146463300411145 -0.5799580648206758 0
vn -0.6840179177626889 -0.7294652069698699 0
vn -0.8146463300411145 -0.5799580648206758 0
vn -0.9031572697956273 -0.42930984849559256 0
vn -0.9031572697956273 -0.4293098484955926 0
vn -0.8146463300411145 -0.5799580648206758 0
vn -0.9031572697956273 -0.4293098484955926 0
vn -0.8146463300411145 -0.5799580648206758 0
vn -0.9031572697956273 -0.42930984849559256 0
vn -0.9592593076813963 -0.28252713254943856 0
vn -0.9592593076813963 -0.28252713254943856 0
vn -0.9031572697956273 -0.42930984849559256 0
vn -0.9592593076813963 -0.28252713254943856 0
vn -0.9031572697956273 -0.4293098484955926 0
vn -0.9592593076813963 -0.28252713254943856 0
vn -0.9901510048449316 -0.1400035271147569 0
vn -0.9901510048449316 -0.1400035271147569 0
vn -0.9592593076813963 -0.28252713254943856 0
vn -0.9901510048449316 -0.1400035271147569 0
vn -0.9592593076813963 -0.28252713254943856 0
vn -0.9901510048449316 -0.1400035271147569 0
vn -0.9993952834811135 -0.034771645858443605 0
vn -0.9993952834811135 -0.034771645858443605 0
vn -0.9901510048449316 -0.1400035271147569 0
vn -0.9993952834811135 -0.034771645858443605 0
vn -0.9901510048449316 -0.1400035271147569 0
vn -1 0 0
vn -1 0 0
vn -1 0 0
vn -1 0 0
vn -1 0 0
vn -1 0 0
vn -1 0 0
vn -1 0 0
vn -1 0 0
vn -1 0 0
vn -1 0 0
vn -1 0 0
vn -0.9983103565842418 0.05810577321391374 0.00038865905048927776
vn -0.97438626652947 0.22486856495478127 0.00235204037756784
vn -0.9699775011912556 0.2431802708313099 0.0026463297562087265
vn -0.9983103565842418 0.05810577321391374 0.00038865905048927776
vn -0.9699775011912556 0.2431802708313099 0.0026463297562087265
vn -0.9979810833201688 0.06351053803688882 0.0004109663820561866
vn -0.97438626652947 0.22486856495478127 0.00235204037756784
vn -0.9047771124085139 0.4258418211235788 0.006092638497842339
vn -0.890797785639791 0.4543444019671041 0.007104188933272725
vn -0.97438626652947 0.22486856495478127 0.00235204037756784
vn -0.890797785639791 0.4543444019671041 0.007104188933272725
vn -0.9699775011912556 0.2431802708313099 0.0026463297562087265
vn -0.9047771124085139 0.4258418211235788 0.006092638497842339
vn -0.8051199142107128 0.5930135082126903 0.010812160681932104
vn -0.7817579043979224 0.6234520455992099 0.012732861011162418
vn -0.9047771124085139 0.4258418211235788 0.006092638497842339
vn -0.7817579043979224 0.6234520455992099 0.012732861011162418
vn -0.890797785639791 0.4543444019671041 0.007104188933272725
vn -0.8051199142107128 0.5930135082126903 0.010812160681932104
vn -0.6898450807030998 0.7237833825719974 0.015854959551236354
vn -0.6607850104997127 0.7503423031601582 0.01869753960295101
vn -0.8051199142107128 0.5930135082126903 0.010812160681932104
vn -0.6607850104997127 0.7503423031601582 0.01869753960295101
vn -0.7817579043979224 0.6234520455992099 0.012732861011162418
vn -0.6898450807030998 0.7237833825719974 0.015854959551236354
vn -0.5694349657265645 0.8217756923187929 0.020700998090790016
vn -0.5391520116164449 0.8418554507410884 0.02438254349856875
vn -0.6898450807030998 0.7237833825719974 0.015854959551236354
vn -0.5391520116164449 0.8418554507410884 0.02438254349856875
vn -0.6607850104997127 0.7503423031601582 0.01869753960295101
vn -0.5694349657265645 0.8217756923187929 0.020700998090790016
vn -0.4497592934825711 0.8928001355091265 0.02498991718560946
vn -0.42200444337870513 0.9061172159373524 0.029391167900765375
vn -0.5694349657265645 0.8217756923187929 0.020700998090790016
vn -0.42200444337870513 0.9061172159373524 0.029391167900765375
vn -0.5391520116164449 0.8418554507410884 0.02438254349856875
vn -0.4497592934825711 0.8928001355091265 0.02498991718560946
vn -0.33324206217068253 0.9424108339380155 0.028487682890775287
vn -0.31066423931375875 0.949929912257481 0.033479728345638504
vn -0.4497592934825711 0.8928001355091265 0.02498991718560946
vn -0.31066423931375875 0.949929912257481 0.033479728345638504
vn -0.42200444337870513 0.9061172159373524 0.029391167900765375
vn -0.33324206217068253 0.9424108339380155 0.028487682890775287
vn -0.22022699088618594 0.9749544377135005 0.03104701061242427
vn -0.20451032771074537 0.9781836881459758 0.03649928909965188
vn -0.33324206217068253 0.9424108339380155 0.028487682890775287
vn -0.20451032771074537 0.9781836881459758 0.03649928909965188
vn -0.31066423931375875 0.949929912257481 0.033479728345638504
vn -0.22022699088618594 0.9749544377135005 0.03104701061242427
vn -0.10995488401182968 0.9934024999268187 0.03257908256983085
vn -0.10206359191928746 0.9940379916346114 0.03836006245512243
vn -0.22022699088618594 0.9749544377135005 0.03104701061242427
vn -0.10206359191928746 0.9940379916346114 0.03836006245512243
vn -0.20451032771074537 0.9781836881459758 0.03649928909965188
vn -0.10995488401182968 0.9934024999268187 0.03257908256983085
vn -0.0011401451603251875 0.9994534739819635 0.03303715203219054
vn -0.0015100999379016918 0.9992375627619914 0.03901298198872953
vn -0.10995488401182968 0.9934024999268187 0.03257908256983085
vn -0.0015100999379016918 0.9992375627619914 0.03901298198872953
vn -0.10206359191928746 0.9940379916346114 0.03836006245512243
vn -0.0011401451603251875 0.9994534739819635 0.03303715203219054
vn 0.10771134271275296 0.9936538386422842 0.032408572977980644
vn 0.09907593401002251 0.994337076767175 0.03844134579005465
vn -0.0011401451603251875 0.9994534739819635 0.03303715203219054
vn 0.09907593401002251 0.994337076767175 0.03844134579005465
vn -0.0015100999379016918 0.9992375627619914 0.03901298198872953
vn 0.10771134271275296 0.9936538386422842 0.032408572977980644
vn 0.2181028163160514 0.9754424127640211 0.03071255274496261
vn 0.20163323678270273 0.9787748514340958 0.0366582599790856
vn 0.10771134271275296 0.9936538386422842 0.032408572977980644
vn 0.20163323678270273 0.9787748514340958 0.0366582599790856
vn 0.09907593401002251 0.994337076767175 0.03844134579005465
vn 0.2181028163160514 0.9754424127640211 0.03071255274496261
vn 0.33134714843600277 0.9430932684203378 0.028002754928294796
vn 0.3080163183671766 0.9507837212412834 0.03370850103620447
vn 0.2181028163160514 0.9754424127640211 0.03071255274496261
vn 0.3080163183671766 0.9507837212412834 0.03370850103620447
vn 0.20163323678270273 0.9787748514340958 0.0366582599790856
vn 0.33134714843600277 0.9430932684203378 0.028002754928294796
vn 0.4482461783641398 0.8935777423991016 0.02437584605441816
vn 0.4197750917537325 0.9071428789266998 0.029676077161989993
vn 0.33134714843600277 0.9430932684203378 0.028002754928294796
vn 0.4197750917537325 0.9071428789266998 0.029676077161989993
vn 0.3080163183671766 0.9507837212412834 0.03370850103620447
vn 0.4482461783641398 0.8935777423991016 0.02437584605441816
vn 0.568499292659412 0.8224408755446081 0.01998900895909488
vn 0.5376230246602964 0.8428234100916587 0.024701877592235303
vn 0.4482461783641398 0.8935777423991016 0.02437584605441816
vn 0.5376230246602964 0.8428234100916587 0.024701877592235303
vn 0.4197750917537325 0.9071428789266998 0.029676077161989993
vn 0.568499292659412 0.8224408755446081 0.01998900895909488
vn 0.6896801496308812 0.7239568877086305 0.015090259916870885
vn 0.6602994997677056 0.7507615031929469 0.01901935671847207
vn 0.568499292659412 0.8224408755446081 0.01998900895909488
vn 0.6602994997677056 0.7507615031929469 0.01901935671847207
vn 0.5376230246602964 0.8428234100916587 0.024701877592235303
vn 0.6896801496308812 0.7239568877086305 0.015090259916870885
vn 0.8057787521277475 0.5921312241424103 0.010060617031818346
vn 0.7825372188224435 0.6224677371723426 0.013016041532605606
vn 0.6896801496308812 0.7239568877086305 0.015090259916870885
vn 0.7825372188224435 0.6224677371723426 0.013016041532605606
vn 0.6602994997677056 0.7507615031929469 0.01901935671847207
vn 0.8057787521277475 0.5921312241424103 0.010060617031818346
vn 0.9059515899538 0.4233462526722889 0.005446742926961692
vn 0.8925293483048956 0.45093009541205614 0.007308314861327838
vn 0.8057787521277475 0.5921312241424103 0.010060617031818346
vn 0.8925293483048956 0.45093009541205614 0.007308314861327838
vn 0.7825372188224435 0.6224677371723426 0.013016041532605606
vn 0.9059515899538 0.4233462526722889 0.005446742926961692
vn 0.9753354953988921 0.22071922059786395 0.0019227775923085315
vn 0.9715005914659304 0.23702117989605576 0.0027497385382937566
vn 0.9059515899538 0.4233462526722889 0.005446742926961692
vn 0.9715005914659304 0.23702117989605576 0.0027497385382937566
vn 0.8925293483048956 0.45093009541205614 0.007308314861327838
vn 0.9753354953988921 0.22071922059786395 0.0019227775923085315
vn 0.998449214167765 0.05566947296963063 0.00027659908829540103
vn 0.998210476962942 0.05979677043571502 0.00043580600562505
vn 0.9753354953988921 0.22071922059786395 0.0019227775923085315
vn 0.998210476962942 0.05979677043571502 0.00043580600562505
vn 0.9715005914659304 0.23702117989605576 0.0027497385382937566
vn 1 0 0
vn 1 0 0
vn 1 0 0
vn 1 0 0
vn 1 0 0
vn 1 0 0
vn 0.9993952834811135 -0.03477164585844374 0
vn 0.9901510048449316 -0.1400035271147561 0
vn 0.9901510048449317 -0.14000352711475608 0
vn 0.9993952834811135 -0.03477164585844374 0
vn 0.9901510048449317 -0.14000352711475608 0
vn 0.9993952834811135 -0.03477164585844373 0
vn 0.9901510048449316 -0.1400035271147561 0
vn 0.9592593076813968 -0.2825271325494379 0
vn 0.9592593076813966 -0.28252713254943784 0
vn 0.9901510048449316 -0.1400035271147561 0
vn 0.9592593076813966 -0.28252713254943784 0
vn 0.9901510048449317 -0.14000352711475608 0
vn 0.9592593076813968 -0.2825271325494379 0
vn 0.9031572697956277 -0.4293098484955912 0
vn 0.9031572697956278 -0.429309848495591 0
vn 0.9592593076813968 -0.2825271325494379 0
vn 0.9031572697956278 -0.429309848495591 0
vn 0.9592593076813966 -0.28252713254943784 0
vn 0.9031572697956277 -0.4293098484955912 0
vn 0.8146463300411152 -0.5799580648206752 0
vn 0.8146463300411152 -0.5799580648206752 0
vn 0.9031572697956277 -0.4293098484955912 0
vn 0.8146463300411152 -0.5799580648206752 0
vn 0.9031572697956278 -0.429309848495591 0
vn 0.8146463300411152 -0.5799580648206752 0
vn 0.6840179177626884 -0.7294652069698706 0
vn 0.6840179177626884 -0.7294652069698706 0
vn 0.8146463300411152 -0.5799580648206752 0
vn 0.6840179177626884 -0.7294652069698706 0
vn 0.8146463300411152 -0.5799580648206752 0
vn 0.6840179177626884 -0.7294652069698706 0
vn 0.5021705781415876 -0.8647685878019297 0
vn 0.5021705781415875 -0.8647685878019297 0
vn 0.6840179177626884 -0.7294652069698706 0
vn 0.5021705781415875 -0.8647685878019297 0
vn 0.6840179177626884 -0.7294652069698706 0
vn 0.5021705781415876 -0.8647685878019297 0
vn 0.26840035505373816 -0.9633074532084901 0
vn 0.26840035505373816 -0.9633074532084901 0
vn 0.5021705781415876 -0.8647685878019297 0
vn 0.26840035505373816 -0.9633074532084901 0
vn 0.5021705781415875 -0.8647685878019297 0
vn 0.26840035505373816 -0.9633074532084901 0
vn 0.10361529381252252 -0.9946174495192333 0
vn 0.13790600028214103 -0.9904453216034605 0
vn 0.26840035505373816 -0.9633074532084901 0
vn 0.13790600028214103 -0.9904453216034605 0
vn 0.26840035505373816 -0.9633074532084901 0
vn -0.08293399656097813 -0.9965550422402285 0
vn -0.26840035505373827 -0.9633074532084899 0
vn -0.2684003550537383 -0.9633074532084901 0
vn -0.08293399656097813 -0.9965550422402285 0
vn -0.2684003550537383 -0.9633074532084901 0
vn -0.13790600028214137 -0.9904453216034602 0
vn -0.26840035505373827 -0.9633074532084899 0
vn -0.5021705781415875 -0.8647685878019297 0
vn -0.5021705781415875 -0.8647685878019297 0
vn -0.26840035505373827 -0.9633074532084899 0
vn -0.5021705781415875 -0.8647685878019297 0
vn -0.2684003550537383 -0.9633074532084901 0
vn -0.5021705781415875 -0.8647685878019297 0
vn -0.6840179177626889 -0.7294652069698699 0
vn -0.6840179177626889 -0.7294652069698699 0
vn -0.5021705781415875 -0.8647685878019297 0
vn -0.6840179177626889 -0.7294652069698699 0
vn -0.5021705781415875 -0.8647685878019297 0
vn -0.6840179177626889 -0.7294652069698699 0
vn -0.8146463300411145 -0.5799580648206758 0
vn -0.8146463300411145 -0.5799580648206759 0
vn -0.6840179177626889 -0.7294652069698699 0
vn -0.8146463300411145 -0.5799580648206759 0
vn -0.6840179177626889 -0.7294652069698699 0
vn -0.8146463300411145 -0.5799580648206758 0
vn -0.9031572697956273 -0.4293098484955926 0
vn -0.9031572697956273 -0.4293098484955926 0
vn -0.8146463300411145 -0.5799580648206758 0
vn -0.9031572697956273 -0.4293098484955926 0
vn -0.8146463300411145 -0.5799580648206759 0
vn -0.9031572697956273 -0.4293098484955926 0
vn -0.9592593076813963 -0.28252713254943856 0
vn -0.9592593076813963 -0.28252713254943856 0
vn -0.9031572697956273 -0.4293098484955926 0
vn -0.9592593076813963 -0.28252713254943856 0
vn -0.9031572697956273 -0.4293098484955926 0
vn -0.9592593076813963 -0.28252713254943856 0
vn -0.9901510048449316 -0.1400035271147569 0
vn -0.9901510048449316 -0.1400035271147569 0
vn -0.9592593076813963 -0.28252713254943856 0
vn -0.9901510048449316 -0.1400035271147569 0
vn -0.9592593076813963 -0.28252713254943856 0
vn -0.9901510048449316 -0.1400035271147569 0
vn -0.9993952834811135 -0.034771645858443605 0
vn -0.9993952834811135 -0.0347716458584436 0
vn -0.9901510048449316 -0.1400035271147569 0
vn -0.9993952834811135 -0.0347716458584436 0
vn -0.9901510048449316 -0.1400035271147569 0
vn -1 0 0
vn -1 0 0
vn -1 0 0
vn -1 0 0
vn -1 0 0
vn -1 0 0
vn -1 0 0
vn -1 0 0
vn -1 0 0
vn -1 0 0
vn -1 0 0
vn -1 0 0
vn -0.9979810833201688 0.06351053803688882 0.0004109663820561866
vn -0.9699775011912556 0.2431802708313099 0.0026463297562087265
vn -0.9640243978556746 0.2647550094880907 0.023701166426249712
vn -0.9979810833201688 0.06351053803688882 0.0004109663820561866
vn -0.9640243978556746 0.2647550094880907 0.023701166426249712
vn -0.997435640248338 0.0697552237687556 0.016011006194465164
vn -0.9699775011912556 0.2431802708313099 0.0026463297562087265
vn -0.890797785639791 0.4543444019671041 0.007104188933272725
vn -0.8724148911423364 0.487396747427813 0.036560474694593365
vn -0.9699775011912556 0.2431802708313099 0.0026463297562087265
vn -0.8724148911423364 0.487396747427813 0.036560474694593365
vn -0.9640243978556746 0.2647550094880907 0.023701166426249712
vn -0.890797785639791 0.4543444019671041 0.007104188933272725
vn -0.7817579043979224 0.6234520455992099 0.012732861011162418
vn -0.7520262371053514 0.6571269887525438 0.05138734628466333
vn -0.890797785639791 0.4543444019671041 0.007104188933272725
vn -0.7520262371053514 0.6571269887525438 0.05138734628466333
vn -0.8724148911423364 0.487396747427813 0.036560474694593365
vn -0.7817579043979224 0.6234520455992099 0.012732861011162418
vn -0.6607850104997127 0.7503423031601582 0.01869753960295101
vn -0.624971514534777 0.7778415515963752 0.06612961991611904
vn -0.7817579043979224 0.6234520455992099 0.012732861011162418
vn -0.624971514534777 0.7778415515963752 0.06612961991611904
vn -0.7520262371053514 0.6571269887525438 0.05138734628466333
vn -0.6607850104997127 0.7503423031601582 0.01869753960295101
vn -0.5391520116164449 0.8418554507410884 0.02438254349856875
vn -0.5028077813874018 0.8607308323816771 0.07954099046293195
vn -0.6607850104997127 0.7503423031601582 0.01869753960295101
vn -0.5028077813874018 0.8607308323816771 0.07954099046293195
vn -0.624971514534777 0.7778415515963752 0.06612961991611904
vn -0.5391520116164449 0.8418554507410884 0.02438254349856875
vn -0.42200444337870513 0.9061172159373524 0.029391167900765375
vn -0.3893302245054346 0.9165983581279551 0.09093638525741247
vn -0.5391520116164449 0.8418554507410884 0.02438254349856875
vn -0.3893302245054346 0.9165983581279551 0.09093638525741247
vn -0.5028077813874018 0.8607308323816771 0.07954099046293195
vn -0.42200444337870513 0.9061172159373524 0.029391167900765375
vn -0.31066423931375875 0.949929912257481 0.033479728345638504
vn -0.28439785949305135 0.9534830641328023 0.09993950133802497
vn -0.42200444337870513 0.9061172159373524 0.029391167900765375
vn -0.28439785949305135 0.9534830641328023 0.09993950133802497
vn -0.3893302245054346 0.9165983581279551 0.09093638525741247
vn -0.31066423931375875 0.949929912257481 0.033479728345638504
vn -0.20451032771074537 0.9781836881459758 0.03649928909965188
vn -0.18628856314751596 0.976723689337123 0.10633628697727471
vn -0.31066423931375875 0.949929912257481 0.033479728345638504
vn -0.18628856314751596 0.976723689337123 0.10633628697727471
vn -0.28439785949305135 0.9534830641328023 0.09993950133802497
vn -0.20451032771074537 0.9781836881459758 0.03649928909965188
vn -0.10206359191928746 0.9940379916346114 0.03836006245512243
vn -0.09278255566253085 0.9895909552733789 0.11000517535939267
vn -0.20451032771074537 0.9781836881459758 0.03649928909965188
vn -0.09278255566253085 0.9895909552733789 0.11000517535939267
vn -0.18628856314751596 0.976723689337123 0.10633628697727471
vn -0.10206359191928746 0.9940379916346114 0.03836006245512243
vn -0.0015100999379016918 0.9992375627619914 0.03901298198872953
vn -0.0015636044678462172 0.9938318295238243 0.11088665278741287
vn -0.10206359191928746 0.9940379916346114 0.03836006245512243
vn -0.0015636044678462172 0.9938318295238243 0.11088665278741287
vn -0.09278255566253085 0.9895909552733789 0.11000517535939267
vn -0.0015100999379016918 0.9992375627619914 0.03901298198872953
vn 0.09907593401002251 0.994337076767175 0.03844134579005465
vn 0.08968248518942286 0.9899910535068449 0.1089713991222288
vn -0.0015100999379016918 0.9992375627619914 0.03901298198872953
vn 0.08968248518942286 0.9899910535068449 0.1089713991222288
vn -0.0015636044678462172 0.9938318295238243 0.11088665278741287
vn 0.09907593401002251 0.994337076767175 0.03844134579005465
vn 0.20163323678270273 0.9787748514340958 0.0366582599790856
vn 0.1832801312178183 0.9775122886307248 0.10429822182904988
vn 0.09907593401002251 0.994337076767175 0.03844134579005465
vn 0.1832801312178183 0.9775122886307248 0.10429822182904988
vn 0.08968248518942286 0.9899910535068449 0.1089713991222288
vn 0.20163323678270273 0.9787748514340958 0.0366582599790856
vn 0.3080163183671766 0.9507837212412834 0.03370850103620447
vn 0.28157977143569995 0.9546264482364312 0.09695966504539552
vn 0.20163323678270273 0.9787748514340958 0.0366582599790856
vn 0.28157977143569995 0.9546264482364312 0.09695966504539552
vn 0.1832801312178183 0.9775122886307248 0.10429822182904988
vn 0.3080163183671766 0.9507837212412834 0.03370850103620447
vn 0.4197750917537325 0.9071428789266998 0.029676077161989993
vn 0.38686899218449955 0.9180102351197644 0.08711825928876625
vn 0.3080163183671766 0.9507837212412834 0.03370850103620447
vn 0.38686899218449955 0.9180102351197644 0.08711825928876625
vn 0.28157977143569995 0.9546264482364312 0.09695966504539552
vn 0.4197750917537325 0.9071428789266998 0.029676077161989993
vn 0.5376230246602964 0.8428234100916587 0.024701877592235303
vn 0.5009794890507923 0.8621995043470544 0.07504376225977054
vn 0.4197750917537325 0.9071428789266998 0.029676077161989993
vn 0.5009794890507923 0.8621995043470544 0.07504376225977054
vn 0.38686899218449955 0.9180102351197644 0.08711825928876625
vn 0.5376230246602964 0.8428234100916587 0.024701877592235303
vn 0.6602994997677056 0.7507615031929469 0.01901935671847207
vn 0.6241775464880098 0.7788822241509559 0.06119535408728822
vn 0.5376230246602964 0.8428234100916587 0.024701877592235303
vn 0.6241775464880098 0.7788822241509559 0.06119535408728822
vn 0.5009794890507923 0.8621995043470544 0.07504376225977054
vn 0.6602994997677056 0.7507615031929469 0.01901935671847207
vn 0.7825372188224435 0.6224677371723426 0.013016041532605606
vn 0.7526567517939143 0.656776777628527 0.04639049845520598
vn 0.6602994997677056 0.7507615031929469 0.01901935671847207
vn 0.7526567517939143 0.656776777628527 0.04639049845520598
vn 0.6241775464880098 0.7788822241509559 0.06119535408728822
vn 0.7825372188224435 0.6224677371723426 0.013016041532605606
vn 0.8925293483048956 0.45093009541205614 0.007308314861327838
vn 0.8743378898209103 0.48425616218914197 0.03208151812744321
vn 0.7825372188224435 0.6224677371723426 0.013016041532605606
vn 0.8743378898209103 0.48425616218914197 0.03208151812744321
vn 0.7526567517939143 0.656776777628527 0.04639049845520598
vn 0.8925293483048956 0.45093009541205614 0.007308314861327838
vn 0.9715005914659304 0.23702117989605576 0.0027497385382937566
vn 0.9659085411653731 0.25806666659224975 0.020549591181944656
vn 0.8925293483048956 0.45093009541205614 0.007308314861327838
vn 0.9659085411653731 0.25806666659224975 0.020549591181944656
vn 0.8743378898209103 0.48425616218914197 0.03208151812744321
vn 0.9715005914659304 0.23702117989605576 0.0027497385382937566
vn 0.998210476962942 0.05979677043571502 0.00043580600562505
vn 0.9977360186374974 0.06552902909768346 0.015125589539271967
vn 0.9715005914659304 0.23702117989605576 0.0027497385382937566
vn 0.9977360186374974 0.06552902909768346 0.015125589539271967
vn 0.9659085411653731 0.25806666659224975 0.020549591181944656
vn 1 0 0
vn 1 0 0
vn 1 0 0
vn 1 0 0
vn 1 0 0
vn 1 0 0
vn 0.9993952834811135 -0.03477164585844373 0
vn 0.9901510048449317 -0.14000352711475608 0
vn 0.9898207018484212 -0.14096182731775994 0.01961482682913017
vn 0.9993952834811135 -0.03477164585844373 0
vn 0.9898207018484212 -0.14096182731775994 0.01961482682913017
vn 0.999260366424833 -0.03510513342904443 0.01569553119322133
vn 0.9901510048449317 -0.14000352711475608 0
vn 0.9592593076813966 -0.28252713254943784 0
vn 0.9585107968185926 -0.2839746677571389 0.024808072363835722
vn 0.9901510048449317 -0.14000352711475608 0
vn 0.9585107968185926 -0.2839746677571389 0.024808072363835722
vn 0.9898207018484212 -0.14096182731775994 0.01961482682913017
vn 0.9592593076813966 -0.28252713254943784 0
vn 0.9031572697956278 -0.429309848495591 0
vn 0.9018395181549708 -0.430991267802684 0.030528848190611756
vn 0.9592593076813966 -0.28252713254943784 0
vn 0.9018395181549708 -0.430991267802684 0.030528848190611756
vn 0.9585107968185926 -0.2839746677571389 0.024808072363835722
vn 0.9031572697956278 -0.429309848495591 0
vn 0.8146463300411152 -0.5799580648206752 0
vn 0.8127407945493318 -0.581480084333085 0.03651455051495497
vn 0.9031572697956278 -0.429309848495591 0
vn 0.8127407945493318 -0.581480084333085 0.03651455051495497
vn 0.9018395181549708 -0.430991267802684 0.030528848190611756
vn 0.8146463300411152 -0.5799580648206752 0
vn 0.6840179177626884 -0.7294652069698706 0
vn 0.6817737586691872 -0.7303445794480323 0.04220589130637676
vn 0.8146463300411152 -0.5799580648206752 0
vn 0.6817737586691872 -0.7303445794480323 0.04220589130637676
vn 0.8127407945493318 -0.581480084333085 0.03651455051495497
vn 0.6840179177626884 -0.7294652069698706 0
vn 0.5021705781415875 -0.8647685878019297 0
vn 0.5002115711331314 -0.8646465843046628 0.0466333395201712
vn 0.6840179177626884 -0.7294652069698706 0
vn 0.5002115711331314 -0.8646465843046628 0.0466333395201712
vn 0.6817737586691872 -0.7303445794480323 0.04220589130637676
vn 0.5021705781415875 -0.8647685878019297 0
vn 0.26840035505373816 -0.9633074532084901 0
vn 0.267558421217627 -0.9623198696920964 0.04850731523510087
vn 0.5021705781415875 -0.8647685878019297 0
vn 0.267558421217627 -0.9623198696920964 0.04850731523510087
vn 0.5002115711331314 -0.8646465843046628 0.0466333395201712
vn 0.26840035505373816 -0.9633074532084901 0
vn 0.13790600028214103 -0.9904453216034605 0
vn 0.08289439822327899 -0.9949065894806443 0.05735326452080499
vn 0.26840035505373816 -0.9633074532084901 0
vn 0.08289439822327899 -0.9949065894806443 0.05735326452080499
vn 0.267558421217627 -0.9623198696920964 0.04850731523510087
vn -0.13790600028214137 -0.9904453216034602 0
vn -0.2684003550537383 -0.9633074532084901 0
vn -0.26632121389709595 -0.96268486507021 0.04807142179225163
vn -0.13790600028214137 -0.9904453216034602 0
vn -0.26632121389709595 -0.96268486507021 0.04807142179225163
vn -0.1024073842312628 -0.9921318894920145 0.0720211184855906
vn -0.2684003550537383 -0.9633074532084901 0
vn -0.5021705781415875 -0.8647685878019297 0
vn -0.49959315213485384 -0.8650857891772322 0.04509168109048366
vn -0.2684003550537383 -0.9633074532084901 0
vn -0.49959315213485384 -0.8650857891772322 0.04509168109048366
vn -0.26632121389709595 -0.96268486507021 0.04807142179225163
vn -0.5021705781415875 -0.8647685878019297 0
vn -0.6840179177626889 -0.7294652069698699 0
vn -0.6816850005383385 -0.7305488882285414 0.04004849496657406
vn -0.5021705781415875 -0.8647685878019297 0
vn -0.6816850005383385 -0.7305488882285414 0.04004849496657406
vn -0.49959315213485384 -0.8650857891772322 0.04509168109048366
vn -0.6840179177626889 -0.7294652069698699 0
vn -0.8146463300411145 -0.5799580648206759 0
vn -0.8129251275275693 -0.5813651459589455 0.034165832324397606
vn -0.6840179177626889 -0.7294652069698699 0
vn -0.8129251275275693 -0.5813651459589455 0.034165832324397606
vn -0.6816850005383385 -0.7305488882285414 0.04004849496657406
vn -0.8146463300411145 -0.5799580648206759 0
vn -0.9031572697956273 -0.4293098484955926 0
vn -0.9020929710433333 -0.4306150413543253 0.028265840755660354
vn -0.8146463300411145 -0.5799580648206759 0
vn -0.9020929710433333 -0.4306150413543253 0.028265840755660354
vn -0.8129251275275693 -0.5813651459589455 0.034165832324397606
vn -0.9031572697956273 -0.4293098484955926 0
vn -0.9592593076813963 -0.28252713254943856 0
vn -0.9587228584399331 -0.28342798456959833 0.022782850295331666
vn -0.9031572697956273 -0.4293098484955926 0
vn -0.9587228584399331 -0.28342798456959833 0.022782850295331666
vn -0.9020929710433333 -0.4306150413543253 0.028265840755660354
vn -0.9592593076813963 -0.28252713254943856 0
vn -0.9901510048449316 -0.1400035271147569 0
vn -0.9899441556816346 -0.14032210362172282 0.017896252874559607
vn -0.9592593076813963 -0.28252713254943856 0
vn -0.9899441556816346 -0.14032210362172282 0.017896252874559607
vn -0.9587228584399331 -0.28342798456959833 0.022782850295331666
vn -0.9901510048449316 -0.1400035271147569 0
vn -0.9993952834811135 -0.0347716458584436 0
vn -0.9992835412195257 -0.0347694160119026 0.014949647419108668
vn -0.9901510048449316 -0.1400035271147569 0
vn -0.9992835412195257 -0.0347694160119026 0.014949647419108668
vn -0.9899441556816346 -0.14032210362172282 0.017896252874559607
vn -0.9992835412195257 -0.0347694160119026 0.014949647419108668
vn -0.9998532589395364 0 0.0171306914042825
vn -0.9963729604160908 0 0.0850936175730894
vn -0.9992835412195257 -0.0347694160119026 0.014949647419108668
vn -0.9963729604160908 0 0.0850936175730894
vn -0.9954752720637217 -0.0353627297151365 0.08819557844219574
vn -0.9998532589395364 0 0.0171306914042825
vn -0.9997707174437168 0 0.021412905969903986
vn -0.9963729604160908 0 0.0850936175730894
vn -0.9998532589395364 0 0.0171306914042825
vn -0.9963729604160908 0 0.0850936175730894
vn -0.9963729604160908 0 0.0850936175730894
vn -0.9997707174437168 0 0.021412905969903986
vn -0.997435640248338 0.0697552237687556 0.016011006194465164
vn -0.9932935438608816 0.07569936992103614 0.087393026711797
vn -0.9997707174437168 0 0.021412905969903986
vn -0.9932935438608816 0.07569936992103614 0.087393026711797
vn -0.9963729604160908 0 0.0850936175730894
vn -0.997435640248338 0.0697552237687556 0.016011006194465164
vn -0.9640243978556746 0.2647550094880907 0.023701166426249712
vn -0.9535247380555207 0.2853187595934291 0.09686990936414394
vn -0.997435640248338 0.0697552237687556 0.016011006194465164
vn -0.9535247380555207 0.2853187595934291 0.09686990936414394
vn -0.9932935438608816 0.07569936992103614 0.087393026711797
vn -0.9640243978556746 0.2647550094880907 0.023701166426249712
vn -0.8724148911423364 0.487396747427813 0.036560474694593365
vn -0.8482990678474913 0.5174798952882589 0.11226419492220126
vn -0.9640243978556746 0.2647550094880907 0.023701166426249712
vn -0.8482990678474913 0.5174798952882589 0.11226419492220126
vn -0.9535247380555207 0.2853187595934291 0.09686990936414394
vn -0.8724148911423364 0.487396747427813 0.036560474694593365
vn -0.7520262371053514 0.6571269887525438 0.05138734628466333
vn -0.716871375162211 0.684964164776412 0.1300750723436008
vn -0.8724148911423364 0.487396747427813 0.036560474694593365
vn -0.716871375162211 0.684964164776412 0.1300750723436008
vn -0.8482990678474913 0.5174798952882589 0.11226419492220126
vn -0.7520262371053514 0.6571269887525438 0.05138734628466333
vn -0.624971514534777 0.7778415515963752 0.06612961991611904
vn -0.5851798817593349 0.7972505172340125 0.14817597225674056
vn -0.7520262371053514 0.6571269887525438 0.05138734628466333
vn -0.5851798817593349 0.7972505172340125 0.14817597225674056
vn -0.716871375162211 0.684964164776412 0.1300750723436008
vn -0.624971514534777 0.7778415515963752 0.06612961991611904
vn -0.5028077813874018 0.8607308323816771 0.07954099046293195
vn -0.46406224408491703 0.8702800664031184 0.1651025125073948
vn -0.624971514534777 0.7778415515963752 0.06612961991611904
vn -0.46406224408491703 0.8702800664031184 0.1651025125073948
vn -0.5851798817593349 0.7972505172340125 0.14817597225674056
vn -0.5028077813874018 0.8607308323816771 0.07954099046293195
vn -0.3893302245054346 0.9165983581279551 0.09093638525741247
vn -0.3554158362711579 0.9172312279022363 0.1799068033417006
vn -0.5028077813874018 0.8607308323816771 0.07954099046293195
vn -0.3554158362711579 0.9172312279022363 0.1799068033417006
vn -0.46406224408491703 0.8702800664031184 0.1651025125073948
vn -0.3893302245054346 0.9165983581279551 0.09093638525741247
vn -0.28439785949305135 0.9534830641328023 0.09993950133802497
vn -0.2575472408763157 0.9470039302586191 0.19197128637305502
vn -0.3893302245054346 0.9165983581279551 0.09093638525741247
vn -0.2575472408763157 0.9470039302586191 0.19197128637305502
vn -0.3554158362711579 0.9172312279022363 0.1799068033417006
vn -0.28439785949305135 0.9534830641328023 0.09993950133802497
vn -0.18628856314751596 0.976723689337123 0.10633628697727471
vn -0.1677435660430381 0.9651451065895689 0.2008905654264893
vn -0.28439785949305135 0.9534830641328023 0.09993950133802497
vn -0.1677435660430381 0.9651451065895689 0.2008905654264893
vn -0.2575472408763157 0.9470039302586191 0.19197128637305502
vn -0.18628856314751596 0.976723689337123 0.10633628697727471
vn -0.09278255566253085 0.9895909552733789 0.11000517535939267
vn -0.0831980682132621 0.9749225354820257 0.20640768216052405
vn -0.18628856314751596 0.976723689337123 0.10633628697727471
vn -0.0831980682132621 0.9749225354820257 0.20640768216052405
vn -0.1677435660430381 0.9651451065895689 0.2008905654264893
vn -0.09278255566253085 0.9895909552733789 0.11000517535939267
vn -0.0015636044678462172 0.9938318295238243 0.11088665278741287
vn -0.0012357541960473604 0.9780470050816465 0.20838073030486454
vn -0.09278255566253085 0.9895909552733789 0.11000517535939267
vn -0.0012357541960473604 0.9780470050816465 0.20838073030486454
vn -0.0831980682132621 0.9749225354820257 0.20640768216052405
vn -0.0015636044678462172 0.9938318295238243 0.11088665278741287
vn 0.08968248518942286 0.9899910535068449 0.1089713991222288
vn 0.08071659523531498 0.9750551326484035 0.2067663404658082
vn -0.0015636044678462172 0.9938318295238243 0.11088665278741287
vn 0.08071659523531498 0.9750551326484035 0.2067663404658082
vn -0.0012357541960473604 0.9780470050816465 0.20838073030486454
vn 0.08968248518942286 0.9899910535068449 0.1089713991222288
vn 0.1832801312178183 0.9775122886307248 0.10429822182904988
vn 0.16524041685312602 0.965425964182081 0.2016142661651306
vn 0.08968248518942286 0.9899910535068449 0.1089713991222288
vn 0.16524041685312602 0.965425964182081 0.2016142661651306
vn 0.08071659523531498 0.9750551326484035 0.2067663404658082
vn 0.1832801312178183 0.9775122886307248 0.10429822182904988
vn 0.28157977143569995 0.9546264482364312 0.09695966504539552
vn 0.2550395134319306 0.9474589166392654 0.19307109537461417
vn 0.1832801312178183 0.9775122886307248 0.10429822182904988
vn 0.2550395134319306 0.9474589166392654 0.19307109537461417
vn 0.16524041685312602 0.965425964182081 0.2016142661651306
vn 0.28157977143569995 0.9546264482364312 0.09695966504539552
vn 0.38686899218449955 0.9180102351197644 0.08711825928876625
vn 0.35298338624895825 0.9178775796458165 0.18139315812829493
vn 0.28157977143569995 0.9546264482364312 0.09695966504539552
vn 0.35298338624895825 0.9178775796458165 0.18139315812829493
vn 0.2550395134319306 0.9474589166392654 0.19307109537461417
vn 0.38686899218449955 0.9180102351197644 0.08711825928876625
vn 0.5009794890507923 0.8621995043470544 0.07504376225977054
vn 0.46190377722985393 0.871071545008594 0.16697084792602154
vn 0.38686899218449955 0.9180102351197644 0.08711825928876625
vn 0.46190377722985393 0.871071545008594 0.16697084792602154
vn 0.35298338624895825 0.9178775796458165 0.18139315812829493
vn 0.5009794890507923 0.8621995043470544 0.07504376225977054
vn 0.6241775464880098 0.7788822241509559 0.06119535408728822
vn 0.5836808613235281 0.797938136696297 0.15037081542063147
vn 0.5009794890507923 0.8621995043470544 0.07504376225977054
vn 0.5836808613235281 0.797938136696297 0.15037081542063147
vn 0.46190377722985393 0.871071545008594 0.16697084792602154
vn 0.6241775464880098 0.7788822241509559 0.06119535408728822
vn 0.7526567517939143 0.656776777628527 0.04639049845520598
vn 0.7165786300282675 0.6848226807744633 0.13241209492976463
vn 0.6241775464880098 0.7788822241509559 0.06119535408728822
vn 0.7165786300282675 0.6848226807744633 0.13241209492976463
vn 0.5836808613235281 0.797938136696297 0.15037081542063147
vn 0.7526567517939143 0.656776777628527 0.04639049845520598
vn 0.8743378898209103 0.48425616218914197 0.03208151812744321
vn 0.8494748927913963 0.5150975633350147 0.11431057152939363
vn 0.7526567517939143 0.656776777628527 0.04639049845520598
vn 0.8494748927913963 0.5150975633350147 0.11431057152939363
vn 0.7165786300282675 0.6848226807744633 0.13241209492976463
vn 0.8743378898209103 0.48425616218914197 0.03208151812744321
vn 0.9659085411653731 0.25806666659224975 0.020549591181944656
vn 0.9551443866452878 0.2794816859974589 0.0979243986553644
vn 0.8743378898209103 0.48425616218914197 0.03208151812744321
vn 0.9551443866452878 0.2794816859974589 0.0979243986553644
vn 0.8494748927913963 0.5150975633350147 0.11431057152939363
vn 0.9659085411653731 0.25806666659224975 0.020549591181944656
vn 0.9977360186374974 0.06552902909768346 0.015125589539271967
vn 0.9935767519770199 0.07181285548391352 0.08745371185971433
vn 0.9659085411653731 0.25806666659224975 0.020549591181944656
vn 0.9935767519770199 0.07181285548391352 0.08745371185971433
vn 0.9551443866452878 0.2794816859974589 0.0979243986553644
vn 0.9977360186374974 0.06552902909768346 0.015125589539271967
vn 0.999260366424833 -0.03510513342904443 0.01569553119322133
vn 0.995352499262444 -0.03608393734343171 0.08928242647801217
vn 0.9977360186374974 0.06552902909768346 0.015125589539271967
vn 0.995352499262444 -0.03608393734343171 0.08928242647801217
vn 0.9935767519770199 0.07181285548391352 0.08745371185971433
vn 0.999260366424833 -0.03510513342904443 0.01569553119322133
vn 0.9898207018484212 -0.14096182731775994 0.01961482682913017
vn 0.984343938276798 -0.14419002844251166 0.10137182486012018
vn 0.999260366424833 -0.03510513342904443 0.01569553119322133
vn 0.984343938276798 -0.14419002844251166 0.10137182486012018
vn 0.995352499262444 -0.03608393734343171 0.08928242647801217
vn 0.9898207018484212 -0.14096182731775994 0.01961482682913017
vn 0.9585107968185926 -0.2839746677571389 0.024808072363835722
vn 0.9500766249167549 -0.28912111044114136 0.11731747646480012
vn 0.9898207018484212 -0.14096182731775994 0.01961482682913017
vn 0.9500766249167549 -0.28912111044114136 0.11731747646480012
vn 0.984343938276798 -0.14419002844251166 0.10137182486012018
vn 0.9585107968185926 -0.2839746677571389 0.024808072363835722
vn 0.9018395181549708 -0.430991267802684 0.030528848190611756
vn 0.8897302094359768 -0.43643668728115326 0.1338027369378734
vn 0.9585107968185926 -0.2839746677571389 0.024808072363835722
vn 0.8897302094359768 -0.43643668728115326 0.1338027369378734
vn 0.9500766249167549 -0.28912111044114136 0.11731747646480012
vn 0.9018395181549708 -0.430991267802684 0.030528848190611756
vn 0.8127407945493318 -0.581480084333085 0.03651455051495497
vn 0.7971024007937404 -0.5849532015142497 0.14985831537517308
vn 0.9018395181549708 -0.430991267802684 0.030528848190611756
vn 0.7971024007937404 -0.5849532015142497 0.14985831537517308
vn 0.8897302094359768 -0.43643668728115326 0.1338027369378734
vn 0.8127407945493318 -0.581480084333085 0.03651455051495497
vn 0.6817737586691872 -0.7303445794480323 0.04220589130637676
vn 0.6643148610046912 -0.729314766749396 0.16366348538874517
vn 0.8127407945493318 -0.581480084333085 0.03651455051495497
vn 0.6643148610046912 -0.729314766749396 0.16366348538874517
vn 0.7971024007937404 -0.5849532015142497 0.14985831537517308
vn 0.6817737586691872 -0.7303445794480323 0.04220589130637676
vn 0.5002115711331314 -0.8646465843046628 0.0466333395201712
vn 0.4846815795796558 -0.857538961577009 0.17236790824743115
vn 0.6817737586691872 -0.7303445794480323 0.04220589130637676
vn 0.4846815795796558 -0.857538961577009 0.17236790824743115
vn 0.6643148610046912 -0.729314766749396 0.16366348538874517
vn 0.5002115711331314 -0.8646465843046628 0.0466333395201712
vn 0.267558421217627 -0.9623198696920964 0.04850731523510087
vn 0.25883741023152335 -0.9503983280155232 0.17247090528531533
vn 0.5002115711331314 -0.8646465843046628 0.0466333395201712
vn 0.25883741023152335 -0.9503983280155232 0.17247090528531533
vn 0.4846815795796558 -0.857538961577009 0.17236790824743115
vn 0.267558421217627 -0.9623198696920964 0.04850731523510087
vn 0.08289439822327899 -0.9949065894806443 0.05735326452080499
vn 0.06709524153624305 -0.9838203787676941 0.16611950783873627
vn 0.267558421217627 -0.9623198696920964 0.04850731523510087
vn 0.06709524153624305 -0.9838203787676941 0.16611950783873627
vn 0.25883741023152335 -0.9503983280155232 0.17247090528531533
vn 0.08289439822327899 -0.9949065894806443 0.05735326452080499
vn -0.1024073842312628 -0.9921318894920145 0.0720211184855906
vn -0.06500639825044295 -0.983711740655354 0.16758693112327774
vn 0.08289439822327899 -0.9949065894806443 0.05735326452080499
vn -0.06500639825044295 -0.983711740655354 0.16758693112327774
vn 0.06709524153624305 -0.9838203787676941 0.16611950783873627
vn -0.1024073842312628 -0.9921318894920145 0.0720211184855906
vn -0.26632121389709595 -0.96268486507021 0.04807142179225163
vn -0.25514785374075993 -0.9510540335432547 0.17434390729988122
vn -0.1024073842312628 -0.9921318894920145 0.0720211184855906
vn -0.25514785374075993 -0.9510540335432547 0.17434390729988122
vn -0.06500639825044295 -0.983711740655354 0.16758693112327774
vn -0.26632121389709595 -0.96268486507021 0.04807142179225163
vn -0.49959315213485384 -0.8650857891772322 0.04509168109048366
vn -0.48243031398034153 -0.8587293089003974 0.17275695698950852
vn -0.26632121389709595 -0.96268486507021 0.04807142179225163
vn -0.48243031398034153 -0.8587293089003974 0.17275695698950852
vn -0.25514785374075993 -0.9510540335432547 0.17434390729988122
vn -0.49959315213485384 -0.8650857891772322 0.04509168109048366
vn -0.6816850005383385 -0.7305488882285414 0.04004849496657406
vn -0.663515333192535 -0.7302136037347418 0.16289719315912377
vn -0.49959315213485384 -0.8650857891772322 0.04509168109048366
vn -0.663515333192535 -0.7302136037347418 0.16289719315912377
vn -0.48243031398034153 -0.8587293089003974 0.17275695698950852
vn -0.6816850005383385 -0.7305488882285414 0.04004849496657406
vn -0.8129251275275693 -0.5813651459589455 0.034165832324397606
vn -0.7972232136890934 -0.5851767488148482 0.14833516171736955
vn -0.6816850005383385 -0.7305488882285414 0.04004849496657406
vn -0.7972232136890934 -0.5851767488148482 0.14833516171736955
vn -0.663515333192535 -0.7302136037347418 0.16289719315912377
vn -0.8129251275275693 -0.5813651459589455 0.034165832324397606
vn -0.9020929710433333 -0.4306150413543253 0.028265840755660354
vn -0.8902405374988501 -0.4359876201318413 0.13185818323309118
vn -0.8129251275275693 -0.5813651459589455 0.034165832324397606
vn -0.8902405374988501 -0.4359876201318413 0.13185818323309118
vn -0.7972232136890934 -0.5851767488148482 0.14833516171736955
vn -0.9020929710433333 -0.4306150413543253 0.028265840755660354
vn -0.9587228584399331 -0.28342798456959833 0.022782850295331666
vn -0.9506300466432219 -0.28815941010265267 0.11518102616489015
vn -0.9020929710433333 -0.4306150413543253 0.028265840755660354
vn -0.9506300466432219 -0.28815941010265267 0.11518102616489015
vn -0.8902405374988501 -0.4359876201318413 0.13185818323309118
vn -0.9587228584399331 -0.28342798456959833 0.022782850295331666
vn -0.9899441556816346 -0.14032210362172282 0.017896252874559607
vn -0.9847564262428433 -0.14289586882014801 0.09917434974608193
vn -0.9587228584399331 -0.28342798456959833 0.022782850295331666
vn -0.9847564262428433 -0.14289586882014801 0.09917434974608193
vn -0.9506300466432219 -0.28815941010265267 0.11518102616489015
vn -0.9899441556816346 -0.14032210362172282 0.017896252874559607
vn -0.9992835412195257 -0.0347694160119026 0.014949647419108668
vn -0.9954752720637217 -0.0353627297151365 0.08819557844219574
vn -0.9899441556816346 -0.14032210362172282 0.017896252874559607
vn -0.9954752720637217 -0.0353627297151365 0.08819557844219574
vn -0.9847564262428433 -0.14289586882014801 0.09917434974608193
vn -0.9954752720637217 -0.0353627297151365 0.08819557844219574
vn -0.9963729604160908 0 0.0850936175730894
vn -0.9864192558075175 0 0.16424692317405323
vn -0.9954752720637217 -0.0353627297151365 0.08819557844219574
vn -0.9864192558075175 0 0.16424692317405323
vn -0.9847760320716129 -0.036294362152768704 0.16999672330140164
vn -0.9963729604160908 0 0.0850936175730894
vn -0.9963729604160908 0 0.0850936175730894
vn -0.9864192558075175 0 0.1642469231740532
vn -0.9963729604160908 0 0.0850936175730894
vn -0.9864192558075175 0 0.1642469231740532
vn -0.9864192558075175 0 0.16424692317405323
vn -0.9963729604160908 0 0.0850936175730894
vn -0.9932935438608816 0.07569936992103614 0.087393026711797
vn -0.9825494186997666 0.08115811469337542 0.16736188404821342
vn -0.9963729604160908 0 0.0850936175730894
vn -0.9825494186997666 0.08115811469337542 0.16736188404821342
vn -0.9864192558075175 0 0.1642469231740532
vn -0.9932935438608816 0.07569936992103614 0.087393026711797
vn -0.9535247380555207 0.2853187595934291 0.09686990936414394
vn -0.9362922753866482 0.3028306518406403 0.177905512441481
vn -0.9932935438608816 0.07569936992103614 0.087393026711797
vn -0.9362922753866482 0.3028306518406403 0.177905512441481
vn -0.9825494186997666 0.08115811469337542 0.16736188404821342
vn -0.9535247380555207 0.2853187595934291 0.09686990936414394
vn -0.8482990678474913 0.5174798952882589 0.11226419492220126
vn -0.8192581757702351 0.5407664516867676 0.190755566534058
vn -0.9535247380555207 0.2853187595934291 0.09686990936414394
vn -0.8192581757702351 0.5407664516867676 0.190755566534058
vn -0.9362922753866482 0.3028306518406403 0.177905512441481
vn -0.8482990678474913 0.5174798952882589 0.11226419492220126
vn -0.716871375162211 0.684964164776412 0.1300750723436008
vn -0.6802402661549889 0.7039813984720352 0.20416505799658113
vn -0.8482990678474913 0.5174798952882589 0.11226419492220126
vn -0.6802402661549889 0.7039813984720352 0.20416505799658113
vn -0.8192581757702351 0.5407664516867676 0.190755566534058
vn -0.716871375162211 0.684964164776412 0.1300750723436008
vn -0.5851798817593349 0.7972505172340125 0.14817597225674056
vn -0.5472598443543062 0.8081265070791245 0.21780314807962295
vn -0.716871375162211 0.684964164776412 0.1300750723436008
vn -0.5472598443543062 0.8081265070791245 0.21780314807962295
vn -0.6802402661549889 0.7039813984720352 0.20416505799658113
vn -0.5851798817593349 0.7972505172340125 0.14817597225674056
vn -0.46406224408491703 0.8702800664031184 0.1651025125073948
vn -0.429348507027225 0.8731058306637816 0.2309676773368974
vn -0.5851798817593349 0.7972505172340125 0.14817597225674056
vn -0.429348507027225 0.8731058306637816 0.2309676773368974
vn -0.5472598443543062 0.8081265070791245 0.21780314807962295
vn -0.46406224408491703 0.8702800664031184 0.1651025125073948
vn -0.3554158362711579 0.9172312279022363 0.1799068033417006
vn -0.32635344838997976 0.9135187582785708 0.24285161106557931
vn -0.46406224408491703 0.8702800664031184 0.1651025125073948
vn -0.32635344838997976 0.9135187582785708 0.24285161106557931
vn -0.429348507027225 0.8731058306637816 0.2309676773368974
vn -0.3554158362711579 0.9172312279022363 0.1799068033417006
vn -0.2575472408763157 0.9470039302586191 0.19197128637305502
vn -0.2352810065389131 0.9384877566589219 0.25275201000850656
vn -0.3554158362711579 0.9172312279022363 0.1799068033417006
vn -0.2352810065389131 0.9384877566589219 0.25275201000850656
vn -0.32635344838997976 0.9135187582785708 0.24285161106557931
vn -0.2575472408763157 0.9470039302586191 0.19197128637305502
vn -0.1677435660430381 0.9651451065895689 0.2008905654264893
vn -0.15274547383800507 0.953413540068923 0.2601373518648319
vn -0.2575472408763157 0.9470039302586191 0.19197128637305502
vn -0.15274547383800507 0.953413540068923 0.2601373518648319
vn -0.2352810065389131 0.9384877566589219 0.25275201000850656
vn -0.1677435660430381 0.9651451065895689 0.2008905654264893
vn -0.0831980682132621 0.9749225354820257 0.20640768216052405
vn -0.07563277834632175 0.9613746265889798 0.26464789851898646
vn -0.1677435660430381 0.9651451065895689 0.2008905654264893
vn -0.07563277834632175 0.9613746265889798 0.26464789851898646
vn -0.15274547383800507 0.953413540068923 0.2601373518648319
vn -0.0831980682132621 0.9749225354820257 0.20640768216052405
vn -0.0012357541960473604 0.9780470050816465 0.20838073030486454
vn -0.0011445507407528215 0.9639506083504575 0.2660787752985659
vn -0.0831980682132621 0.9749225354820257 0.20640768216052405
vn -0.0011445507407528215 0.9639506083504575 0.2660787752985659
vn -0.07563277834632175 0.9613746265889798 0.26464789851898646
vn -0.0012357541960473604 0.9780470050816465 0.20838073030486454
vn 0.08071659523531498 0.9750551326484035 0.2067663404658082
vn 0.07333991866250297 0.9616298289546941 0.26436589869940275
vn -0.0012357541960473604 0.9780470050816465 0.20838073030486454
vn 0.07333991866250297 0.9616298289546941 0.26436589869940275
vn -0.0011445507407528215 0.9639506083504575 0.2660787752985659
vn 0.08071659523531498 0.9750551326484035 0.2067663404658082
vn 0.16524041685312602 0.965425964182081 0.2016142661651306
vn 0.1504465140956084 0.9539304380796565 0.2595815203392463
vn 0.08071659523531498 0.9750551326484035 0.2067663404658082
vn 0.1504465140956084 0.9539304380796565 0.2595815203392463
vn 0.07333991866250297 0.9616298289546941 0.26436589869940275
vn 0.16524041685312602 0.965425964182081 0.2016142661651306
vn 0.2550395134319306 0.9474589166392654 0.19307109537461417
vn 0.2329927728206331 0.9392763799686709 0.2519409650023239
vn 0.16524041685312602 0.965425964182081 0.2016142661651306
vn 0.2329927728206331 0.9392763799686709 0.2519409650023239
vn 0.1504465140956084 0.9539304380796565 0.2595815203392463
vn 0.2550395134319306 0.9474589166392654 0.19307109537461417
vn 0.35298338624895825 0.9178775796458165 0.18139315812829493
vn 0.3241386589127029 0.9145806096805003 0.24181901950574244
vn 0.2550395134319306 0.9474589166392654 0.19307109537461417
vn 0.3241386589127029 0.9145806096805003 0.24181901950574244
vn 0.2329927728206331 0.9392763799686709 0.2519409650023239
vn 0.35298338624895825 0.9178775796458165 0.18139315812829493
vn 0.46190377722985393 0.871071545008594 0.16697084792602154
vn 0.42736845091444253 0.8743926407513082 0.22976883375023607
vn 0.35298338624895825 0.9178775796458165 0.18139315812829493
vn 0.42736845091444253 0.8743926407513082 0.22976883375023607
vn 0.3241386589127029 0.9145806096805003 0.24181901950574244
vn 0.46190377722985393 0.871071545008594 0.16697084792602154
vn 0.5836808613235281 0.797938136696297 0.15037081542063147
vn 0.5458607499846355 0.8094162583285276 0.2165210437339926
vn 0.46190377722985393 0.871071545008594 0.16697084792602154
vn 0.5458607499846355 0.8094162583285276 0.2165210437339926
vn 0.42736845091444253 0.8743926407513082 0.22976883375023607
vn 0.5836808613235281 0.797938136696297 0.15037081542063147
vn 0.7165786300282675 0.6848226807744633 0.13241209492976463
vn 0.6800037937610923 0.7045737131359895 0.20290570033462804
vn 0.5836808613235281 0.797938136696297 0.15037081542063147
vn 0.6800037937610923 0.7045737131359895 0.20290570033462804
vn 0.5458607499846355 0.8094162583285276 0.2165210437339926
vn 0.7165786300282675 0.6848226807744633 0.13241209492976463
vn 0.8494748927913963 0.5150975633350147 0.11431057152939363
vn 0.8206409098747021 0.5390703643100767 0.18960917531233096
vn 0.7165786300282675 0.6848226807744633 0.13241209492976463
vn 0.8206409098747021 0.5390703643100767 0.18960917531233096
vn 0.6800037937610923 0.7045737131359895 0.20290570033462804
vn 0.8494748927913963 0.5150975633350147 0.11431057152939363
vn 0.9551443866452878 0.2794816859974589 0.0979243986553644
vn 0.938325025538868 0.2970785891080612 0.1768910917515258
vn 0.8494748927913963 0.5150975633350147 0.11431057152939363
vn 0.938325025538868 0.2970785891080612 0.1768910917515258
vn 0.8206409098747021 0.5390703643100767 0.18960917531233096
vn 0.9551443866452878 0.2794816859974589 0.0979243986553644
vn 0.9935767519770199 0.07181285548391352 0.08745371185971433
vn 0.982953183659573 0.0770390110671103 0.16693720228670328
vn 0.9551443866452878 0.2794816859974589 0.0979243986553644
vn 0.982953183659573 0.0770390110671103 0.16693720228670328
vn 0.938325025538868 0.2970785891080612 0.1768910917515258
vn 0.9935767519770199 0.07181285548391352 0.08745371185971433
vn 0.995352499262444 -0.03608393734343171 0.08928242647801217
vn 0.9846112769859603 -0.03728844481133243 0.17073431147730375
vn 0.9935767519770199 0.07181285548391352 0.08745371185971433
vn 0.9846112769859603 -0.03728844481133243 0.17073431147730375
vn 0.982953183659573 0.0770390110671103 0.16693720228670328
vn 0.995352499262444 -0.03608393734343171 0.08928242647801217
vn 0.984343938276798 -0.14419002844251166 0.10137182486012018
vn 0.9705185440300714 -0.14818522454455516 0.19009180655785854
vn 0.995352499262444 -0.03608393734343171 0.08928242647801217
vn 0.9705185440300714 -0.14818522454455516 0.19009180655785854
vn 0.9846112769859603 -0.03728844481133243 0.17073431147730375
vn 0.984343938276798 -0.14419002844251166 0.10137182486012018
vn 0.9500766249167549 -0.28912111044114136 0.11731747646480012
vn 0.9308766852058047 -0.2950774425881427 0.21540171730024485
vn 0.984343938276798 -0.14419002844251166 0.10137182486012018
vn 0.9308766852058047 -0.2950774425881427 0.21540171730024485
vn 0.9705185440300714 -0.14818522454455516 0.19009180655785854
vn 0.9500766249167549 -0.28912111044114136 0.11731747646480012
vn 0.8897302094359768 -0.43643668728115326 0.1338027369378734
vn 0.8644545976776572 -0.4415345827306319 0.24034446281711355
vn 0.9500766249167549 -0.28912111044114136 0.11731747646480012
vn 0.8644545976776572 -0.4415345827306319 0.24034446281711355
vn 0.9308766852058047 -0.2950774425881427 0.21540171730024485
vn 0.8897302094359768 -0.43643668728115326 0.1338027369378734
vn 0.7971024007937404 -0.5849532015142497 0.14985831537517308
vn 0.766650379898004 -0.5856157838829269 0.26325149319506463
vn 0.8897302094359768 -0.43643668728115326 0.1338027369378734
vn 0.766650379898004 -0.5856157838829269 0.26325149319506463
vn 0.8644545976776572 -0.4415345827306319 0.24034446281711355
vn 0.7971024007937404 -0.5849532015142497 0.14985831537517308
vn 0.6643148610046912 -0.729314766749396 0.16366348538874517
vn 0.6320715452094364 -0.7220350994621535 0.28133765635128455
vn 0.7971024007937404 -0.5849532015142497 0.14985831537517308
vn 0.6320715452094364 -0.7220350994621535 0.28133765635128455
vn 0.766650379898004 -0.5856157838829269 0.26325149319506463
vn 0.6643148610046912 -0.729314766749396 0.16366348538874517
vn 0.4846815795796558 -0.857538961577009 0.17236790824743115
vn 0.4568372545116354 -0.8407294143029285 0.2906437248868896
vn 0.6643148610046912 -0.729314766749396 0.16366348538874517
vn 0.4568372545116354 -0.8407294143029285 0.2906437248868896
vn 0.6320715452094364 -0.7220350994621535 0.28133765635128455
vn 0.4846815795796558 -0.857538961577009 0.17236790824743115
vn 0.25883741023152335 -0.9503983280155232 0.17247090528531533
vn 0.24273208498867185 -0.926780158760496 0.28663508550929706
vn 0.4846815795796558 -0.857538961577009 0.17236790824743115
vn 0.24273208498867185 -0.926780158760496 0.28663508550929706
vn 0.4568372545116354 -0.8407294143029285 0.2906437248868896
vn 0.25883741023152335 -0.9503983280155232 0.17247090528531533
vn 0.06709524153624305 -0.9838203787676941 0.16611950783873627
vn 0.06296355387735347 -0.9599159924155113 0.2731242910985352
vn 0.25883741023152335 -0.9503983280155232 0.17247090528531533
vn 0.06296355387735347 -0.9599159924155113 0.2731242910985352
vn 0.24273208498867185 -0.926780158760496 0.28663508550929706
vn 0.06709524153624305 -0.9838203787676941 0.16611950783873627
vn -0.06500639825044295 -0.983711740655354 0.16758693112327774
vn -0.060693354073169066 -0.9599809741051968 0.2734096672164067
vn 0.06709524153624305 -0.9838203787676941 0.16611950783873627
vn -0.060693354073169066 -0.9599809741051968 0.2734096672164067
vn 0.06296355387735347 -0.9599159924155113 0.2731242910985352
vn -0.06500639825044295 -0.983711740655354 0.16758693112327774
vn -0.25514785374075993 -0.9510540335432547 0.17434390729988122
vn -0.23882537278497287 -0.92772376493756 0.28686417915835666
vn -0.06500639825044295 -0.983711740655354 0.16758693112327774
vn -0.23882537278497287 -0.92772376493756 0.28686417915835666
vn -0.060693354073169066 -0.9599809741051968 0.2734096672164067
vn -0.25514785374075993 -0.9510540335432547 0.17434390729988122
vn -0.48243031398034153 -0.8587293089003974 0.17275695698950852
vn -0.4544955049045795 -0.8420892633414877 0.2903782164462787
vn -0.25514785374075993 -0.9510540335432547 0.17434390729988122
vn -0.4544955049045795 -0.8420892633414877 0.2903782164462787
vn -0.23882537278497287 -0.92772376493756 0.28686417915835666
vn -0.48243031398034153 -0.8587293089003974 0.17275695698950852
vn -0.663515333192535 -0.7302136037347418 0.16289719315912377
vn -0.6312986194639856 -0.7229926175145573 0.28061312884880313
vn -0.48243031398034153 -0.8587293089003974 0.17275695698950852
vn -0.6312986194639856 -0.7229926175145573 0.28061312884880313
vn -0.4544955049045795 -0.8420892633414877 0.2903782164462787
vn -0.663515333192535 -0.7302136037347418 0.16289719315912377
vn -0.7972232136890934 -0.5851767488148482 0.14833516171736955
vn -0.7669149506189933 -0.5857634231902527 0.26215009168318815
vn -0.663515333192535 -0.7302136037347418 0.16289719315912377
vn -0.7669149506189933 -0.5857634231902527 0.26215009168318815
vn -0.6312986194639856 -0.7229926175145573 0.28061312884880313
vn -0.7972232136890934 -0.5851767488148482 0.14833516171736955
vn -0.8902405374988501 -0.4359876201318413 0.13185818323309118
vn -0.8651794836245601 -0.4408501388531855 0.2389887365301274
vn -0.7972232136890934 -0.5851767488148482 0.14833516171736955
vn -0.8651794836245601 -0.4408501388531855 0.2389887365301274
vn -0.7669149506189933 -0.5857634231902527 0.26215009168318815
vn -0.8902405374988501 -0.4359876201318413 0.13185818323309118
vn -0.9506300466432219 -0.28815941010265267 0.11518102616489015
vn -0.9316450922357621 -0.29372912271968504 0.2139173311803948
vn -0.8902405374988501 -0.4359876201318413 0.13185818323309118
vn -0.9316450922357621 -0.29372912271968504 0.2139173311803948
vn -0.8651794836245601 -0.4408501388531855 0.2389887365301274
vn -0.9506300466432219 -0.28815941010265267 0.11518102616489015
vn -0.9847564262428433 -0.14289586882014801 0.09917434974608193
vn -0.971085307660697 -0.1463928859969539 0.18858008424807796
vn -0.9506300466432219 -0.28815941010265267 0.11518102616489015
vn -0.971085307660697 -0.1463928859969539 0.18858008424807796
vn -0.9316450922357621 -0.29372912271968504 0.2139173311803948
vn -0.9847564262428433 -0.14289586882014801 0.09917434974608193
vn -0.9954752720637217 -0.0353627297151365 0.08819557844219574
vn -0.9847760320716129 -0.036294362152768704 0.16999672330140164
vn -0.9847564262428433 -0.14289586882014801 0.09917434974608193
vn -0.9847760320716129 -0.036294362152768704 0.16999672330140164
vn -0.971085307660697 -0.1463928859969539 0.18858008424807796
vn -0.9847760320716129 -0.036294362152768704 0.16999672330140164
vn -0.9864192558075175 0 0.16424692317405323
vn -0.9864192558075175 0 0.1642469231740532
vn -0.9847760320716129 -0.036294362152768704 0.16999672330140164
vn -0.9864192558075175 0 0.1642469231740532
vn -0.9842527280801966 -0.03786483689128817 0.17266389719303457
vn -0.9864192558075175 0 0.16424692317405323
vn -0.9864192558075175 0 0.1642469231740532
vn -0.9864192558075175 0 0.1642469231740532
vn -0.9864192558075175 0 0.16424692317405323
vn -0.9864192558075175 0 0.1642469231740532
vn -0.9864192558075175 0 0.1642469231740532
vn -0.9864192558075175 0 0.1642469231740532
vn -0.9825494186997666 0.08115811469337542 0.16736188404821342
vn -0.981515327099029 0.08801166822663073 0.16994589999659163
vn -0.9864192558075175 0 0.1642469231740532
vn -0.981515327099029 0.08801166822663073 0.16994589999659163
vn -0.9864192558075175 0 0.1642469231740532
vn -0.9825494186997666 0.08115811469337542 0.16736188404821342
vn -0.9362922753866482 0.3028306518406403 0.177905512441481
vn -0.9263749861147201 0.32422724186136476 0.19158831054092043
vn -0.9825494186997666 0.08115811469337542 0.16736188404821342
vn -0.9263749861147201 0.32422724186136476 0.19158831054092043
vn -0.981515327099029 0.08801166822663073 0.16994589999659163
vn -0.9362922753866482 0.3028306518406403 0.177905512441481
vn -0.8192581757702351 0.5407664516867676 0.190755566534058
vn -0.7932935592172417 0.5674181402371749 0.22073056660604695
vn -0.9362922753866482 0.3028306518406403 0.177905512441481
vn -0.7932935592172417 0.5674181402371749 0.22073056660604695
vn -0.9263749861147201 0.32422724186136476 0.19158831054092043
vn -0.8192581757702351 0.5407664516867676 0.190755566534058
vn -0.6802402661549889 0.7039813984720352 0.20416505799658113
vn -0.6439067486433772 0.7228966115969141 0.2506084355986744
vn -0.8192581757702351 0.5407664516867676 0.190755566534058
vn -0.6439067486433772 0.7228966115969141 0.2506084355986744
vn -0.7932935592172417 0.5674181402371749 0.22073056660604695
vn -0.6802402661549889 0.7039813984720352 0.20416505799658113
vn -0.5472598443543062 0.8081265070791245 0.21780314807962295
vn -0.5082883310896898 0.81473820338007 0.2790065096571652
vn -0.6802402661549889 0.7039813984720352 0.20416505799658113
vn -0.5082883310896898 0.81473820338007 0.2790065096571652
vn -0.6439067486433772 0.7228966115969141 0.2506084355986744
vn -0.5472598443543062 0.8081265070791245 0.21780314807962295
vn -0.429348507027225 0.8731058306637816 0.2309676773368974
vn -0.39296146691250666 0.867657650375705 0.30455128840062634
vn -0.5472598443543062 0.8081265070791245 0.21780314807962295
vn -0.39296146691250666 0.867657650375705 0.30455128840062634
vn -0.5082883310896898 0.81473820338007 0.2790065096571652
vn -0.429348507027225 0.8731058306637816 0.2309676773368974
vn -0.32635344838997976 0.9135187582785708 0.24285161106557931
vn -0.2954204124036121 0.8979212734481185 0.32628847148587536
vn -0.429348507027225 0.8731058306637816 0.2309676773368974
vn -0.2954204124036121 0.8979212734481185 0.32628847148587536
vn -0.39296146691250666 0.867657650375705 0.30455128840062634
vn -0.32635344838997976 0.9135187582785708 0.24285161106557931
vn -0.2352810065389131 0.9384877566589219 0.25275201000850656
vn -0.21128757893095937 0.9150484071666657 0.3435752778231309
vn -0.32635344838997976 0.9135187582785708 0.24285161106557931
vn -0.21128757893095937 0.9150484071666657 0.3435752778231309
vn -0.2954204124036121 0.8979212734481185 0.32628847148587536
vn -0.2352810065389131 0.9384877566589219 0.25275201000850656
vn -0.15274547383800507 0.953413540068923 0.2601373518648319
vn -0.13645066301264305 0.9244678782200179 0.356006121720945
vn -0.2352810065389131 0.9384877566589219 0.25275201000850656
vn -0.13645066301264305 0.9244678782200179 0.356006121720945
vn -0.21128757893095937 0.9150484071666657 0.3435752778231309
vn -0.15274547383800507 0.953413540068923 0.2601373518648319
vn -0.07563277834632175 0.9613746265889798 0.26464789851898646
vn -0.06740951777887727 0.9292138055500935 0.3633423461254306
vn -0.15274547383800507 0.953413540068923 0.2601373518648319
vn -0.06740951777887727 0.9292138055500935 0.3633423461254306
vn -0.13645066301264305 0.9244678782200179 0.356006121720945
vn -0.07563277834632175 0.9613746265889798 0.26464789851898646
vn -0.0011445507407528215 0.9639506083504575 0.2660787752985659
vn -0.0011379537631086875 0.9308274093915969 0.36545730118108355
vn -0.07563277834632175 0.9613746265889798 0.26464789851898646
vn -0.0011379537631086875 0.9308274093915969 0.36545730118108355
vn -0.06740951777887727 0.9292138055500935 0.3633423461254306
vn -0.0011445507407528215 0.9639506083504575 0.2660787752985659
vn 0.07333991866250297 0.9616298289546941 0.26436589869940275
vn 0.06515133141148892 0.9297803757481428 0.3623034044677924
vn -0.0011445507407528215 0.9639506083504575 0.2660787752985659
vn 0.06515133141148892 0.9297803757481428 0.3623034044677924
vn -0.0011379537631086875 0.9308274093915969 0.36545730118108355
vn 0.07333991866250297 0.9616298289546941 0.26436589869940275
vn 0.1504465140956084 0.9539304380796565 0.2595815203392463
vn 0.134250655656808 0.9255966818032487 0.35390329765422174
vn 0.07333991866250297 0.9616298289546941 0.26436589869940275
vn 0.134250655656808 0.9255966818032487 0.35390329765422174
vn 0.06515133141148892 0.9297803757481428 0.3623034044677924
vn 0.1504465140956084 0.9539304380796565 0.2595815203392463
vn 0.2329927728206331 0.9392763799686709 0.2519409650023239
vn 0.2092039741844239 0.9167249778513318 0.3403659973747641
vn 0.1504465140956084 0.9539304380796565 0.2595815203392463
vn 0.2092039741844239 0.9167249778513318 0.3403659973747641
vn 0.134250655656808 0.9255966818032487 0.35390329765422174
vn 0.2329927728206331 0.9392763799686709 0.2519409650023239
vn 0.3241386589127029 0.9145806096805003 0.24181901950574244
vn 0.29355210742413157 0.9001048722002998 0.3219291525602067
vn 0.2329927728206331 0.9392763799686709 0.2519409650023239
vn 0.29355210742413157 0.9001048722002998 0.3219291525602067
vn 0.2092039741844239 0.9167249778513318 0.3403659973747641
vn 0.3241386589127029 0.9145806096805003 0.24181901950574244
vn 0.42736845091444253 0.8743926407513082 0.22976883375023607
vn 0.39149426219381145 0.8702378761071681 0.29902889769687524
vn 0.3241386589127029 0.9145806096805003 0.24181901950574244
vn 0.39149426219381145 0.8702378761071681 0.29902889769687524
vn 0.29355210742413157 0.9001048722002998 0.3219291525602067
vn 0.42736845091444253 0.8743926407513082 0.22976883375023607
vn 0.5458607499846355 0.8094162583285276 0.2165210437339926
vn 0.5075789111121997 0.8174117321812007 0.2723999065467587
vn 0.42736845091444253 0.8743926407513082 0.22976883375023607
vn 0.5075789111121997 0.8174117321812007 0.2723999065467587
vn 0.39149426219381145 0.8702378761071681 0.29902889769687524
vn 0.5458607499846355 0.8094162583285276 0.2165210437339926
vn 0.6800037937610923 0.7045737131359895 0.20290570033462804
vn 0.6445544820856868 0.7248408562981796 0.24321852862019736
vn 0.5458607499846355 0.8094162583285276 0.2165210437339926
vn 0.6445544820856868 0.7248408562981796 0.24321852862019736
vn 0.5075789111121997 0.8174117321812007 0.2723999065467587
vn 0.6800037937610923 0.7045737131359895 0.20290570033462804
vn 0.8206409098747021 0.5390703643100767 0.18960917531233096
vn 0.7957933195930115 0.5667373537943302 0.2133583002963211
vn 0.6800037937610923 0.7045737131359895 0.20290570033462804
vn 0.7957933195930115 0.5667373537943302 0.2133583002963211
vn 0.6445544820856868 0.7248408562981796 0.24321852862019736
vn 0.8206409098747021 0.5390703643100767 0.18960917531233096
vn 0.938325025538868 0.2970785891080612 0.1768910917515258
vn 0.9294886869217719 0.3185536731064953 0.1859417603304878
vn 0.8206409098747021 0.5390703643100767 0.18960917531233096
vn 0.9294886869217719 0.3185536731064953 0.1859417603304878
vn 0.7957933195930115 0.5667373537943302 0.2133583002963211
vn 0.938325025538868 0.2970785891080612 0.1768910917515258
vn 0.982953183659573 0.0770390110671103 0.16693720228670328
vn 0.9821723441085053 0.08357335592766049 0.16838343341134332
vn 0.938325025538868 0.2970785891080612 0.1768910917515258
vn 0.9821723441085053 0.08357335592766049 0.16838343341134332
vn 0.9294886869217719 0.3185536731064953 0.1859417603304878
vn 0.982953183659573 0.0770390110671103 0.16693720228670328
vn 0.9846112769859603 -0.03728844481133243 0.17073431147730375
vn 0.9839051644742739 -0.039035047181072334 0.17437572196961162
vn 0.982953183659573 0.0770390110671103 0.16693720228670328
vn 0.9839051644742739 -0.039035047181072334 0.17437572196961162
vn 0.9821723441085053 0.08357335592766049 0.16838343341134332
vn 0.9846112769859603 -0.03728844481133243 0.17073431147730375
vn 0.9705185440300714 -0.14818522454455516 0.19009180655785854
vn 0.9665298334144162 -0.154358087489426 0.20492355146860797
vn 0.9846112769859603 -0.03728844481133243 0.17073431147730375
vn 0.9665298334144162 -0.154358087489426 0.20492355146860797
vn 0.9839051644742739 -0.039035047181072334 0.17437572196961162
vn 0.9705185440300714 -0.14818522454455516 0.19009180655785854
vn 0.9308766852058047 -0.2950774425881427 0.21540171730024485
vn 0.9201412922920882 -0.30495229926043027 0.24565035598350507
vn 0.9705185440300714 -0.14818522454455516 0.19009180655785854
vn 0.9201412922920882 -0.30495229926043027 0.24565035598350507
vn 0.9665298334144162 -0.154358087489426 0.20492355146860797
vn 0.9308766852058047 -0.2950774425881427 0.21540171730024485
vn 0.8644545976776572 -0.4415345827306319 0.24034446281711355
vn 0.8451536484307922 -0.4511607910954592 0.2866517942072583
vn 0.9308766852058047 -0.2950774425881427 0.21540171730024485
vn 0.8451536484307922 -0.4511607910954592 0.2866517942072583
vn 0.9201412922920882 -0.30495229926043027 0.24565035598350507
vn 0.8644545976776572 -0.4415345827306319 0.24034446281711355
vn 0.766650379898004 -0.5856157838829269 0.26325149319506463
vn 0.7391784131623549 -0.5898575144517239 0.3250898124512936
vn 0.8644545976776572 -0.4415345827306319 0.24034446281711355
vn 0.7391784131623549 -0.5898575144517239 0.3250898124512936
vn 0.8451536484307922 -0.4511607910954592 0.2866517942072583
vn 0.766650379898004 -0.5856157838829269 0.26325149319506463
vn 0.6320715452094364 -0.7220350994621535 0.28133765635128455
vn 0.6001331406736552 -0.7157925095838585 0.3570452305924513
vn 0.766650379898004 -0.5856157838829269 0.26325149319506463
vn 0.6001331406736552 -0.7157925095838585 0.3570452305924513
vn 0.7391784131623549 -0.5898575144517239 0.3250898124512936
vn 0.6320715452094364 -0.7220350994621535 0.28133765635128455
vn 0.4568372545116354 -0.8407294143029285 0.2906437248868896
vn 0.42767813033335617 -0.8212140812576337 0.3777550126454255
vn 0.6320715452094364 -0.7220350994621535 0.28133765635128455
vn 0.42767813033335617 -0.8212140812576337 0.3777550126454255
vn 0.6001331406736552 -0.7157925095838585 0.3570452305924513
vn 0.4568372545116354 -0.8407294143029285 0.2906437248868896
vn 0.24273208498867185 -0.926780158760496 0.28663508550929706
vn 0.2252395995293655 -0.8961740987531195 0.3822814506719949
vn 0.4568372545116354 -0.8407294143029285 0.2906437248868896
vn 0.2252395995293655 -0.8961740987531195 0.3822814506719949
vn 0.42767813033335617 -0.8212140812576337 0.3777550126454255
vn 0.24273208498867185 -0.926780158760496 0.28663508550929706
vn 0.06296355387735347 -0.9599159924155113 0.2731242910985352
vn 0.05835670555963207 -0.9262193804872183 0.3724408062042881
vn 0.24273208498867185 -0.926780158760496 0.28663508550929706
vn 0.05835670555963207 -0.9262193804872183 0.3724408062042881
vn 0.2252395995293655 -0.8961740987531195 0.3822814506719949
vn 0.06296355387735347 -0.9599159924155113 0.2731242910985352
vn -0.060693354073169066 -0.9599809741051968 0.2734096672164067
vn -0.05575613642293289 -0.9268796131181418 0.3711946066918952
vn 0.06296355387735347 -0.9599159924155113 0.2731242910985352
vn -0.05575613642293289 -0.9268796131181418 0.3711946066918952
vn 0.05835670555963207 -0.9262193804872183 0.3724408062042881
vn -0.060693354073169066 -0.9599809741051968 0.2734096672164067
vn -0.23882537278497287 -0.92772376493756 0.28686417915835666
vn -0.22107670074564736 -0.8985837823073438 0.379041262347053
vn -0.060693354073169066 -0.9599809741051968 0.2734096672164067
vn -0.22107670074564736 -0.8985837823073438 0.379041262347053
vn -0.05575613642293289 -0.9268796131181418 0.3711946066918952
vn -0.23882537278497287 -0.92772376493756 0.28686417915835666
vn -0.4544955049045795 -0.8420892633414877 0.2903782164462787
vn -0.425639348620085 -0.8241898947214582 0.37355342636000716
vn -0.23882537278497287 -0.92772376493756 0.28686417915835666
vn -0.425639348620085 -0.8241898947214582 0.37355342636000716
vn -0.22107670074564736 -0.8985837823073438 0.379041262347053
vn -0.4544955049045795 -0.8420892633414877 0.2903782164462787
vn -0.6312986194639856 -0.7229926175145573 0.28061312884880313
vn -0.6001702372903015 -0.7182032654903746 0.3521075910994618
vn -0.4544955049045795 -0.8420892633414877 0.2903782164462787
vn -0.6001702372903015 -0.7182032654903746 0.3521075910994618
vn -0.425639348620085 -0.8241898947214582 0.37355342636000716
vn -0.6312986194639856 -0.7229926175145573 0.28061312884880313
vn -0.7669149506189933 -0.5857634231902527 0.26215009168318815
vn -0.7405725254936355 -0.5910374158489876 0.3197297414231739
vn -0.6312986194639856 -0.7229926175145573 0.28061312884880313
vn -0.7405725254936355 -0.5910374158489876 0.3197297414231739
vn -0.6001702372903015 -0.7182032654903746 0.3521075910994618
vn -0.7669149506189933 -0.5857634231902527 0.26215009168318815
vn -0.8651794836245601 -0.4408501388531855 0.2389887365301274
vn -0.8470498729665251 -0.45098290661788365 0.2812844301518997
vn -0.7669149506189933 -0.5857634231902527 0.26215009168318815
vn -0.8470498729665251 -0.45098290661788365 0.2812844301518997
vn -0.7405725254936355 -0.5910374158489876 0.3197297414231739
vn -0.8651794836245601 -0.4408501388531855 0.2389887365301274
vn -0.9316450922357621 -0.29372912271968504 0.2139173311803948
vn -0.9218745045464698 -0.30364910879236157 0.24071688058132834
vn -0.8651794836245601 -0.4408501388531855 0.2389887365301274
vn -0.9218745045464698 -0.30364910879236157 0.24071688058132834
vn -0.8470498729665251 -0.45098290661788365 0.2812844301518997
vn -0.9316450922357621 -0.29372912271968504 0.2139173311803948
vn -0.971085307660697 -0.1463928859969539 0.18858008424807796
vn -0.9677179736089702 -0.15231547778380095 0.20080318419198703
vn -0.9316450922357621 -0.29372912271968504 0.2139173311803948
vn -0.9677179736089702 -0.15231547778380095 0.20080318419198703
vn -0.9218745045464698 -0.30364910879236157 0.24071688058132834
vn -0.971085307660697 -0.1463928859969539 0.18858008424807796
vn -0.9847760320716129 -0.036294362152768704 0.16999672330140164
vn -0.9842527280801966 -0.03786483689128817 0.17266389719303457
vn -0.971085307660697 -0.1463928859969539 0.18858008424807796
vn -0.9842527280801966 -0.03786483689128817 0.17266389719303457
vn -0.9677179736089702 -0.15231547778380095 0.20080318419198703
vn -0.9842527280801966 -0.03786483689128817 0.17266389719303457
vn -0.9864192558075175 0 0.1642469231740532
vn -0.774697968267257 0 0.6323314462863476
vn -0.9842527280801966 -0.03786483689128817 0.17266389719303457
vn -0.774697968267257 0 0.6323314462863476
vn -0.766726229413611 -0.04080081671489069 0.6406763476862435
vn -0.9864192558075175 0 0.1642469231740532
vn -0.9864192558075175 0 0.1642469231740532
vn -0.774697968267257 0 0.6323314462863476
vn -0.9864192558075175 0 0.1642469231740532
vn -0.774697968267257 0 0.6323314462863476
vn -0.774697968267257 0 0.6323314462863476
vn -0.9864192558075175 0 0.1642469231740532
vn -0.981515327099029 0.08801166822663073 0.16994589999659163
vn -0.7707704396567252 0.04779463422169829 0.6353177175956866
vn -0.9864192558075175 0 0.1642469231740532
vn -0.7707704396567252 0.04779463422169829 0.6353177175956866
vn -0.774697968267257 0 0.6323314462863476
vn -0.981515327099029 0.08801166822663073 0.16994589999659163
vn -0.9263749861147201 0.32422724186136476 0.19158831054092043
vn -0.7283635414527431 0.22005930618407984 0.6488917114929112
vn -0.981515327099029 0.08801166822663073 0.16994589999659163
vn -0.7283635414527431 0.22005930618407984 0.6488917114929112
vn -0.7707704396567252 0.04779463422169829 0.6353177175956866
vn -0.9263749861147201 0.32422724186136476 0.19158831054092043
vn -0.7932935592172417 0.5674181402371749 0.22073056660604695
vn -0.615095935890032 0.4194613771402612 0.6676145165731202
vn -0.9263749861147201 0.32422724186136476 0.19158831054092043
vn -0.615095935890032 0.4194613771402612 0.6676145165731202
vn -0.7283635414527431 0.22005930618407984 0.6488917114929112
vn -0.7932935592172417 0.5674181402371749 0.22073056660604695
vn -0.6439067486433772 0.7228966115969141 0.2506084355986744
vn -0.487202740407743 0.5369632427055204 0.6886972961485748
vn -0.7932935592172417 0.5674181402371749 0.22073056660604695
vn -0.487202740407743 0.5369632427055204 0.6886972961485748
vn -0.615095935890032 0.4194613771402612 0.6676145165731202
vn -0.6439067486433772 0.7228966115969141 0.2506084355986744
vn -0.5082883310896898 0.81473820338007 0.2790065096571652
vn -0.375014140399174 0.5971630517319867 0.7090561925170733
vn -0.6439067486433772 0.7228966115969141 0.2506084355986744
vn -0.375014140399174 0.5971630517319867 0.7090561925170733
vn -0.487202740407743 0.5369632427055204 0.6886972961485748
vn -0.5082883310896898 0.81473820338007 0.2790065096571652
vn -0.39296146691250666 0.867657650375705 0.30455128840062634
vn -0.28380735859386363 0.6250879327568537 0.7271302906149195
vn -0.5082883310896898 0.81473820338007 0.2790065096571652
vn -0.28380735859386363 0.6250879327568537 0.7271302906149195
vn -0.375014140399174 0.5971630517319867 0.7090561925170733
vn -0.39296146691250666 0.867657650375705 0.30455128840062634
vn -0.2954204124036121 0.8979212734481185 0.32628847148587536
vn -0.21015568067252918 0.6362966911977325 0.742267546543619
vn -0.39296146691250666 0.867657650375705 0.30455128840062634
vn -0.21015568067252918 0.6362966911977325 0.742267546543619
vn -0.28380735859386363 0.6250879327568537 0.7271302906149195
vn -0.2954204124036121 0.8979212734481185 0.32628847148587536
vn -0.21128757893095937 0.9150484071666657 0.3435752778231309
vn -0.14937185623365284 0.639375980244986 0.7542455862987043
vn -0.2954204124036121 0.8979212734481185 0.32628847148587536
vn -0.14937185623365284 0.639375980244986 0.7542455862987043
vn -0.21015568067252918 0.6362966911977325 0.742267546543619
vn -0.21128757893095937 0.9150484071666657 0.3435752778231309
vn -0.13645066301264305 0.9244678782200179 0.356006121720945
vn -0.09740257534618528 0.6389793061067952 0.7630322304353918
vn -0.21128757893095937 0.9150484071666657 0.3435752778231309
vn -0.09740257534618528 0.6389793061067952 0.7630322304353918
vn -0.14937185623365284 0.639375980244986 0.7542455862987043
vn -0.13645066301264305 0.9244678782200179 0.356006121720945
vn -0.06740951777887727 0.9292138055500935 0.3633423461254306
vn -0.05098872633247855 0.6376136204858884 0.7686670415452121
vn -0.13645066301264305 0.9244678782200179 0.356006121720945
vn -0.05098872633247855 0.6376136204858884 0.7686670415452121
vn -0.09740257534618528 0.6389793061067952 0.7630322304353918
vn -0.06740951777887727 0.9292138055500935 0.3633423461254306
vn -0.0011379537631086875 0.9308274093915969 0.36545730118108355
vn -0.0074383178769422 0.6365508257345015 0.7711988833523333
vn -0.06740951777887727 0.9292138055500935 0.3633423461254306
vn -0.0074383178769422 0.6365508257345015 0.7711988833523333
vn -0.05098872633247855 0.6376136204858884 0.7686670415452121
vn -0.0011379537631086875 0.9308274093915969 0.36545730118108355
vn 0.06515133141148892 0.9297803757481428 0.3623034044677924
vn 0.03564346227346559 0.6362572070880789 0.7706531710345697
vn -0.0011379537631086875 0.9308274093915969 0.36545730118108355
vn 0.03564346227346559 0.6362572070880789 0.7706531710345697
vn -0.0074383178769422 0.6365508257345015 0.7711988833523333
vn 0.06515133141148892 0.9297803757481428 0.3623034044677924
vn 0.134250655656808 0.9255966818032487 0.35390329765422174
vn 0.08060969013199779 0.6365417826828355 0.7670180159264717
vn 0.06515133141148892 0.9297803757481428 0.3623034044677924
vn 0.08060969013199779 0.6365417826828355 0.7670180159264717
vn 0.03564346227346559 0.6362572070880789 0.7706531710345697
vn 0.134250655656808 0.9255966818032487 0.35390329765422174
vn 0.2092039741844239 0.9167249778513318 0.3403659973747641
vn 0.13002578550517183 0.6364907663682449 0.7602452232219071
vn 0.134250655656808 0.9255966818032487 0.35390329765422174
vn 0.13002578550517183 0.6364907663682449 0.7602452232219071
vn 0.08060969013199779 0.6365417826828355 0.7670180159264717
vn 0.2092039741844239 0.9167249778513318 0.3403659973747641
vn 0.29355210742413157 0.9001048722002998 0.3219291525602067
vn 0.18694338972480362 0.6341548741554673 0.7502664624138973
vn 0.2092039741844239 0.9167249778513318 0.3403659973747641
vn 0.18694338972480362 0.6341548741554673 0.7502664624138973
vn 0.13002578550517183 0.6364907663682449 0.7602452232219071
vn 0.29355210742413157 0.9001048722002998 0.3219291525602067
vn 0.39149426219381145 0.8702378761071681 0.29902889769687524
vn 0.2551770872641817 0.6258365908977973 0.7370299964240202
vn 0.29355210742413157 0.9001048722002998 0.3219291525602067
vn 0.2551770872641817 0.6258365908977973 0.7370299964240202
vn 0.18694338972480362 0.6341548741554673 0.7502664624138973
vn 0.39149426219381145 0.8702378761071681 0.29902889769687524
vn 0.5075789111121997 0.8174117321812007 0.2723999065467587
vn 0.33938658017556794 0.604640211722093 0.7205740514099821
vn 0.39149426219381145 0.8702378761071681 0.29902889769687524
vn 0.33938658017556794 0.604640211722093 0.7205740514099821
vn 0.2551770872641817 0.6258365908977973 0.7370299964240202
vn 0.5075789111121997 0.8174117321812007 0.2723999065467587
vn 0.6445544820856868 0.7248408562981796 0.24321852862019736
vn 0.4440752653977127 0.5577994833731653 0.7011824976499205
vn 0.5075789111121997 0.8174117321812007 0.2723999065467587
vn 0.4440752653977127 0.5577994833731653 0.7011824976499205
vn 0.33938658017556794 0.604640211722093 0.7205740514099821
vn 0.6445544820856868 0.7248408562981796 0.24321852862019736
vn 0.7957933195930115 0.5667373537943302 0.2133583002963211
vn 0.5685732785111312 0.46334878078960523 0.6797296038160249
vn 0.6445544820856868 0.7248408562981796 0.24321852862019736
vn 0.5685732785111312 0.46334878078960523 0.6797296038160249
vn 0.4440752653977127 0.5577994833731653 0.7011824976499205
vn 0.7957933195930115 0.5667373537943302 0.2133583002963211
vn 0.9294886869217719 0.3185536731064953 0.1859417603304878
vn 0.6931392568266513 0.2936731711549704 0.6582659334870528
vn 0.7957933195930115 0.5667373537943302 0.2133583002963211
vn 0.6931392568266513 0.2936731711549704 0.6582659334870528
vn 0.5685732785111312 0.46334878078960523 0.6797296038160249
vn 0.9294886869217719 0.3185536731064953 0.1859417603304878
vn 0.9821723441085053 0.08357335592766049 0.16838343341134332
vn 0.7641220743309006 0.09244749325466721 0.6384128104221986
vn 0.9294886869217719 0.3185536731064953 0.1859417603304878
vn 0.7641220743309006 0.09244749325466721 0.6384128104221986
vn 0.6931392568266513 0.2936731711549704 0.6582659334870528
vn 0.9821723441085053 0.08357335592766049 0.16838343341134332
vn 0.9839051644742739 -0.039035047181072334 0.17437572196961162
vn 0.7709536332700646 -0.020852566124943503 0.6365498141023148
vn 0.9821723441085053 0.08357335592766049 0.16838343341134332
vn 0.7709536332700646 -0.020852566124943503 0.6365498141023148
vn 0.7641220743309006 0.09244749325466721 0.6384128104221986
vn 0.9839051644742739 -0.039035047181072334 0.17437572196961162
vn 0.9665298334144162 -0.154358087489426 0.20492355146860797
vn 0.7497257378957749 -0.10168569979972486 0.6538893915586
vn 0.9839051644742739 -0.039035047181072334 0.17437572196961162
vn 0.7497257378957749 -0.10168569979972486 0.6538893915586
vn 0.7709536332700646 -0.020852566124943503 0.6365498141023148
vn 0.9665298334144162 -0.154358087489426 0.20492355146860797
vn 0.9201412922920882 -0.30495229926043027 0.24565035598350507
vn 0.700956527732095 -0.21631415994218656 0.6796088069163544
vn 0.9665298334144162 -0.154358087489426 0.20492355146860797
vn 0.700956527732095 -0.21631415994218656 0.6796088069163544
vn 0.7497257378957749 -0.10168569979972486 0.6538893915586
vn 0.9201412922920882 -0.30495229926043027 0.24565035598350507
vn 0.8451536484307922 -0.4511607910954592 0.2866517942072583
vn 0.6313445109563146 -0.3216602231114248 0.7056477941248314
vn 0.9201412922920882 -0.30495229926043027 0.24565035598350507
vn 0.6313445109563146 -0.3216602231114248 0.7056477941248314
vn 0.700956527732095 -0.21631415994218656 0.6796088069163544
vn 0.8451536484307922 -0.4511607910954592 0.2866517942072583
vn 0.7391784131623549 -0.5898575144517239 0.3250898124512936
vn 0.542054611366134 -0.4157405880749029 0.73029895366476
vn 0.8451536484307922 -0.4511607910954592 0.2866517942072583
vn 0.542054611366134 -0.4157405880749029 0.73029895366476
vn 0.6313445109563146 -0.3216602231114248 0.7056477941248314
vn 0.7391784131623549 -0.5898575144517239 0.3250898124512936
vn 0.6001331406736552 -0.7157925095838585 0.3570452305924513
vn 0.4345686502673543 -0.4963521390517243 0.751521551429889
vn 0.7391784131623549 -0.5898575144517239 0.3250898124512936
vn 0.4345686502673543 -0.4963521390517243 0.751521551429889
vn 0.542054611366134 -0.4157405880749029 0.73029895366476
vn 0.6001331406736552 -0.7157925095838585 0.3570452305924513
vn 0.42767813033335617 -0.8212140812576337 0.3777550126454255
vn 0.31084154318936436 -0.5611332079548319 0.7671421367373674
vn 0.6001331406736552 -0.7157925095838585 0.3570452305924513
vn 0.31084154318936436 -0.5611332079548319 0.7671421367373674
vn 0.4345686502673543 -0.4963521390517243 0.751521551429889
vn 0.42767813033335617 -0.8212140812576337 0.3777550126454255
vn 0.2252395995293655 -0.8961740987531195 0.3822814506719949
vn 0.17343637915323848 -0.6075856628889429 0.7750867594263353
vn 0.42767813033335617 -0.8212140812576337 0.3777550126454255
vn 0.17343637915323848 -0.6075856628889429 0.7750867594263353
vn 0.31084154318936436 -0.5611332079548319 0.7671421367373674
vn 0.2252395995293655 -0.8961740987531195 0.3822814506719949
vn 0.05835670555963207 -0.9262193804872183 0.3724408062042881
vn 0.0508601192363957 -0.6312035866937716 0.7739478538094011
vn 0.2252395995293655 -0.8961740987531195 0.3822814506719949
vn 0.0508601192363957 -0.6312035866937716 0.7739478538094011
vn 0.17343637915323848 -0.6075856628889429 0.7750867594263353
vn 0.05835670555963207 -0.9262193804872183 0.3724408062042881
vn -0.05575613642293289 -0.9268796131181418 0.3711946066918952
vn -0.024959041944062017 -0.633731197348337 0.7731505776578569
vn 0.05835670555963207 -0.9262193804872183 0.3724408062042881
vn -0.024959041944062017 -0.633731197348337 0.7731505776578569
vn 0.0508601192363957 -0.6312035866937716 0.7739478538094011
vn -0.05575613642293289 -0.9268796131181418 0.3711946066918952
vn -0.22107670074564736 -0.8985837823073438 0.379041262347053
vn -0.12370119459092566 -0.6183559837464108 0.7761017277533832
vn -0.05575613642293289 -0.9268796131181418 0.3711946066918952
vn -0.12370119459092566 -0.6183559837464108 0.7761017277533832
vn -0.024959041944062017 -0.633731197348337 0.7731505776578569
vn -0.22107670074564736 -0.8985837823073438 0.379041262347053
vn -0.425639348620085 -0.8241898947214582 0.37355342636000716
vn -0.2650646406427833 -0.5782205934179795 0.7716227586251405
vn -0.22107670074564736 -0.8985837823073438 0.379041262347053
vn -0.2650646406427833 -0.5782205934179795 0.7716227586251405
vn -0.12370119459092566 -0.6183559837464108 0.7761017277533832
vn -0.425639348620085 -0.8241898947214582 0.37355342636000716
vn -0.6001702372903015 -0.7182032654903746 0.3521075910994618
vn -0.3937525286972961 -0.5189771713046485 0.7586973321484073
vn -0.425639348620085 -0.8241898947214582 0.37355342636000716
vn -0.3937525286972961 -0.5189771713046485 0.7586973321484073
vn -0.2650646406427833 -0.5782205934179795 0.7716227586251405
vn -0.6001702372903015 -0.7182032654903746 0.3521075910994618
vn -0.7405725254936355 -0.5910374158489876 0.3197297414231739
vn -0.5069964353240185 -0.4432170598078168 0.7392653464514974
vn -0.6001702372903015 -0.7182032654903746 0.3521075910994618
vn -0.5069964353240185 -0.4432170598078168 0.7392653464514974
vn -0.3937525286972961 -0.5189771713046485 0.7586973321484073
vn -0.7405725254936355 -0.5910374158489876 0.3197297414231739
vn -0.8470498729665251 -0.45098290661788365 0.2812844301518997
vn -0.6027148985511291 -0.3533388266994154 0.7154623851826051
vn -0.7405725254936355 -0.5910374158489876 0.3197297414231739
vn -0.6027148985511291 -0.3533388266994154 0.7154623851826051
vn -0.5069964353240185 -0.4432170598078168 0.7392653464514974
vn -0.8470498729665251 -0.45098290661788365 0.2812844301518997
vn -0.9218745045464698 -0.30364910879236157 0.24071688058132834
vn -0.6793139012248531 -0.25154726342221584 0.6893885681293712
vn -0.8470498729665251 -0.45098290661788365 0.2812844301518997
vn -0.6793139012248531 -0.25154726342221584 0.6893885681293712
vn -0.6027148985511291 -0.3533388266994154 0.7154623851826051
vn -0.9218745045464698 -0.30364910879236157 0.24071688058132834
vn -0.9677179736089702 -0.15231547778380095 0.20080318419198703
vn -0.735527658798721 -0.13983658564414286 0.6629063225354399
vn -0.9218745045464698 -0.30364910879236157 0.24071688058132834
vn -0.735527658798721 -0.13983658564414286 0.6629063225354399
vn -0.6793139012248531 -0.25154726342221584 0.6893885681293712
vn -0.9677179736089702 -0.15231547778380095 0.20080318419198703
vn -0.9842527280801966 -0.03786483689128817 0.17266389719303457
vn -0.766726229413611 -0.04080081671489069 0.6406763476862435
vn -0.9677179736089702 -0.15231547778380095 0.20080318419198703
vn -0.766726229413611 -0.04080081671489069 0.6406763476862435
vn -0.735527658798721 -0.13983658564414286 0.6629063225354399
vn 0 0 -1
vn 0 0 -1
vn 0 0 -1
vn 0 0 -1
vn 0 0 -1
vn 0 0 -1
vn 0 0 -1
vn 0 0 -1
vn 0 0 -1
vn 0 0 -1
vn 0 0 -1
vn 0 0 -1
vn 0 0 -1
vn 0 0 -1
vn 0 0 -1
vn 0 0 -1
vn 0 0 -1
vn 0 0 -1
vn 0 0 -1
vn 0 0 -1
vn 0 0 -1
vn 0 0 -1
vn 0 0 -1
vn 0 0 -1
vn 0 0 -1
vn 0 0 -1
vn 0 0 -1
vn 0 0 -1
vn 0 0 -1
vn 0 0 -1
vn 0 0 -1
vn 0 0 -1
vn 0 0 -1
vn 0 0 -1
vn 0 0 -1
vn 0 0 -1
vn 0 0 -1
vn 0 0 -1
vn 0 0 -1
vn 0 0 -1
vn 0 0 -1
vn 0 0 -1
vn 0 0 -1
vn 0 0 -1
vn 0 0 -1
vn 0 0 -1
vn 0 0 -1
vn 0 0 -1
vn 0 0 -1
vn 0 0 -1
vn 0 0 -1
vn 0 0 -1
vn 0 0 -1
vn 0 0 -1
vn 0 0 -1
vn 0 0 -1
vn 0 0 -1
vn 0 0 -1
vn 0 0 -1
vn 0 0 -1
vn 0 0 -1
vn 0 0 -1
vn 0 0 -1
vn 0 0 -1
vn 0 0 -1
vn 0 0 -1
vn 0 0 -1
vn 0 0 -1
vn 0 0 -1
vn 0 0 -1
vn 0 0 -1
vn 0 0 -1
vn 0 0 -1
vn 0 0 -1
vn 0 0 -1
vn 0 0 -1
vn 0 0 -1
vn 0 0 -1
vn 0 0 -1
vn 0 0 -1
vn 0 0 -1
vn 0 0 -1
vn 0 0 -1
vn 0 0 -1
vn 0 0 -1
vn 0 0 -1
vn 0 0 -1
vn 0 0 -1
vn 0 0 -1
vn 0 0 -1
vn 0 0 -1
vn 0 0 -1
vn 0 0 -1
vn 0 0 -1
vn 0 0 -1
vn 0 0 -1
vn 0 0 -1
vn 0 0 -1
vn 0 0 -1
vn 0 0 -1
vn 0 0 -1
vn 0 0 -1
vn 0 0 -1
vn 0 0 -1
vn 0 0 -1
vn 0 0 -1
vn 0 0 -1
vn 0 0 -1
vn 0 0 -1
vn 0 0 -1
vn 0 0 -1
vn 0 0 -1
vn 0 0 -1
vn 0 0 -1
vn 0 0 -1
vn 0 0 -1
vn 0 0 -1
vn 0 0 -1
vn 0 0 -1
vn 0 0 -1
vn 0 0 -1
vn 0 0 -1
vn 0 0 -1
vn 0 0 1
vn 0 0 1
vn 0 0 1
vn 0 0 1
vn 0 0 1
vn 0 0 1
vn 0 0 1
vn 0 0 1
vn 0 0 1
vn 0 0 1
vn 0 0 1
vn 0 0 1
vn 0 0 1
vn 0 0 1
vn 0 0 1
vn 0 0 1
vn 0 0 1
vn 0 0 1
vn 0 0 1
vn 0 0 1
vn 0 0 1
vn 0 0 1
vn 0 0 1
vn 0 0 1
vn 0 0 1
vn 0 0 1
vn 0 0 1
vn 0 0 1
vn 0 0 1
vn 0 0 1
vn 0 0 1
vn 0 0 1
vn 0 0 1
vn 0 0 1
vn 0 0 1
vn 0 0 1
vn 0 0 1
vn 0 0 1
vn 0 0 1
vn 0 0 1
vn 0 0 1
vn 0 0 1
vn 0 0 1
vn 0 0 1
vn 0 0 1
vn 0 0 1
vn 0 0 1
vn 0 0 1
vn 0 0 1
vn 0 0 1
vn 0 0 1
vn 0 0 1
vn 0 0 1
vn 0 0 1
vn 0 0 1
vn 0 0 1
vn 0 0 1
vn 0 0 1
vn 0 0 1
vn 0 0 1
vn 0 0 1
vn 0 0 1
vn 0 0 1
vn 0 0 1
vn 0 0 1
vn 0 0 1
vn 0 0 1
vn 0 0 1
vn 0 0 1
vn 0 0 1
vn 0 0 1
vn 0 0 1
vn 0 0 1
vn 0 0 1
vn 0 0 1
vn 0 0 1
vn 0 0 1
vn 0 0 1
vn 0 0 1
vn 0 0 1
vn 0 0 1
vn 0 0 1
vn 0 0 1
vn 0 0 1
vn 0 0 1
vn 0 0 1
vn 0 0 1
vn 0 0 1
vn 0 0 1
vn 0 0 1
vn 0 0 1
vn 0 0 1
vn 0 0 1
vn 0 0 1
vn 0 0 1
vn 0 0 1
vn 0 0 1
vn 0 0 1
vn 0 0 1
vn 0 0 1
vn 0 0 1
vn 0 0 1
vn 0 0 1
vn 0 0 1
vn 0 0 1
vn 0 0 1
vn 0 0 1
vn 0 0 1
vn 0 0 1
vn 0 0 1
vn 0 0 1
vn 0 0 1
vn 0 0 1
vn 0 0 1
vn 0 0 1
vn 0 0 1
vn 0 0 1
vn 0 0 1
vn 0 0 1
vn 0 0 1
vn 0 0 1
vn 0 0 1
vn 0 0 1
vn -0.507861055139885 0.38776855269991795 0.7692286384484224
vn -0.5006136470330594 -0.7755371053998358 0.3846143192242112
vn -0.28442058801847747 -0.6889397409509093 0.6666835549567108
vn -0.507861055139885 0.38776855269991795 0.7692286384484224
vn -0.28442058801847747 -0.6889397409509093 0.6666835549567108
vn -0.2803617769431028 0.6702165249721453 0.687173255943192
vn -0.5006136470330594 -0.7755371053998358 0.3846143192242112
vn -0.5078610551398852 -0.38776855269991795 -0.7692286384484223
vn -0.2803617769431029 -0.6702165249721453 -0.687173255943192
vn -0.5006136470330594 -0.7755371053998358 0.3846143192242112
vn -0.2803617769431029 -0.6702165249721453 -0.687173255943192
vn -0.28442058801847747 -0.6889397409509093 0.6666835549567108
vn -0.5078610551398852 -0.38776855269991795 -0.7692286384484223
vn -0.5006136470330594 0.7755371053998358 -0.38461431922421113
vn -0.2844205880184775 0.6889397409509092 -0.6666835549567107
vn -0.5078610551398852 -0.38776855269991795 -0.7692286384484223
vn -0.2844205880184775 0.6889397409509092 -0.6666835549567107
vn -0.2803617769431029 -0.6702165249721453 -0.687173255943192
vn -0.5006136470330594 0.7755371053998358 -0.38461431922421113
vn -0.507861055139885 0.38776855269991795 0.7692286384484224
vn -0.2803617769431028 0.6702165249721453 0.687173255943192
vn -0.5006136470330594 0.7755371053998358 -0.38461431922421113
vn -0.2803617769431028 0.6702165249721453 0.687173255943192
vn -0.2844205880184775 0.6889397409509092 -0.6666835549567107
vn 0 0 1
vn 0 0 1
vn 0 0 1
vn 0 0 1
vn 0 0 1
vn 0 0 1
vn 0 -1 0
vn 0 -1 0
vn 0 -1 0
vn 0 -1 0
vn 0 -1 0
vn 0 -1 0
vn 0 0 -1
vn 0 0 -1
vn 0 0 -1
vn 0 0 -1
vn 0 0 -1
vn 0 0 -1
vn 0 1 0
vn 0 1 0
vn 0 1 0
vn 0 1 0
vn 0 1 0
vn 0 1 0
s off
f 43/43/3 2/2/2 1/1/1
f 42/42/6 43/43/5 1/1/4
f 44/44/9 3/3/8 2/2/7
f 43/43/12 44/44/11 2/2/10
f 45/45/15 4/4/14 3/3/13
f 44/44/18 45/45/17 3/3/16
f 46/46/21 5/5/20 4/4/19
f 45/45/24 46/46/23 4/4/22
f 47/47/27 6/6/26 5/5/25
f 46/46/30 47/47/29 5/5/28
f 48/48/33 7/7/32 6/6/31
f 47/47/36 48/48/35 6/6/34
f 49/49/39 8/8/38 7/7/37
f 48/48/42 49/49/41 7/7/40
f 50/50/45 9/9/44 8/8/43
f 49/49/48 50/50/47 8/8/46
f 51/51/51 10/10/50 9/9/49
f 50/50/54 51/51/53 9/9/52
f 52/52/57 11/11/56 10/10/55
f 51/51/60 52/52/59 10/10/58
f 53/53/63 12/12/62 11/11/61
f 52/52/66 53/53/65 11/11/64
f 54/54/69 13/13/68 12/12/67
f 53/53/72 54/54/71 12/12/70
f 55/55/75 14/14/74 13/13/73
f 54/54/78 55/55/77 13/13/76
f 56/56/81 15/15/80 14/14/79
f 55/55/84 56/56/83 14/14/82
f 57/57/87 16/16/86 15/15/85
f 56/56/90 57/57/89 15/15/88
f 58/58/93 17/17/92 16/16/91
f 57/57/96 58/58/95 16/16/94
f 59/59/99 18/18/98 17/17/97
f 58/58/102 59/59/101 17/17/100
f 60/60/105 19/19/104 18/18/103
f 59/59/108 60/60/107 18/18/106
f 61/61/111 20/20/110 19/19/109
f 60/60/114 61/61/113 19/19/112
f 62/62/117 21/21/116 20/20/115
f 61/61/120 62/62/119 20/20/118
f 63/63/123 22/22/122 21/21/121
f 62/62/126 63/63/125 21/21/124
f 64/64/129 23/23/128 22/22/127
f 63/63/132 64/64/131 22/22/130
f 65/65/135 24/24/134 23/23/133
f 64/64/138 65/65/137 23/23/136
f 66/66/141 25/25/140 24/24/139
f 65/65/144 66/66/143 24/24/142
f 67/67/147 26/26/146 25/25/145
f 66/66/150 67/67/149 25/25/148
f 68/68/153 27/27/152 26/26/151
f 67/67/156 68/68/155 26/26/154
f 69/69/159 28/28/158 27/27/157
f 68/68/162 69/69/161 27/27/160
f 70/70/165 29/29/164 28/28/163
f 69/69/168 70/70/167 28/28/166
f 71/71/171 30/30/170 29/29/169
f 70/70/174 71/71/173 29/29/172
f 72/72/177 31/31/176 30/30/175
f 71/71/180 72/72/179 30/30/178
f 73/73/183 32/32/182 31/31/181
f 72/72/186 73/73/185 31/31/184
f 74/74/189 33/33/188 32/32/187
f 73/73/192 74/74/191 32/32/190
f 75/75/195 34/34/194 33/33/193
f 74/74/198 75/75/197 33/33/196
f 76/76/201 35/35/200 34/34/199
f 75/75/204 76/76/203 34/34/202
f 77/77/207 36/36/206 35/35/205
f 76/76/210 77/77/209 35/35/208
f 78/78/213 37/37/212 36/36/211
f 77/77/216 78/78/215 36/36/214
f 79/79/219 38/38/218 37/37/217
f 78/78/222 79/79/221 37/37/220
f 80/80/225 39/39/224 38/38/223
f 79/79/228 80/80/227 38/38/226
f 81/81/231 40/40/230 39/39/229
f 80/80/234 81/81/233 39/39/232
f 82/82/237 41/41/236 40/40/235
f 81/81/240 82/82/239 40/40/238
f 42/42/243 1/1/242 41/41/241
f 82/82/246 42/42/245 41/41/244
f 84/84/249 43/43/248 42/42/247
f 83/83/252 84/84/251 42/42/250
f 85/85/255 44/44/254 43/43/253
f 84/84/258 85/85/257 43/43/256
f 86/86/261 45/45/260 44/44/259
f 85/85/264 86/86/263 44/44/262
f 87/87/267 46/46/266 45/45/265
f 86/86/270 87/87/269 45/45/268
f 88/88/273 47/47/272 46/46/271
f 87/87/276 88/88/275 46/46/274
f 89/89/279 48/48/278 47/47/277
f 88/88/282 89/89/281 47/47/280
f 90/90/285 49/49/284 48/48/283
f 89/89/288 90/90/287 48/48/286
f 91/91/291 50/50/290 49/49/289
f 90/90/294 91/91/293 49/49/292
f 92/92/297 51/51/296 50/50/295
f 91/91/300 92/92/299 50/50/298
f 93/93/303 52/52/302 51/51/301
f 92/92/306 93/93/305 51/51/304
f 94/94/309 53/53/308 52/52/307
f 93/93/312 94/94/311 52/52/310
f 95/95/315 54/54/314 53/53/313
f 94/94/318 95/95/317 53/53/316
f 96/96/321 55/55/320 54/54/319
f 95/95/324 96/96/323 54/54/322
f 97/97/327 56/56/326 55/55/325
f 96/96/330 97/97/329 55/55/328
f 98/98/333 57/57/332 56/56/331
f 97/97/336 98/98/335 56/56/334
f 99/99/339 58/58/338 57/57/337
f 98/98/342 99/99/341 57/57/340
f 100/100/345 59/59/344 58/58/343
f 99/99/348 100/100/347 58/58/346
f 101/101/351 60/60/350 59/59/349
f 100/100/354 101/101/353 59/59/352
f 102/102/357 61/61/356 60/60/355
f 101/101/360 102/102/359 60/60/358
f 103/103/363 62/62/362 61/61/361
f 102/102/366 103/103/365 61/61/364
f 104/104/369 63/63/368 62/62/367
f 103/103/372 104/104/371 62/62/370
f 105/105/375 64/64/374 63/63/373
f 104/104/378 105/105/377 63/63/376
f 106/106/381 65/65/380 64/64/379
f 105/105/384 106/106/383 64/64/382
f 107/107/387 66/66/386 65/65/385
f 106/106/390 107/107/389 65/65/388
f 108/108/393 67/67/392 66/66/391
f 107/107/396 108/108/395 66/66/394
f 109/109/399 68/68/398 67/67/397
f 108/108/402 109/109/401 67/67/400
f 110/110/405 69/69/404 68/68/403
f 109/109/408 110/110/407 68/68/406
f 111/111/411 70/70/410 69/69/409
f 110/110/414 111/111/413 69/69/412
f 112/112/417 71/71/416 70/70/415
f 111/111/420 112/112/419 70/70/418
f 113/113/423 72/72/422 71/71/421
f 112/112/426 113/113/425 71/71/424
f 114/114/429 73/73/428 72/72/427
f 113/113/432 114/114/431 72/72/430
f 115/115/435 74/74/434 73/73/433
f 114/114/438 115/115/437 73/73/436
f 116/116/441 75/75/440 74/74/439
f 115/115/444 116/116/443 74/74/442
f 117/117/447 76/76/446 75/75/445
f 116/116/450 117/117/449 75/75/448
f 118/118/453 77/77/452 76/76/451
f 117/117/456 118/118/455 76/76/454
f 119/119/459 78/78/458 77/77/457
f 118/118/462 119/119/461 77/77/460
f 120/120/465 79/79/464 78/78/463
f 119/119/468 120/120/467 78/78/466
f 121/121/471 80/80/470 79/79/469
f 120/120/474 121/121/473 79/79/472
f 122/122/477 81/81/476 80/80/475
f 121/121/480 122/122/479 80/80/478
f 123/123/483 82/82/482 81/81/481
f 122/122/486 123/123/485 81/81/484
f 83/83/489 42/42/488 82/82/487
f 123/123/492 83/83/491 82/82/490
f 125/125/495 84/84/494 83/83/493
f 124/124/498 125/125/497 83/83/496
f 126/126/501 85/85/500 84/84/499
f 125/125/504 126/126/503 84/84/502
f 127/127/507 86/86/506 85/85/505
f 126/126/510 127/127/509 85/85/508
f 128/128/513 87/87/512 86/86/511
f 127/127/516 128/128/515 86/86/514
f 129/129/519 88/88/518 87/87/517
f 128/128/522 129/129/521 87/87/520
f 130/130/525 89/89/524 88/88/523
f 129/129/528 130/130/527 88/88/526
f 131/131/531 90/90/530 89/89/529
f 130/130/534 131/131/533 89/89/532
f 132/132/537 91/91/536 90/90/535
f 131/131/540 132/132/539 90/90/538
f 133/133/543 92/92/542 91/91/541
f 132/132/546 133/133/545 91/91/544
f 134/134/549 93/93/548 92/92/547
f 133/133/552 134/134/551 92/92/550
f 135/135/555 94/94/554 93/93/553
f 134/134/558 135/135/557 93/93/556
f 136/136/561 95/95/560 94/94/559
f 135/135/564 136/136/563 94/94/562
f 137/137/567 96/96/566 95/95/565
f 136/136/570 137/137/569 95/95/568
f 138/138/573 97/97/572 96/96/571
f 137/137/576 138/138/575 96/96/574
f 139/139/579 98/98/578 97/97/577
f 138/138/582 139/139/581 97/97/580
f 140/140/585 99/99/584 98/98/583
f 139/139/588 140/140/587 98/98/586
f 141/141/591 100/100/590 99/99/589
f 140/140/594 141/141/593 99/99/592
f 142/142/597 101/101/596 100/100/595
f 141/141/600 142/142/599 100/100/598
f 143/143/603 102/102/602 101/101/601
f 142/142/606 143/143/605 101/101/604
f 144/144/609 103/103/608 102/102/607
f 143/143/612 144/144/611 102/102/610
f 145/145/615 104/104/614 103/103/613
f 144/144/618 145/145/617 103/103/616
f 146/146/621 105/105/620 104/104/619
f 145/145/624 146/146/623 104/104/622
f 147/147/627 106/106/626 105/105/625
f 146/146/630 147/147/629 105/105/628
f 148/148/633 107/107/632 106/106/631
f 147/147/636 148/148/635 106/106/634
f 149/149/639 108/108/638 107/107/637
f 148/148/642 149/149/641 107/107/640
f 150/150/645 109/109/644 108/108/643
f 149/149/648 150/150/647 108/108/646
f 151/151/651 110/110/650 109/109/649
f 150/150/654 151/151/653 109/109/652
f 152/152/657 111/111/656 110/110/655
f 151/151/660 152/152/659 110/110/658
f 153/153/663 112/112/662 111/111/661
f 152/152/666 153/153/665 111/111/664
f 154/154/669 113/113/668 112/112/667
f 153/153/672 154/154/671 112/112/670
f 155/155/675 114/114/674 113/113/673
f 154/154/678 155/155/677 113/113/676
f 156/156/681 115/115/680 114/114/679
f 155/155/684 156/156/683 114/114/682
f 157/157/687 116/116/686 115/115/685
f 156/156/690 157/157/689 115/115/688
f 158/158/693 117/117/692 116/116/691
f 157/157/696 158/158/695 116/116/694
f 159/159/699 118/118/698 117/117/697
f 158/158/702 159/159/701 117/117/700
f 160/160/705 119/119/704 118/118/703
f 159/159/708 160/160/707 118/118/706
f 161/161/711 120/120/710 119/119/709
f 160/160/714 161/161/713 119/119/712
f 162/162/717 121/121/716 120/120/715
f 161/161/720 162/162/719 120/120/718
f 163/163/723 122/122/722 121/121/721
f 162/162/726 163/163/725 121/121/724
f 164/164/729 123/123/728 122/122/727
f 163/163/732 164/164/731 122/122/730
f 124/124/735 83/83/734 123/123/733
f 164/164/738 124/124/737 123/123/736
f 166/166/741 125/125/740 124/124/739
f 165/165/744 166/166/743 124/124/742
f 167/167/747 126/126/746 125/125/745
f 166/166/750 167/167/749 125/125/748
f 168/168/753 127/127/752 126/126/751
f 167/167/756 168/168/755 126/126/754
f 169/169/759 128/128/758 127/127/757
f 168/168/762 169/169/761 127/127/760
f 170/170/765 129/129/764 128/128/763
f 169/169/768 170/170/767 128/128/766
f 171/171/771 130/130/770 129/129/769
f 170/170/774 171/171/773 129/129/772
f 172/172/777 131/131/776 130/130/775
f 171/171/780 172/172/779 130/130/778
f 173/173/783 132/132/782 131/131/781
f 172/172/786 173/173/785 131/131/784
f 174/174/789 133/133/788 132/132/787
f 173/173/792 174/174/791 132/132/790
f 175/175/795 134/134/794 133/133/793
f 174/174/798 175/175/797 133/133/796
f 176/176/801 135/135/800 134/134/799
f 175/175/804 176/176/803 134/134/802
f 177/177/807 136/136/806 135/135/805
f 176/176/810 177/177/809 135/135/808
f 178/178/813 137/137/812 136/136/811
f 177/177/816 178/178/815 136/136/814
f 179/179/819 138/138/818 137/137/817
f 178/178/822 179/179/821 137/137/820
f 180/180/825 139/139/824 138/138/823
f 179/179/828 180/180/827 138/138/826
f 181/181/831 140/140/830 139/139/829
f 180/180/834 181/181/833 139/139/832
f 182/182/837 141/141/836 140/140/835
f 181/181/840 182/182/839 140/140/838
f 183/183/843 142/142/842 141/141/841
f 182/182/846 183/183/845 141/141/844
f 184/184/849 143/143/848 142/142/847
f 183/183/852 184/184/851 142/142/850
f 185/185/855 144/144/854 143/143/853
f 184/184/858 185/185/857 143/143/856
f 186/186/861 145/145/860 144/144/859
f 185/185/864 186/186/863 144/144/862
f 187/187/867 146/146/866 145/145/865
f 186/186/870 187/187/869 145/145/868
f 188/188/873 147/147/872 146/146/871
f 187/187/876 188/188/875 146/146/874
f 189/189/879 148/148/878 147/147/877
f 188/188/882 189/189/881 147/147/880
f 190/190/885 149/149/884 148/148/883
f 189/189/888 190/190/887 148/148/886
f 191/191/891 150/150/890 149/149/889
f 190/190/894 191/191/893 149/149/892
f 192/192/897 151/151/896 150/150/895
f 191/191/900 192/192/899 150/150/898
f 193/193/903 152/152/902 151/151/901
f 192/192/906 193/193/905 151/151/904
f 194/194/909 153/153/908 152/152/907
f 193/193/912 194/194/911 152/152/910
f 195/195/915 154/154/914 153/153/913
f 194/194/918 195/195/917 153/153/916
f 196/196/921 155/155/920 154/154/919
f 195/195/924 196/196/923 154/154/922
f 197/197/927 156/156/926 155/155/925
f 196/196/930 197/197/929 155/155/928
f 198/198/933 157/157/932 156/156/931
f 197/197/936 198/198/935 156/156/934
f 199/199/939 158/158/938 157/157/937
f 198/198/942 199/199/941 157/157/940
f 200/200/945 159/159/944 158/158/943
f 199/199/948 200/200/947 158/158/946
f 201/201/951 160/160/950 159/159/949
f 200/200/954 201/201/953 159/159/952
f 202/202/957 161/161/956 160/160/955
f 201/201/960 202/202/959 160/160/958
f 203/203/963 162/162/962 161/161/961
f 202/202/966 203/203/965 161/161/964
f 204/204/969 163/163/968 162/162/967
f 203/203/972 204/204/971 162/162/970
f 205/205/975 164/164/974 163/163/973
f 204/204/978 205/205/977 163/163/976
f 165/165/981 124/124/980 164/164/979
f 205/205/984 165/165/983 164/164/982
f 207/207/987 166/166/986 165/165/985
f 206/206/990 207/207/989 165/165/988
f 208/208/993 167/167/992 166/166/991
f 207/207/996 208/208/995 166/166/994
f 209/209/999 168/168/998 167/167/997
f 208/208/1002 209/209/1001 167/167/1000
f 210/210/1005 169/169/1004 168/168/1003
f 209/209/1008 210/210/1007 168/168/1006
f 211/211/1011 170/170/1010 169/169/1009
f 210/210/1014 211/211/1013 169/169/1012
f 212/212/1017 171/171/1016 170/170/1015
f 211/211/1020 212/212/1019 170/170/1018
f 213/213/1023 172/172/1022 171/171/1021
f 212/212/1026 213/213/1025 171/171/1024
f 214/214/1029 173/173/1028 172/172/1027
f 213/213/1032 214/214/1031 172/172/1030
f 215/215/1035 174/174/1034 173/173/1033
f 214/214/1038 215/215/1037 173/173/1036
f 216/216/1041 175/175/1040 174/174/1039
f 215/215/1044 216/216/1043 174/174/1042
f 217/217/1047 176/176/1046 175/175/1045
f 216/216/1050 217/217/1049 175/175/1048
f 218/218/1053 177/177/1052 176/176/1051
f 217/217/1056 218/218/1055 176/176/1054
f 219/219/1059 178/178/1058 177/177/1057
f 218/218/1062 219/219/1061 177/177/1060
f 220/220/1065 179/179/1064 178/178/1063
f 219/219/1068 220/220/1067 178/178/1066
f 221/221/1071 180/180/1070 179/179/1069
f 220/220/1074 221/221/1073 179/179/1072
f 222/222/1077 181/181/1076 180/180/1075
f 221/221/1080 222/222/1079 180/180/1078
f 223/223/1083 182/182/1082 181/181/1081
f 222/222/1086 223/223/1085 181/181/1084
f 224/224/1089 183/183/1088 182/182/1087
f 223/223/1092 224/224/1091 182/182/1090
f 225/225/1095 184/184/1094 183/183/1093
f 224/224/1098 225/225/1097 183/183/1096
f 226/226/1101 185/185/1100 184/184/1099
f 225/225/1104 226/226/1103 184/184/1102
f 227/227/1107 186/186/1106 185/185/1105
f 226/226/1110 227/227/1109 185/185/1108
f 228/228/1113 187/187/1112 186/186/1111
f 227/227/1116 228/228/1115 186/186/1114
f 229/229/1119 188/188/1118 187/187/1117
f 228/228/1122 229/229/1121 187/187/1120
f 230/230/1125 189/189/1124 188/188/1123
f 229/229/1128 230/230/1127 188/188/1126
f 231/231/1131 190/190/1130 189/189/1129
f 230/230/1134 231/231/1133 189/189/1132
f 232/232/1137 191/191/1136 190/190/1135
f 231/231/1140 232/232/1139 190/190/1138
f 233/233/1143 192/192/1142 191/191/1141
f 232/232/1146 233/233/1145 191/191/1144
f 234/234/1149 193/193/1148 192/192/1147
f 233/233/1152 234/234/1151 192/192/1150
f 235/235/1155 194/194/1154 193/193/1153
f 234/234/1158 235/235/1157 193/193/1156
f 236/236/1161 195/195/1160 194/194/1159
f 235/235/1164 236/236/1163 194/194/1162
f 237/237/1167 196/196/1166 195/195/1165
f 236/236/1170 237/237/1169 195/195/1168
f 238/238/1173 197/197/1172 196/196/1171
f 237/237/1176 238/238/1175 196/196/1174
f 239/239/1179 198/198/1178 197/197/1177
f 238/238/1182 239/239/1181 197/197/1180
f 240/240/1185 199/199/1184 198/198/1183
f 239/239/1188 240/240/1187 198/198/1186
f 241/241/1191 200/200/1190 199/199/1189
f 240/240/1194 241/241/1193 199/199/1192
f 242/242/1197 201/201/1196 200/200/1195
f 241/241/1200 242/242/1199 200/200/1198
f 243/243/1203 202/202/1202 201/201/1201
f 242/242/1206 243/243/1205 201/201/1204
f 244/244/1209 203/203/1208 202/202/1207
f 243/243/1212 244/244/1211 202/202/1210
f 245/245/1215 204/204/1214 203/203/1213
f 244/244/1218 245/245/1217 203/203/1216
f 246/246/1221 205/205/1220 204/204/1219
f 245/245/1224 246/246/1223 204/204/1222
f 206/206/1227 165/165/1226 205/205/1225
f 246/246/1230 206/206/1229 205/205/1228
f 248/248/1233 207/207/1232 206/206/1231
f 247/247/1236 248/248/1235 206/206/1234
f 249/249/1239 208/208/1238 207/207/1237
f 248/248/1242 249/249/1241 207/207/1240
f 250/250/1245 209/209/1244 208/208/1243
f 249/249/1248 250/250/1247 208/208/1246
f 251/251/1251 210/210/1250 209/209/1249
f 250/250/1254 251/251/1253 209/209/1252
f 252/252/1257 211/211/1256 210/210/1255
f 251/251/1260 252/252/1259 210/210/1258
f 253/253/1263 212/212/1262 211/211/1261
f 252/252/1266 253/253/1265 211/211/1264
f 254/254/1269 213/213/1268 212/212/1267
f 253/253/1272 254/254/1271 212/212/1270
f 255/255/1275 214/214/1274 213/213/1273
f 254/254/1278 255/255/1277 213/213/1276
f 256/256/1281 215/215/1280 214/214/1279
f 255/255/1284 256/256/1283 214/214/1282
f 257/257/1287 216/216/1286 215/215/1285
f 256/256/1290 257/257/1289 215/215/1288
f 258/258/1293 217/217/1292 216/216/1291
f 257/257/1296 258/258/1295 216/216/1294
f 259/259/1299 218/218/1298 217/217/1297
f 258/258/1302 259/259/1301 217/217/1300
f 260/260/1305 219/219/1304 218/218/1303
f 259/259/1308 260/260/1307 218/218/1306
f 261/261/1311 220/220/1310 219/219/1309
f 260/260/1314 261/261/1313 219/219/1312
f 262/262/1317 221/221/1316 220/220/1315
f 261/261/1320 262/262/1319 220/220/1318
f 263/263/1323 222/222/1322 221/221/1321
f 262/262/1326 263/263/1325 221/221/1324
f 264/264/1329 223/223/1328 222/222/1327
f 263/263/1332 264/264/1331 222/222/1330
f 265/265/1335 224/224/1334 223/223/1333
f 264/264/1338 265/265/1337 223/223/1336
f 266/266/1341 225/225/1340 224/224/1339
f 265/265/1344 266/266/1343 224/224/1342
f 267/267/1347 226/226/1346 225/225/1345
f 266/266/1350 267/267/1349 225/225/1348
f 268/268/1353 227/227/1352 226/226/1351
f 267/267/1356 268/268/1355 226/226/1354
f 269/269/1359 228/228/1358 227/227/1357
f 268/268/1362 269/269/1361 227/227/1360
f 270/270/1365 229/229/1364 228/228/1363
f 269/269/1368 270/270/1367 228/228/1366
f 271/271/1371 230/230/1370 229/229/1369
f 270/270/1374 271/271/1373 229/229/1372
f 272/272/1377 231/231/1376 230/230/1375
f 271/271/1380 272/272/1379 230/230/1378
f 273/273/1383 232/232/1382 231/231/1381
f 272/272/1386 273/273/1385 231/231/1384
f 274/274/1389 233/233/1388 232/232/1387
f 273/273/1392 274/274/1391 232/232/1390
f 275/275/1395 234/234/1394 233/233/1393
f 274/274/1398 275/275/1397 233/233/1396
f 276/276/1401 235/235/1400 234/234/1399
f 275/275/1404 276/276/1403 234/234/1402
f 277/277/1407 236/236/1406 235/235/1405
f 276/276/1410 277/277/1409 235/235/1408
f 278/278/1413 237/237/1412 236/236/1411
f 277/277/1416 278/278/1415 236/236/1414
f 279/279/1419 238/238/1418 237/237/1417
f 278/278/1422 279/279/1421 237/237/1420
f 280/280/1425 239/239/1424 238/238/1423
f 279/279/1428 280/280/1427 238/238/1426
f 281/281/1431 240/240/1430 239/239/1429
f 280/280/1434 281/281/1433 239/239/1432
f 282/282/1437 241/241/1436 240/240/1435
f 281/281/1440 282/282/1439 240/240/1438
f 283/283/1443 242/242/1442 241/241/1441
f 282/282/1446 283/283/1445 241/241/1444
f 284/284/1449 243/243/1448 242/242/1447
f 283/283/1452 284/284/1451 242/242/1450
f 285/285/1455 244/244/1454 243/243/1453
f 284/284/1458 285/285/1457 243/243/1456
f 286/286/1461 245/245/1460 244/244/1459
f 285/285/1464 286/286/1463 244/244/1462
f 287/287/1467 246/246/1466 245/245/1465
f 286/286/1470 287/287/1469 245/245/1468
f 247/247/1473 206/206/1472 246/246/1471
f 287/287/1476 247/247/1475 246/246/1474
f 289/289/1479 248/248/1478 247/247/1477
f 288/288/1482 289/289/1481 247/247/1480
f 290/290/1485 249/249/1484 248/248/1483
f 289/289/1488 290/290/1487 248/248/1486
f 291/291/1491 250/250/1490 249/249/1489
f 290/290/1494 291/291/1493 249/249/1492
f 292/292/1497 251/251/1496 250/250/1495
f 291/291/1500 292/292/1499 250/250/1498
f 293/293/1503 252/252/1502 251/251/1501
f 292/292/1506 293/293/1505 251/251/1504
f 294/294/1509 253/253/1508 252/252/1507
f 293/293/1512 294/294/1511 252/252/1510
f 295/295/1515 254/254/1514 253/253/1513
f 294/294/1518 295/295/1517 253/253/1516
f 296/296/1521 255/255/1520 254/254/1519
f 295/295/1524 296/296/1523 254/254/1522
f 297/297/1527 256/256/1526 255/255/1525
f 296/296/1530 297/297/1529 255/255/1528
f 298/298/1533 257/257/1532 256/256/1531
f 297/297/1536 298/298/1535 256/256/1534
f 299/299/1539 258/258/1538 257/257/1537
f 298/298/1542 299/299/1541 257/257/1540
f 300/300/1545 259/259/1544 258/258/1543
f 299/299/1548 300/300/1547 258/258/1546
f 301/301/1551 260/260/1550 259/259/1549
f 300/300/1554 301/301/1553 259/259/1552
f 302/302/1557 261/261/1556 260/260/1555
f 301/301/1560 302/302/1559 260/260/1558
f 303/303/1563 262/262/1562 261/261/1561
f 302/302/1566 303/303/1565 261/261/1564
f 304/304/1569 263/263/1568 262/262/1567
f 303/303/1572 304/304/1571 262/262/1570
f 305/305/1575 264/264/1574 263/263/1573
f 304/304/1578 305/305/1577 263/263/1576
f 306/306/1581 265/265/1580 264/264/1579
f 305/305/1584 306/306/1583 264/264/1582
f 307/307/1587 266/266/1586 265/265/1585
f 306/306/1590 307/307/1589 265/265/1588
f 308/308/1593 267/267/1592 266/266/1591
f 307/307/1596 308/308/1595 266/266/1594
f 309/309/1599 268/268/1598 267/267/1597
f 308/308/1602 309/309/1601 267/267/1600
f 310/310/1605 269/269/1604 268/268/1603
f 309/309/1608 310/310/1607 268/268/1606
f 311/311/1611 270/270/1610 269/269/1609
f 310/310/1614 311/311/1613 269/269/1612
f 312/312/1617 271/271/1616 270/270/1615
f 311/311/1620 312/312/1619 270/270/1618
f 313/313/1623 272/272/1622 271/271/1621
f 312/312/1626 313/313/1625 271/271/1624
f 314/314/1629 273/273/1628 272/272/1627
f 313/313/1632 314/314/1631 272/272/1630
f 315/315/1635 274/274/1634 273/273/1633
f 314/314/1638 315/315/1637 273/273/1636
f 316/316/1641 275/275/1640 274/274/1639
f 315/315/1644 316/316/1643 274/274/1642
f 317/317/1647 276/276/1646 275/275/1645
f 316/316/1650 317/317/1649 275/275/1648
f 318/318/1653 277/277/1652 276/276/1651
f 317/317/1656 318/318/1655 276/276/1654
f 319/319/1659 278/278/1658 277/277/1657
f 318/318/1662 319/319/1661 277/277/1660
f 320/320/1665 279/279/1664 278/278/1663
f 319/319/1668 320/320/1667 278/278/1666
f 321/321/1671 280/280/1670 279/279/1669
f 320/320/1674 321/321/1673 279/279/1672
f 322/322/1677 281/281/1676 280/280/1675
f 321/321/1680 322/322/1679 280/280/1678
f 323/323/1683 282/282/1682 281/281/1681
f 322/322/1686 323/323/1685 281/281/1684
f 324/324/1689 283/283/1688 282/282/1687
f 323/323/1692 324/324/1691 282/282/1690
f 325/325/1695 284/284/1694 283/283/1693
f 324/324/1698 325/325/1697 283/283/1696
f 326/326/1701 285/285/1700 284/284/1699
f 325/325/1704 326/326/1703 284/284/1702
f 327/327/1707 286/286/1706 285/285/1705
f 326/326/1710 327/327/1709 285/285/1708
f 328/328/1713 287/287/1712 286/286/1711
f 327/327/1716 328/328/1715 286/286/1714
f 288/288/1719 247/247/1718 287/287/1717
f 328/328/1722 288/288/1721 287/287/1720
f 330/330/1725 289/289/1724 288/288/1723
f 329/329/1728 330/330/1727 288/288/1726
f 331/331/1731 290/290/1730 289/289/1729
f 330/330/1734 331/331/1733 289/289/1732
f 332/332/1737 291/291/1736 290/290/1735
f 331/331/1740 332/332/1739 290/290/1738
f 333/333/1743 292/292/1742 291/291/1741
f 332/332/1746 333/333/1745 291/291/1744
f 334/334/1749 293/293/1748 292/292/1747
f 333/333/1752 334/334/1751 292/292/1750
f 335/335/1755 294/294/1754 293/293/1753
f 334/334/1758 335/335/1757 293/293/1756
f 336/336/1761 295/295/1760 294/294/1759
f 335/335/1764 336/336/1763 294/294/1762
f 337/337/1767 296/296/1766 295/295/1765
f 336/336/1770 337/337/1769 295/295/1768
f 338/338/1773 297/297/1772 296/296/1771
f 337/337/1776 338/338/1775 296/296/1774
f 339/339/1779 298/298/1778 297/297/1777
f 338/338/1782 339/339/1781 297/297/1780
f 340/340/1785 299/299/1784 298/298/1783
f 339/339/1788 340/340/1787 298/298/1786
f 341/341/1791 300/300/1790 299/299/1789
f 340/340/1794 341/341/1793 299/299/1792
f 342/342/1797 301/301/1796 300/300/1795
f 341/341/1800 342/342/1799 300/300/1798
f 343/343/1803 302/302/1802 301/301/1801
f 342/342/1806 343/343/1805 301/301/1804
f 344/344/1809 303/303/1808 302/302/1807
f 343/343/1812 344/344/1811 302/302/1810
f 345/345/1815 304/304/1814 303/303/1813
f 344/344/1818 345/345/1817 303/303/1816
f 346/346/1821 305/305/1820 304/304/1819
f 345/345/1824 346/346/1823 304/304/1822
f 347/347/1827 306/306/1826 305/305/1825
f 346/346/1830 347/347/1829 305/305/1828
f 348/348/1833 307/307/1832 306/306/1831
f 347/347/1836 348/348/1835 306/306/1834
f 349/349/1839 308/308/1838 307/307/1837
f 348/348/1842 349/349/1841 307/307/1840
f 350/350/1845 309/309/1844 308/308/1843
f 349/349/1848 350/350/1847 308/308/1846
f 351/351/1851 310/310/1850 309/309/1849
f 350/350/1854 351/351/1853 309/309/1852
f 352/352/1857 311/311/1856 310/310/1855
f 351/351/1860 352/352/1859 310/310/1858
f 353/353/1863 312/312/1862 311/311/1861
f 352/352/1866 353/353/1865 311/311/1864
f 354/354/1869 313/313/1868 312/312/1867
f 353/353/1872 354/354/1871 312/312/1870
f 355/355/1875 314/314/1874 313/313/1873
f 354/354/1878 355/355/1877 313/313/1876
f 356/356/1881 315/315/1880 314/314/1879
f 355/355/1884 356/356/1883 314/314/1882
f 357/357/1887 316/316/1886 315/315/1885
f 356/356/1890 357/357/1889 315/315/1888
f 358/358/1893 317/317/1892 316/316/1891
f 357/357/1896 358/358/1895 316/316/1894
f 359/359/1899 318/318/1898 317/317/1897
f 358/358/1902 359/359/1901 317/317/1900
f 360/360/1905 319/319/1904 318/318/1903
f 359/359/1908 360/360/1907 318/318/1906
f 361/361/1911 320/320/1910 319/319/1909
f 360/360/1914 361/361/1913 319/319/1912
f 362/362/1917 321/321/1916 320/320/1915
f 361/361/1920 362/362/1919 320/320/1918
f 363/363/1923 322/322/1922 321/321/1921
f 362/362/1926 363/363/1925 321/321/1924
f 364/364/1929 323/323/1928 322/322/1927
f 363/363/1932 364/364/1931 322/322/1930
f 365/365/1935 324/324/1934 323/323/1933
f 364/364/1938 365/365/1937 323/323/1936
f 366/366/1941 325/325/1940 324/324/1939
f 365/365/1944 366/366/1943 324/324/1942
f 367/367/1947 326/326/1946 325/325/1945
f 366/366/1950 367/367/1949 325/325/1948
f 368/368/1953 327/327/1952 326/326/1951
f 367/367/1956 368/368/1955 326/326/1954
f 369/369/1959 328/328/1958 327/327/1957
f 368/368/1962 369/369/1961 327/327/1960
f 329/329/1965 288/288/1964 328/328/1963
f 369/369/1968 329/329/1967 328/328/1966
f 371/371/1971 330/330/1970 329/329/1969
f 370/370/1974 371/371/1973 329/329/1972
f 372/372/1977 331/331/1976 330/330/1975
f 371/371/1980 372/372/1979 330/330/1978
f 373/373/1983 332/332/1982 331/331/1981
f 372/372/1986 373/373/1985 331/331/1984
f 374/374/1989 333/333/1988 332/332/1987
f 373/373/1992 374/374/1991 332/332/1990
f 375/375/1995 334/334/1994 333/333/1993
f 374/374/1998 375/375/1997 333/333/1996
f 376/376/2001 335/335/2000 334/334/1999
f 375/375/2004 376/376/2003 334/334/2002
f 377/377/2007 336/336/2006 335/335/2005
f 376/376/2010 377/377/2009 335/335/2008
f 378/378/2013 337/337/2012 336/336/2011
f 377/377/2016 378/378/2015 336/336/2014
f 379/379/2019 338/338/2018 337/337/2017
f 378/378/2022 379/379/2021 337/337/2020
f 380/380/2025 339/339/2024 338/338/2023
f 379/379/2028 380/380/2027 338/338/2026
f 381/381/2031 340/340/2030 339/339/2029
f 380/380/2034 381/381/2033 339/339/2032
f 382/382/2037 341/341/2036 340/340/2035
f 381/381/2040 382/382/2039 340/340/2038
f 383/383/2043 342/342/2042 341/341/2041
f 382/382/2046 383/383/2045 341/341/2044
f 384/384/2049 343/343/2048 342/342/2047
f 383/383/2052 384/384/2051 342/342/2050
f 385/385/2055 344/344/2054 343/343/2053
f 384/384/2058 385/385/2057 343/343/2056
f 386/386/2061 345/345/2060 344/344/2059
f 385/385/2064 386/386/2063 344/344/2062
f 387/387/2067 346/346/2066 345/345/2065
f 386/386/2070 387/387/2069 345/345/2068
f 388/388/2073 347/347/2072 346/346/2071
f 387/387/2076 388/388/2075 346/346/2074
f 389/389/2079 348/348/2078 347/347/2077
f 388/388/2082 389/389/2081 347/347/2080
f 390/390/2085 349/349/2084 348/348/2083
f 389/389/2088 390/390/2087 348/348/2086
f 391/391/2091 350/350/2090 349/349/2089
f 390/390/2094 391/391/2093 349/349/2092
f 392/392/2097 351/351/2096 350/350/2095
f 391/391/2100 392/392/2099 350/350/2098
f 393/393/2103 352/352/2102 351/351/2101
f 392/392/2106 393/393/2105 351/351/2104
f 394/394/2109 353/353/2108 352/352/2107
f 393/393/2112 394/394/2111 352/352/2110
f 395/395/2115 354/354/2114 353/353/2113
f 394/394/2118 395/395/2117 353/353/2116
f 396/396/2121 355/355/2120 354/354/2119
f 395/395/2124 396/396/2123 354/354/2122
f 397/397/2127 356/356/2126 355/355/2125
f 396/396/2130 397/397/2129 355/355/2128
f 398/398/2133 357/357/2132 356/356/2131
f 397/397/2136 398/398/2135 356/356/2134
f 399/399/2139 358/358/2138 357/357/2137
f 398/398/2142 399/399/2141 357/357/2140
f 400/400/2145 359/359/2144 358/358/2143
f 399/399/2148 400/400/2147 358/358/2146
f 401/401/2151 360/360/2150 359/359/2149
f 400/400/2154 401/401/2153 359/359/2152
f 402/402/2157 361/361/2156 360/360/2155
f 401/401/2160 402/402/2159 360/360/2158
f 403/403/2163 362/362/2162 361/361/2161
f 402/402/2166 403/403/2165 361/361/2164
f 404/404/2169 363/363/2168 362/362/2167
f 403/403/2172 404/404/2171 362/362/2170
f 405/405/2175 364/364/2174 363/363/2173
f 404/404/2178 405/405/2177 363/363/2176
f 406/406/2181 365/365/2180 364/364/2179
f 405/405/2184 406/406/2183 364/364/2182
f 407/407/2187 366/366/2186 365/365/2185
f 406/406/2190 407/407/2189 365/365/2188
f 408/408/2193 367/367/2192 366/366/2191
f 407/407/2196 408/408/2195 366/366/2194
f 409/409/2199 368/368/2198 367/367/2197
f 408/408/2202 409/409/2201 367/367/2200
f 410/410/2205 369/369/2204 368/368/2203
f 409/409/2208 410/410/2207 368/368/2206
f 370/370/2211 329/329/2210 369/369/2209
f 410/410/2214 370/370/2213 369/369/2212
f 412/412/2217 371/371/2216 370/370/2215
f 411/411/2220 412/412/2219 370/370/2218
f 414/414/2223 373/373/2222 372/372/2221
f 413/413/2226 414/414/2225 372/372/2224
f 415/415/2229 374/374/2228 373/373/2227
f 414/414/2232 415/415/2231 373/373/2230
f 416/416/2235 375/375/2234 374/374/2233
f 415/415/2238 416/416/2237 374/374/2236
f 417/417/2241 376/376/2240 375/375/2239
f 416/416/2244 417/417/2243 375/375/2242
f 418/418/2247 377/377/2246 376/376/2245
f 417/417/2250 418/418/2249 376/376/2248
f 419/419/2253 378/378/2252 377/377/2251
f 418/418/2256 419/419/2255 377/377/2254
f 420/420/2259 379/379/2258 378/378/2257
f 419/419/2262 420/420/2261 378/378/2260
f 421/421/2265 380/380/2264 379/379/2263
f 420/420/2268 421/421/2267 379/379/2266
f 422/422/2271 381/381/2270 380/380/2269
f 421/421/2274 422/422/2273 380/380/2272
f 423/423/2277 382/382/2276 381/381/2275
f 422/422/2280 423/423/2279 381/381/2278
f 424/424/2283 383/383/2282 382/382/2281
f 423/423/2286 424/424/2285 382/382/2284
f 425/425/2289 384/384/2288 383/383/2287
f 424/424/2292 425/425/2291 383/383/2290
f 426/426/2295 385/385/2294 384/384/2293
f 425/425/2298 426/426/2297 384/384/2296
f 427/427/2301 386/386/2300 385/385/2299
f 426/426/2304 427/427/2303 385/385/2302
f 428/428/2307 387/387/2306 386/386/2305
f 427/427/2310 428/428/2309 386/386/2308
f 429/429/2313 388/388/2312 387/387/2311
f 428/428/2316 429/429/2315 387/387/2314
f 430/430/2319 389/389/2318 388/388/2317
f 429/429/2322 430/430/2321 388/388/2320
f 431/431/2325 390/390/2324 389/389/2323
f 430/430/2328 431/431/2327 389/389/2326
f 432/432/2331 391/391/2330 390/390/2329
f 431/431/2334 432/432/2333 390/390/2332
f 433/433/2337 392/392/2336 391/391/2335
f 432/432/2340 433/433/2339 391/391/2338
f 434/434/2343 393/393/2342 392/392/2341
f 433/433/2346 434/434/2345 392/392/2344
f 435/435/2349 394/394/2348 393/393/2347
f 434/434/2352 435/435/2351 393/393/2350
f 436/436/2355 395/395/2354 394/394/2353
f 435/435/2358 436/436/2357 394/394/2356
f 437/437/2361 396/396/2360 395/395/2359
f 436/436/2364 437/437/2363 395/395/2362
f 438/438/2367 397/397/2366 396/396/2365
f 437/437/2370 438/438/2369 396/396/2368
f 439/439/2373 398/398/2372 397/397/2371
f 438/438/2376 439/439/2375 397/397/2374
f 440/440/2379 399/399/2378 398/398/2377
f 439/439/2382 440/440/2381 398/398/2380
f 441/441/2385 400/400/2384 399/399/2383
f 440/440/2388 441/441/2387 399/399/2386
f 442/442/2391 401/401/2390 400/400/2389
f 441/441/2394 442/442/2393 400/400/2392
f 443/443/2397 402/402/2396 401/401/2395
f 442/442/2400 443/443/2399 401/401/2398
f 445/445/2403 404/404/2402 403/403/2401
f 444/444/2406 445/445/2405 403/403/2404
f 446/446/2409 405/405/2408 404/404/2407
f 445/445/2412 446/446/2411 404/404/2410
f 447/447/2415 406/406/2414 405/405/2413
f 446/446/2418 447/447/2417 405/405/2416
f 448/448/2421 407/407/2420 406/406/2419
f 447/447/2424 448/448/2423 406/406/2422
f 449/449/2427 408/408/2426 407/407/2425
f 448/448/2430 449/449/2429 407/407/2428
f 450/450/2433 409/409/2432 408/408/2431
f 449/449/2436 450/450/2435 408/408/2434
f 451/451/2439 410/410/2438 409/409/2437
f 450/450/2442 451/451/2441 409/409/2440
f 411/411/2445 370/370/2444 410/410/2443
f 451/451/2448 411/411/2447 410/410/2446
f 453/453/2451 412/412/2450 411/411/2449
f 452/452/2454 453/453/2453 411/411/2452
f 455/455/2457 414/414/2456 413/413/2455
f 454/454/2460 455/455/2459 413/413/2458
f 456/456/2463 415/415/2462 414/414/2461
f 455/455/2466 456/456/2465 414/414/2464
f 457/457/2469 416/416/2468 415/415/2467
f 456/456/2472 457/457/2471 415/415/2470
f 458/458/2475 417/417/2474 416/416/2473
f 457/457/2478 458/458/2477 416/416/2476
f 459/459/2481 418/418/2480 417/417/2479
f 458/458/2484 459/459/2483 417/417/2482
f 460/460/2487 419/419/2486 418/418/2485
f 459/459/2490 460/460/2489 418/418/2488
f 461/461/2493 420/420/2492 419/419/2491
f 460/460/2496 461/461/2495 419/419/2494
f 462/462/2499 421/421/2498 420/420/2497
f 461/461/2502 462/462/2501 420/420/2500
f 463/463/2505 422/422/2504 421/421/2503
f 462/462/2508 463/463/2507 421/421/2506
f 464/464/2511 423/423/2510 422/422/2509
f 463/463/2514 464/464/2513 422/422/2512
f 465/465/2517 424/424/2516 423/423/2515
f 464/464/2520 465/465/2519 423/423/2518
f 466/466/2523 425/425/2522 424/424/2521
f 465/465/2526 466/466/2525 424/424/2524
f 467/467/2529 426/426/2528 425/425/2527
f 466/466/2532 467/467/2531 425/425/2530
f 468/468/2535 427/427/2534 426/426/2533
f 467/467/2538 468/468/2537 426/426/2536
f 469/469/2541 428/428/2540 427/427/2539
f 468/468/2544 469/469/2543 427/427/2542
f 470/470/2547 429/429/2546 428/428/2545
f 469/469/2550 470/470/2549 428/428/2548
f 471/471/2553 430/430/2552 429/429/2551
f 470/470/2556 471/471/2555 429/429/2554
f 472/472/2559 431/431/2558 430/430/2557
f 471/471/2562 472/472/2561 430/430/2560
f 473/473/2565 432/432/2564 431/431/2563
f 472/472/2568 473/473/2567 431/431/2566
f 474/474/2571 433/433/2570 432/432/2569
f 473/473/2574 474/474/2573 432/432/2572
f 475/475/2577 434/434/2576 433/433/2575
f 474/474/2580 475/475/2579 433/433/2578
f 476/476/2583 435/435/2582 434/434/2581
f 475/475/2586 476/476/2585 434/434/2584
f 477/477/2589 436/436/2588 435/435/2587
f 476/476/2592 477/477/2591 435/435/2590
f 478/478/2595 437/437/2594 436/436/2593
f 477/477/2598 478/478/2597 436/436/2596
f 479/479/2601 438/438/2600 437/437/2599
f 478/478/2604 479/479/2603 437/437/2602
f 480/480/2607 439/439/2606 438/438/2605
f 479/479/2610 480/480/2609 438/438/2608
f 481/481/2613 440/440/2612 439/439/2611
f 480/480/2616 481/481/2615 439/439/2614
f 482/482/2619 441/441/2618 440/440/2617
f 481/481/2622 482/482/2621 440/440/2620
f 483/483/2625 442/442/2624 441/441/2623
f 482/482/2628 483/483/2627 441/441/2626
f 484/484/2631 443/443/2630 442/442/2629
f 483/483/2634 484/484/2633 442/442/2632
f 486/486/2637 445/445/2636 444/444/2635
f 485/485/2640 486/486/2639 444/444/2638
f 487/487/2643 446/446/2642 445/445/2641
f 486/486/2646 487/487/2645 445/445/2644
f 488/488/2649 447/447/2648 446/446/2647
f 487/487/2652 488/488/2651 446/446/2650
f 489/489/2655 448/448/2654 447/447/2653
f 488/488/2658 489/489/2657 447/447/2656
f 490/490/2661 449/449/2660 448/448/2659
f 489/489/2664 490/490/2663 448/448/2662
f 491/491/2667 450/450/2666 449/449/2665
f 490/490/2670 491/491/2669 449/449/2668
f 492/492/2673 451/451/2672 450/450/2671
f 491/491/2676 492/492/2675 450/450/2674
f 452/452/2679 411/411/2678 451/451/2677
f 492/492/2682 452/452/2681 451/451/2680
f 494/494/2685 453/453/2684 452/452/2683
f 493/493/2688 494/494/2687 452/452/2686
f 495/495/2691 454/454/2690 453/453/2689
f 494/494/2694 495/495/2693 453/453/2692
f 496/496/2697 455/455/2696 454/454/2695
f 495/495/2700 496/496/2699 454/454/2698
f 497/497/2703 456/456/2702 455/455/2701
f 496/496/2706 497/497/2705 455/455/2704
f 498/498/2709 457/457/2708 456/456/2707
f 497/497/2712 498/498/2711 456/456/2710
f 499/499/2715 458/458/2714 457/457/2713
f 498/498/2718 499/499/2717 457/457/2716
f 500/500/2721 459/459/2720 458/458/2719
f 499/499/2724 500/500/2723 458/458/2722
f 501/501/2727 460/460/2726 459/459/2725
f 500/500/2730 501/501/2729 459/459/2728
f 502/502/2733 461/461/2732 460/460/2731
f 501/501/2736 502/502/2735 460/460/2734
f 503/503/2739 462/462/2738 461/461/2737
f 502/502/2742 503/503/2741 461/461/2740
f 504/504/2745 463/463/2744 462/462/2743
f 503/503/2748 504/504/2747 462/462/2746
f 505/505/2751 464/464/2750 463/463/2749
f 504/504/2754 505/505/2753 463/463/2752
f 506/506/2757 465/465/2756 464/464/2755
f 505/505/2760 506/506/2759 464/464/2758
f 507/507/2763 466/466/2762 465/465/2761
f 506/506/2766 507/507/2765 465/465/2764
f 508/508/2769 467/467/2768 466/466/2767
f 507/507/2772 508/508/2771 466/466/2770
f 509/509/2775 468/468/2774 467/467/2773
f 508/508/2778 509/509/2777 467/467/2776
f 510/510/2781 469/469/2780 468/468/2779
f 509/509/2784 510/510/2783 468/468/2782
f 511/511/2787 470/470/2786 469/469/2785
f 510/510/2790 511/511/2789 469/469/2788
f 512/512/2793 471/471/2792 470/470/2791
f 511/511/2796 512/512/2795 470/470/2794
f 513/513/2799 472/472/2798 471/471/2797
f 512/512/2802 513/513/2801 471/471/2800
f 514/514/2805 473/473/2804 472/472/2803
f 513/513/2808 514/514/2807 472/472/2806
f 515/515/2811 474/474/2810 473/473/2809
f 514/514/2814 515/515/2813 473/473/2812
f 516/516/2817 475/475/2816 474/474/2815
f 515/515/2820 516/516/2819 474/474/2818
f 517/517/2823 476/476/2822 475/475/2821
f 516/516/2826 517/517/2825 475/475/2824
f 518/518/2829 477/477/2828 476/476/2827
f 517/517/2832 518/518/2831 476/476/2830
f 519/519/2835 478/478/2834 477/477/2833
f 518/518/2838 519/519/2837 477/477/2836
f 520/520/2841 479/479/2840 478/478/2839
f 519/519/2844 520/520/2843 478/478/2842
f 521/521/2847 480/480/2846 479/479/2845
f 520/520/2850 521/521/2849 479/479/2848
f 522/522/2853 481/481/2852 480/480/2851
f 521/521/2856 522/522/2855 480/480/2854
f 523/523/2859 482/482/2858 481/481/2857
f 522/522/2862 523/523/2861 481/481/2860
f 524/524/2865 483/483/2864 482/482/2863
f 523/523/2868 524/524/2867 482/482/2866
f 525/525/2871 484/484/2870 483/483/2869
f 524/524/2874 525/525/2873 483/483/2872
f 526/526/2877 485/485/2876 484/484/2875
f 525/525/2880 526/526/2879 484/484/2878
f 527/527/2883 486/486/2882 485/485/2881
f 526/526/2886 527/527/2885 485/485/2884
f 528/528/2889 487/487/2888 486/486/2887
f 527/527/2892 528/528/2891 486/486/2890
f 529/529/2895 488/488/2894 487/487/2893
f 528/528/2898 529/529/2897 487/487/2896
f 530/530/2901 489/489/2900 488/488/2899
f 529/529/2904 530/530/2903 488/488/2902
f 531/531/2907 490/490/2906 489/489/2905
f 530/530/2910 531/531/2909 489/489/2908
f 532/532/2913 491/491/2912 490/490/2911
f 531/531/2916 532/532/2915 490/490/2914
f 533/533/2919 492/492/2918 491/491/2917
f 532/532/2922 533/533/2921 491/491/2920
f 493/493/2925 452/452/2924 492/492/2923
f 533/533/2928 493/493/2927 492/492/2926
f 535/535/2931 494/494/2930 493/493/2929
f 534/534/2934 535/535/2933 493/493/2932
f 536/536/2937 495/495/2936 494/494/2935
f 535/535/2940 536/536/2939 494/494/2938
f 537/537/2943 496/496/2942 495/495/2941
f 536/536/2946 537/537/2945 495/495/2944
f 538/538/2949 497/497/2948 496/496/2947
f 537/537/2952 538/538/2951 496/496/2950
f 539/539/2955 498/498/2954 497/497/2953
f 538/538/2958 539/539/2957 497/497/2956
f 540/540/2961 499/499/2960 498/498/2959
f 539/539/2964 540/540/2963 498/498/2962
f 541/541/2967 500/500/2966 499/499/2965
f 540/540/2970 541/541/2969 499/499/2968
f 542/542/2973 501/501/2972 500/500/2971
f 541/541/2976 542/542/2975 500/500/2974
f 543/543/2979 502/502/2978 501/501/2977
f 542/542/2982 543/543/2981 501/501/2980
f 544/544/2985 503/503/2984 502/502/2983
f 543/543/2988 544/544/2987 502/502/2986
f 545/545/2991 504/504/2990 503/503/2989
f 544/544/2994 545/545/2993 503/503/2992
f 546/546/2997 505/505/2996 504/504/2995
f 545/545/3000 546/546/2999 504/504/2998
f 547/547/3003 506/506/3002 505/505/3001
f 546/546/3006 547/547/3005 505/505/3004
f 548/548/3009 507/507/3008 506/506/3007
f 547/547/3012 548/548/3011 506/506/3010
f 549/549/3015 508/508/3014 507/507/3013
f 548/548/3018 549/549/3017 507/507/3016
f 550/550/3021 509/509/3020 508/508/3019
f 549/549/3024 550/550/3023 508/508/3022
f 551/551/3027 510/510/3026 509/509/3025
f 550/550/3030 551/551/3029 509/509/3028
f 552/552/3033 511/511/3032 510/510/3031
f 551/551/3036 552/552/3035 510/510/3034
f 553/553/3039 512/512/3038 511/511/3037
f 552/552/3042 553/553/3041 511/511/3040
f 554/554/3045 513/513/3044 512/512/3043
f 553/553/3048 554/554/3047 512/512/3046
f 555/555/3051 514/514/3050 513/513/3049
f 554/554/3054 555/555/3053 513/513/3052
f 556/556/3057 515/515/3056 514/514/3055
f 555/555/3060 556/556/3059 514/514/3058
f 557/557/3063 516/516/3062 515/515/3061
f 556/556/3066 557/557/3065 515/515/3064
f 558/558/3069 517/517/3068 516/516/3067
f 557/557/3072 558/558/3071 516/516/3070
f 559/559/3075 518/518/3074 517/517/3073
f 558/558/3078 559/559/3077 517/517/3076
f 560/560/3081 519/519/3080 518/518/3079
f 559/559/3084 560/560/3083 518/518/3082
f 561/561/3087 520/520/3086 519/519/3085
f 560/560/3090 561/561/3089 519/519/3088
f 562/562/3093 521/521/3092 520/520/3091
f 561/561/3096 562/562/3095 520/520/3094
f 563/563/3099 522/522/3098 521/521/3097
f 562/562/3102 563/563/3101 521/521/3100
f 564/564/3105 523/523/3104 522/522/3103
f 563/563/3108 564/564/3107 522/522/3106
f 565/565/3111 524/524/3110 523/523/3109
f 564/564/3114 565/565/3113 523/523/3112
f 566/566/3117 525/525/3116 524/524/3115
f 565/565/3120 566/566/3119 524/524/3118
f 567/567/3123 526/526/3122 525/525/3121
f 566/566/3126 567/567/3125 525/525/3124
f 568/568/3129 527/527/3128 526/526/3127
f 567/567/3132 568/568/3131 526/526/3130
f 569/569/3135 528/528/3134 527/527/3133
f 568/568/3138 569/569/3137 527/527/3136
f 570/570/3141 529/529/3140 528/528/3139
f 569/569/3144 570/570/3143 528/528/3142
f 571/571/3147 530/530/3146 529/529/3145
f 570/570/3150 571/571/3149 529/529/3148
f 572/572/3153 531/531/3152 530/530/3151
f 571/571/3156 572/572/3155 530/530/3154
f 573/573/3159 532/532/3158 531/531/3157
f 572/572/3162 573/573/3161 531/531/3160
f 574/574/3165 533/533/3164 532/532/3163
f 573/573/3168 574/574/3167 532/532/3166
f 534/534/3171 493/493/3170 533/533/3169
f 574/574/3174 534/534/3173 533/533/3172
f 576/576/3177 535/535/3176 534/534/3175
f 575/575/3180 576/576/3179 534/534/3178
f 577/577/3183 536/536/3182 535/535/3181
f 576/576/3186 577/577/3185 535/535/3184
f 578/578/3189 537/537/3188 536/536/3187
f 577/577/3192 578/578/3191 536/536/3190
f 579/579/3195 538/538/3194 537/537/3193
f 578/578/3198 579/579/3197 537/537/3196
f 580/580/3201 539/539/3200 538/538/3199
f 579/579/3204 580/580/3203 538/538/3202
f 581/581/3207 540/540/3206 539/539/3205
f 580/580/3210 581/581/3209 539/539/3208
f 582/582/3213 541/541/3212 540/540/3211
f 581/581/3216 582/582/3215 540/540/3214
f 583/583/3219 542/542/3218 541/541/3217
f 582/582/3222 583/583/3221 541/541/3220
f 584/584/3225 543/543/3224 542/542/3223
f 583/583/3228 584/584/3227 542/542/3226
f 585/585/3231 544/544/3230 543/543/3229
f 584/584/3234 585/585/3233 543/543/3232
f 586/586/3237 545/545/3236 544/544/3235
f 585/585/3240 586/586/3239 544/544/3238
f 587/587/3243 546/546/3242 545/545/3241
f 586/586/3246 587/587/3245 545/545/3244
f 588/588/3249 547/547/3248 546/546/3247
f 587/587/3252 588/588/3251 546/546/3250
f 589/589/3255 548/548/3254 547/547/3253
f 588/588/3258 589/589/3257 547/547/3256
f 590/590/3261 549/549/3260 548/548/3259
f 589/589/3264 590/590/3263 548/548/3262
f 591/591/3267 550/550/3266 549/549/3265
f 590/590/3270 591/591/3269 549/549/3268
f 592/592/3273 551/551/3272 550/550/3271
f 591/591/3276 592/592/3275 550/550/3274
f 593/593/3279 552/552/3278 551/551/3277
f 592/592/3282 593/593/3281 551/551/3280
f 594/594/3285 553/553/3284 552/552/3283
f 593/593/3288 594/594/3287 552/552/3286
f 595/595/3291 554/554/3290 553/553/3289
f 594/594/3294 595/595/3293 553/553/3292
f 596/596/3297 555/555/3296 554/554/3295
f 595/595/3300 596/596/3299 554/554/3298
f 597/597/3303 556/556/3302 555/555/3301
f 596/596/3306 597/597/3305 555/555/3304
f 598/598/3309 557/557/3308 556/556/3307
f 597/597/3312 598/598/3311 556/556/3310
f 599/599/3315 558/558/3314 557/557/3313
f 598/598/3318 599/599/3317 557/557/3316
f 600/600/3321 559/559/3320 558/558/3319
f 599/599/3324 600/600/3323 558/558/3322
f 601/601/3327 560/560/3326 559/559/3325
f 600/600/3330 601/601/3329 559/559/3328
f 602/602/3333 561/561/3332 560/560/3331
f 601/601/3336 602/602/3335 560/560/3334
f 603/603/3339 562/562/3338 561/561/3337
f 602/602/3342 603/603/3341 561/561/3340
f 604/604/3345 563/563/3344 562/562/3343
f 603/603/3348 604/604/3347 562/562/3346
f 605/605/3351 564/564/3350 563/563/3349
f 604/604/3354 605/605/3353 563/563/3352
f 606/606/3357 565/565/3356 564/564/3355
f 605/605/3360 606/606/3359 564/564/3358
f 607/607/3363 566/566/3362 565/565/3361
f 606/606/3366 607/607/3365 565/565/3364
f 608/608/3369 567/567/3368 566/566/3367
f 607/607/3372 608/608/3371 566/566/3370
f 609/609/3375 568/568/3374 567/567/3373
f 608/608/3378 609/609/3377 567/567/3376
f 610/610/3381 569/569/3380 568/568/3379
f 609/609/3384 610/610/3383 568/568/3382
f 611/611/3387 570/570/3386 569/569/3385
f 610/610/3390 611/611/3389 569/569/3388
f 612/612/3393 571/571/3392 570/570/3391
f 611/611/3396 612/612/3395 570/570/3394
f 613/613/3399 572/572/3398 571/571/3397
f 612/612/3402 613/613/3401 571/571/3400
f 614/614/3405 573/573/3404 572/572/3403
f 613/613/3408 614/614/3407 572/572/3406
f 615/615/3411 574/574/3410 573/573/3409
f 614/614/3414 615/615/3413 573/573/3412
f 575/575/3417 534/534/3416 574/574/3415
f 615/615/3420 575/575/3419 574/574/3418
f 617/617/3423 576/576/3422 575/575/3421
f 616/616/3426 617/617/3425 575/575/3424
f 618/618/3429 577/577/3428 576/576/3427
f 617/617/3432 618/618/3431 576/576/3430
f 619/619/3435 578/578/3434 577/577/3433
f 618/618/3438 619/619/3437 577/577/3436
f 620/620/3441 579/579/3440 578/578/3439
f 619/619/3444 620/620/3443 578/578/3442
f 621/621/3447 580/580/3446 579/579/3445
f 620/620/3450 621/621/3449 579/579/3448
f 622/622/3453 581/581/3452 580/580/3451
f 621/621/3456 622/622/3455 580/580/3454
f 623/623/3459 582/582/3458 581/581/3457
f 622/622/3462 623/623/3461 581/581/3460
f 624/624/3465 583/583/3464 582/582/3463
f 623/623/3468 624/624/3467 582/582/3466
f 625/625/3471 584/584/3470 583/583/3469
f 624/624/3474 625/625/3473 583/583/3472
f 626/626/3477 585/585/3476 584/584/3475
f 625/625/3480 626/626/3479 584/584/3478
f 627/627/3483 586/586/3482 585/585/3481
f 626/626/3486 627/627/3485 585/585/3484
f 628/628/3489 587/587/3488 586/586/3487
f 627/627/3492 628/628/3491 586/586/3490
f 629/629/3495 588/588/3494 587/587/3493
f 628/628/3498 629/629/3497 587/587/3496
f 630/630/3501 589/589/3500 588/588/3499
f 629/629/3504 630/630/3503 588/588/3502
f 631/631/3507 590/590/3506 589/589/3505
f 630/630/3510 631/631/3509 589/589/3508
f 632/632/3513 591/591/3512 590/590/3511
f 631/631/3516 632/632/3515 590/590/3514
f 633/633/3519 592/592/3518 591/591/3517
f 632/632/3522 633/633/3521 591/591/3520
f 634/634/3525 593/593/3524 592/592/3523
f 633/633/3528 634/634/3527 592/592/3526
f 635/635/3531 594/594/3530 593/593/3529
f 634/634/3534 635/635/3533 593/593/3532
f 636/636/3537 595/595/3536 594/594/3535
f 635/635/3540 636/636/3539 594/594/3538
f 637/637/3543 596/596/3542 595/595/3541
f 636/636/3546 637/637/3545 595/595/3544
f 638/638/3549 597/597/3548 596/596/3547
f 637/637/3552 638/638/3551 596/596/3550
f 639/639/3555 598/598/3554 597/597/3553
f 638/638/3558 639/639/3557 597/597/3556
f 640/640/3561 599/599/3560 598/598/3559
f 639/639/3564 640/640/3563 598/598/3562
f 641/641/3567 600/600/3566 599/599/3565
f 640/640/3570 641/641/3569 599/599/3568
f 642/642/3573 601/601/3572 600/600/3571
f 641/641/3576 642/642/3575 600/600/3574
f 643/643/3579 602/602/3578 601/601/3577
f 642/642/3582 643/643/3581 601/601/3580
f 644/644/3585 603/603/3584 602/602/3583
f 643/643/3588 644/644/3587 602/602/3586
f 645/645/3591 604/604/3590 603/603/3589
f 644/644/3594 645/645/3593 603/603/3592
f 646/646/3597 605/605/3596 604/604/3595
f 645/645/3600 646/646/3599 604/604/3598
f 647/647/3603 606/606/3602 605/605/3601
f 646/646/3606 647/647/3605 605/605/3604
f 648/648/3609 607/607/3608 606/606/3607
f 647/647/3612 648/648/3611 606/606/3610
f 649/649/3615 608/608/3614 607/607/3613
f 648/648/3618 649/649/3617 607/607/3616
f 650/650/3621 609/609/3620 608/608/3619
f 649/649/3624 650/650/3623 608/608/3622
f 651/651/3627 610/610/3626 609/609/3625
f 650/650/3630 651/651/3629 609/609/3628
f 652/652/3633 611/611/3632 610/610/3631
f 651/651/3636 652/652/3635 610/610/3634
f 653/653/3639 612/612/3638 611/611/3637
f 652/652/3642 653/653/3641 611/611/3640
f 654/654/3645 613/613/3644 612/612/3643
f 653/653/3648 654/654/3647 612/612/3646
f 655/655/3651 614/614/3650 613/613/3649
f 654/654/3654 655/655/3653 613/613/3652
f 656/656/3657 615/615/3656 614/614/3655
f 655/655/3660 656/656/3659 614/614/3658
f 616/616/3663 575/575/3662 615/615/3661
f 656/656/3666 616/616/3665 615/615/3664
f 1/1/3669 2/2/3668 657/657/3667
f 2/2/3672 3/3/3671 657/657/3670
f 3/3/3675 4/4/3674 657/657/3673
f 4/4/3678 5/5/3677 657/657/3676
f 5/5/3681 6/6/3680 657/657/3679
f 6/6/3684 7/7/3683 657/657/3682
f 7/7/3687 8/8/3686 657/657/3685
f 8/8/3690 9/9/3689 657/657/3688
f 9/9/3693 10/10/3692 657/657/3691
f 10/10/3696 11/11/3695 657/657/3694
f 11/11/3699 12/12/3698 657/657/3697
f 12/12/3702 13/13/3701 657/657/3700
f 13/13/3705 14/14/3704 657/657/3703
f 14/14/3708 15/15/3707 657/657/3706
f 15/15/3711 16/16/3710 657/657/3709
f 16/16/3714 17/17/3713 657/657/3712
f 17/17/3717 18/18/3716 657/657/3715
f 18/18/3720 19/19/3719 657/657/3718
f 19/19/3723 20/20/3722 657/657/3721
f 20/20/3726 21/21/3725 657/657/3724
f 21/21/3729 22/22/3728 657/657/3727
f 22/22/3732 23/23/3731 657/657/3730
f 23/23/3735 24/24/3734 657/657/3733
f 24/24/3738 25/25/3737 657/657/3736
f 25/25/3741 26/26/3740 657/657/3739
f 26/26/3744 27/27/3743 657/657/3742
f 27/27/3747 28/28/3746 657/657/3745
f 28/28/3750 29/29/3749 657/657/3748
f 29/29/3753 30/30/3752 657/657/3751
f 30/30/3756 31/31/3755 657/657/3754
f 31/31/3759 32/32/3758 657/657/3757
f 32/32/3762 33/33/3761 657/657/3760
f 33/33/3765 34/34/3764 657/657/3763
f 34/34/3768 35/35/3767 657/657/3766
f 35/35/3771 36/36/3770 657/657/3769
f 36/36/3774 37/37/3773 657/657/3772
f 37/37/3777 38/38/3776 657/657/3775
f 38/38/3780 39/39/3779 657/657/3778
f 39/39/3783 40/40/3782 657/657/3781
f 40/40/3786 41/41/3785 657/657/3784
f 41/41/3789 1/1/3788 657/657/3787
f 617/617/3792 616/616/3791 658/658/3790
f 618/618/3795 617/617/3794 658/658/3793
f 619/619/3798 618/618/3797 658/658/3796
f 620/620/3801 619/619/3800 658/658/3799
f 621/621/3804 620/620/3803 658/658/3802
f 622/622/3807 621/621/3806 658/658/3805
f 623/623/3810 622/622/3809 658/658/3808
f 624/624/3813 623/623/3812 658/658/3811
f 625/625/3816 624/624/3815 658/658/3814
f 626/626/3819 625/625/3818 658/658/3817
f 627/627/3822 626/626/3821 658/658/3820
f 628/628/3825 627/627/3824 658/658/3823
f 629/629/3828 628/628/3827 658/658/3826
f 630/630/3831 629/629/3830 658/658/3829
f 631/631/3834 630/630/3833 658/658/3832
f 632/632/3837 631/631/3836 658/658/3835
f 633/633/3840 632/632/3839 658/658/3838
f 634/634/3843 633/633/3842 658/658/3841
f 635/635/3846 634/634/3845 658/658/3844
f 636/636/3849 635/635/3848 658/658/3847
f 637/637/3852 636/636/3851 658/658/3850
f 638/638/3855 637/637/3854 658/658/3853
f 639/639/3858 638/638/3857 658/658/3856
f 640/640/3861 639/639/3860 658/658/3859
f 641/641/3864 640/640/3863 658/658/3862
f 642/642/3867 641/641/3866 658/658/3865
f 643/643/3870 642/642/3869 658/658/3868
f 644/644/3873 643/643/3872 658/658/3871
f 645/645/3876 644/644/3875 658/658/3874
f 646/646/3879 645/645/3878 658/658/3877
f 647/647/3882 646/646/3881 658/658/3880
f 648/648/3885 647/647/3884 658/658/3883
f 649/649/3888 648/648/3887 658/658/3886
f 650/650/3891 649/649/3890 658/658/3889
f 651/651/3894 650/650/3893 658/658/3892
f 652/652/3897 651/651/3896 658/658/3895
f 653/653/3900 652/652/3899 658/658/3898
f 654/654/3903 653/653/3902 658/658/3901
f 655/655/3906 654/654/3905 658/658/3904
f 656/656/3909 655/655/3908 658/658/3907
f 616/616/3912 656/656/3911 658/658/3910
f 664/664/3915 660/660/3914 659/659/3913
f 663/663/3918 664/664/3917 659/659/3916
f 665/665/3921 661/661/3920 660/660/3919
f 664/664/3924 665/665/3923 660/660/3922
f 666/666/3927 662/662/3926 661/661/3925
f 665/665/3930 666/666/3929 661/661/3928
f 663/663/3933 659/659/3932 662/662/3931
f 666/666/3936 663/663/3935 662/662/3934
f 668/668/3939 664/664/3938 663/663/3937
f 667/667/3942 668/668/3941 663/663/3940
f 669/669/3945 665/665/3944 664/664/3943
f 668/668/3948 669/669/3947 664/664/3946
f 670/670/3951 666/666/3950 665/665/3949
f 669/669/3954 670/670/3953 665/665/3952
f 667/667/3957 663/663/3956 666/666/3955
f 670/670/3960 667/667/3959 666/666/3958
