# M870 FPS art asset, meters, +Z forward
o Stock
v -0.032 -0.068 -0.472
v -0.03191945038265137 -0.05923471505793387 -0.472
v -0.031678023893785566 -0.052603917236174955 -0.472
v -0.03127638293487891 -0.046653292467065934 -0.472
v -0.030715615587512752 -0.041161569632581434 -0.472
v -0.0299972106558046 -0.036043516202806575 -0.472
v -0.02912302039116617 -0.03126024842370732 -0.472
v -0.028095208091008378 -0.02679371810614682 -0.472
v -0.026916176138987672 -0.022636648837143794 -0.472
v -0.02558846749557792 -0.01878776677783716 -0.472
v -0.02411462942097971 -0.015249248141606893 -0.472
v -0.022497020901560152 -0.01202522735342329 -0.472
v -0.020737531960162838 -0.009120864695964466 -0.472
v -0.01883715743719003 -0.00654173230091918 -0.472
v -0.016795315006305232 -0.004293392894324011 -0.472
v -0.014608678307288426 -0.002381101690427434 -0.472
v -0.012268996739391348 -0.0008095909023158598 -0.472
v -0.009758494872198435 0.00041708767004761116 -0.472
v -0.007038209263462882 0.0012956772676559342 -0.472
v -0.004006987402087377 0.0018237977120498794 -0.472
v -1.8622256737501985e-15 0.0020000000000000018 -0.472
v 0.004006987402087373 0.0018237977120498794 -0.472
v 0.007038209263462886 0.0012956772676559203 -0.472
v 0.009758494872198424 0.00041708767004762504 -0.472
v 0.012268996739391344 -0.000809590902315846 -0.472
v 0.014608678307288422 -0.002381101690427434 -0.472
v 0.01679531500630523 -0.004293392894324011 -0.472
v 0.018837157437190027 -0.006541732300919173 -0.472
v 0.020737531960162835 -0.009120864695964466 -0.472
v 0.022497020901560152 -0.01202522735342329 -0.472
v 0.024114629420979708 -0.015249248141606886 -0.472
v 0.025588467495577916 -0.018787766777837153 -0.472
v 0.02691617613898767 -0.022636648837143787 -0.472
v 0.028095208091008374 -0.026793718106146815 -0.472
v 0.02912302039116617 -0.03126024842370731 -0.472
v 0.0299972106558046 -0.03604351620280657 -0.472
v 0.030715615587512752 -0.04116156963258143 -0.472
v 0.03127638293487891 -0.04665329246706593 -0.472
v 0.031678023893785566 -0.05260391723617495 -0.472
v 0.03191945038265137 -0.05923471505793386 -0.472
v 0.032 -0.06799999999999283 -0.472
v 0.03191945038265137 -0.07676528494206608 -0.472
v 0.031678023893785566 -0.08339608276382504 -0.472
v 0.031276382934878916 -0.08934670753293407 -0.472
v 0.030715615587512752 -0.0948384303674186 -0.472
v 0.029997210655804605 -0.09995648379719344 -0.472
v 0.029123020391166175 -0.10473975157629266 -0.472
v 0.028095208091008378 -0.10920628189385317 -0.472
v 0.026916176138987672 -0.1133633511628562 -0.472
v 0.025588467495577912 -0.11721223322216287 -0.472
v 0.024114629420979715 -0.12075075185839312 -0.472
v 0.02249702090156017 -0.12397477264657669 -0.472
v 0.02073753196016284 -0.12687913530403555 -0.472
v 0.018837157437190045 -0.1294582676990808 -0.472
v 0.016795315006305236 -0.131706607105676 -0.472
v 0.01460867830728844 -0.13361889830957258 -0.472
v 0.012268996739391351 -0.13519040909768415 -0.472
v 0.009758494872198424 -0.13641708767004762 -0.472
v 0.007038209263462886 -0.13729567726765593 -0.472
v 0.004006987402087364 -0.1378237977120499 -0.472
v 4.565822756573959e-15 -0.138 -0.472
v -0.004006987402087349 -0.1378237977120499 -0.472
v -0.007038209263462873 -0.13729567726765596 -0.472
v -0.009758494872198412 -0.13641708767004762 -0.472
v -0.01226899673939134 -0.13519040909768415 -0.472
v -0.014608678307288429 -0.13361889830957258 -0.472
v -0.016795315006305225 -0.131706607105676 -0.472
v -0.018837157437190034 -0.1294582676990808 -0.472
v -0.02073753196016283 -0.12687913530403555 -0.472
v -0.022497020901560163 -0.12397477264657669 -0.472
v -0.024114629420979704 -0.12075075185839314 -0.472
v -0.02558846749557791 -0.11721223322216287 -0.472
v -0.02691617613898767 -0.11336335116285623 -0.472
v -0.028095208091008364 -0.10920628189385323 -0.472
v -0.02912302039116617 -0.1047397515762927 -0.472
v -0.029997210655804595 -0.09995648379719346 -0.472
v -0.030715615587512752 -0.0948384303674186 -0.472
v -0.031276382934878916 -0.08934670753293407 -0.472
v -0.031678023893785566 -0.08339608276382507 -0.472
v -0.03191945038265137 -0.07676528494206612 -0.472
v -0.032 -0.06800000000001263 -0.472
v -0.035 -0.067 -0.465
v -0.03491189885602494 -0.05785905998898818 -0.465
v -0.03464783863382797 -0.05094408511772531 -0.465
v -0.03420854383502381 -0.04473843357279733 -0.465
v -0.03359520454884207 -0.0390113511882635 -0.465
v -0.032809449154786285 -0.03367395261149829 -0.465
v -0.031853303552838 -0.028685687641866207 -0.465
v -0.030729133849540416 -0.024027734596410263 -0.465
v -0.02943956765201777 -0.019692505215878536 -0.465
v -0.027987386323288354 -0.0156786710683159 -0.465
v -0.02637537592919656 -0.011988501633390054 -0.465
v -0.02460611661108142 -0.008626308525712868 -0.465
v -0.022681675581428105 -0.0055974731829343816 -0.465
v -0.020603140946926595 -0.002907806542387162 -0.465
v -0.018369875788146348 -0.0005631097326521811 -0.465
v -0.015978241898596715 0.001431136808554237 -0.465
v -0.013419215183709287 0.0030699980590134512 -0.465
v -0.01067335376646704 0.004349248570192504 -0.465
v -0.007698041381912528 0.005265492007698325 -0.465
v -0.004382642471033069 0.005816246185423424 -0.465
v -2.03680933066428e-15 0.0059999999999999915 -0.465
v 0.004382642471033064 0.005816246185423424 -0.465
v 0.007698041381912533 0.005265492007698311 -0.465
v 0.010673353766467027 0.004349248570192518 -0.465
v 0.013419215183709284 0.003069998059013465 -0.465
v 0.01597824189859671 0.001431136808554237 -0.465
v 0.018369875788146344 -0.0005631097326521811 -0.465
v 0.02060314094692659 -0.002907806542387148 -0.465
v 0.022681675581428102 -0.0055974731829343816 -0.465
v 0.02460611661108142 -0.008626308525712868 -0.465
v 0.026375375929196556 -0.01198850163339004 -0.465
v 0.027987386323288347 -0.015678671068315893 -0.465
v 0.029439567652017766 -0.01969250521587853 -0.465
v 0.030729133849540412 -0.02402773459641025 -0.465
v 0.031853303552838 -0.0286856876418662 -0.465
v 0.032809449154786285 -0.03367395261149828 -0.465
v 0.03359520454884207 -0.03901135118826349 -0.465
v 0.03420854383502381 -0.04473843357279732 -0.465
v 0.03464783863382796 -0.0509440851177253 -0.465
v 0.03491189885602494 -0.05785905998898817 -0.465
v 0.035 -0.06699999999999252 -0.465
v 0.03491189885602494 -0.07614094001101178 -0.465
v 0.03464783863382797 -0.08305591488227468 -0.465
v 0.034208543835023815 -0.08926156642720266 -0.465
v 0.03359520454884207 -0.09498864881173653 -0.465
v 0.03280944915478629 -0.1003260473885017 -0.465
v 0.031853303552838004 -0.10531431235813377 -0.465
v 0.030729133849540416 -0.10997226540358973 -0.465
v 0.02943956765201777 -0.11430749478412147 -0.465
v 0.027987386323288344 -0.11832132893168412 -0.465
v 0.026375375929196566 -0.12201149836660996 -0.465
v 0.024606116611081436 -0.12537369147428712 -0.465
v 0.02268167558142811 -0.12840252681706563 -0.465
v 0.020603140946926612 -0.13109219345761283 -0.465
v 0.01836987578814635 -0.13343689026734784 -0.465
v 0.015978241898596732 -0.13543113680855423 -0.465
v 0.013419215183709293 -0.13706999805901346 -0.465
v 0.010673353766467027 -0.13834924857019254 -0.465
v 0.007698041381912533 -0.13926549200769833 -0.465
v 0.0043826424710330545 -0.13981624618542343 -0.465
v 4.993868640002768e-15 -0.14 -0.465
v -0.004382642471033038 -0.13981624618542343 -0.465
v -0.007698041381912518 -0.13926549200769833 -0.465
v -0.010673353766467015 -0.13834924857019254 -0.465
v -0.01341921518370928 -0.1370699980590135 -0.465
v -0.015978241898596722 -0.13543113680855423 -0.465
v -0.01836987578814634 -0.13343689026734784 -0.465
v -0.020603140946926602 -0.13109219345761286 -0.465
v -0.0226816755814281 -0.12840252681706565 -0.465
v -0.02460611661108143 -0.12537369147428712 -0.465
v -0.026375375929196553 -0.12201149836660997 -0.465
v -0.02798738632328834 -0.11832132893168414 -0.465
v -0.029439567652017766 -0.1143074947841215 -0.465
v -0.0307291338495404 -0.10997226540358979 -0.465
v -0.031853303552838 -0.10531431235813382 -0.465
v -0.03280944915478628 -0.10032604738850176 -0.465
v -0.03359520454884207 -0.09498864881173652 -0.465
v -0.034208543835023815 -0.08926156642720266 -0.465
v -0.03464783863382796 -0.08305591488227472 -0.465
v -0.03491189885602494 -0.0761409400110118 -0.465
v -0.035 -0.06700000000001317 -0.465
v -0.036 -0.061 -0.445
v -0.035909381680482785 -0.052109496701618636 -0.445
v -0.03563777688050876 -0.04538397319669173 -0.445
v -0.03518593080173877 -0.03934833950230973 -0.445
v -0.03455506753595184 -0.03377816348447545 -0.445
v -0.03374686198778017 -0.02858699500570381 -0.445
v -0.03276339794006194 -0.02373539482976028 -0.445
v -0.03160710910238442 -0.01920505693623463 -0.445
v -0.03028069815636113 -0.014988600963388707 -0.445
v -0.02878702593252516 -0.01108473487466341 -0.445
v -0.027128958098602173 -0.007495665972201276 -0.445
v -0.02530914851425517 -0.004225587744186486 -0.445
v -0.02332972345518319 -0.0012797341916211055 -0.445
v -0.02119180211683878 0.001336242951924825 -0.445
v -0.018894729382093384 0.003616701492899929 -0.445
v -0.016434763095699478 0.005556311142566453 -0.445
v -0.013802621331815266 0.007150272084793907 -0.445
v -0.010978306731223238 0.008394474636762572 -0.445
v -0.007917985421395742 0.009285615514336723 -0.445
v -0.004507860827348299 0.009821280536507715 -0.445
v -2.095003882968973e-15 0.009999999999999995 -0.445
v 0.004507860827348294 0.009821280536507715 -0.445
v 0.007917985421395747 0.00928561551433671 -0.445
v 0.010978306731223226 0.008394474636762586 -0.445
v 0.01380262133181526 0.007150272084793921 -0.445
v 0.016434763095699474 0.005556311142566453 -0.445
v 0.01889472938209338 0.003616701492899929 -0.445
v 0.021191802116838777 0.001336242951924832 -0.445
v 0.023329723455183186 -0.0012797341916211055 -0.445
v 0.02530914851425517 -0.004225587744186486 -0.445
v 0.02712895809860217 -0.0074956659722012695 -0.445
v 0.028787025932525155 -0.011084734874663403 -0.445
v 0.030280698156361127 -0.0149886009633887 -0.445
v 0.031607109102384415 -0.019205056936234623 -0.445
v 0.03276339794006194 -0.023735394829760274 -0.445
v 0.03374686198778017 -0.028586995005703802 -0.445
v 0.03455506753595184 -0.033778163484475446 -0.445
v 0.03518593080173877 -0.03934833950230972 -0.445
v 0.03563777688050876 -0.045383973196691726 -0.445
v 0.035909381680482785 -0.05210949670161862 -0.445
v 0.036 -0.06099999999999272 -0.445
v 0.035909381680482785 -0.06989050329838131 -0.445
v 0.03563777688050876 -0.07661602680330826 -0.445
v 0.03518593080173878 -0.08265166049769027 -0.445
v 0.03455506753595184 -0.08822183651552457 -0.445
v 0.03374686198778018 -0.09341300499429617 -0.445
v 0.032763397940061945 -0.09826460517023969 -0.445
v 0.03160710910238442 -0.10279494306376535 -0.445
v 0.03028069815636113 -0.10701139903661128 -0.445
v 0.028787025932525148 -0.11091526512533662 -0.445
v 0.027128958098602177 -0.11450433402779872 -0.445
v 0.02530914851425519 -0.11777441225581349 -0.445
v 0.023329723455183193 -0.12072026580837888 -0.445
v 0.021191802116838798 -0.1233362429519248 -0.445
v 0.018894729382093387 -0.12561670149289994 -0.445
v 0.01643476309569949 -0.12755631114256644 -0.445
v 0.013802621331815269 -0.1291502720847939 -0.445
v 0.010978306731223226 -0.13039447463676257 -0.445
v 0.007917985421395747 -0.1312856155143367 -0.445
v 0.004507860827348284 -0.1318212805365077 -0.445
v 5.136550601145704e-15 -0.132 -0.445
v -0.004507860827348267 -0.1318212805365077 -0.445
v -0.007917985421395731 -0.1312856155143367 -0.445
v -0.010978306731223212 -0.13039447463676257 -0.445
v -0.013802621331815257 -0.1291502720847939 -0.445
v -0.01643476309569948 -0.12755631114256644 -0.445
v -0.018894729382093373 -0.12561670149289994 -0.445
v -0.021191802116838784 -0.12333624295192482 -0.445
v -0.023329723455183183 -0.1207202658083789 -0.445
v -0.02530914851425518 -0.1177744122558135 -0.445
v -0.027128958098602163 -0.11450433402779873 -0.445
v -0.028787025932525145 -0.11091526512533662 -0.445
v -0.030280698156361127 -0.1070113990366113 -0.445
v -0.03160710910238441 -0.10279494306376541 -0.445
v -0.03276339794006194 -0.09826460517023974 -0.445
v -0.033746861987780166 -0.09341300499429622 -0.445
v -0.03455506753595184 -0.08822183651552457 -0.445
v -0.03518593080173878 -0.08265166049769025 -0.445
v -0.03563777688050876 -0.07661602680330828 -0.445
v -0.035909381680482785 -0.06989050329838134 -0.445
v -0.036 -0.06100000000001281 -0.445
v -0.035 -0.054 -0.408
v -0.03491189885602494 -0.04561037012687956 -0.408
v -0.03464783863382797 -0.039263749354624594 -0.408
v -0.03420854383502381 -0.033568151361334536 -0.408
v -0.03359520454884207 -0.028311788076899366 -0.408
v -0.032809449154786285 -0.02341307979411486 -0.408
v -0.031853303552838 -0.018834809205548426 -0.408
v -0.030729133849540416 -0.01455970161588338 -0.408
v -0.02943956765201777 -0.01058079245840906 -0.408
v -0.027987386323288354 -0.006896862487358421 -0.408
v -0.02637537592919656 -0.003509994649823732 -0.408
v -0.02460611661108142 -0.0004241461811337194 -0.408
v -0.022681675581428105 0.002355743791005442 -0.408
v -0.020603140946926595 0.0048243419405487875 -0.408
v -0.018369875788146348 0.006976323944004166 -0.408
v -0.015978241898596715 0.008806659810590887 -0.408
v -0.013419215183709287 0.010310820136354822 -0.408
v -0.01067335376646704 0.011484926769902724 -0.408
v -0.007698041381912528 0.012325862527613536 -0.408
v -0.004382642471033069 0.012831349238676314 -0.408
v -2.03680933066428e-15 0.013000000000000005 -0.408
v 0.004382642471033064 0.012831349238676314 -0.408
v 0.007698041381912533 0.012325862527613536 -0.408
v 0.010673353766467027 0.011484926769902724 -0.408
v 0.013419215183709284 0.010310820136354835 -0.408
v 0.01597824189859671 0.008806659810590887 -0.408
v 0.018369875788146344 0.006976323944004166 -0.408
v 0.02060314094692659 0.0048243419405487944 -0.408
v 0.022681675581428102 0.002355743791005442 -0.408
v 0.02460611661108142 -0.0004241461811337194 -0.408
v 0.026375375929196556 -0.003509994649823725 -0.408
v 0.027987386323288347 -0.006896862487358414 -0.408
v 0.029439567652017766 -0.010580792458409052 -0.408
v 0.030729133849540412 -0.014559701615883373 -0.408
v 0.031853303552838 -0.01883480920554842 -0.408
v 0.032809449154786285 -0.023413079794114854 -0.408
v 0.03359520454884207 -0.02831178807689936 -0.408
v 0.03420854383502381 -0.03356815136133452 -0.408
v 0.03464783863382796 -0.03926374935462459 -0.408
v 0.03491189885602494 -0.045610370126879546 -0.408
v 0.035 -0.05399999999999314 -0.408
v 0.03491189885602494 -0.06238962987312039 -0.408
v 0.03464783863382797 -0.06873625064537539 -0.408
v 0.034208543835023815 -0.07443184863866546 -0.408
v 0.03359520454884207 -0.07968821192310066 -0.408
v 0.03280944915478629 -0.08458692020588512 -0.408
v 0.031853303552838004 -0.08916519079445154 -0.408
v 0.030729133849540416 -0.0934402983841166 -0.408
v 0.02943956765201777 -0.09741920754159093 -0.408
v 0.027987386323288344 -0.10110313751264159 -0.408
v 0.026375375929196566 -0.10449000535017627 -0.408
v 0.024606116611081436 -0.10757585381886625 -0.408
v 0.02268167558142811 -0.11035574379100543 -0.408
v 0.020603140946926612 -0.11282434194054877 -0.408
v 0.01836987578814635 -0.11497632394400417 -0.408
v 0.015978241898596732 -0.11680665981059088 -0.408
v 0.013419215183709293 -0.11831082013635483 -0.408
v 0.010673353766467027 -0.11948492676990272 -0.408
v 0.007698041381912533 -0.12032586252761354 -0.408
v 0.0043826424710330545 -0.1208313492386763 -0.408
v 4.993868640002768e-15 -0.121 -0.408
v -0.004382642471033038 -0.1208313492386763 -0.408
v -0.007698041381912518 -0.12032586252761354 -0.408
v -0.010673353766467015 -0.11948492676990272 -0.408
v -0.01341921518370928 -0.11831082013635483 -0.408
v -0.015978241898596722 -0.11680665981059088 -0.408
v -0.01836987578814634 -0.11497632394400417 -0.408
v -0.020603140946926602 -0.11282434194054877 -0.408
v -0.0226816755814281 -0.11035574379100545 -0.408
v -0.02460611661108143 -0.10757585381886627 -0.408
v -0.026375375929196553 -0.10449000535017627 -0.408
v -0.02798738632328834 -0.1011031375126416 -0.408
v -0.029439567652017766 -0.09741920754159095 -0.408
v -0.0307291338495404 -0.09344029838411666 -0.408
v -0.031853303552838 -0.0891651907944516 -0.408
v -0.03280944915478628 -0.08458692020588518 -0.408
v -0.03359520454884207 -0.07968821192310065 -0.408
v -0.034208543835023815 -0.07443184863866545 -0.408
v -0.03464783863382796 -0.06873625064537542 -0.408
v -0.03491189885602494 -0.062389629873120425 -0.408
v -0.035 -0.05400000000001209 -0.408
v -0.032 -0.041 -0.362
v -0.03191945038265137 -0.03373733533371663 -0.362
v -0.031678023893785566 -0.02824324570997353 -0.362
v -0.03127638293487891 -0.023312728044140345 -0.362
v -0.030715615587512752 -0.018762443409853186 -0.362
v -0.0299972106558046 -0.014521770568039733 -0.362
v -0.02912302039116617 -0.010558491551071775 -0.362
v -0.028095208091008378 -0.006857652145093075 -0.362
v -0.026916176138987672 -0.00341322332220486 -0.362
v -0.02558846749557792 -0.00022414961592221588 -0.362
v -0.02411462942097971 0.002707765825525718 -0.362
v -0.022497020901560152 0.005379097335734988 -0.362
v -0.020737531960162838 0.0077855692519151615 -0.362
v -0.01883715743719003 0.009922564664952678 -0.362
v -0.016795315006305232 0.011785474458988678 -0.362
v -0.014608678307288426 0.01336994431364584 -0.362
v -0.012268996739391348 0.014672053252366861 -0.362
v -0.009758494872198435 0.015688444069468024 -0.362
v -0.007038209263462882 0.016416418307486344 -0.362
v -0.004006987402087377 0.01685400381855561 -0.362
v -1.8622256737501985e-15 0.017 -0.362
v 0.004006987402087373 0.01685400381855561 -0.362
v 0.007038209263462886 0.016416418307486337 -0.362
v 0.009758494872198424 0.01568844406946803 -0.362
v 0.012268996739391344 0.014672053252366868 -0.362
v 0.014608678307288422 0.01336994431364584 -0.362
v 0.01679531500630523 0.011785474458988678 -0.362
v 0.018837157437190027 0.009922564664952685 -0.362
v 0.020737531960162835 0.0077855692519151615 -0.362
v 0.022497020901560152 0.005379097335734988 -0.362
v 0.024114629420979708 0.002707765825525725 -0.362
v 0.025588467495577916 -0.00022414961592220894 -0.362
v 0.02691617613898767 -0.003413223322204853 -0.362
v 0.028095208091008374 -0.006857652145093068 -0.362
v 0.02912302039116617 -0.010558491551071771 -0.362
v 0.0299972106558046 -0.014521770568039726 -0.362
v 0.030715615587512752 -0.01876244340985318 -0.362
v 0.03127638293487891 -0.023312728044140335 -0.362
v 0.031678023893785566 -0.028243245709973525 -0.362
v 0.03191945038265137 -0.033737335333716624 -0.362
v 0.032 -0.040999999999994055 -0.362
v 0.03191945038265137 -0.048262664666283324 -0.362
v 0.031678023893785566 -0.053756754290026465 -0.362
v 0.031276382934878916 -0.058687271955859655 -0.362
v 0.030715615587512752 -0.06323755659014683 -0.362
v 0.029997210655804605 -0.06747822943196026 -0.362
v 0.029123020391166175 -0.0714415084489282 -0.362
v 0.028095208091008378 -0.07514234785490692 -0.362
v 0.026916176138987672 -0.07858677667779514 -0.362
v 0.025588467495577912 -0.08177585038407781 -0.362
v 0.024114629420979715 -0.08470776582552572 -0.362
v 0.02249702090156017 -0.08737909733573497 -0.362
v 0.02073753196016284 -0.08978556925191516 -0.362
v 0.018837157437190045 -0.09192256466495266 -0.362
v 0.016795315006305236 -0.09378547445898869 -0.362
v 0.01460867830728844 -0.09536994431364583 -0.362
v 0.012268996739391351 -0.09667205325236686 -0.362
v 0.009758494872198424 -0.09768844406946803 -0.362
v 0.007038209263462886 -0.09841641830748635 -0.362
v 0.004006987402087364 -0.09885400381855561 -0.362
v 4.565822756573959e-15 -0.099 -0.362
v -0.004006987402087349 -0.09885400381855561 -0.362
v -0.007038209263462873 -0.09841641830748635 -0.362
v -0.009758494872198412 -0.09768844406946803 -0.362
v -0.01226899673939134 -0.09667205325236687 -0.362
v -0.014608678307288429 -0.09536994431364584 -0.362
v -0.016795315006305225 -0.09378547445898869 -0.362
v -0.018837157437190034 -0.09192256466495267 -0.362
v -0.02073753196016283 -0.08978556925191516 -0.362
v -0.022497020901560163 -0.08737909733573498 -0.362
v -0.024114629420979704 -0.08470776582552574 -0.362
v -0.02558846749557791 -0.08177585038407781 -0.362
v -0.02691617613898767 -0.07858677667779515 -0.362
v -0.028095208091008364 -0.07514234785490696 -0.362
v -0.02912302039116617 -0.07144150844892824 -0.362
v -0.029997210655804595 -0.0674782294319603 -0.362
v -0.030715615587512752 -0.06323755659014683 -0.362
v -0.031276382934878916 -0.058687271955859655 -0.362
v -0.031678023893785566 -0.05375675429002649 -0.362
v -0.03191945038265137 -0.04826266466628336 -0.362
v -0.032 -0.041000000000010466 -0.362
v -0.029 -0.025 -0.315
v -0.028927001909277807 -0.018864300540553706 -0.315
v -0.028708209153743173 -0.014222742065322466 -0.315
v -0.028344222034734013 -0.010057304726946152 -0.315
v -0.02783602662618343 -0.006213098742807004 -0.315
v -0.02718497215682292 -0.002630461341964603 -0.315
v -0.02639273722949434 0.0007178261034048797 -0.315
v -0.025461282332476343 0.0038443973256972255 -0.315
v -0.02439278462595758 0.006754345813999342 -0.315
v -0.02318954866786749 0.009448563255513985 -0.315
v -0.021853882912762863 0.011925526300875178 -0.315
v -0.02038792519203889 0.014182340852603698 -0.315
v -0.01879338833889757 0.016215394712824877 -0.315
v -0.017071173927453467 0.01802078738935657 -0.315
v -0.015220754224464115 0.0195946249739732 -0.315
v -0.013239114715980136 0.020933228816700795 -0.315
v -0.01111877829507341 0.022033286368378903 -0.315
v -0.008843635977929832 0.022891961369033334 -0.315
v -0.006378377145013237 0.023506974087359155 -0.315
v -0.003631332333141686 0.023876658398434912 -0.315
v -1.6876420168361175e-15 0.024 -0.315
v 0.003631332333141682 0.023876658398434912 -0.315
v 0.006378377145013241 0.023506974087359148 -0.315
v 0.008843635977929823 0.022891961369033334 -0.315
v 0.011118778295073406 0.022033286368378903 -0.315
v 0.013239114715980133 0.020933228816700795 -0.315
v 0.015220754224464113 0.0195946249739732 -0.315
v 0.017071173927453463 0.018020787389356578 -0.315
v 0.018793388338897567 0.016215394712824877 -0.315
v 0.02038792519203889 0.014182340852603698 -0.315
v 0.02185388291276286 0.011925526300875185 -0.315
v 0.023189548667867488 0.009448563255513992 -0.315
v 0.024392784625957578 0.006754345813999349 -0.315
v 0.02546128233247634 0.0038443973256972325 -0.315
v 0.02639273722949434 0.0007178261034048831 -0.315
v 0.02718497215682292 -0.002630461341964596 -0.315
v 0.02783602662618343 -0.006213098742806997 -0.315
v 0.028344222034734013 -0.010057304726946145 -0.315
v 0.02870820915374317 -0.014222742065322461 -0.315
v 0.028927001909277807 -0.0188643005405537 -0.315
v 0.029 -0.02499999999999498 -0.315
v 0.028927001909277807 -0.031135699459446258 -0.315
v 0.028708209153743173 -0.03577725793467753 -0.315
v 0.028344222034734017 -0.039942695273053844 -0.315
v 0.02783602662618343 -0.04378690125719302 -0.315
v 0.027184972156822924 -0.04736953865803539 -0.315
v 0.026392737229494347 -0.05071782610340486 -0.315
v 0.025461282332476343 -0.05384439732569722 -0.315
v 0.02439278462595758 -0.05675434581399934 -0.315
v 0.023189548667867484 -0.059448563255514 -0.315
v 0.021853882912762867 -0.06192552630087518 -0.315
v 0.020387925192038903 -0.06418234085260369 -0.315
v 0.018793388338897574 -0.06621539471282487 -0.315
v 0.017071173927453477 -0.06802078738935656 -0.315
v 0.015220754224464119 -0.0695946249739732 -0.315
v 0.013239114715980148 -0.07093322881670078 -0.315
v 0.011118778295073413 -0.07203328636837891 -0.315
v 0.008843635977929823 -0.07289196136903334 -0.315
v 0.006378377145013241 -0.07350697408735915 -0.315
v 0.0036313323331416737 -0.07387665839843491 -0.315
v 4.13777687314515e-15 -0.07400000000000001 -0.315
v -0.0036313323331416602 -0.07387665839843491 -0.315
v -0.006378377145013229 -0.07350697408735915 -0.315
v -0.00884363597792981 -0.07289196136903334 -0.315
v -0.011118778295073403 -0.07203328636837891 -0.315
v -0.01323911471598014 -0.07093322881670079 -0.315
v -0.01522075422446411 -0.0695946249739732 -0.315
v -0.017071173927453467 -0.06802078738935657 -0.315
v -0.018793388338897564 -0.06621539471282488 -0.315
v -0.0203879251920389 -0.06418234085260369 -0.315
v -0.021853882912762856 -0.06192552630087519 -0.315
v -0.02318954866786748 -0.059448563255514016 -0.315
v -0.024392784625957578 -0.05675434581399936 -0.315
v -0.02546128233247633 -0.05384439732569726 -0.315
v -0.02639273722949434 -0.05071782610340489 -0.315
v -0.027184972156822914 -0.04736953865803543 -0.315
v -0.02783602662618343 -0.04378690125719301 -0.315
v -0.028344222034734017 -0.039942695273053844 -0.315
v -0.02870820915374317 -0.03577725793467755 -0.315
v -0.028927001909277807 -0.031135699459446282 -0.315
v -0.029 -0.025000000000008845 -0.315
v -0.024 -0.013 -0.277
v -0.023939587786988528 -0.008492139172651701 -0.277
v -0.023758517920339176 -0.005082014578604259 -0.277
v -0.023457287201159183 -0.0020216932687767645 -0.277
v -0.023036711690634565 0.0008026213318152644 -0.277
v -0.02249790799185345 0.003434763095699475 -0.277
v -0.021842265293374626 0.005894729382093381 -0.277
v -0.021071406068256283 0.008191802116838778 -0.277
v -0.020187132104240755 0.01032972345518319 -0.277
v -0.01919135062168344 0.012309148514255174 -0.277
v -0.018085972065734784 0.01412895809860217 -0.277
v -0.016872765676170114 0.015787025932525164 -0.277
v -0.015553148970122128 0.01728069815636113 -0.277
v -0.014127868077892522 0.018607109102384417 -0.277
v -0.012596486254728922 0.01976339794006194 -0.277
v -0.01095650873046632 0.020746861987780175 -0.277
v -0.009201747554543512 0.021555067535951843 -0.277
v -0.007318871154148827 0.022185930801738772 -0.277
v -0.005278656947597162 0.02263777688050876 -0.277
v -0.003005240551565533 0.022909381680482788 -0.277
v -1.3966692553126489e-15 0.023 -0.277
v 0.0030052405515655295 0.022909381680482788 -0.277
v 0.005278656947597165 0.02263777688050876 -0.277
v 0.007318871154148818 0.02218593080173878 -0.277
v 0.009201747554543508 0.02155506753595185 -0.277
v 0.010956508730466316 0.020746861987780175 -0.277
v 0.01259648625472892 0.01976339794006194 -0.277
v 0.014127868077892519 0.018607109102384424 -0.277
v 0.015553148970122126 0.01728069815636113 -0.277
v 0.016872765676170114 0.015787025932525164 -0.277
v 0.01808597206573478 0.014128958098602174 -0.277
v 0.019191350621683437 0.012309148514255177 -0.277
v 0.02018713210424075 0.010329723455183194 -0.277
v 0.02107140606825628 0.008191802116838781 -0.277
v 0.021842265293374626 0.005894729382093384 -0.277
v 0.02249790799185345 0.0034347630956994783 -0.277
v 0.023036711690634565 0.0008026213318152679 -0.277
v 0.023457287201159183 -0.0020216932687767593 -0.277
v 0.023758517920339173 -0.005082014578604256 -0.277
v 0.023939587786988528 -0.008492139172651696 -0.277
v 0.024 -0.01299999999999631 -0.277
v 0.023939587786988528 -0.01750786082734827 -0.277
v 0.023758517920339176 -0.02091798542139573 -0.277
v 0.023457287201159187 -0.023978306731223233 -0.277
v 0.023036711690634565 -0.026802621331815275 -0.277
v 0.022497907991853455 -0.029434763095699472 -0.277
v 0.021842265293374633 -0.03189472938209336 -0.277
v 0.021071406068256283 -0.034191802116838775 -0.277
v 0.020187132104240755 -0.036329723455183184 -0.277
v 0.019191350621683433 -0.03830914851425518 -0.277
v 0.018085972065734784 -0.04012895809860217 -0.277
v 0.016872765676170128 -0.041787025932525146 -0.277
v 0.015553148970122131 -0.043280698156361125 -0.277
v 0.014127868077892533 -0.044607109102384405 -0.277
v 0.012596486254728926 -0.045763397940061935 -0.277
v 0.01095650873046633 -0.046746861987780164 -0.277
v 0.009201747554543513 -0.04755506753595184 -0.277
v 0.007318871154148818 -0.048185930801738774 -0.277
v 0.005278656947597165 -0.04863777688050876 -0.277
v 0.003005240551565523 -0.04890938168048278 -0.277
v 3.4243670674304692e-15 -0.048999999999999995 -0.277
v -0.0030052405515655117 -0.04890938168048278 -0.277
v -0.005278656947597155 -0.04863777688050876 -0.277
v -0.007318871154148809 -0.048185930801738774 -0.277
v -0.009201747554543506 -0.047555067535951845 -0.277
v -0.010956508730466321 -0.046746861987780164 -0.277
v -0.012596486254728917 -0.045763397940061935 -0.277
v -0.014127868077892526 -0.04460710910238441 -0.277
v -0.015553148970122123 -0.04328069815636113 -0.277
v -0.01687276567617012 -0.04178702593252515 -0.277
v -0.018085972065734778 -0.040128958098602174 -0.277
v -0.019191350621683433 -0.03830914851425519 -0.277
v -0.02018713210424075 -0.0363297234551832 -0.277
v -0.021071406068256273 -0.0341918021168388 -0.277
v -0.021842265293374626 -0.03189472938209339 -0.277
v -0.022497907991853444 -0.029434763095699493 -0.277
v -0.023036711690634565 -0.02680262133181527 -0.277
v -0.023457287201159187 -0.023978306731223226 -0.277
v -0.023758517920339173 -0.020917985421395748 -0.277
v -0.023939587786988528 -0.017507860827348287 -0.277
v -0.024 -0.013000000000006496 -0.277
v -0.021 -0.016 -0.253
v -0.020947139313614964 -0.011742575885282163 -0.253
v -0.02078870318029678 -0.00852190265757069 -0.253
v -0.020525126301014288 -0.005631599198289166 -0.253
v -0.020157122729305244 -0.0029641909643966947 -0.253
v -0.01968566949287177 -0.0004782792985060496 -0.253
v -0.019111982131702798 0.0018450221941993042 -0.253
v -0.01843748030972425 0.004014479777014402 -0.253
v -0.01766374059121066 0.006033627707673017 -0.253
v -0.016792431793973012 0.007903084707907668 -0.253
v -0.015825225557517936 0.009621793759790939 -0.253
v -0.014763669966648851 0.011187746714051545 -0.253
v -0.013609005348856862 0.012598437147674404 -0.253
v -0.012361884568155958 0.0138511585966964 -0.253
v -0.011021925472887809 0.014943209165614056 -0.253
v -0.00958694513915803 0.01587203632179239 -0.253
v -0.008051529110225572 0.016635341561732297 -0.253
v -0.006404012259880223 0.017231156868308846 -0.253
v -0.004618824829147517 0.017657900387147166 -0.253
v -0.0026295854826198415 0.017914416031567085 -0.253
v -1.2220855983985679e-15 0.018000000000000002 -0.253
v 0.0026295854826198384 0.017914416031567085 -0.253
v 0.004618824829147519 0.017657900387147166 -0.253
v 0.006404012259880216 0.017231156868308846 -0.253
v 0.00805152911022557 0.016635341561732304 -0.253
v 0.009586945139158027 0.01587203632179239 -0.253
v 0.011021925472887805 0.014943209165614056 -0.253
v 0.012361884568155955 0.013851158596696403 -0.253
v 0.01360900534885686 0.012598437147674404 -0.253
v 0.014763669966648851 0.011187746714051545 -0.253
v 0.015825225557517933 0.009621793759790945 -0.253
v 0.01679243179397301 0.007903084707907671 -0.253
v 0.017663740591210658 0.006033627707673021 -0.253
v 0.018437480309724245 0.004014479777014409 -0.253
v 0.019111982131702798 0.0018450221941993077 -0.253
v 0.01968566949287177 -0.00047827929850604613 -0.253
v 0.020157122729305244 -0.002964190964396691 -0.253
v 0.020525126301014288 -0.00563159919828916 -0.253
v 0.020788703180296776 -0.008521902657570687 -0.253
v 0.020947139313614964 -0.011742575885282158 -0.253
v 0.021 -0.015999999999996517 -0.253
v 0.020947139313614964 -0.02025742411471781 -0.253
v 0.02078870318029678 -0.023478097342429304 -0.253
v 0.020525126301014288 -0.02636840080171083 -0.253
v 0.020157122729305244 -0.029035809035603318 -0.253
v 0.019685669492871774 -0.03152172070149395 -0.253
v 0.019111982131702804 -0.03384502219419929 -0.253
v 0.01843748030972425 -0.0360144797770144 -0.253
v 0.01766374059121066 -0.03803362770767301 -0.253
v 0.016792431793973005 -0.039903084707907675 -0.253
v 0.01582522555751794 -0.04162179375979094 -0.253
v 0.014763669966648862 -0.04318774671405154 -0.253
v 0.013609005348856866 -0.044598437147674405 -0.253
v 0.012361884568155967 -0.04585115859669639 -0.253
v 0.01102192547288781 -0.04694320916561406 -0.253
v 0.009586945139158039 -0.047872036321792384 -0.253
v 0.008051529110225575 -0.0486353415617323 -0.253
v 0.006404012259880216 -0.04923115686830885 -0.253
v 0.004618824829147519 -0.049657900387147166 -0.253
v 0.002629585482619833 -0.049914416031567085 -0.253
v 2.9963211840016606e-15 -0.05 -0.253
v -0.002629585482619823 -0.049914416031567085 -0.253
v -0.004618824829147511 -0.049657900387147166 -0.253
v -0.006404012259880208 -0.04923115686830885 -0.253
v -0.008051529110225568 -0.048635341561732305 -0.253
v -0.009586945139158032 -0.047872036321792384 -0.253
v -0.011021925472887804 -0.046943209165614064 -0.253
v -0.01236188456815596 -0.0458511585966964 -0.253
v -0.013609005348856859 -0.044598437147674405 -0.253
v -0.014763669966648858 -0.04318774671405154 -0.253
v -0.015825225557517933 -0.04162179375979095 -0.253
v -0.016792431793973005 -0.03990308470790768 -0.253
v -0.017663740591210658 -0.038033627707673025 -0.253
v -0.01843748030972424 -0.03601447977701443 -0.253
v -0.019111982131702798 -0.03384502219419931 -0.253
v -0.019685669492871767 -0.03152172070149397 -0.253
v -0.020157122729305244 -0.029035809035603315 -0.253
v -0.020525126301014288 -0.02636840080171083 -0.253
v -0.020788703180296776 -0.02347809734242932 -0.253
v -0.020947139313614964 -0.02025742411471783 -0.253
v -0.021 -0.016000000000006134 -0.253
v -0.021 -0.024 -0.237
v -0.020947139313614964 -0.019241702460021243 -0.237
v -0.02078870318029678 -0.01564212649963783 -0.237
v -0.020525126301014288 -0.012411787339264364 -0.237
v -0.020157122729305244 -0.009430566371972777 -0.237
v -0.01968566949287177 -0.006652194510094998 -0.237
v -0.019111982131702798 -0.0040555634300125445 -0.237
v -0.01843748030972425 -0.0016308755433368446 -0.237
v -0.01766374059121066 0.0006258192026933687 -0.237
v -0.016792431793973012 0.002715212320602685 -0.237
v -0.015825225557517936 0.0046361224374134 -0.237
v -0.014763669966648851 0.006386305150998781 -0.237
v -0.013609005348856862 0.007962959165047863 -0.237
v -0.012361884568155958 0.00936305960807244 -0.237
v -0.011021925472887809 0.010583586714509825 -0.237
v -0.00958694513915803 0.011621687653767962 -0.237
v -0.008051529110225572 0.01247479351017139 -0.237
v -0.006404012259880223 0.013140704735168707 -0.237
v -0.004618824829147517 0.013617653373870359 -0.237
v -0.0026295854826198415 0.013904347329398499 -0.237
v -1.2220855983985679e-15 0.013999999999999999 -0.237
v 0.0026295854826198384 0.013904347329398499 -0.237
v 0.004618824829147519 0.013617653373870359 -0.237
v 0.006404012259880216 0.013140704735168707 -0.237
v 0.00805152911022557 0.012474793510171396 -0.237
v 0.009586945139158027 0.011621687653767962 -0.237
v 0.011021925472887805 0.010583586714509825 -0.237
v 0.012361884568155955 0.009363059608072447 -0.237
v 0.01360900534885686 0.007962959165047863 -0.237
v 0.014763669966648851 0.006386305150998781 -0.237
v 0.015825225557517933 0.004636122437413404 -0.237
v 0.01679243179397301 0.0027152123206026883 -0.237
v 0.017663740591210658 0.0006258192026933722 -0.237
v 0.018437480309724245 -0.0016308755433368412 -0.237
v 0.019111982131702798 -0.004055563430012541 -0.237
v 0.01968566949287177 -0.006652194510094994 -0.237
v 0.020157122729305244 -0.009430566371972773 -0.237
v 0.020525126301014288 -0.012411787339264357 -0.237
v 0.020788703180296776 -0.015642126499637827 -0.237
v 0.020947139313614964 -0.019241702460021236 -0.237
v 0.021 -0.023999999999996108 -0.237
v 0.020947139313614964 -0.02875829753997873 -0.237
v 0.02078870318029678 -0.032357873500362164 -0.237
v 0.020525126301014288 -0.035588212660735634 -0.237
v 0.020157122729305244 -0.038569433628027235 -0.237
v 0.019685669492871774 -0.041347805489905 -0.237
v 0.019111982131702804 -0.043944436569987436 -0.237
v 0.01843748030972425 -0.04636912445666315 -0.237
v 0.01766374059121066 -0.04862581920269336 -0.237
v 0.016792431793973005 -0.05071521232060269 -0.237
v 0.01582522555751794 -0.052636122437413405 -0.237
v 0.014763669966648862 -0.05438630515099877 -0.237
v 0.013609005348856866 -0.05596295916504786 -0.237
v 0.012361884568155967 -0.057363059608072434 -0.237
v 0.01102192547288781 -0.058583586714509826 -0.237
v 0.009586945139158039 -0.059621687653767956 -0.237
v 0.008051529110225575 -0.06047479351017139 -0.237
v 0.006404012259880216 -0.06114070473516871 -0.237
v 0.004618824829147519 -0.06161765337387036 -0.237
v 0.002629585482619833 -0.0619043473293985 -0.237
v 2.9963211840016606e-15 -0.062 -0.237
v -0.002629585482619823 -0.0619043473293985 -0.237
v -0.004618824829147511 -0.06161765337387036 -0.237
v -0.006404012259880208 -0.06114070473516871 -0.237
v -0.008051529110225568 -0.0604747935101714 -0.237
v -0.009586945139158032 -0.059621687653767956 -0.237
v -0.011021925472887804 -0.058583586714509826 -0.237
v -0.01236188456815596 -0.05736305960807244 -0.237
v -0.013609005348856859 -0.055962959165047864 -0.237
v -0.014763669966648858 -0.05438630515099878 -0.237
v -0.015825225557517933 -0.05263612243741341 -0.237
v -0.016792431793973005 -0.0507152123206027 -0.237
v -0.017663740591210658 -0.04862581920269338 -0.237
v -0.01843748030972424 -0.04636912445666318 -0.237
v -0.019111982131702798 -0.04394443656998746 -0.237
v -0.019685669492871767 -0.04134780548990502 -0.237
v -0.020157122729305244 -0.03856943362802723 -0.237
v -0.020525126301014288 -0.03558821266073563 -0.237
v -0.020788703180296776 -0.03235787350036218 -0.237
v -0.020947139313614964 -0.02875829753997875 -0.237
v -0.021 -0.024000000000006856 -0.237
v -0.021 -0.027 -0.222
v -0.020947139313614964 -0.021365173965814627 -0.222
v -0.02078870318029678 -0.017102518223255325 -0.222
v -0.020525126301014288 -0.013277116585970956 -0.222
v -0.020157122729305244 -0.009746723335230922 -0.222
v -0.01968566949287177 -0.006456546130375655 -0.222
v -0.019111982131702798 -0.0033815882723832735 -0.222
v -0.01843748030972425 -0.0005102473539515262 -0.222
v -0.01766374059121066 0.0021621543189789885 -0.222
v -0.016792431793973012 0.0046364356428189694 -0.222
v -0.015825225557517936 0.006911197623252711 -0.222
v -0.014763669966648851 0.008983782415656453 -0.222
v -0.013609005348856862 0.010850872695451413 -0.222
v -0.012361884568155958 0.012508886377980522 -0.222
v -0.011021925472887809 0.013954247425077424 -0.222
v -0.00958694513915803 0.015183577484725218 -0.222
v -0.008051529110225572 0.016193834419939806 -0.222
v -0.006404012259880223 0.016982413502173468 -0.222
v -0.004618824829147517 0.017547221100635956 -0.222
v -0.0026295854826198415 0.017886727100603485 -0.222
v -1.2220855983985679e-15 0.018 -0.222
v 0.0026295854826198384 0.017886727100603485 -0.222
v 0.004618824829147519 0.01754722110063595 -0.222
v 0.006404012259880216 0.016982413502173468 -0.222
v 0.00805152911022557 0.016193834419939813 -0.222
v 0.009586945139158027 0.015183577484725218 -0.222
v 0.011021925472887805 0.013954247425077424 -0.222
v 0.012361884568155955 0.012508886377980529 -0.222
v 0.01360900534885686 0.010850872695451413 -0.222
v 0.014763669966648851 0.008983782415656453 -0.222
v 0.015825225557517933 0.006911197623252718 -0.222
v 0.01679243179397301 0.0046364356428189694 -0.222
v 0.017663740591210658 0.002162154318978992 -0.222
v 0.018437480309724245 -0.0005102473539515227 -0.222
v 0.019111982131702798 -0.00338158827238327 -0.222
v 0.01968566949287177 -0.006456546130375648 -0.222
v 0.020157122729305244 -0.009746723335230915 -0.222
v 0.020525126301014288 -0.013277116585970949 -0.222
v 0.020788703180296776 -0.01710251822325532 -0.222
v 0.020947139313614964 -0.02136517396581462 -0.222
v 0.021 -0.02699999999999539 -0.222
v 0.020947139313614964 -0.03263482603418534 -0.222
v 0.02078870318029678 -0.036897481776744664 -0.222
v 0.020525126301014288 -0.040722883414029035 -0.222
v 0.020157122729305244 -0.044253276664769095 -0.222
v 0.019685669492871774 -0.047543453869624344 -0.222
v 0.019111982131702804 -0.050618411727616705 -0.222
v 0.01843748030972425 -0.053489752646048466 -0.222
v 0.01766374059121066 -0.05616215431897899 -0.222
v 0.016792431793973005 -0.05863643564281898 -0.222
v 0.01582522555751794 -0.060911197623252714 -0.222
v 0.014763669966648862 -0.06298378241565644 -0.222
v 0.013609005348856866 -0.06485087269545141 -0.222
v 0.012361884568155967 -0.06650888637798051 -0.222
v 0.01102192547288781 -0.06795424742507743 -0.222
v 0.009586945139158039 -0.06918357748472521 -0.222
v 0.008051529110225575 -0.0701938344199398 -0.222
v 0.006404012259880216 -0.07098241350217346 -0.222
v 0.004618824829147519 -0.07154722110063595 -0.222
v 0.002629585482619833 -0.07188672710060348 -0.222
v 2.9963211840016606e-15 -0.072 -0.222
v -0.002629585482619823 -0.07188672710060348 -0.222
v -0.004618824829147511 -0.07154722110063595 -0.222
v -0.006404012259880208 -0.07098241350217346 -0.222
v -0.008051529110225568 -0.07019383441993982 -0.222
v -0.009586945139158032 -0.06918357748472521 -0.222
v -0.011021925472887804 -0.06795424742507743 -0.222
v -0.01236188456815596 -0.06650888637798053 -0.222
v -0.013609005348856859 -0.06485087269545142 -0.222
v -0.014763669966648858 -0.06298378241565644 -0.222
v -0.015825225557517933 -0.06091119762325273 -0.222
v -0.016792431793973005 -0.05863643564281899 -0.222
v -0.017663740591210658 -0.056162154318979 -0.222
v -0.01843748030972424 -0.0534897526460485 -0.222
v -0.019111982131702798 -0.05061841172761673 -0.222
v -0.019685669492871767 -0.04754345386962437 -0.222
v -0.020157122729305244 -0.04425327666476909 -0.222
v -0.020525126301014288 -0.040722883414029035 -0.222
v -0.020788703180296776 -0.036897481776744685 -0.222
v -0.020947139313614964 -0.03263482603418536 -0.222
v -0.021 -0.02700000000000812 -0.222
v -0.021 -0.021 -0.207
v -0.020947139313614964 -0.01586604739107555 -0.207
v -0.02078870318029678 -0.011982294381188186 -0.207
v -0.020525126301014288 -0.00849692844499576 -0.207
v -0.020157122729305244 -0.00528034792765484 -0.207
v -0.01968566949287177 -0.002282630918786707 -0.207
v -0.019111982131702798 0.0005189973518285734 -0.207
v -0.01843748030972425 0.0031351079663997188 -0.207
v -0.01766374059121066 0.005569962823958635 -0.207
v -0.016792431793973012 0.00782430803012395 -0.207
v -0.015825225557517936 0.00989686894563025 -0.207
v -0.014763669966648851 0.011785223978709212 -0.207
v -0.013609005348856862 0.01348635067807796 -0.207
v -0.012361884568155958 0.014996985366604477 -0.207
v -0.011021925472887809 0.016313869876181653 -0.207
v -0.00958694513915803 0.017433926152749645 -0.207
v -0.008051529110225572 0.018354382471500712 -0.207
v -0.006404012259880223 0.019072865635313605 -0.207
v -0.004618824829147517 0.01958746811391276 -0.207
v -0.0026295854826198415 0.01989679580277207 -0.207
v -1.2220855983985679e-15 0.02 -0.207
v 0.0026295854826198384 0.01989679580277207 -0.207
v 0.004618824829147519 0.019587468113912754 -0.207
v 0.006404012259880216 0.019072865635313605 -0.207
v 0.00805152911022557 0.01835438247150072 -0.207
v 0.009586945139158027 0.017433926152749645 -0.207
v 0.011021925472887805 0.016313869876181653 -0.207
v 0.012361884568155955 0.014996985366604484 -0.207
v 0.01360900534885686 0.01348635067807796 -0.207
v 0.014763669966648851 0.011785223978709212 -0.207
v 0.015825225557517933 0.009896868945630254 -0.207
v 0.01679243179397301 0.007824308030123954 -0.207
v 0.017663740591210658 0.005569962823958639 -0.207
v 0.018437480309724245 0.0031351079663997257 -0.207
v 0.019111982131702798 0.0005189973518285769 -0.207
v 0.01968566949287177 -0.0022826309187867037 -0.207
v 0.020157122729305244 -0.005280347927654833 -0.207
v 0.020525126301014288 -0.008496928444995753 -0.207
v 0.020788703180296776 -0.011982294381188181 -0.207
v 0.020947139313614964 -0.015866047391075545 -0.207
v 0.021 -0.0209999999999958 -0.207
v 0.020947139313614964 -0.02613395260892442 -0.207
v 0.02078870318029678 -0.03001770561881181 -0.207
v 0.020525126301014288 -0.03350307155500424 -0.207
v 0.020157122729305244 -0.03671965207234518 -0.207
v 0.019685669492871774 -0.03971736908121329 -0.207
v 0.019111982131702804 -0.042518997351828555 -0.207
v 0.01843748030972425 -0.04513510796639972 -0.207
v 0.01766374059121066 -0.04756996282395863 -0.207
v 0.016792431793973005 -0.04982430803012396 -0.207
v 0.01582522555751794 -0.05189686894563025 -0.207
v 0.014763669966648862 -0.053785223978709204 -0.207
v 0.013609005348856866 -0.05548635067807796 -0.207
v 0.012361884568155967 -0.05699698536660447 -0.207
v 0.01102192547288781 -0.05831386987618166 -0.207
v 0.009586945139158039 -0.059433926152749644 -0.207
v 0.008051529110225575 -0.06035438247150071 -0.207
v 0.006404012259880216 -0.06107286563531361 -0.207
v 0.004618824829147519 -0.06158746811391276 -0.207
v 0.002629585482619833 -0.061896795802772075 -0.207
v 2.9963211840016606e-15 -0.062 -0.207
v -0.002629585482619823 -0.061896795802772075 -0.207
v -0.004618824829147511 -0.06158746811391276 -0.207
v -0.006404012259880208 -0.06107286563531361 -0.207
v -0.008051529110225568 -0.060354382471500725 -0.207
v -0.009586945139158032 -0.059433926152749644 -0.207
v -0.011021925472887804 -0.05831386987618166 -0.207
v -0.01236188456815596 -0.05699698536660448 -0.207
v -0.013609005348856859 -0.05548635067807796 -0.207
v -0.014763669966648858 -0.053785223978709204 -0.207
v -0.015825225557517933 -0.05189686894563026 -0.207
v -0.016792431793973005 -0.04982430803012397 -0.207
v -0.017663740591210658 -0.047569962823958645 -0.207
v -0.01843748030972424 -0.045135107966399746 -0.207
v -0.019111982131702798 -0.04251899735182858 -0.207
v -0.019685669492871767 -0.039717369081213316 -0.207
v -0.020157122729305244 -0.03671965207234518 -0.207
v -0.020525126301014288 -0.03350307155500423 -0.207
v -0.020788703180296776 -0.030017705618811827 -0.207
v -0.020947139313614964 -0.02613395260892444 -0.207
v -0.021 -0.021000000000007398 -0.207
v -0.02 -0.014 -0.194
v -0.019949656489157107 -0.009492139172651702 -0.194
v -0.01979876493361598 -0.00608201457860426 -0.194
v -0.01954773933429932 -0.0030216932687767654 -0.194
v -0.01919725974219547 -0.0001973786681847365 -0.194
v -0.018748256659877876 0.002434763095699474 -0.194
v -0.018201887744478857 0.00489472938209338 -0.194
v -0.017559505056880236 0.007191802116838777 -0.194
v -0.016822610086867296 0.00932972345518319 -0.194
v -0.0159927921847362 0.011309148514255173 -0.194
v -0.01507164338811232 0.01312895809860217 -0.194
v -0.014060638063475095 0.014787025932525162 -0.194
v -0.012960957475101773 0.01628069815636113 -0.194
v -0.011773223398243769 0.017607109102384416 -0.194
v -0.01049707187894077 0.01876339794006194 -0.194
v -0.009130423942055266 0.019746861987780175 -0.194
v -0.007668122962119593 0.02055506753595184 -0.194
v -0.006099059295124022 0.02118593080173877 -0.194
v -0.004398880789664301 0.02163777688050876 -0.194
v -0.002504367126304611 0.021909381680482787 -0.194
v -1.163891046093874e-15 0.022 -0.194
v 0.0025043671263046082 0.021909381680482787 -0.194
v 0.004398880789664304 0.02163777688050876 -0.194
v 0.006099059295124015 0.021185930801738778 -0.194
v 0.00766812296211959 0.02055506753595185 -0.194
v 0.009130423942055264 0.019746861987780175 -0.194
v 0.010497071878940768 0.01876339794006194 -0.194
v 0.011773223398243767 0.017607109102384423 -0.194
v 0.01296095747510177 0.01628069815636113 -0.194
v 0.014060638063475095 0.014787025932525162 -0.194
v 0.015071643388112317 0.013128958098602173 -0.194
v 0.015992792184736197 0.011309148514255176 -0.194
v 0.016822610086867293 0.009329723455183193 -0.194
v 0.017559505056880233 0.007191802116838781 -0.194
v 0.018201887744478857 0.004894729382093383 -0.194
v 0.018748256659877876 0.0024347630956994774 -0.194
v 0.01919725974219547 -0.00019737866818473303 -0.194
v 0.01954773933429932 -0.00302169326877676 -0.194
v 0.01979876493361598 -0.006082014578604257 -0.194
v 0.019949656489157107 -0.009492139172651697 -0.194
v 0.02 -0.01399999999999631 -0.194
v 0.019949656489157107 -0.01850786082734827 -0.194
v 0.01979876493361598 -0.021917985421395732 -0.194
v 0.019547739334299322 -0.024978306731223233 -0.194
v 0.01919725974219547 -0.027802621331815276 -0.194
v 0.01874825665987788 -0.030434763095699473 -0.194
v 0.01820188774447886 -0.03289472938209336 -0.194
v 0.017559505056880236 -0.035191802116838776 -0.194
v 0.016822610086867296 -0.037329723455183185 -0.194
v 0.015992792184736197 -0.03930914851425518 -0.194
v 0.015071643388112321 -0.04112895809860217 -0.194
v 0.014060638063475106 -0.04278702593252515 -0.194
v 0.012960957475101776 -0.044280698156361126 -0.194
v 0.011773223398243778 -0.045607109102384406 -0.194
v 0.010497071878940771 -0.046763397940061936 -0.194
v 0.009130423942055274 -0.047746861987780165 -0.194
v 0.007668122962119594 -0.04855506753595184 -0.194
v 0.006099059295124015 -0.049185930801738775 -0.194
v 0.004398880789664304 -0.04963777688050876 -0.194
v 0.0025043671263046026 -0.049909381680482784 -0.194
v 2.8536392228587243e-15 -0.049999999999999996 -0.194
v -0.002504367126304593 -0.049909381680482784 -0.194
v -0.004398880789664296 -0.04963777688050876 -0.194
v -0.006099059295124007 -0.049185930801738775 -0.194
v -0.007668122962119588 -0.048555067535951846 -0.194
v -0.009130423942055267 -0.047746861987780165 -0.194
v -0.010497071878940764 -0.046763397940061936 -0.194
v -0.01177322339824377 -0.04560710910238441 -0.194
v -0.012960957475101769 -0.04428069815636113 -0.194
v -0.014060638063475102 -0.042787025932525154 -0.194
v -0.015071643388112316 -0.041128958098602175 -0.194
v -0.015992792184736194 -0.03930914851425519 -0.194
v -0.016822610086867293 -0.0373297234551832 -0.194
v -0.017559505056880226 -0.035191802116838804 -0.194
v -0.018201887744478857 -0.03289472938209339 -0.194
v -0.018748256659877872 -0.030434763095699494 -0.194
v -0.01919725974219547 -0.02780262133181527 -0.194
v -0.019547739334299322 -0.024978306731223227 -0.194
v -0.01979876493361598 -0.02191798542139575 -0.194
v -0.019949656489157107 -0.018507860827348288 -0.194
v -0.02 -0.014000000000006497 -0.194
v -0.02 -0.008 -0.18
v -0.019949656489157107 -0.004243449310543086 -0.18
v -0.01979876493361598 -0.00140167881550355 -0.18
v -0.01954773933429932 0.001148588942686029 -0.18
v -0.01919725974219547 0.0035021844431793858 -0.18
v -0.018748256659877876 0.005695635913082897 -0.18
v -0.018201887744478857 0.0077456078184111495 -0.18
v -0.017559505056880236 0.009659835097365649 -0.18
v -0.016822610086867296 0.011441436212652659 -0.18
v -0.0159927921847362 0.013090957095212644 -0.18
v -0.01507164338811232 0.014607465082168473 -0.18
v -0.014060638063475095 0.015989188277104303 -0.18
v -0.012960957475101773 0.017233915130300943 -0.18
v -0.011773223398243769 0.01833925758532035 -0.18
v -0.01049707187894077 0.01930283161671828 -0.18
v -0.009130423942055266 0.020122384989816812 -0.18
v -0.007668122962119593 0.020795889613293202 -0.18
v -0.006099059295124022 0.021321609001448978 -0.18
v -0.004398880789664301 0.02169814740042397 -0.18
v -0.002504367126304611 0.021924484733735657 -0.18
v -1.163891046093874e-15 0.022 -0.18
v 0.0025043671263046082 0.021924484733735657 -0.18
v 0.004398880789664304 0.021698147400423966 -0.18
v 0.006099059295124015 0.02132160900144898 -0.18
v 0.00766812296211959 0.020795889613293206 -0.18
v 0.009130423942055264 0.020122384989816812 -0.18
v 0.010497071878940768 0.01930283161671828 -0.18
v 0.011773223398243767 0.018339257585320352 -0.18
v 0.01296095747510177 0.017233915130300943 -0.18
v 0.014060638063475095 0.015989188277104303 -0.18
v 0.015071643388112317 0.014607465082168477 -0.18
v 0.015992792184736197 0.013090957095212647 -0.18
v 0.016822610086867293 0.011441436212652662 -0.18
v 0.017559505056880233 0.009659835097365652 -0.18
v 0.018201887744478857 0.007745607818411153 -0.18
v 0.018748256659877876 0.0056956359130829 -0.18
v 0.01919725974219547 0.0035021844431793892 -0.18
v 0.01954773933429932 0.0011485889426860341 -0.18
v 0.01979876493361598 -0.0014016788155035466 -0.18
v 0.019949656489157107 -0.004243449310543081 -0.18
v 0.02 -0.007999999999996926 -0.18
v 0.019949656489157107 -0.011756550689456892 -0.18
v 0.01979876493361598 -0.014598321184496445 -0.18
v 0.019547739334299322 -0.017148588942686026 -0.18
v 0.01919725974219547 -0.019502184443179395 -0.18
v 0.01874825665987788 -0.021695635913082892 -0.18
v 0.01820188774447886 -0.023745607818411136 -0.18
v 0.017559505056880236 -0.025659835097365646 -0.18
v 0.016822610086867296 -0.027441436212652656 -0.18
v 0.015992792184736197 -0.02909095709521265 -0.18
v 0.015071643388112321 -0.030607465082168474 -0.18
v 0.014060638063475106 -0.03198918827710429 -0.18
v 0.012960957475101776 -0.03323391513030094 -0.18
v 0.011773223398243778 -0.03433925758532034 -0.18
v 0.010497071878940771 -0.03530283161671828 -0.18
v 0.009130423942055274 -0.036122384989816805 -0.18
v 0.007668122962119594 -0.036795889613293206 -0.18
v 0.006099059295124015 -0.037321609001448985 -0.18
v 0.004398880789664304 -0.037698147400423966 -0.18
v 0.0025043671263046026 -0.03792448473373566 -0.18
v 2.8536392228587243e-15 -0.038 -0.18
v -0.002504367126304593 -0.03792448473373566 -0.18
v -0.004398880789664296 -0.03769814740042397 -0.18
v -0.006099059295124007 -0.037321609001448985 -0.18
v -0.007668122962119588 -0.036795889613293206 -0.18
v -0.009130423942055267 -0.036122384989816805 -0.18
v -0.010497071878940764 -0.03530283161671828 -0.18
v -0.01177322339824377 -0.034339257585320346 -0.18
v -0.012960957475101769 -0.033233915130300946 -0.18
v -0.014060638063475102 -0.0319891882771043 -0.18
v -0.015071643388112316 -0.03060746508216848 -0.18
v -0.015992792184736194 -0.029090957095212658 -0.18
v -0.016822610086867293 -0.027441436212652666 -0.18
v -0.017559505056880226 -0.02565983509736567 -0.18
v -0.018201887744478857 -0.023745607818411157 -0.18
v -0.018748256659877872 -0.021695635913082913 -0.18
v -0.01919725974219547 -0.019502184443179395 -0.18
v -0.019547739334299322 -0.017148588942686026 -0.18
v -0.01979876493361598 -0.014598321184496457 -0.18
v -0.019949656489157107 -0.011756550689456908 -0.18
v -0.02 -0.008000000000005414 -0.18
v -0.02 -0.003 -0.164
v -0.019949656489157107 0.00038089562051122315 -0.164
v -0.01979876493361598 0.002938489066046805 -0.164
v -0.01954773933429932 0.005233730048417426 -0.164
v -0.01919725974219547 0.007351965998861448 -0.164
v -0.018748256659877876 0.009326072321774608 -0.164
v -0.018201887744478857 0.011171047036570035 -0.164
v -0.017559505056880236 0.012893851587629086 -0.164
v -0.016822610086867296 0.014497292591387396 -0.164
v -0.0159927921847362 0.01598186138569138 -0.164
v -0.01507164338811232 0.01734671857395163 -0.164
v -0.014060638063475095 0.018590269449393872 -0.164
v -0.012960957475101773 0.01971052361727085 -0.164
v -0.011773223398243769 0.020705331826788315 -0.164
v -0.01049707187894077 0.021572548455046456 -0.164
v -0.009130423942055266 0.022310146490835132 -0.164
v -0.007668122962119593 0.022916300651963883 -0.164
v -0.006099059295124022 0.02338944810130408 -0.164
v -0.004398880789664301 0.023728332660381574 -0.164
v -0.002504367126304611 0.023932036260362093 -0.164
v -1.163891046093874e-15 0.024 -0.164
v 0.0025043671263046082 0.023932036260362093 -0.164
v 0.004398880789664304 0.02372833266038157 -0.164
v 0.006099059295124015 0.023389448101304083 -0.164
v 0.00766812296211959 0.022916300651963886 -0.164
v 0.009130423942055264 0.022310146490835132 -0.164
v 0.010497071878940768 0.021572548455046456 -0.164
v 0.011773223398243767 0.02070533182678832 -0.164
v 0.01296095747510177 0.01971052361727085 -0.164
v 0.014060638063475095 0.018590269449393872 -0.164
v 0.015071643388112317 0.01734671857395163 -0.164
v 0.015992792184736197 0.015981861385691385 -0.164
v 0.016822610086867293 0.014497292591387396 -0.164
v 0.017559505056880233 0.012893851587629089 -0.164
v 0.018201887744478857 0.011171047036570039 -0.164
v 0.018748256659877876 0.009326072321774612 -0.164
v 0.01919725974219547 0.007351965998861451 -0.164
v 0.01954773933429932 0.005233730048417431 -0.164
v 0.01979876493361598 0.0029384890660468076 -0.164
v 0.019949656489157107 0.0003808956205112275 -0.164
v 0.02 -0.002999999999997233 -0.164
v 0.019949656489157107 -0.0063808956205112025 -0.164
v 0.01979876493361598 -0.0089384890660468 -0.164
v 0.019547739334299322 -0.011233730048417424 -0.164
v 0.01919725974219547 -0.013351965998861456 -0.164
v 0.01874825665987788 -0.015326072321774603 -0.164
v 0.01820188774447886 -0.017171047036570023 -0.164
v 0.017559505056880236 -0.01889385158762908 -0.164
v 0.016822610086867296 -0.02049729259138739 -0.164
v 0.015992792184736197 -0.021981861385691387 -0.164
v 0.015071643388112321 -0.023346718573951628 -0.164
v 0.014060638063475106 -0.024590269449393864 -0.164
v 0.012960957475101776 -0.025710523617270845 -0.164
v 0.011773223398243778 -0.026705331826788307 -0.164
v 0.010497071878940771 -0.027572548455046454 -0.164
v 0.009130423942055274 -0.028310146490835124 -0.164
v 0.007668122962119594 -0.02891630065196388 -0.164
v 0.006099059295124015 -0.029389448101304082 -0.164
v 0.004398880789664304 -0.02972833266038157 -0.164
v 0.0025043671263046026 -0.02993203626036209 -0.164
v 2.8536392228587243e-15 -0.03 -0.164
v -0.002504367126304593 -0.02993203626036209 -0.164
v -0.004398880789664296 -0.029728332660381572 -0.164
v -0.006099059295124007 -0.029389448101304082 -0.164
v -0.007668122962119588 -0.028916300651963885 -0.164
v -0.009130423942055267 -0.028310146490835127 -0.164
v -0.010497071878940764 -0.027572548455046458 -0.164
v -0.01177322339824377 -0.02670533182678831 -0.164
v -0.012960957475101769 -0.02571052361727085 -0.164
v -0.014060638063475102 -0.024590269449393867 -0.164
v -0.015071643388112316 -0.02334671857395163 -0.164
v -0.015992792184736194 -0.02198186138569139 -0.164
v -0.016822610086867293 -0.020497292591387398 -0.164
v -0.017559505056880226 -0.0188938515876291 -0.164
v -0.018201887744478857 -0.01717104703657004 -0.164
v -0.018748256659877872 -0.01532607232177462 -0.164
v -0.01919725974219547 -0.013351965998861456 -0.164
v -0.019547739334299322 -0.011233730048417424 -0.164
v -0.01979876493361598 -0.008938489066046813 -0.164
v -0.019949656489157107 -0.006380895620511216 -0.164
v -0.02 -0.003000000000004872 -0.164
v -0.02 0.002 -0.145
v -0.019949656489157107 0.005130458907880763 -0.145
v -0.01979876493361598 0.007498600987080375 -0.145
v -0.01954773933429932 0.009623824118905024 -0.145
v -0.01919725974219547 0.01158515370264949 -0.145
v -0.018748256659877876 0.013413029927569082 -0.145
v -0.018201887744478857 0.015121339848675959 -0.145
v -0.017559505056880236 0.016716529247804708 -0.145
v -0.016822610086867296 0.018201196843877214 -0.145
v -0.0159927921847362 0.01957579757934387 -0.145
v -0.01507164338811232 0.020839554235140396 -0.145
v -0.014060638063475095 0.021990990230920257 -0.145
v -0.012960957475101773 0.02302826260858412 -0.145
v -0.011773223398243769 0.02394938132110029 -0.145
v -0.01049707187894077 0.024752359680598572 -0.145
v -0.009130423942055266 0.025435320824847348 -0.145
v -0.007668122962119593 0.02599657467774434 -0.145
v -0.006099059295124022 0.02643467416787415 -0.145
v -0.004398880789664301 0.026748456167019978 -0.145
v -0.002504367126304611 0.026937070611446387 -0.145
v -1.163891046093874e-15 0.027000000000000003 -0.145
v 0.0025043671263046082 0.026937070611446387 -0.145
v 0.004398880789664304 0.02674845616701997 -0.145
v 0.006099059295124015 0.02643467416787415 -0.145
v 0.00766812296211959 0.02599657467774434 -0.145
v 0.009130423942055264 0.025435320824847348 -0.145
v 0.010497071878940768 0.024752359680598572 -0.145
v 0.011773223398243767 0.023949381321100298 -0.145
v 0.01296095747510177 0.02302826260858412 -0.145
v 0.014060638063475095 0.021990990230920257 -0.145
v 0.015071643388112317 0.020839554235140403 -0.145
v 0.015992792184736197 0.019575797579343877 -0.145
v 0.016822610086867293 0.01820119684387722 -0.145
v 0.017559505056880233 0.01671652924780471 -0.145
v 0.018201887744478857 0.015121339848675962 -0.145
v 0.018748256659877876 0.013413029927569084 -0.145
v 0.01919725974219547 0.011585153702649493 -0.145
v 0.01954773933429932 0.00962382411890503 -0.145
v 0.01979876493361598 0.007498600987080379 -0.145
v 0.019949656489157107 0.005130458907880766 -0.145
v 0.02 0.002000000000002562 -0.145
v 0.019949656489157107 -0.0011304589078807437 -0.145
v 0.01979876493361598 -0.0034986009870803716 -0.145
v 0.019547739334299322 -0.0056238241189050225 -0.145
v 0.01919725974219547 -0.007585153702649498 -0.145
v 0.01874825665987788 -0.009413029927569079 -0.145
v 0.01820188774447886 -0.011121339848675948 -0.145
v 0.017559505056880236 -0.012716529247804706 -0.145
v 0.016822610086867296 -0.014201196843877216 -0.145
v 0.015992792184736197 -0.015575797579343879 -0.145
v 0.015071643388112321 -0.0168395542351404 -0.145
v 0.014060638063475106 -0.017990990230920247 -0.145
v 0.012960957475101776 -0.019028262608584118 -0.145
v 0.011773223398243778 -0.019949381321100287 -0.145
v 0.010497071878940771 -0.02075235968059857 -0.145
v 0.009130423942055274 -0.021435320824847337 -0.145
v 0.007668122962119594 -0.021996574677744338 -0.145
v 0.006099059295124015 -0.022434674167874154 -0.145
v 0.004398880789664304 -0.022748456167019974 -0.145
v 0.0025043671263046026 -0.022937070611446383 -0.145
v 2.8536392228587243e-15 -0.023 -0.145
v -0.002504367126304593 -0.022937070611446383 -0.145
v -0.004398880789664296 -0.022748456167019974 -0.145
v -0.006099059295124007 -0.022434674167874154 -0.145
v -0.007668122962119588 -0.021996574677744338 -0.145
v -0.009130423942055267 -0.021435320824847344 -0.145
v -0.010497071878940764 -0.020752359680598575 -0.145
v -0.01177322339824377 -0.019949381321100287 -0.145
v -0.012960957475101769 -0.019028262608584125 -0.145
v -0.014060638063475102 -0.017990990230920247 -0.145
v -0.015071643388112316 -0.0168395542351404 -0.145
v -0.015992792184736194 -0.015575797579343882 -0.145
v -0.016822610086867293 -0.014201196843877223 -0.145
v -0.017559505056880226 -0.012716529247804725 -0.145
v -0.018201887744478857 -0.011121339848675965 -0.145
v -0.018748256659877872 -0.009413029927569096 -0.145
v -0.01919725974219547 -0.007585153702649495 -0.145
v -0.019547739334299322 -0.005623824118905021 -0.145
v -0.01979876493361598 -0.003498600987080382 -0.145
v -0.019949656489157107 -0.0011304589078807558 -0.145
v -0.02 0.001999999999995489 -0.145
v 0 -0.068 -0.472
v 0 0.002 -0.145
vt 0 0
vt 0 0.0125
vt 0 0.025
vt 0 0.0375
vt 0 0.05
vt 0 0.0625
vt 0 0.075
vt 0 0.0875
vt 0 0.1
vt 0 0.1125
vt 0 0.125
vt 0 0.1375
vt 0 0.15
vt 0 0.1625
vt 0 0.175
vt 0 0.1875
vt 0 0.2
vt 0 0.2125
vt 0 0.225
vt 0 0.2375
vt 0 0.25
vt 0 0.2625
vt 0 0.275
vt 0 0.2875
vt 0 0.3
vt 0 0.3125
vt 0 0.325
vt 0 0.3375
vt 0 0.35
vt 0 0.3625
vt 0 0.375
vt 0 0.3875
vt 0 0.4
vt 0 0.4125
vt 0 0.425
vt 0 0.4375
vt 0 0.45
vt 0 0.4625
vt 0 0.475
vt 0 0.4875
vt 0 0.5
vt 0 0.5125
vt 0 0.525
vt 0 0.5375
vt 0 0.55
vt 0 0.5625
vt 0 0.575
vt 0 0.5875
vt 0 0.6
vt 0 0.6125
vt 0 0.625
vt 0 0.6375
vt 0 0.65
vt 0 0.6625
vt 0 0.675
vt 0 0.6875
vt 0 0.7
vt 0 0.7125
vt 0 0.725
vt 0 0.7375
vt 0 0.75
vt 0 0.7625
vt 0 0.775
vt 0 0.7875
vt 0 0.8
vt 0 0.8125
vt 0 0.825
vt 0 0.8375
vt 0 0.85
vt 0 0.8625
vt 0 0.875
vt 0 0.8875
vt 0 0.9
vt 0 0.9125
vt 0 0.925
vt 0 0.9375
vt 0 0.95
vt 0 0.9625
vt 0 0.975
vt 0 0.9875
vt 0 1
vt 0.02140672782874603 0
vt 0.02140672782874603 0.0125
vt 0.02140672782874603 0.025
vt 0.02140672782874603 0.0375
vt 0.02140672782874603 0.05
vt 0.02140672782874603 0.0625
vt 0.02140672782874603 0.075
vt 0.02140672782874603 0.0875
vt 0.02140672782874603 0.1
vt 0.02140672782874603 0.1125
vt 0.02140672782874603 0.125
vt 0.02140672782874603 0.1375
vt 0.02140672782874603 0.15
vt 0.02140672782874603 0.1625
vt 0.02140672782874603 0.175
vt 0.02140672782874603 0.1875
vt 0.02140672782874603 0.2
vt 0.02140672782874603 0.2125
vt 0.02140672782874603 0.225
vt 0.02140672782874603 0.2375
vt 0.02140672782874603 0.25
vt 0.02140672782874603 0.2625
vt 0.02140672782874603 0.275
vt 0.02140672782874603 0.2875
vt 0.02140672782874603 0.3
vt 0.02140672782874603 0.3125
vt 0.02140672782874603 0.325
vt 0.02140672782874603 0.3375
vt 0.02140672782874603 0.35
vt 0.02140672782874603 0.3625
vt 0.02140672782874603 0.375
vt 0.02140672782874603 0.3875
vt 0.02140672782874603 0.4
vt 0.02140672782874603 0.4125
vt 0.02140672782874603 0.425
vt 0.02140672782874603 0.4375
vt 0.02140672782874603 0.45
vt 0.02140672782874603 0.4625
vt 0.02140672782874603 0.475
vt 0.02140672782874603 0.4875
vt 0.02140672782874603 0.5
vt 0.02140672782874603 0.5125
vt 0.02140672782874603 0.525
vt 0.02140672782874603 0.5375
vt 0.02140672782874603 0.55
vt 0.02140672782874603 0.5625
vt 0.02140672782874603 0.575
vt 0.02140672782874603 0.5875
vt 0.02140672782874603 0.6
vt 0.02140672782874603 0.6125
vt 0.02140672782874603 0.625
vt 0.02140672782874603 0.6375
vt 0.02140672782874603 0.65
vt 0.02140672782874603 0.6625
vt 0.02140672782874603 0.675
vt 0.02140672782874603 0.6875
vt 0.02140672782874603 0.7
vt 0.02140672782874603 0.7125
vt 0.02140672782874603 0.725
vt 0.02140672782874603 0.7375
vt 0.02140672782874603 0.75
vt 0.02140672782874603 0.7625
vt 0.02140672782874603 0.775
vt 0.02140672782874603 0.7875
vt 0.02140672782874603 0.8
vt 0.02140672782874603 0.8125
vt 0.02140672782874603 0.825
vt 0.02140672782874603 0.8375
vt 0.02140672782874603 0.85
vt 0.02140672782874603 0.8625
vt 0.02140672782874603 0.875
vt 0.02140672782874603 0.8875
vt 0.02140672782874603 0.9
vt 0.02140672782874603 0.9125
vt 0.02140672782874603 0.925
vt 0.02140672782874603 0.9375
vt 0.02140672782874603 0.95
vt 0.02140672782874603 0.9625
vt 0.02140672782874603 0.975
vt 0.02140672782874603 0.9875
vt 0.02140672782874603 1
vt 0.08256880733944945 0
vt 0.08256880733944945 0.0125
vt 0.08256880733944945 0.025
vt 0.08256880733944945 0.0375
vt 0.08256880733944945 0.05
vt 0.08256880733944945 0.0625
vt 0.08256880733944945 0.075
vt 0.08256880733944945 0.0875
vt 0.08256880733944945 0.1
vt 0.08256880733944945 0.1125
vt 0.08256880733944945 0.125
vt 0.08256880733944945 0.1375
vt 0.08256880733944945 0.15
vt 0.08256880733944945 0.1625
vt 0.08256880733944945 0.175
vt 0.08256880733944945 0.1875
vt 0.08256880733944945 0.2
vt 0.08256880733944945 0.2125
vt 0.08256880733944945 0.225
vt 0.08256880733944945 0.2375
vt 0.08256880733944945 0.25
vt 0.08256880733944945 0.2625
vt 0.08256880733944945 0.275
vt 0.08256880733944945 0.2875
vt 0.08256880733944945 0.3
vt 0.08256880733944945 0.3125
vt 0.08256880733944945 0.325
vt 0.08256880733944945 0.3375
vt 0.08256880733944945 0.35
vt 0.08256880733944945 0.3625
vt 0.08256880733944945 0.375
vt 0.08256880733944945 0.3875
vt 0.08256880733944945 0.4
vt 0.08256880733944945 0.4125
vt 0.08256880733944945 0.425
vt 0.08256880733944945 0.4375
vt 0.08256880733944945 0.45
vt 0.08256880733944945 0.4625
vt 0.08256880733944945 0.475
vt 0.08256880733944945 0.4875
vt 0.08256880733944945 0.5
vt 0.08256880733944945 0.5125
vt 0.08256880733944945 0.525
vt 0.08256880733944945 0.5375
vt 0.08256880733944945 0.55
vt 0.08256880733944945 0.5625
vt 0.08256880733944945 0.575
vt 0.08256880733944945 0.5875
vt 0.08256880733944945 0.6
vt 0.08256880733944945 0.6125
vt 0.08256880733944945 0.625
vt 0.08256880733944945 0.6375
vt 0.08256880733944945 0.65
vt 0.08256880733944945 0.6625
vt 0.08256880733944945 0.675
vt 0.08256880733944945 0.6875
vt 0.08256880733944945 0.7
vt 0.08256880733944945 0.7125
vt 0.08256880733944945 0.725
vt 0.08256880733944945 0.7375
vt 0.08256880733944945 0.75
vt 0.08256880733944945 0.7625
vt 0.08256880733944945 0.775
vt 0.08256880733944945 0.7875
vt 0.08256880733944945 0.8
vt 0.08256880733944945 0.8125
vt 0.08256880733944945 0.825
vt 0.08256880733944945 0.8375
vt 0.08256880733944945 0.85
vt 0.08256880733944945 0.8625
vt 0.08256880733944945 0.875
vt 0.08256880733944945 0.8875
vt 0.08256880733944945 0.9
vt 0.08256880733944945 0.9125
vt 0.08256880733944945 0.925
vt 0.08256880733944945 0.9375
vt 0.08256880733944945 0.95
vt 0.08256880733944945 0.9625
vt 0.08256880733944945 0.975
vt 0.08256880733944945 0.9875
vt 0.08256880733944945 1
vt 0.1957186544342508 0
vt 0.1957186544342508 0.0125
vt 0.1957186544342508 0.025
vt 0.1957186544342508 0.0375
vt 0.1957186544342508 0.05
vt 0.1957186544342508 0.0625
vt 0.1957186544342508 0.075
vt 0.1957186544342508 0.0875
vt 0.1957186544342508 0.1
vt 0.1957186544342508 0.1125
vt 0.1957186544342508 0.125
vt 0.1957186544342508 0.1375
vt 0.1957186544342508 0.15
vt 0.1957186544342508 0.1625
vt 0.1957186544342508 0.175
vt 0.1957186544342508 0.1875
vt 0.1957186544342508 0.2
vt 0.1957186544342508 0.2125
vt 0.1957186544342508 0.225
vt 0.1957186544342508 0.2375
vt 0.1957186544342508 0.25
vt 0.1957186544342508 0.2625
vt 0.1957186544342508 0.275
vt 0.1957186544342508 0.2875
vt 0.1957186544342508 0.3
vt 0.1957186544342508 0.3125
vt 0.1957186544342508 0.325
vt 0.1957186544342508 0.3375
vt 0.1957186544342508 0.35
vt 0.1957186544342508 0.3625
vt 0.1957186544342508 0.375
vt 0.1957186544342508 0.3875
vt 0.1957186544342508 0.4
vt 0.1957186544342508 0.4125
vt 0.1957186544342508 0.425
vt 0.1957186544342508 0.4375
vt 0.1957186544342508 0.45
vt 0.1957186544342508 0.4625
vt 0.1957186544342508 0.475
vt 0.1957186544342508 0.4875
vt 0.1957186544342508 0.5
vt 0.1957186544342508 0.5125
vt 0.1957186544342508 0.525
vt 0.1957186544342508 0.5375
vt 0.1957186544342508 0.55
vt 0.1957186544342508 0.5625
vt 0.1957186544342508 0.575
vt 0.1957186544342508 0.5875
vt 0.1957186544342508 0.6
vt 0.1957186544342508 0.6125
vt 0.1957186544342508 0.625
vt 0.1957186544342508 0.6375
vt 0.1957186544342508 0.65
vt 0.1957186544342508 0.6625
vt 0.1957186544342508 0.675
vt 0.1957186544342508 0.6875
vt 0.1957186544342508 0.7
vt 0.1957186544342508 0.7125
vt 0.1957186544342508 0.725
vt 0.1957186544342508 0.7375
vt 0.1957186544342508 0.75
vt 0.1957186544342508 0.7625
vt 0.1957186544342508 0.775
vt 0.1957186544342508 0.7875
vt 0.1957186544342508 0.8
vt 0.1957186544342508 0.8125
vt 0.1957186544342508 0.825
vt 0.1957186544342508 0.8375
vt 0.1957186544342508 0.85
vt 0.1957186544342508 0.8625
vt 0.1957186544342508 0.875
vt 0.1957186544342508 0.8875
vt 0.1957186544342508 0.9
vt 0.1957186544342508 0.9125
vt 0.1957186544342508 0.925
vt 0.1957186544342508 0.9375
vt 0.1957186544342508 0.95
vt 0.1957186544342508 0.9625
vt 0.1957186544342508 0.975
vt 0.1957186544342508 0.9875
vt 0.1957186544342508 1
vt 0.3363914373088685 0
vt 0.3363914373088685 0.0125
vt 0.3363914373088685 0.025
vt 0.3363914373088685 0.0375
vt 0.3363914373088685 0.05
vt 0.3363914373088685 0.0625
vt 0.3363914373088685 0.075
vt 0.3363914373088685 0.0875
vt 0.3363914373088685 0.1
vt 0.3363914373088685 0.1125
vt 0.3363914373088685 0.125
vt 0.3363914373088685 0.1375
vt 0.3363914373088685 0.15
vt 0.3363914373088685 0.1625
vt 0.3363914373088685 0.175
vt 0.3363914373088685 0.1875
vt 0.3363914373088685 0.2
vt 0.3363914373088685 0.2125
vt 0.3363914373088685 0.225
vt 0.3363914373088685 0.2375
vt 0.3363914373088685 0.25
vt 0.3363914373088685 0.2625
vt 0.3363914373088685 0.275
vt 0.3363914373088685 0.2875
vt 0.3363914373088685 0.3
vt 0.3363914373088685 0.3125
vt 0.3363914373088685 0.325
vt 0.3363914373088685 0.3375
vt 0.3363914373088685 0.35
vt 0.3363914373088685 0.3625
vt 0.3363914373088685 0.375
vt 0.3363914373088685 0.3875
vt 0.3363914373088685 0.4
vt 0.3363914373088685 0.4125
vt 0.3363914373088685 0.425
vt 0.3363914373088685 0.4375
vt 0.3363914373088685 0.45
vt 0.3363914373088685 0.4625
vt 0.3363914373088685 0.475
vt 0.3363914373088685 0.4875
vt 0.3363914373088685 0.5
vt 0.3363914373088685 0.5125
vt 0.3363914373088685 0.525
vt 0.3363914373088685 0.5375
vt 0.3363914373088685 0.55
vt 0.3363914373088685 0.5625
vt 0.3363914373088685 0.575
vt 0.3363914373088685 0.5875
vt 0.3363914373088685 0.6
vt 0.3363914373088685 0.6125
vt 0.3363914373088685 0.625
vt 0.3363914373088685 0.6375
vt 0.3363914373088685 0.65
vt 0.3363914373088685 0.6625
vt 0.3363914373088685 0.675
vt 0.3363914373088685 0.6875
vt 0.3363914373088685 0.7
vt 0.3363914373088685 0.7125
vt 0.3363914373088685 0.725
vt 0.3363914373088685 0.7375
vt 0.3363914373088685 0.75
vt 0.3363914373088685 0.7625
vt 0.3363914373088685 0.775
vt 0.3363914373088685 0.7875
vt 0.3363914373088685 0.8
vt 0.3363914373088685 0.8125
vt 0.3363914373088685 0.825
vt 0.3363914373088685 0.8375
vt 0.3363914373088685 0.85
vt 0.3363914373088685 0.8625
vt 0.3363914373088685 0.875
vt 0.3363914373088685 0.8875
vt 0.3363914373088685 0.9
vt 0.3363914373088685 0.9125
vt 0.3363914373088685 0.925
vt 0.3363914373088685 0.9375
vt 0.3363914373088685 0.95
vt 0.3363914373088685 0.9625
vt 0.3363914373088685 0.975
vt 0.3363914373088685 0.9875
vt 0.3363914373088685 1
vt 0.4801223241590214 0
vt 0.4801223241590214 0.0125
vt 0.4801223241590214 0.025
vt 0.4801223241590214 0.0375
vt 0.4801223241590214 0.05
vt 0.4801223241590214 0.0625
vt 0.4801223241590214 0.075
vt 0.4801223241590214 0.0875
vt 0.4801223241590214 0.1
vt 0.4801223241590214 0.1125
vt 0.4801223241590214 0.125
vt 0.4801223241590214 0.1375
vt 0.4801223241590214 0.15
vt 0.4801223241590214 0.1625
vt 0.4801223241590214 0.175
vt 0.4801223241590214 0.1875
vt 0.4801223241590214 0.2
vt 0.4801223241590214 0.2125
vt 0.4801223241590214 0.225
vt 0.4801223241590214 0.2375
vt 0.4801223241590214 0.25
vt 0.4801223241590214 0.2625
vt 0.4801223241590214 0.275
vt 0.4801223241590214 0.2875
vt 0.4801223241590214 0.3
vt 0.4801223241590214 0.3125
vt 0.4801223241590214 0.325
vt 0.4801223241590214 0.3375
vt 0.4801223241590214 0.35
vt 0.4801223241590214 0.3625
vt 0.4801223241590214 0.375
vt 0.4801223241590214 0.3875
vt 0.4801223241590214 0.4
vt 0.4801223241590214 0.4125
vt 0.4801223241590214 0.425
vt 0.4801223241590214 0.4375
vt 0.4801223241590214 0.45
vt 0.4801223241590214 0.4625
vt 0.4801223241590214 0.475
vt 0.4801223241590214 0.4875
vt 0.4801223241590214 0.5
vt 0.4801223241590214 0.5125
vt 0.4801223241590214 0.525
vt 0.4801223241590214 0.5375
vt 0.4801223241590214 0.55
vt 0.4801223241590214 0.5625
vt 0.4801223241590214 0.575
vt 0.4801223241590214 0.5875
vt 0.4801223241590214 0.6
vt 0.4801223241590214 0.6125
vt 0.4801223241590214 0.625
vt 0.4801223241590214 0.6375
vt 0.4801223241590214 0.65
vt 0.4801223241590214 0.6625
vt 0.4801223241590214 0.675
vt 0.4801223241590214 0.6875
vt 0.4801223241590214 0.7
vt 0.4801223241590214 0.7125
vt 0.4801223241590214 0.725
vt 0.4801223241590214 0.7375
vt 0.4801223241590214 0.75
vt 0.4801223241590214 0.7625
vt 0.4801223241590214 0.775
vt 0.4801223241590214 0.7875
vt 0.4801223241590214 0.8
vt 0.4801223241590214 0.8125
vt 0.4801223241590214 0.825
vt 0.4801223241590214 0.8375
vt 0.4801223241590214 0.85
vt 0.4801223241590214 0.8625
vt 0.4801223241590214 0.875
vt 0.4801223241590214 0.8875
vt 0.4801223241590214 0.9
vt 0.4801223241590214 0.9125
vt 0.4801223241590214 0.925
vt 0.4801223241590214 0.9375
vt 0.4801223241590214 0.95
vt 0.4801223241590214 0.9625
vt 0.4801223241590214 0.975
vt 0.4801223241590214 0.9875
vt 0.4801223241590214 1
vt 0.5963302752293578 0
vt 0.5963302752293578 0.0125
vt 0.5963302752293578 0.025
vt 0.5963302752293578 0.0375
vt 0.5963302752293578 0.05
vt 0.5963302752293578 0.0625
vt 0.5963302752293578 0.075
vt 0.5963302752293578 0.0875
vt 0.5963302752293578 0.1
vt 0.5963302752293578 0.1125
vt 0.5963302752293578 0.125
vt 0.5963302752293578 0.1375
vt 0.5963302752293578 0.15
vt 0.5963302752293578 0.1625
vt 0.5963302752293578 0.175
vt 0.5963302752293578 0.1875
vt 0.5963302752293578 0.2
vt 0.5963302752293578 0.2125
vt 0.5963302752293578 0.225
vt 0.5963302752293578 0.2375
vt 0.5963302752293578 0.25
vt 0.5963302752293578 0.2625
vt 0.5963302752293578 0.275
vt 0.5963302752293578 0.2875
vt 0.5963302752293578 0.3
vt 0.5963302752293578 0.3125
vt 0.5963302752293578 0.325
vt 0.5963302752293578 0.3375
vt 0.5963302752293578 0.35
vt 0.5963302752293578 0.3625
vt 0.5963302752293578 0.375
vt 0.5963302752293578 0.3875
vt 0.5963302752293578 0.4
vt 0.5963302752293578 0.4125
vt 0.5963302752293578 0.425
vt 0.5963302752293578 0.4375
vt 0.5963302752293578 0.45
vt 0.5963302752293578 0.4625
vt 0.5963302752293578 0.475
vt 0.5963302752293578 0.4875
vt 0.5963302752293578 0.5
vt 0.5963302752293578 0.5125
vt 0.5963302752293578 0.525
vt 0.5963302752293578 0.5375
vt 0.5963302752293578 0.55
vt 0.5963302752293578 0.5625
vt 0.5963302752293578 0.575
vt 0.5963302752293578 0.5875
vt 0.5963302752293578 0.6
vt 0.5963302752293578 0.6125
vt 0.5963302752293578 0.625
vt 0.5963302752293578 0.6375
vt 0.5963302752293578 0.65
vt 0.5963302752293578 0.6625
vt 0.5963302752293578 0.675
vt 0.5963302752293578 0.6875
vt 0.5963302752293578 0.7
vt 0.5963302752293578 0.7125
vt 0.5963302752293578 0.725
vt 0.5963302752293578 0.7375
vt 0.5963302752293578 0.75
vt 0.5963302752293578 0.7625
vt 0.5963302752293578 0.775
vt 0.5963302752293578 0.7875
vt 0.5963302752293578 0.8
vt 0.5963302752293578 0.8125
vt 0.5963302752293578 0.825
vt 0.5963302752293578 0.8375
vt 0.5963302752293578 0.85
vt 0.5963302752293578 0.8625
vt 0.5963302752293578 0.875
vt 0.5963302752293578 0.8875
vt 0.5963302752293578 0.9
vt 0.5963302752293578 0.9125
vt 0.5963302752293578 0.925
vt 0.5963302752293578 0.9375
vt 0.5963302752293578 0.95
vt 0.5963302752293578 0.9625
vt 0.5963302752293578 0.975
vt 0.5963302752293578 0.9875
vt 0.5963302752293578 1
vt 0.6697247706422018 0
vt 0.6697247706422018 0.0125
vt 0.6697247706422018 0.025
vt 0.6697247706422018 0.0375
vt 0.6697247706422018 0.05
vt 0.6697247706422018 0.0625
vt 0.6697247706422018 0.075
vt 0.6697247706422018 0.0875
vt 0.6697247706422018 0.1
vt 0.6697247706422018 0.1125
vt 0.6697247706422018 0.125
vt 0.6697247706422018 0.1375
vt 0.6697247706422018 0.15
vt 0.6697247706422018 0.1625
vt 0.6697247706422018 0.175
vt 0.6697247706422018 0.1875
vt 0.6697247706422018 0.2
vt 0.6697247706422018 0.2125
vt 0.6697247706422018 0.225
vt 0.6697247706422018 0.2375
vt 0.6697247706422018 0.25
vt 0.6697247706422018 0.2625
vt 0.6697247706422018 0.275
vt 0.6697247706422018 0.2875
vt 0.6697247706422018 0.3
vt 0.6697247706422018 0.3125
vt 0.6697247706422018 0.325
vt 0.6697247706422018 0.3375
vt 0.6697247706422018 0.35
vt 0.6697247706422018 0.3625
vt 0.6697247706422018 0.375
vt 0.6697247706422018 0.3875
vt 0.6697247706422018 0.4
vt 0.6697247706422018 0.4125
vt 0.6697247706422018 0.425
vt 0.6697247706422018 0.4375
vt 0.6697247706422018 0.45
vt 0.6697247706422018 0.4625
vt 0.6697247706422018 0.475
vt 0.6697247706422018 0.4875
vt 0.6697247706422018 0.5
vt 0.6697247706422018 0.5125
vt 0.6697247706422018 0.525
vt 0.6697247706422018 0.5375
vt 0.6697247706422018 0.55
vt 0.6697247706422018 0.5625
vt 0.6697247706422018 0.575
vt 0.6697247706422018 0.5875
vt 0.6697247706422018 0.6
vt 0.6697247706422018 0.6125
vt 0.6697247706422018 0.625
vt 0.6697247706422018 0.6375
vt 0.6697247706422018 0.65
vt 0.6697247706422018 0.6625
vt 0.6697247706422018 0.675
vt 0.6697247706422018 0.6875
vt 0.6697247706422018 0.7
vt 0.6697247706422018 0.7125
vt 0.6697247706422018 0.725
vt 0.6697247706422018 0.7375
vt 0.6697247706422018 0.75
vt 0.6697247706422018 0.7625
vt 0.6697247706422018 0.775
vt 0.6697247706422018 0.7875
vt 0.6697247706422018 0.8
vt 0.6697247706422018 0.8125
vt 0.6697247706422018 0.825
vt 0.6697247706422018 0.8375
vt 0.6697247706422018 0.85
vt 0.6697247706422018 0.8625
vt 0.6697247706422018 0.875
vt 0.6697247706422018 0.8875
vt 0.6697247706422018 0.9
vt 0.6697247706422018 0.9125
vt 0.6697247706422018 0.925
vt 0.6697247706422018 0.9375
vt 0.6697247706422018 0.95
vt 0.6697247706422018 0.9625
vt 0.6697247706422018 0.975
vt 0.6697247706422018 0.9875
vt 0.6697247706422018 1
vt 0.7186544342507646 0
vt 0.7186544342507646 0.0125
vt 0.7186544342507646 0.025
vt 0.7186544342507646 0.0375
vt 0.7186544342507646 0.05
vt 0.7186544342507646 0.0625
vt 0.7186544342507646 0.075
vt 0.7186544342507646 0.0875
vt 0.7186544342507646 0.1
vt 0.7186544342507646 0.1125
vt 0.7186544342507646 0.125
vt 0.7186544342507646 0.1375
vt 0.7186544342507646 0.15
vt 0.7186544342507646 0.1625
vt 0.7186544342507646 0.175
vt 0.7186544342507646 0.1875
vt 0.7186544342507646 0.2
vt 0.7186544342507646 0.2125
vt 0.7186544342507646 0.225
vt 0.7186544342507646 0.2375
vt 0.7186544342507646 0.25
vt 0.7186544342507646 0.2625
vt 0.7186544342507646 0.275
vt 0.7186544342507646 0.2875
vt 0.7186544342507646 0.3
vt 0.7186544342507646 0.3125
vt 0.7186544342507646 0.325
vt 0.7186544342507646 0.3375
vt 0.7186544342507646 0.35
vt 0.7186544342507646 0.3625
vt 0.7186544342507646 0.375
vt 0.7186544342507646 0.3875
vt 0.7186544342507646 0.4
vt 0.7186544342507646 0.4125
vt 0.7186544342507646 0.425
vt 0.7186544342507646 0.4375
vt 0.7186544342507646 0.45
vt 0.7186544342507646 0.4625
vt 0.7186544342507646 0.475
vt 0.7186544342507646 0.4875
vt 0.7186544342507646 0.5
vt 0.7186544342507646 0.5125
vt 0.7186544342507646 0.525
vt 0.7186544342507646 0.5375
vt 0.7186544342507646 0.55
vt 0.7186544342507646 0.5625
vt 0.7186544342507646 0.575
vt 0.7186544342507646 0.5875
vt 0.7186544342507646 0.6
vt 0.7186544342507646 0.6125
vt 0.7186544342507646 0.625
vt 0.7186544342507646 0.6375
vt 0.7186544342507646 0.65
vt 0.7186544342507646 0.6625
vt 0.7186544342507646 0.675
vt 0.7186544342507646 0.6875
vt 0.7186544342507646 0.7
vt 0.7186544342507646 0.7125
vt 0.7186544342507646 0.725
vt 0.7186544342507646 0.7375
vt 0.7186544342507646 0.75
vt 0.7186544342507646 0.7625
vt 0.7186544342507646 0.775
vt 0.7186544342507646 0.7875
vt 0.7186544342507646 0.8
vt 0.7186544342507646 0.8125
vt 0.7186544342507646 0.825
vt 0.7186544342507646 0.8375
vt 0.7186544342507646 0.85
vt 0.7186544342507646 0.8625
vt 0.7186544342507646 0.875
vt 0.7186544342507646 0.8875
vt 0.7186544342507646 0.9
vt 0.7186544342507646 0.9125
vt 0.7186544342507646 0.925
vt 0.7186544342507646 0.9375
vt 0.7186544342507646 0.95
vt 0.7186544342507646 0.9625
vt 0.7186544342507646 0.975
vt 0.7186544342507646 0.9875
vt 0.7186544342507646 1
vt 0.764525993883792 0
vt 0.764525993883792 0.0125
vt 0.764525993883792 0.025
vt 0.764525993883792 0.0375
vt 0.764525993883792 0.05
vt 0.764525993883792 0.0625
vt 0.764525993883792 0.075
vt 0.764525993883792 0.0875
vt 0.764525993883792 0.1
vt 0.764525993883792 0.1125
vt 0.764525993883792 0.125
vt 0.764525993883792 0.1375
vt 0.764525993883792 0.15
vt 0.764525993883792 0.1625
vt 0.764525993883792 0.175
vt 0.764525993883792 0.1875
vt 0.764525993883792 0.2
vt 0.764525993883792 0.2125
vt 0.764525993883792 0.225
vt 0.764525993883792 0.2375
vt 0.764525993883792 0.25
vt 0.764525993883792 0.2625
vt 0.764525993883792 0.275
vt 0.764525993883792 0.2875
vt 0.764525993883792 0.3
vt 0.764525993883792 0.3125
vt 0.764525993883792 0.325
vt 0.764525993883792 0.3375
vt 0.764525993883792 0.35
vt 0.764525993883792 0.3625
vt 0.764525993883792 0.375
vt 0.764525993883792 0.3875
vt 0.764525993883792 0.4
vt 0.764525993883792 0.4125
vt 0.764525993883792 0.425
vt 0.764525993883792 0.4375
vt 0.764525993883792 0.45
vt 0.764525993883792 0.4625
vt 0.764525993883792 0.475
vt 0.764525993883792 0.4875
vt 0.764525993883792 0.5
vt 0.764525993883792 0.5125
vt 0.764525993883792 0.525
vt 0.764525993883792 0.5375
vt 0.764525993883792 0.55
vt 0.764525993883792 0.5625
vt 0.764525993883792 0.575
vt 0.764525993883792 0.5875
vt 0.764525993883792 0.6
vt 0.764525993883792 0.6125
vt 0.764525993883792 0.625
vt 0.764525993883792 0.6375
vt 0.764525993883792 0.65
vt 0.764525993883792 0.6625
vt 0.764525993883792 0.675
vt 0.764525993883792 0.6875
vt 0.764525993883792 0.7
vt 0.764525993883792 0.7125
vt 0.764525993883792 0.725
vt 0.764525993883792 0.7375
vt 0.764525993883792 0.75
vt 0.764525993883792 0.7625
vt 0.764525993883792 0.775
vt 0.764525993883792 0.7875
vt 0.764525993883792 0.8
vt 0.764525993883792 0.8125
vt 0.764525993883792 0.825
vt 0.764525993883792 0.8375
vt 0.764525993883792 0.85
vt 0.764525993883792 0.8625
vt 0.764525993883792 0.875
vt 0.764525993883792 0.8875
vt 0.764525993883792 0.9
vt 0.764525993883792 0.9125
vt 0.764525993883792 0.925
vt 0.764525993883792 0.9375
vt 0.764525993883792 0.95
vt 0.764525993883792 0.9625
vt 0.764525993883792 0.975
vt 0.764525993883792 0.9875
vt 0.764525993883792 1
vt 0.8103975535168197 0
vt 0.8103975535168197 0.0125
vt 0.8103975535168197 0.025
vt 0.8103975535168197 0.0375
vt 0.8103975535168197 0.05
vt 0.8103975535168197 0.0625
vt 0.8103975535168197 0.075
vt 0.8103975535168197 0.0875
vt 0.8103975535168197 0.1
vt 0.8103975535168197 0.1125
vt 0.8103975535168197 0.125
vt 0.8103975535168197 0.1375
vt 0.8103975535168197 0.15
vt 0.8103975535168197 0.1625
vt 0.8103975535168197 0.175
vt 0.8103975535168197 0.1875
vt 0.8103975535168197 0.2
vt 0.8103975535168197 0.2125
vt 0.8103975535168197 0.225
vt 0.8103975535168197 0.2375
vt 0.8103975535168197 0.25
vt 0.8103975535168197 0.2625
vt 0.8103975535168197 0.275
vt 0.8103975535168197 0.2875
vt 0.8103975535168197 0.3
vt 0.8103975535168197 0.3125
vt 0.8103975535168197 0.325
vt 0.8103975535168197 0.3375
vt 0.8103975535168197 0.35
vt 0.8103975535168197 0.3625
vt 0.8103975535168197 0.375
vt 0.8103975535168197 0.3875
vt 0.8103975535168197 0.4
vt 0.8103975535168197 0.4125
vt 0.8103975535168197 0.425
vt 0.8103975535168197 0.4375
vt 0.8103975535168197 0.45
vt 0.8103975535168197 0.4625
vt 0.8103975535168197 0.475
vt 0.8103975535168197 0.4875
vt 0.8103975535168197 0.5
vt 0.8103975535168197 0.5125
vt 0.8103975535168197 0.525
vt 0.8103975535168197 0.5375
vt 0.8103975535168197 0.55
vt 0.8103975535168197 0.5625
vt 0.8103975535168197 0.575
vt 0.8103975535168197 0.5875
vt 0.8103975535168197 0.6
vt 0.8103975535168197 0.6125
vt 0.8103975535168197 0.625
vt 0.8103975535168197 0.6375
vt 0.8103975535168197 0.65
vt 0.8103975535168197 0.6625
vt 0.8103975535168197 0.675
vt 0.8103975535168197 0.6875
vt 0.8103975535168197 0.7
vt 0.8103975535168197 0.7125
vt 0.8103975535168197 0.725
vt 0.8103975535168197 0.7375
vt 0.8103975535168197 0.75
vt 0.8103975535168197 0.7625
vt 0.8103975535168197 0.775
vt 0.8103975535168197 0.7875
vt 0.8103975535168197 0.8
vt 0.8103975535168197 0.8125
vt 0.8103975535168197 0.825
vt 0.8103975535168197 0.8375
vt 0.8103975535168197 0.85
vt 0.8103975535168197 0.8625
vt 0.8103975535168197 0.875
vt 0.8103975535168197 0.8875
vt 0.8103975535168197 0.9
vt 0.8103975535168197 0.9125
vt 0.8103975535168197 0.925
vt 0.8103975535168197 0.9375
vt 0.8103975535168197 0.95
vt 0.8103975535168197 0.9625
vt 0.8103975535168197 0.975
vt 0.8103975535168197 0.9875
vt 0.8103975535168197 1
vt 0.8501529051987767 0
vt 0.8501529051987767 0.0125
vt 0.8501529051987767 0.025
vt 0.8501529051987767 0.0375
vt 0.8501529051987767 0.05
vt 0.8501529051987767 0.0625
vt 0.8501529051987767 0.075
vt 0.8501529051987767 0.0875
vt 0.8501529051987767 0.1
vt 0.8501529051987767 0.1125
vt 0.8501529051987767 0.125
vt 0.8501529051987767 0.1375
vt 0.8501529051987767 0.15
vt 0.8501529051987767 0.1625
vt 0.8501529051987767 0.175
vt 0.8501529051987767 0.1875
vt 0.8501529051987767 0.2
vt 0.8501529051987767 0.2125
vt 0.8501529051987767 0.225
vt 0.8501529051987767 0.2375
vt 0.8501529051987767 0.25
vt 0.8501529051987767 0.2625
vt 0.8501529051987767 0.275
vt 0.8501529051987767 0.2875
vt 0.8501529051987767 0.3
vt 0.8501529051987767 0.3125
vt 0.8501529051987767 0.325
vt 0.8501529051987767 0.3375
vt 0.8501529051987767 0.35
vt 0.8501529051987767 0.3625
vt 0.8501529051987767 0.375
vt 0.8501529051987767 0.3875
vt 0.8501529051987767 0.4
vt 0.8501529051987767 0.4125
vt 0.8501529051987767 0.425
vt 0.8501529051987767 0.4375
vt 0.8501529051987767 0.45
vt 0.8501529051987767 0.4625
vt 0.8501529051987767 0.475
vt 0.8501529051987767 0.4875
vt 0.8501529051987767 0.5
vt 0.8501529051987767 0.5125
vt 0.8501529051987767 0.525
vt 0.8501529051987767 0.5375
vt 0.8501529051987767 0.55
vt 0.8501529051987767 0.5625
vt 0.8501529051987767 0.575
vt 0.8501529051987767 0.5875
vt 0.8501529051987767 0.6
vt 0.8501529051987767 0.6125
vt 0.8501529051987767 0.625
vt 0.8501529051987767 0.6375
vt 0.8501529051987767 0.65
vt 0.8501529051987767 0.6625
vt 0.8501529051987767 0.675
vt 0.8501529051987767 0.6875
vt 0.8501529051987767 0.7
vt 0.8501529051987767 0.7125
vt 0.8501529051987767 0.725
vt 0.8501529051987767 0.7375
vt 0.8501529051987767 0.75
vt 0.8501529051987767 0.7625
vt 0.8501529051987767 0.775
vt 0.8501529051987767 0.7875
vt 0.8501529051987767 0.8
vt 0.8501529051987767 0.8125
vt 0.8501529051987767 0.825
vt 0.8501529051987767 0.8375
vt 0.8501529051987767 0.85
vt 0.8501529051987767 0.8625
vt 0.8501529051987767 0.875
vt 0.8501529051987767 0.8875
vt 0.8501529051987767 0.9
vt 0.8501529051987767 0.9125
vt 0.8501529051987767 0.925
vt 0.8501529051987767 0.9375
vt 0.8501529051987767 0.95
vt 0.8501529051987767 0.9625
vt 0.8501529051987767 0.975
vt 0.8501529051987767 0.9875
vt 0.8501529051987767 1
vt 0.8929663608562691 0
vt 0.8929663608562691 0.0125
vt 0.8929663608562691 0.025
vt 0.8929663608562691 0.0375
vt 0.8929663608562691 0.05
vt 0.8929663608562691 0.0625
vt 0.8929663608562691 0.075
vt 0.8929663608562691 0.0875
vt 0.8929663608562691 0.1
vt 0.8929663608562691 0.1125
vt 0.8929663608562691 0.125
vt 0.8929663608562691 0.1375
vt 0.8929663608562691 0.15
vt 0.8929663608562691 0.1625
vt 0.8929663608562691 0.175
vt 0.8929663608562691 0.1875
vt 0.8929663608562691 0.2
vt 0.8929663608562691 0.2125
vt 0.8929663608562691 0.225
vt 0.8929663608562691 0.2375
vt 0.8929663608562691 0.25
vt 0.8929663608562691 0.2625
vt 0.8929663608562691 0.275
vt 0.8929663608562691 0.2875
vt 0.8929663608562691 0.3
vt 0.8929663608562691 0.3125
vt 0.8929663608562691 0.325
vt 0.8929663608562691 0.3375
vt 0.8929663608562691 0.35
vt 0.8929663608562691 0.3625
vt 0.8929663608562691 0.375
vt 0.8929663608562691 0.3875
vt 0.8929663608562691 0.4
vt 0.8929663608562691 0.4125
vt 0.8929663608562691 0.425
vt 0.8929663608562691 0.4375
vt 0.8929663608562691 0.45
vt 0.8929663608562691 0.4625
vt 0.8929663608562691 0.475
vt 0.8929663608562691 0.4875
vt 0.8929663608562691 0.5
vt 0.8929663608562691 0.5125
vt 0.8929663608562691 0.525
vt 0.8929663608562691 0.5375
vt 0.8929663608562691 0.55
vt 0.8929663608562691 0.5625
vt 0.8929663608562691 0.575
vt 0.8929663608562691 0.5875
vt 0.8929663608562691 0.6
vt 0.8929663608562691 0.6125
vt 0.8929663608562691 0.625
vt 0.8929663608562691 0.6375
vt 0.8929663608562691 0.65
vt 0.8929663608562691 0.6625
vt 0.8929663608562691 0.675
vt 0.8929663608562691 0.6875
vt 0.8929663608562691 0.7
vt 0.8929663608562691 0.7125
vt 0.8929663608562691 0.725
vt 0.8929663608562691 0.7375
vt 0.8929663608562691 0.75
vt 0.8929663608562691 0.7625
vt 0.8929663608562691 0.775
vt 0.8929663608562691 0.7875
vt 0.8929663608562691 0.8
vt 0.8929663608562691 0.8125
vt 0.8929663608562691 0.825
vt 0.8929663608562691 0.8375
vt 0.8929663608562691 0.85
vt 0.8929663608562691 0.8625
vt 0.8929663608562691 0.875
vt 0.8929663608562691 0.8875
vt 0.8929663608562691 0.9
vt 0.8929663608562691 0.9125
vt 0.8929663608562691 0.925
vt 0.8929663608562691 0.9375
vt 0.8929663608562691 0.95
vt 0.8929663608562691 0.9625
vt 0.8929663608562691 0.975
vt 0.8929663608562691 0.9875
vt 0.8929663608562691 1
vt 0.9418960244648318 0
vt 0.9418960244648318 0.0125
vt 0.9418960244648318 0.025
vt 0.9418960244648318 0.0375
vt 0.9418960244648318 0.05
vt 0.9418960244648318 0.0625
vt 0.9418960244648318 0.075
vt 0.9418960244648318 0.0875
vt 0.9418960244648318 0.1
vt 0.9418960244648318 0.1125
vt 0.9418960244648318 0.125
vt 0.9418960244648318 0.1375
vt 0.9418960244648318 0.15
vt 0.9418960244648318 0.1625
vt 0.9418960244648318 0.175
vt 0.9418960244648318 0.1875
vt 0.9418960244648318 0.2
vt 0.9418960244648318 0.2125
vt 0.9418960244648318 0.225
vt 0.9418960244648318 0.2375
vt 0.9418960244648318 0.25
vt 0.9418960244648318 0.2625
vt 0.9418960244648318 0.275
vt 0.9418960244648318 0.2875
vt 0.9418960244648318 0.3
vt 0.9418960244648318 0.3125
vt 0.9418960244648318 0.325
vt 0.9418960244648318 0.3375
vt 0.9418960244648318 0.35
vt 0.9418960244648318 0.3625
vt 0.9418960244648318 0.375
vt 0.9418960244648318 0.3875
vt 0.9418960244648318 0.4
vt 0.9418960244648318 0.4125
vt 0.9418960244648318 0.425
vt 0.9418960244648318 0.4375
vt 0.9418960244648318 0.45
vt 0.9418960244648318 0.4625
vt 0.9418960244648318 0.475
vt 0.9418960244648318 0.4875
vt 0.9418960244648318 0.5
vt 0.9418960244648318 0.5125
vt 0.9418960244648318 0.525
vt 0.9418960244648318 0.5375
vt 0.9418960244648318 0.55
vt 0.9418960244648318 0.5625
vt 0.9418960244648318 0.575
vt 0.9418960244648318 0.5875
vt 0.9418960244648318 0.6
vt 0.9418960244648318 0.6125
vt 0.9418960244648318 0.625
vt 0.9418960244648318 0.6375
vt 0.9418960244648318 0.65
vt 0.9418960244648318 0.6625
vt 0.9418960244648318 0.675
vt 0.9418960244648318 0.6875
vt 0.9418960244648318 0.7
vt 0.9418960244648318 0.7125
vt 0.9418960244648318 0.725
vt 0.9418960244648318 0.7375
vt 0.9418960244648318 0.75
vt 0.9418960244648318 0.7625
vt 0.9418960244648318 0.775
vt 0.9418960244648318 0.7875
vt 0.9418960244648318 0.8
vt 0.9418960244648318 0.8125
vt 0.9418960244648318 0.825
vt 0.9418960244648318 0.8375
vt 0.9418960244648318 0.85
vt 0.9418960244648318 0.8625
vt 0.9418960244648318 0.875
vt 0.9418960244648318 0.8875
vt 0.9418960244648318 0.9
vt 0.9418960244648318 0.9125
vt 0.9418960244648318 0.925
vt 0.9418960244648318 0.9375
vt 0.9418960244648318 0.95
vt 0.9418960244648318 0.9625
vt 0.9418960244648318 0.975
vt 0.9418960244648318 0.9875
vt 0.9418960244648318 1
vt 1 0
vt 1 0.0125
vt 1 0.025
vt 1 0.0375
vt 1 0.05
vt 1 0.0625
vt 1 0.075
vt 1 0.0875
vt 1 0.1
vt 1 0.1125
vt 1 0.125
vt 1 0.1375
vt 1 0.15
vt 1 0.1625
vt 1 0.175
vt 1 0.1875
vt 1 0.2
vt 1 0.2125
vt 1 0.225
vt 1 0.2375
vt 1 0.25
vt 1 0.2625
vt 1 0.275
vt 1 0.2875
vt 1 0.3
vt 1 0.3125
vt 1 0.325
vt 1 0.3375
vt 1 0.35
vt 1 0.3625
vt 1 0.375
vt 1 0.3875
vt 1 0.4
vt 1 0.4125
vt 1 0.425
vt 1 0.4375
vt 1 0.45
vt 1 0.4625
vt 1 0.475
vt 1 0.4875
vt 1 0.5
vt 1 0.5125
vt 1 0.525
vt 1 0.5375
vt 1 0.55
vt 1 0.5625
vt 1 0.575
vt 1 0.5875
vt 1 0.6
vt 1 0.6125
vt 1 0.625
vt 1 0.6375
vt 1 0.65
vt 1 0.6625
vt 1 0.675
vt 1 0.6875
vt 1 0.7
vt 1 0.7125
vt 1 0.725
vt 1 0.7375
vt 1 0.75
vt 1 0.7625
vt 1 0.775
vt 1 0.7875
vt 1 0.8
vt 1 0.8125
vt 1 0.825
vt 1 0.8375
vt 1 0.85
vt 1 0.8625
vt 1 0.875
vt 1 0.8875
vt 1 0.9
vt 1 0.9125
vt 1 0.925
vt 1 0.9375
vt 1 0.95
vt 1 0.9625
vt 1 0.975
vt 1 0.9875
vt 1 1
vt 0.5 0.5
vt 0.5 0.5
s 1
f 83/83 2/2 1/1
f 82/82 83/83 1/1
f 84/84 3/3 2/2
f 83/83 84/84 2/2
f 85/85 4/4 3/3
f 84/84 85/85 3/3
f 86/86 5/5 4/4
f 85/85 86/86 4/4
f 87/87 6/6 5/5
f 86/86 87/87 5/5
f 88/88 7/7 6/6
f 87/87 88/88 6/6
f 89/89 8/8 7/7
f 88/88 89/89 7/7
f 90/90 9/9 8/8
f 89/89 90/90 8/8
f 91/91 10/10 9/9
f 90/90 91/91 9/9
f 92/92 11/11 10/10
f 91/91 92/92 10/10
f 93/93 12/12 11/11
f 92/92 93/93 11/11
f 94/94 13/13 12/12
f 93/93 94/94 12/12
f 95/95 14/14 13/13
f 94/94 95/95 13/13
f 96/96 15/15 14/14
f 95/95 96/96 14/14
f 97/97 16/16 15/15
f 96/96 97/97 15/15
f 98/98 17/17 16/16
f 97/97 98/98 16/16
f 99/99 18/18 17/17
f 98/98 99/99 17/17
f 100/100 19/19 18/18
f 99/99 100/100 18/18
f 101/101 20/20 19/19
f 100/100 101/101 19/19
f 102/102 21/21 20/20
f 101/101 102/102 20/20
f 103/103 22/22 21/21
f 102/102 103/103 21/21
f 104/104 23/23 22/22
f 103/103 104/104 22/22
f 105/105 24/24 23/23
f 104/104 105/105 23/23
f 106/106 25/25 24/24
f 105/105 106/106 24/24
f 107/107 26/26 25/25
f 106/106 107/107 25/25
f 108/108 27/27 26/26
f 107/107 108/108 26/26
f 109/109 28/28 27/27
f 108/108 109/109 27/27
f 110/110 29/29 28/28
f 109/109 110/110 28/28
f 111/111 30/30 29/29
f 110/110 111/111 29/29
f 112/112 31/31 30/30
f 111/111 112/112 30/30
f 113/113 32/32 31/31
f 112/112 113/113 31/31
f 114/114 33/33 32/32
f 113/113 114/114 32/32
f 115/115 34/34 33/33
f 114/114 115/115 33/33
f 116/116 35/35 34/34
f 115/115 116/116 34/34
f 117/117 36/36 35/35
f 116/116 117/117 35/35
f 118/118 37/37 36/36
f 117/117 118/118 36/36
f 119/119 38/38 37/37
f 118/118 119/119 37/37
f 120/120 39/39 38/38
f 119/119 120/120 38/38
f 121/121 40/40 39/39
f 120/120 121/121 39/39
f 122/122 41/41 40/40
f 121/121 122/122 40/40
f 123/123 42/42 41/41
f 122/122 123/123 41/41
f 124/124 43/43 42/42
f 123/123 124/124 42/42
f 125/125 44/44 43/43
f 124/124 125/125 43/43
f 126/126 45/45 44/44
f 125/125 126/126 44/44
f 127/127 46/46 45/45
f 126/126 127/127 45/45
f 128/128 47/47 46/46
f 127/127 128/128 46/46
f 129/129 48/48 47/47
f 128/128 129/129 47/47
f 130/130 49/49 48/48
f 129/129 130/130 48/48
f 131/131 50/50 49/49
f 130/130 131/131 49/49
f 132/132 51/51 50/50
f 131/131 132/132 50/50
f 133/133 52/52 51/51
f 132/132 133/133 51/51
f 134/134 53/53 52/52
f 133/133 134/134 52/52
f 135/135 54/54 53/53
f 134/134 135/135 53/53
f 136/136 55/55 54/54
f 135/135 136/136 54/54
f 137/137 56/56 55/55
f 136/136 137/137 55/55
f 138/138 57/57 56/56
f 137/137 138/138 56/56
f 139/139 58/58 57/57
f 138/138 139/139 57/57
f 140/140 59/59 58/58
f 139/139 140/140 58/58
f 141/141 60/60 59/59
f 140/140 141/141 59/59
f 142/142 61/61 60/60
f 141/141 142/142 60/60
f 143/143 62/62 61/61
f 142/142 143/143 61/61
f 144/144 63/63 62/62
f 143/143 144/144 62/62
f 145/145 64/64 63/63
f 144/144 145/145 63/63
f 146/146 65/65 64/64
f 145/145 146/146 64/64
f 147/147 66/66 65/65
f 146/146 147/147 65/65
f 148/148 67/67 66/66
f 147/147 148/148 66/66
f 149/149 68/68 67/67
f 148/148 149/149 67/67
f 150/150 69/69 68/68
f 149/149 150/150 68/68
f 151/151 70/70 69/69
f 150/150 151/151 69/69
f 152/152 71/71 70/70
f 151/151 152/152 70/70
f 153/153 72/72 71/71
f 152/152 153/153 71/71
f 154/154 73/73 72/72
f 153/153 154/154 72/72
f 155/155 74/74 73/73
f 154/154 155/155 73/73
f 156/156 75/75 74/74
f 155/155 156/156 74/74
f 157/157 76/76 75/75
f 156/156 157/157 75/75
f 158/158 77/77 76/76
f 157/157 158/158 76/76
f 159/159 78/78 77/77
f 158/158 159/159 77/77
f 160/160 79/79 78/78
f 159/159 160/160 78/78
f 161/161 80/80 79/79
f 160/160 161/161 79/79
f 162/162 81/81 80/80
f 161/161 162/162 80/80
f 164/164 83/83 82/82
f 163/163 164/164 82/82
f 165/165 84/84 83/83
f 164/164 165/165 83/83
f 166/166 85/85 84/84
f 165/165 166/166 84/84
f 167/167 86/86 85/85
f 166/166 167/167 85/85
f 168/168 87/87 86/86
f 167/167 168/168 86/86
f 169/169 88/88 87/87
f 168/168 169/169 87/87
f 170/170 89/89 88/88
f 169/169 170/170 88/88
f 171/171 90/90 89/89
f 170/170 171/171 89/89
f 172/172 91/91 90/90
f 171/171 172/172 90/90
f 173/173 92/92 91/91
f 172/172 173/173 91/91
f 174/174 93/93 92/92
f 173/173 174/174 92/92
f 175/175 94/94 93/93
f 174/174 175/175 93/93
f 176/176 95/95 94/94
f 175/175 176/176 94/94
f 177/177 96/96 95/95
f 176/176 177/177 95/95
f 178/178 97/97 96/96
f 177/177 178/178 96/96
f 179/179 98/98 97/97
f 178/178 179/179 97/97
f 180/180 99/99 98/98
f 179/179 180/180 98/98
f 181/181 100/100 99/99
f 180/180 181/181 99/99
f 182/182 101/101 100/100
f 181/181 182/182 100/100
f 183/183 102/102 101/101
f 182/182 183/183 101/101
f 184/184 103/103 102/102
f 183/183 184/184 102/102
f 185/185 104/104 103/103
f 184/184 185/185 103/103
f 186/186 105/105 104/104
f 185/185 186/186 104/104
f 187/187 106/106 105/105
f 186/186 187/187 105/105
f 188/188 107/107 106/106
f 187/187 188/188 106/106
f 189/189 108/108 107/107
f 188/188 189/189 107/107
f 190/190 109/109 108/108
f 189/189 190/190 108/108
f 191/191 110/110 109/109
f 190/190 191/191 109/109
f 192/192 111/111 110/110
f 191/191 192/192 110/110
f 193/193 112/112 111/111
f 192/192 193/193 111/111
f 194/194 113/113 112/112
f 193/193 194/194 112/112
f 195/195 114/114 113/113
f 194/194 195/195 113/113
f 196/196 115/115 114/114
f 195/195 196/196 114/114
f 197/197 116/116 115/115
f 196/196 197/197 115/115
f 198/198 117/117 116/116
f 197/197 198/198 116/116
f 199/199 118/118 117/117
f 198/198 199/199 117/117
f 200/200 119/119 118/118
f 199/199 200/200 118/118
f 201/201 120/120 119/119
f 200/200 201/201 119/119
f 202/202 121/121 120/120
f 201/201 202/202 120/120
f 203/203 122/122 121/121
f 202/202 203/203 121/121
f 204/204 123/123 122/122
f 203/203 204/204 122/122
f 205/205 124/124 123/123
f 204/204 205/205 123/123
f 206/206 125/125 124/124
f 205/205 206/206 124/124
f 207/207 126/126 125/125
f 206/206 207/207 125/125
f 208/208 127/127 126/126
f 207/207 208/208 126/126
f 209/209 128/128 127/127
f 208/208 209/209 127/127
f 210/210 129/129 128/128
f 209/209 210/210 128/128
f 211/211 130/130 129/129
f 210/210 211/211 129/129
f 212/212 131/131 130/130
f 211/211 212/212 130/130
f 213/213 132/132 131/131
f 212/212 213/213 131/131
f 214/214 133/133 132/132
f 213/213 214/214 132/132
f 215/215 134/134 133/133
f 214/214 215/215 133/133
f 216/216 135/135 134/134
f 215/215 216/216 134/134
f 217/217 136/136 135/135
f 216/216 217/217 135/135
f 218/218 137/137 136/136
f 217/217 218/218 136/136
f 219/219 138/138 137/137
f 218/218 219/219 137/137
f 220/220 139/139 138/138
f 219/219 220/220 138/138
f 221/221 140/140 139/139
f 220/220 221/221 139/139
f 222/222 141/141 140/140
f 221/221 222/222 140/140
f 223/223 142/142 141/141
f 222/222 223/223 141/141
f 224/224 143/143 142/142
f 223/223 224/224 142/142
f 225/225 144/144 143/143
f 224/224 225/225 143/143
f 226/226 145/145 144/144
f 225/225 226/226 144/144
f 227/227 146/146 145/145
f 226/226 227/227 145/145
f 228/228 147/147 146/146
f 227/227 228/228 146/146
f 229/229 148/148 147/147
f 228/228 229/229 147/147
f 230/230 149/149 148/148
f 229/229 230/230 148/148
f 231/231 150/150 149/149
f 230/230 231/231 149/149
f 232/232 151/151 150/150
f 231/231 232/232 150/150
f 233/233 152/152 151/151
f 232/232 233/233 151/151
f 234/234 153/153 152/152
f 233/233 234/234 152/152
f 235/235 154/154 153/153
f 234/234 235/235 153/153
f 236/236 155/155 154/154
f 235/235 236/236 154/154
f 237/237 156/156 155/155
f 236/236 237/237 155/155
f 238/238 157/157 156/156
f 237/237 238/238 156/156
f 239/239 158/158 157/157
f 238/238 239/239 157/157
f 240/240 159/159 158/158
f 239/239 240/240 158/158
f 241/241 160/160 159/159
f 240/240 241/241 159/159
f 242/242 161/161 160/160
f 241/241 242/242 160/160
f 243/243 162/162 161/161
f 242/242 243/243 161/161
f 245/245 164/164 163/163
f 244/244 245/245 163/163
f 246/246 165/165 164/164
f 245/245 246/246 164/164
f 247/247 166/166 165/165
f 246/246 247/247 165/165
f 248/248 167/167 166/166
f 247/247 248/248 166/166
f 249/249 168/168 167/167
f 248/248 249/249 167/167
f 250/250 169/169 168/168
f 249/249 250/250 168/168
f 251/251 170/170 169/169
f 250/250 251/251 169/169
f 252/252 171/171 170/170
f 251/251 252/252 170/170
f 253/253 172/172 171/171
f 252/252 253/253 171/171
f 254/254 173/173 172/172
f 253/253 254/254 172/172
f 255/255 174/174 173/173
f 254/254 255/255 173/173
f 256/256 175/175 174/174
f 255/255 256/256 174/174
f 257/257 176/176 175/175
f 256/256 257/257 175/175
f 258/258 177/177 176/176
f 257/257 258/258 176/176
f 259/259 178/178 177/177
f 258/258 259/259 177/177
f 260/260 179/179 178/178
f 259/259 260/260 178/178
f 261/261 180/180 179/179
f 260/260 261/261 179/179
f 262/262 181/181 180/180
f 261/261 262/262 180/180
f 263/263 182/182 181/181
f 262/262 263/263 181/181
f 264/264 183/183 182/182
f 263/263 264/264 182/182
f 265/265 184/184 183/183
f 264/264 265/265 183/183
f 266/266 185/185 184/184
f 265/265 266/266 184/184
f 267/267 186/186 185/185
f 266/266 267/267 185/185
f 268/268 187/187 186/186
f 267/267 268/268 186/186
f 269/269 188/188 187/187
f 268/268 269/269 187/187
f 270/270 189/189 188/188
f 269/269 270/270 188/188
f 271/271 190/190 189/189
f 270/270 271/271 189/189
f 272/272 191/191 190/190
f 271/271 272/272 190/190
f 273/273 192/192 191/191
f 272/272 273/273 191/191
f 274/274 193/193 192/192
f 273/273 274/274 192/192
f 275/275 194/194 193/193
f 274/274 275/275 193/193
f 276/276 195/195 194/194
f 275/275 276/276 194/194
f 277/277 196/196 195/195
f 276/276 277/277 195/195
f 278/278 197/197 196/196
f 277/277 278/278 196/196
f 279/279 198/198 197/197
f 278/278 279/279 197/197
f 280/280 199/199 198/198
f 279/279 280/280 198/198
f 281/281 200/200 199/199
f 280/280 281/281 199/199
f 282/282 201/201 200/200
f 281/281 282/282 200/200
f 283/283 202/202 201/201
f 282/282 283/283 201/201
f 284/284 203/203 202/202
f 283/283 284/284 202/202
f 285/285 204/204 203/203
f 284/284 285/285 203/203
f 286/286 205/205 204/204
f 285/285 286/286 204/204
f 287/287 206/206 205/205
f 286/286 287/287 205/205
f 288/288 207/207 206/206
f 287/287 288/288 206/206
f 289/289 208/208 207/207
f 288/288 289/289 207/207
f 290/290 209/209 208/208
f 289/289 290/290 208/208
f 291/291 210/210 209/209
f 290/290 291/291 209/209
f 292/292 211/211 210/210
f 291/291 292/292 210/210
f 293/293 212/212 211/211
f 292/292 293/293 211/211
f 294/294 213/213 212/212
f 293/293 294/294 212/212
f 295/295 214/214 213/213
f 294/294 295/295 213/213
f 296/296 215/215 214/214
f 295/295 296/296 214/214
f 297/297 216/216 215/215
f 296/296 297/297 215/215
f 298/298 217/217 216/216
f 297/297 298/298 216/216
f 299/299 218/218 217/217
f 298/298 299/299 217/217
f 300/300 219/219 218/218
f 299/299 300/300 218/218
f 301/301 220/220 219/219
f 300/300 301/301 219/219
f 302/302 221/221 220/220
f 301/301 302/302 220/220
f 303/303 222/222 221/221
f 302/302 303/303 221/221
f 304/304 223/223 222/222
f 303/303 304/304 222/222
f 305/305 224/224 223/223
f 304/304 305/305 223/223
f 306/306 225/225 224/224
f 305/305 306/306 224/224
f 307/307 226/226 225/225
f 306/306 307/307 225/225
f 308/308 227/227 226/226
f 307/307 308/308 226/226
f 309/309 228/228 227/227
f 308/308 309/309 227/227
f 310/310 229/229 228/228
f 309/309 310/310 228/228
f 311/311 230/230 229/229
f 310/310 311/311 229/229
f 312/312 231/231 230/230
f 311/311 312/312 230/230
f 313/313 232/232 231/231
f 312/312 313/313 231/231
f 314/314 233/233 232/232
f 313/313 314/314 232/232
f 315/315 234/234 233/233
f 314/314 315/315 233/233
f 316/316 235/235 234/234
f 315/315 316/316 234/234
f 317/317 236/236 235/235
f 316/316 317/317 235/235
f 318/318 237/237 236/236
f 317/317 318/318 236/236
f 319/319 238/238 237/237
f 318/318 319/319 237/237
f 320/320 239/239 238/238
f 319/319 320/320 238/238
f 321/321 240/240 239/239
f 320/320 321/321 239/239
f 322/322 241/241 240/240
f 321/321 322/322 240/240
f 323/323 242/242 241/241
f 322/322 323/323 241/241
f 324/324 243/243 242/242
f 323/323 324/324 242/242
f 326/326 245/245 244/244
f 325/325 326/326 244/244
f 327/327 246/246 245/245
f 326/326 327/327 245/245
f 328/328 247/247 246/246
f 327/327 328/328 246/246
f 329/329 248/248 247/247
f 328/328 329/329 247/247
f 330/330 249/249 248/248
f 329/329 330/330 248/248
f 331/331 250/250 249/249
f 330/330 331/331 249/249
f 332/332 251/251 250/250
f 331/331 332/332 250/250
f 333/333 252/252 251/251
f 332/332 333/333 251/251
f 334/334 253/253 252/252
f 333/333 334/334 252/252
f 335/335 254/254 253/253
f 334/334 335/335 253/253
f 336/336 255/255 254/254
f 335/335 336/336 254/254
f 337/337 256/256 255/255
f 336/336 337/337 255/255
f 338/338 257/257 256/256
f 337/337 338/338 256/256
f 339/339 258/258 257/257
f 338/338 339/339 257/257
f 340/340 259/259 258/258
f 339/339 340/340 258/258
f 341/341 260/260 259/259
f 340/340 341/341 259/259
f 342/342 261/261 260/260
f 341/341 342/342 260/260
f 343/343 262/262 261/261
f 342/342 343/343 261/261
f 344/344 263/263 262/262
f 343/343 344/344 262/262
f 345/345 264/264 263/263
f 344/344 345/345 263/263
f 346/346 265/265 264/264
f 345/345 346/346 264/264
f 347/347 266/266 265/265
f 346/346 347/347 265/265
f 348/348 267/267 266/266
f 347/347 348/348 266/266
f 349/349 268/268 267/267
f 348/348 349/349 267/267
f 350/350 269/269 268/268
f 349/349 350/350 268/268
f 351/351 270/270 269/269
f 350/350 351/351 269/269
f 352/352 271/271 270/270
f 351/351 352/352 270/270
f 353/353 272/272 271/271
f 352/352 353/353 271/271
f 354/354 273/273 272/272
f 353/353 354/354 272/272
f 355/355 274/274 273/273
f 354/354 355/355 273/273
f 356/356 275/275 274/274
f 355/355 356/356 274/274
f 357/357 276/276 275/275
f 356/356 357/357 275/275
f 358/358 277/277 276/276
f 357/357 358/358 276/276
f 359/359 278/278 277/277
f 358/358 359/359 277/277
f 360/360 279/279 278/278
f 359/359 360/360 278/278
f 361/361 280/280 279/279
f 360/360 361/361 279/279
f 362/362 281/281 280/280
f 361/361 362/362 280/280
f 363/363 282/282 281/281
f 362/362 363/363 281/281
f 364/364 283/283 282/282
f 363/363 364/364 282/282
f 365/365 284/284 283/283
f 364/364 365/365 283/283
f 366/366 285/285 284/284
f 365/365 366/366 284/284
f 367/367 286/286 285/285
f 366/366 367/367 285/285
f 368/368 287/287 286/286
f 367/367 368/368 286/286
f 369/369 288/288 287/287
f 368/368 369/369 287/287
f 370/370 289/289 288/288
f 369/369 370/370 288/288
f 371/371 290/290 289/289
f 370/370 371/371 289/289
f 372/372 291/291 290/290
f 371/371 372/372 290/290
f 373/373 292/292 291/291
f 372/372 373/373 291/291
f 374/374 293/293 292/292
f 373/373 374/374 292/292
f 375/375 294/294 293/293
f 374/374 375/375 293/293
f 376/376 295/295 294/294
f 375/375 376/376 294/294
f 377/377 296/296 295/295
f 376/376 377/377 295/295
f 378/378 297/297 296/296
f 377/377 378/378 296/296
f 379/379 298/298 297/297
f 378/378 379/379 297/297
f 380/380 299/299 298/298
f 379/379 380/380 298/298
f 381/381 300/300 299/299
f 380/380 381/381 299/299
f 382/382 301/301 300/300
f 381/381 382/382 300/300
f 383/383 302/302 301/301
f 382/382 383/383 301/301
f 384/384 303/303 302/302
f 383/383 384/384 302/302
f 385/385 304/304 303/303
f 384/384 385/385 303/303
f 386/386 305/305 304/304
f 385/385 386/386 304/304
f 387/387 306/306 305/305
f 386/386 387/387 305/305
f 388/388 307/307 306/306
f 387/387 388/388 306/306
f 389/389 308/308 307/307
f 388/388 389/389 307/307
f 390/390 309/309 308/308
f 389/389 390/390 308/308
f 391/391 310/310 309/309
f 390/390 391/391 309/309
f 392/392 311/311 310/310
f 391/391 392/392 310/310
f 393/393 312/312 311/311
f 392/392 393/393 311/311
f 394/394 313/313 312/312
f 393/393 394/394 312/312
f 395/395 314/314 313/313
f 394/394 395/395 313/313
f 396/396 315/315 314/314
f 395/395 396/396 314/314
f 397/397 316/316 315/315
f 396/396 397/397 315/315
f 398/398 317/317 316/316
f 397/397 398/398 316/316
f 399/399 318/318 317/317
f 398/398 399/399 317/317
f 400/400 319/319 318/318
f 399/399 400/400 318/318
f 401/401 320/320 319/319
f 400/400 401/401 319/319
f 402/402 321/321 320/320
f 401/401 402/402 320/320
f 403/403 322/322 321/321
f 402/402 403/403 321/321
f 404/404 323/323 322/322
f 403/403 404/404 322/322
f 405/405 324/324 323/323
f 404/404 405/405 323/323
f 407/407 326/326 325/325
f 406/406 407/407 325/325
f 408/408 327/327 326/326
f 407/407 408/408 326/326
f 409/409 328/328 327/327
f 408/408 409/409 327/327
f 410/410 329/329 328/328
f 409/409 410/410 328/328
f 411/411 330/330 329/329
f 410/410 411/411 329/329
f 412/412 331/331 330/330
f 411/411 412/412 330/330
f 413/413 332/332 331/331
f 412/412 413/413 331/331
f 414/414 333/333 332/332
f 413/413 414/414 332/332
f 415/415 334/334 333/333
f 414/414 415/415 333/333
f 416/416 335/335 334/334
f 415/415 416/416 334/334
f 417/417 336/336 335/335
f 416/416 417/417 335/335
f 418/418 337/337 336/336
f 417/417 418/418 336/336
f 419/419 338/338 337/337
f 418/418 419/419 337/337
f 420/420 339/339 338/338
f 419/419 420/420 338/338
f 421/421 340/340 339/339
f 420/420 421/421 339/339
f 422/422 341/341 340/340
f 421/421 422/422 340/340
f 423/423 342/342 341/341
f 422/422 423/423 341/341
f 424/424 343/343 342/342
f 423/423 424/424 342/342
f 425/425 344/344 343/343
f 424/424 425/425 343/343
f 426/426 345/345 344/344
f 425/425 426/426 344/344
f 427/427 346/346 345/345
f 426/426 427/427 345/345
f 428/428 347/347 346/346
f 427/427 428/428 346/346
f 429/429 348/348 347/347
f 428/428 429/429 347/347
f 430/430 349/349 348/348
f 429/429 430/430 348/348
f 431/431 350/350 349/349
f 430/430 431/431 349/349
f 432/432 351/351 350/350
f 431/431 432/432 350/350
f 433/433 352/352 351/351
f 432/432 433/433 351/351
f 434/434 353/353 352/352
f 433/433 434/434 352/352
f 435/435 354/354 353/353
f 434/434 435/435 353/353
f 436/436 355/355 354/354
f 435/435 436/436 354/354
f 437/437 356/356 355/355
f 436/436 437/437 355/355
f 438/438 357/357 356/356
f 437/437 438/438 356/356
f 439/439 358/358 357/357
f 438/438 439/439 357/357
f 440/440 359/359 358/358
f 439/439 440/440 358/358
f 441/441 360/360 359/359
f 440/440 441/441 359/359
f 442/442 361/361 360/360
f 441/441 442/442 360/360
f 443/443 362/362 361/361
f 442/442 443/443 361/361
f 444/444 363/363 362/362
f 443/443 444/444 362/362
f 445/445 364/364 363/363
f 444/444 445/445 363/363
f 446/446 365/365 364/364
f 445/445 446/446 364/364
f 447/447 366/366 365/365
f 446/446 447/447 365/365
f 448/448 367/367 366/366
f 447/447 448/448 366/366
f 449/449 368/368 367/367
f 448/448 449/449 367/367
f 450/450 369/369 368/368
f 449/449 450/450 368/368
f 451/451 370/370 369/369
f 450/450 451/451 369/369
f 452/452 371/371 370/370
f 451/451 452/452 370/370
f 453/453 372/372 371/371
f 452/452 453/453 371/371
f 454/454 373/373 372/372
f 453/453 454/454 372/372
f 455/455 374/374 373/373
f 454/454 455/455 373/373
f 456/456 375/375 374/374
f 455/455 456/456 374/374
f 457/457 376/376 375/375
f 456/456 457/457 375/375
f 458/458 377/377 376/376
f 457/457 458/458 376/376
f 459/459 378/378 377/377
f 458/458 459/459 377/377
f 460/460 379/379 378/378
f 459/459 460/460 378/378
f 461/461 380/380 379/379
f 460/460 461/461 379/379
f 462/462 381/381 380/380
f 461/461 462/462 380/380
f 463/463 382/382 381/381
f 462/462 463/463 381/381
f 464/464 383/383 382/382
f 463/463 464/464 382/382
f 465/465 384/384 383/383
f 464/464 465/465 383/383
f 466/466 385/385 384/384
f 465/465 466/466 384/384
f 467/467 386/386 385/385
f 466/466 467/467 385/385
f 468/468 387/387 386/386
f 467/467 468/468 386/386
f 469/469 388/388 387/387
f 468/468 469/469 387/387
f 470/470 389/389 388/388
f 469/469 470/470 388/388
f 471/471 390/390 389/389
f 470/470 471/471 389/389
f 472/472 391/391 390/390
f 471/471 472/472 390/390
f 473/473 392/392 391/391
f 472/472 473/473 391/391
f 474/474 393/393 392/392
f 473/473 474/474 392/392
f 475/475 394/394 393/393
f 474/474 475/475 393/393
f 476/476 395/395 394/394
f 475/475 476/476 394/394
f 477/477 396/396 395/395
f 476/476 477/477 395/395
f 478/478 397/397 396/396
f 477/477 478/478 396/396
f 479/479 398/398 397/397
f 478/478 479/479 397/397
f 480/480 399/399 398/398
f 479/479 480/480 398/398
f 481/481 400/400 399/399
f 480/480 481/481 399/399
f 482/482 401/401 400/400
f 481/481 482/482 400/400
f 483/483 402/402 401/401
f 482/482 483/483 401/401
f 484/484 403/403 402/402
f 483/483 484/484 402/402
f 485/485 404/404 403/403
f 484/484 485/485 403/403
f 486/486 405/405 404/404
f 485/485 486/486 404/404
f 488/488 407/407 406/406
f 487/487 488/488 406/406
f 489/489 408/408 407/407
f 488/488 489/489 407/407
f 490/490 409/409 408/408
f 489/489 490/490 408/408
f 491/491 410/410 409/409
f 490/490 491/491 409/409
f 492/492 411/411 410/410
f 491/491 492/492 410/410
f 493/493 412/412 411/411
f 492/492 493/493 411/411
f 494/494 413/413 412/412
f 493/493 494/494 412/412
f 495/495 414/414 413/413
f 494/494 495/495 413/413
f 496/496 415/415 414/414
f 495/495 496/496 414/414
f 497/497 416/416 415/415
f 496/496 497/497 415/415
f 498/498 417/417 416/416
f 497/497 498/498 416/416
f 499/499 418/418 417/417
f 498/498 499/499 417/417
f 500/500 419/419 418/418
f 499/499 500/500 418/418
f 501/501 420/420 419/419
f 500/500 501/501 419/419
f 502/502 421/421 420/420
f 501/501 502/502 420/420
f 503/503 422/422 421/421
f 502/502 503/503 421/421
f 504/504 423/423 422/422
f 503/503 504/504 422/422
f 505/505 424/424 423/423
f 504/504 505/505 423/423
f 506/506 425/425 424/424
f 505/505 506/506 424/424
f 507/507 426/426 425/425
f 506/506 507/507 425/425
f 508/508 427/427 426/426
f 507/507 508/508 426/426
f 509/509 428/428 427/427
f 508/508 509/509 427/427
f 510/510 429/429 428/428
f 509/509 510/510 428/428
f 511/511 430/430 429/429
f 510/510 511/511 429/429
f 512/512 431/431 430/430
f 511/511 512/512 430/430
f 513/513 432/432 431/431
f 512/512 513/513 431/431
f 514/514 433/433 432/432
f 513/513 514/514 432/432
f 515/515 434/434 433/433
f 514/514 515/515 433/433
f 516/516 435/435 434/434
f 515/515 516/516 434/434
f 517/517 436/436 435/435
f 516/516 517/517 435/435
f 518/518 437/437 436/436
f 517/517 518/518 436/436
f 519/519 438/438 437/437
f 518/518 519/519 437/437
f 520/520 439/439 438/438
f 519/519 520/520 438/438
f 521/521 440/440 439/439
f 520/520 521/521 439/439
f 522/522 441/441 440/440
f 521/521 522/522 440/440
f 523/523 442/442 441/441
f 522/522 523/523 441/441
f 524/524 443/443 442/442
f 523/523 524/524 442/442
f 525/525 444/444 443/443
f 524/524 525/525 443/443
f 526/526 445/445 444/444
f 525/525 526/526 444/444
f 527/527 446/446 445/445
f 526/526 527/527 445/445
f 528/528 447/447 446/446
f 527/527 528/528 446/446
f 529/529 448/448 447/447
f 528/528 529/529 447/447
f 530/530 449/449 448/448
f 529/529 530/530 448/448
f 531/531 450/450 449/449
f 530/530 531/531 449/449
f 532/532 451/451 450/450
f 531/531 532/532 450/450
f 533/533 452/452 451/451
f 532/532 533/533 451/451
f 534/534 453/453 452/452
f 533/533 534/534 452/452
f 535/535 454/454 453/453
f 534/534 535/535 453/453
f 536/536 455/455 454/454
f 535/535 536/536 454/454
f 537/537 456/456 455/455
f 536/536 537/537 455/455
f 538/538 457/457 456/456
f 537/537 538/538 456/456
f 539/539 458/458 457/457
f 538/538 539/539 457/457
f 540/540 459/459 458/458
f 539/539 540/540 458/458
f 541/541 460/460 459/459
f 540/540 541/541 459/459
f 542/542 461/461 460/460
f 541/541 542/542 460/460
f 543/543 462/462 461/461
f 542/542 543/543 461/461
f 544/544 463/463 462/462
f 543/543 544/544 462/462
f 545/545 464/464 463/463
f 544/544 545/545 463/463
f 546/546 465/465 464/464
f 545/545 546/546 464/464
f 547/547 466/466 465/465
f 546/546 547/547 465/465
f 548/548 467/467 466/466
f 547/547 548/548 466/466
f 549/549 468/468 467/467
f 548/548 549/549 467/467
f 550/550 469/469 468/468
f 549/549 550/550 468/468
f 551/551 470/470 469/469
f 550/550 551/551 469/469
f 552/552 471/471 470/470
f 551/551 552/552 470/470
f 553/553 472/472 471/471
f 552/552 553/553 471/471
f 554/554 473/473 472/472
f 553/553 554/554 472/472
f 555/555 474/474 473/473
f 554/554 555/555 473/473
f 556/556 475/475 474/474
f 555/555 556/556 474/474
f 557/557 476/476 475/475
f 556/556 557/557 475/475
f 558/558 477/477 476/476
f 557/557 558/558 476/476
f 559/559 478/478 477/477
f 558/558 559/559 477/477
f 560/560 479/479 478/478
f 559/559 560/560 478/478
f 561/561 480/480 479/479
f 560/560 561/561 479/479
f 562/562 481/481 480/480
f 561/561 562/562 480/480
f 563/563 482/482 481/481
f 562/562 563/563 481/481
f 564/564 483/483 482/482
f 563/563 564/564 482/482
f 565/565 484/484 483/483
f 564/564 565/565 483/483
f 566/566 485/485 484/484
f 565/565 566/566 484/484
f 567/567 486/486 485/485
f 566/566 567/567 485/485
f 569/569 488/488 487/487
f 568/568 569/569 487/487
f 570/570 489/489 488/488
f 569/569 570/570 488/488
f 571/571 490/490 489/489
f 570/570 571/571 489/489
f 572/572 491/491 490/490
f 571/571 572/572 490/490
f 573/573 492/492 491/491
f 572/572 573/573 491/491
f 574/574 493/493 492/492
f 573/573 574/574 492/492
f 575/575 494/494 493/493
f 574/574 575/575 493/493
f 576/576 495/495 494/494
f 575/575 576/576 494/494
f 577/577 496/496 495/495
f 576/576 577/577 495/495
f 578/578 497/497 496/496
f 577/577 578/578 496/496
f 579/579 498/498 497/497
f 578/578 579/579 497/497
f 580/580 499/499 498/498
f 579/579 580/580 498/498
f 581/581 500/500 499/499
f 580/580 581/581 499/499
f 582/582 501/501 500/500
f 581/581 582/582 500/500
f 583/583 502/502 501/501
f 582/582 583/583 501/501
f 584/584 503/503 502/502
f 583/583 584/584 502/502
f 585/585 504/504 503/503
f 584/584 585/585 503/503
f 586/586 505/505 504/504
f 585/585 586/586 504/504
f 587/587 506/506 505/505
f 586/586 587/587 505/505
f 588/588 507/507 506/506
f 587/587 588/588 506/506
f 589/589 508/508 507/507
f 588/588 589/589 507/507
f 590/590 509/509 508/508
f 589/589 590/590 508/508
f 591/591 510/510 509/509
f 590/590 591/591 509/509
f 592/592 511/511 510/510
f 591/591 592/592 510/510
f 593/593 512/512 511/511
f 592/592 593/593 511/511
f 594/594 513/513 512/512
f 593/593 594/594 512/512
f 595/595 514/514 513/513
f 594/594 595/595 513/513
f 596/596 515/515 514/514
f 595/595 596/596 514/514
f 597/597 516/516 515/515
f 596/596 597/597 515/515
f 598/598 517/517 516/516
f 597/597 598/598 516/516
f 599/599 518/518 517/517
f 598/598 599/599 517/517
f 600/600 519/519 518/518
f 599/599 600/600 518/518
f 601/601 520/520 519/519
f 600/600 601/601 519/519
f 602/602 521/521 520/520
f 601/601 602/602 520/520
f 603/603 522/522 521/521
f 602/602 603/603 521/521
f 604/604 523/523 522/522
f 603/603 604/604 522/522
f 605/605 524/524 523/523
f 604/604 605/605 523/523
f 606/606 525/525 524/524
f 605/605 606/606 524/524
f 607/607 526/526 525/525
f 606/606 607/607 525/525
f 608/608 527/527 526/526
f 607/607 608/608 526/526
f 609/609 528/528 527/527
f 608/608 609/609 527/527
f 610/610 529/529 528/528
f 609/609 610/610 528/528
f 611/611 530/530 529/529
f 610/610 611/611 529/529
f 612/612 531/531 530/530
f 611/611 612/612 530/530
f 613/613 532/532 531/531
f 612/612 613/613 531/531
f 614/614 533/533 532/532
f 613/613 614/614 532/532
f 615/615 534/534 533/533
f 614/614 615/615 533/533
f 616/616 535/535 534/534
f 615/615 616/616 534/534
f 617/617 536/536 535/535
f 616/616 617/617 535/535
f 618/618 537/537 536/536
f 617/617 618/618 536/536
f 619/619 538/538 537/537
f 618/618 619/619 537/537
f 620/620 539/539 538/538
f 619/619 620/620 538/538
f 621/621 540/540 539/539
f 620/620 621/621 539/539
f 622/622 541/541 540/540
f 621/621 622/622 540/540
f 623/623 542/542 541/541
f 622/622 623/623 541/541
f 624/624 543/543 542/542
f 623/623 624/624 542/542
f 625/625 544/544 543/543
f 624/624 625/625 543/543
f 626/626 545/545 544/544
f 625/625 626/626 544/544
f 627/627 546/546 545/545
f 626/626 627/627 545/545
f 628/628 547/547 546/546
f 627/627 628/628 546/546
f 629/629 548/548 547/547
f 628/628 629/629 547/547
f 630/630 549/549 548/548
f 629/629 630/630 548/548
f 631/631 550/550 549/549
f 630/630 631/631 549/549
f 632/632 551/551 550/550
f 631/631 632/632 550/550
f 633/633 552/552 551/551
f 632/632 633/633 551/551
f 634/634 553/553 552/552
f 633/633 634/634 552/552
f 635/635 554/554 553/553
f 634/634 635/635 553/553
f 636/636 555/555 554/554
f 635/635 636/636 554/554
f 637/637 556/556 555/555
f 636/636 637/637 555/555
f 638/638 557/557 556/556
f 637/637 638/638 556/556
f 639/639 558/558 557/557
f 638/638 639/639 557/557
f 640/640 559/559 558/558
f 639/639 640/640 558/558
f 641/641 560/560 559/559
f 640/640 641/641 559/559
f 642/642 561/561 560/560
f 641/641 642/642 560/560
f 643/643 562/562 561/561
f 642/642 643/643 561/561
f 644/644 563/563 562/562
f 643/643 644/644 562/562
f 645/645 564/564 563/563
f 644/644 645/645 563/563
f 646/646 565/565 564/564
f 645/645 646/646 564/564
f 647/647 566/566 565/565
f 646/646 647/647 565/565
f 648/648 567/567 566/566
f 647/647 648/648 566/566
f 650/650 569/569 568/568
f 649/649 650/650 568/568
f 651/651 570/570 569/569
f 650/650 651/651 569/569
f 652/652 571/571 570/570
f 651/651 652/652 570/570
f 653/653 572/572 571/571
f 652/652 653/653 571/571
f 654/654 573/573 572/572
f 653/653 654/654 572/572
f 655/655 574/574 573/573
f 654/654 655/655 573/573
f 656/656 575/575 574/574
f 655/655 656/656 574/574
f 657/657 576/576 575/575
f 656/656 657/657 575/575
f 658/658 577/577 576/576
f 657/657 658/658 576/576
f 659/659 578/578 577/577
f 658/658 659/659 577/577
f 660/660 579/579 578/578
f 659/659 660/660 578/578
f 661/661 580/580 579/579
f 660/660 661/661 579/579
f 662/662 581/581 580/580
f 661/661 662/662 580/580
f 663/663 582/582 581/581
f 662/662 663/663 581/581
f 664/664 583/583 582/582
f 663/663 664/664 582/582
f 665/665 584/584 583/583
f 664/664 665/665 583/583
f 666/666 585/585 584/584
f 665/665 666/666 584/584
f 667/667 586/586 585/585
f 666/666 667/667 585/585
f 668/668 587/587 586/586
f 667/667 668/668 586/586
f 669/669 588/588 587/587
f 668/668 669/669 587/587
f 670/670 589/589 588/588
f 669/669 670/670 588/588
f 671/671 590/590 589/589
f 670/670 671/671 589/589
f 672/672 591/591 590/590
f 671/671 672/672 590/590
f 673/673 592/592 591/591
f 672/672 673/673 591/591
f 674/674 593/593 592/592
f 673/673 674/674 592/592
f 675/675 594/594 593/593
f 674/674 675/675 593/593
f 676/676 595/595 594/594
f 675/675 676/676 594/594
f 677/677 596/596 595/595
f 676/676 677/677 595/595
f 678/678 597/597 596/596
f 677/677 678/678 596/596
f 679/679 598/598 597/597
f 678/678 679/679 597/597
f 680/680 599/599 598/598
f 679/679 680/680 598/598
f 681/681 600/600 599/599
f 680/680 681/681 599/599
f 682/682 601/601 600/600
f 681/681 682/682 600/600
f 683/683 602/602 601/601
f 682/682 683/683 601/601
f 684/684 603/603 602/602
f 683/683 684/684 602/602
f 685/685 604/604 603/603
f 684/684 685/685 603/603
f 686/686 605/605 604/604
f 685/685 686/686 604/604
f 687/687 606/606 605/605
f 686/686 687/687 605/605
f 688/688 607/607 606/606
f 687/687 688/688 606/606
f 689/689 608/608 607/607
f 688/688 689/689 607/607
f 690/690 609/609 608/608
f 689/689 690/690 608/608
f 691/691 610/610 609/609
f 690/690 691/691 609/609
f 692/692 611/611 610/610
f 691/691 692/692 610/610
f 693/693 612/612 611/611
f 692/692 693/693 611/611
f 694/694 613/613 612/612
f 693/693 694/694 612/612
f 695/695 614/614 613/613
f 694/694 695/695 613/613
f 696/696 615/615 614/614
f 695/695 696/696 614/614
f 697/697 616/616 615/615
f 696/696 697/697 615/615
f 698/698 617/617 616/616
f 697/697 698/698 616/616
f 699/699 618/618 617/617
f 698/698 699/699 617/617
f 700/700 619/619 618/618
f 699/699 700/700 618/618
f 701/701 620/620 619/619
f 700/700 701/701 619/619
f 702/702 621/621 620/620
f 701/701 702/702 620/620
f 703/703 622/622 621/621
f 702/702 703/703 621/621
f 704/704 623/623 622/622
f 703/703 704/704 622/622
f 705/705 624/624 623/623
f 704/704 705/705 623/623
f 706/706 625/625 624/624
f 705/705 706/706 624/624
f 707/707 626/626 625/625
f 706/706 707/707 625/625
f 708/708 627/627 626/626
f 707/707 708/708 626/626
f 709/709 628/628 627/627
f 708/708 709/709 627/627
f 710/710 629/629 628/628
f 709/709 710/710 628/628
f 711/711 630/630 629/629
f 710/710 711/711 629/629
f 712/712 631/631 630/630
f 711/711 712/712 630/630
f 713/713 632/632 631/631
f 712/712 713/713 631/631
f 714/714 633/633 632/632
f 713/713 714/714 632/632
f 715/715 634/634 633/633
f 714/714 715/715 633/633
f 716/716 635/635 634/634
f 715/715 716/716 634/634
f 717/717 636/636 635/635
f 716/716 717/717 635/635
f 718/718 637/637 636/636
f 717/717 718/718 636/636
f 719/719 638/638 637/637
f 718/718 719/719 637/637
f 720/720 639/639 638/638
f 719/719 720/720 638/638
f 721/721 640/640 639/639
f 720/720 721/721 639/639
f 722/722 641/641 640/640
f 721/721 722/722 640/640
f 723/723 642/642 641/641
f 722/722 723/723 641/641
f 724/724 643/643 642/642
f 723/723 724/724 642/642
f 725/725 644/644 643/643
f 724/724 725/725 643/643
f 726/726 645/645 644/644
f 725/725 726/726 644/644
f 727/727 646/646 645/645
f 726/726 727/727 645/645
f 728/728 647/647 646/646
f 727/727 728/728 646/646
f 729/729 648/648 647/647
f 728/728 729/729 647/647
f 731/731 650/650 649/649
f 730/730 731/731 649/649
f 732/732 651/651 650/650
f 731/731 732/732 650/650
f 733/733 652/652 651/651
f 732/732 733/733 651/651
f 734/734 653/653 652/652
f 733/733 734/734 652/652
f 735/735 654/654 653/653
f 734/734 735/735 653/653
f 736/736 655/655 654/654
f 735/735 736/736 654/654
f 737/737 656/656 655/655
f 736/736 737/737 655/655
f 738/738 657/657 656/656
f 737/737 738/738 656/656
f 739/739 658/658 657/657
f 738/738 739/739 657/657
f 740/740 659/659 658/658
f 739/739 740/740 658/658
f 741/741 660/660 659/659
f 740/740 741/741 659/659
f 742/742 661/661 660/660
f 741/741 742/742 660/660
f 743/743 662/662 661/661
f 742/742 743/743 661/661
f 744/744 663/663 662/662
f 743/743 744/744 662/662
f 745/745 664/664 663/663
f 744/744 745/745 663/663
f 746/746 665/665 664/664
f 745/745 746/746 664/664
f 747/747 666/666 665/665
f 746/746 747/747 665/665
f 748/748 667/667 666/666
f 747/747 748/748 666/666
f 749/749 668/668 667/667
f 748/748 749/749 667/667
f 750/750 669/669 668/668
f 749/749 750/750 668/668
f 751/751 670/670 669/669
f 750/750 751/751 669/669
f 752/752 671/671 670/670
f 751/751 752/752 670/670
f 753/753 672/672 671/671
f 752/752 753/753 671/671
f 754/754 673/673 672/672
f 753/753 754/754 672/672
f 755/755 674/674 673/673
f 754/754 755/755 673/673
f 756/756 675/675 674/674
f 755/755 756/756 674/674
f 757/757 676/676 675/675
f 756/756 757/757 675/675
f 758/758 677/677 676/676
f 757/757 758/758 676/676
f 759/759 678/678 677/677
f 758/758 759/759 677/677
f 760/760 679/679 678/678
f 759/759 760/760 678/678
f 761/761 680/680 679/679
f 760/760 761/761 679/679
f 762/762 681/681 680/680
f 761/761 762/762 680/680
f 763/763 682/682 681/681
f 762/762 763/763 681/681
f 764/764 683/683 682/682
f 763/763 764/764 682/682
f 765/765 684/684 683/683
f 764/764 765/765 683/683
f 766/766 685/685 684/684
f 765/765 766/766 684/684
f 767/767 686/686 685/685
f 766/766 767/767 685/685
f 768/768 687/687 686/686
f 767/767 768/768 686/686
f 769/769 688/688 687/687
f 768/768 769/769 687/687
f 770/770 689/689 688/688
f 769/769 770/770 688/688
f 771/771 690/690 689/689
f 770/770 771/771 689/689
f 772/772 691/691 690/690
f 771/771 772/772 690/690
f 773/773 692/692 691/691
f 772/772 773/773 691/691
f 774/774 693/693 692/692
f 773/773 774/774 692/692
f 775/775 694/694 693/693
f 774/774 775/775 693/693
f 776/776 695/695 694/694
f 775/775 776/776 694/694
f 777/777 696/696 695/695
f 776/776 777/777 695/695
f 778/778 697/697 696/696
f 777/777 778/778 696/696
f 779/779 698/698 697/697
f 778/778 779/779 697/697
f 780/780 699/699 698/698
f 779/779 780/780 698/698
f 781/781 700/700 699/699
f 780/780 781/781 699/699
f 782/782 701/701 700/700
f 781/781 782/782 700/700
f 783/783 702/702 701/701
f 782/782 783/783 701/701
f 784/784 703/703 702/702
f 783/783 784/784 702/702
f 785/785 704/704 703/703
f 784/784 785/785 703/703
f 786/786 705/705 704/704
f 785/785 786/786 704/704
f 787/787 706/706 705/705
f 786/786 787/787 705/705
f 788/788 707/707 706/706
f 787/787 788/788 706/706
f 789/789 708/708 707/707
f 788/788 789/789 707/707
f 790/790 709/709 708/708
f 789/789 790/790 708/708
f 791/791 710/710 709/709
f 790/790 791/791 709/709
f 792/792 711/711 710/710
f 791/791 792/792 710/710
f 793/793 712/712 711/711
f 792/792 793/793 711/711
f 794/794 713/713 712/712
f 793/793 794/794 712/712
f 795/795 714/714 713/713
f 794/794 795/795 713/713
f 796/796 715/715 714/714
f 795/795 796/796 714/714
f 797/797 716/716 715/715
f 796/796 797/797 715/715
f 798/798 717/717 716/716
f 797/797 798/798 716/716
f 799/799 718/718 717/717
f 798/798 799/799 717/717
f 800/800 719/719 718/718
f 799/799 800/800 718/718
f 801/801 720/720 719/719
f 800/800 801/801 719/719
f 802/802 721/721 720/720
f 801/801 802/802 720/720
f 803/803 722/722 721/721
f 802/802 803/803 721/721
f 804/804 723/723 722/722
f 803/803 804/804 722/722
f 805/805 724/724 723/723
f 804/804 805/805 723/723
f 806/806 725/725 724/724
f 805/805 806/806 724/724
f 807/807 726/726 725/725
f 806/806 807/807 725/725
f 808/808 727/727 726/726
f 807/807 808/808 726/726
f 809/809 728/728 727/727
f 808/808 809/809 727/727
f 810/810 729/729 728/728
f 809/809 810/810 728/728
f 812/812 731/731 730/730
f 811/811 812/812 730/730
f 813/813 732/732 731/731
f 812/812 813/813 731/731
f 814/814 733/733 732/732
f 813/813 814/814 732/732
f 815/815 734/734 733/733
f 814/814 815/815 733/733
f 816/816 735/735 734/734
f 815/815 816/816 734/734
f 817/817 736/736 735/735
f 816/816 817/817 735/735
f 818/818 737/737 736/736
f 817/817 818/818 736/736
f 819/819 738/738 737/737
f 818/818 819/819 737/737
f 820/820 739/739 738/738
f 819/819 820/820 738/738
f 821/821 740/740 739/739
f 820/820 821/821 739/739
f 822/822 741/741 740/740
f 821/821 822/822 740/740
f 823/823 742/742 741/741
f 822/822 823/823 741/741
f 824/824 743/743 742/742
f 823/823 824/824 742/742
f 825/825 744/744 743/743
f 824/824 825/825 743/743
f 826/826 745/745 744/744
f 825/825 826/826 744/744
f 827/827 746/746 745/745
f 826/826 827/827 745/745
f 828/828 747/747 746/746
f 827/827 828/828 746/746
f 829/829 748/748 747/747
f 828/828 829/829 747/747
f 830/830 749/749 748/748
f 829/829 830/830 748/748
f 831/831 750/750 749/749
f 830/830 831/831 749/749
f 832/832 751/751 750/750
f 831/831 832/832 750/750
f 833/833 752/752 751/751
f 832/832 833/833 751/751
f 834/834 753/753 752/752
f 833/833 834/834 752/752
f 835/835 754/754 753/753
f 834/834 835/835 753/753
f 836/836 755/755 754/754
f 835/835 836/836 754/754
f 837/837 756/756 755/755
f 836/836 837/837 755/755
f 838/838 757/757 756/756
f 837/837 838/838 756/756
f 839/839 758/758 757/757
f 838/838 839/839 757/757
f 840/840 759/759 758/758
f 839/839 840/840 758/758
f 841/841 760/760 759/759
f 840/840 841/841 759/759
f 842/842 761/761 760/760
f 841/841 842/842 760/760
f 843/843 762/762 761/761
f 842/842 843/843 761/761
f 844/844 763/763 762/762
f 843/843 844/844 762/762
f 845/845 764/764 763/763
f 844/844 845/845 763/763
f 846/846 765/765 764/764
f 845/845 846/846 764/764
f 847/847 766/766 765/765
f 846/846 847/847 765/765
f 848/848 767/767 766/766
f 847/847 848/848 766/766
f 849/849 768/768 767/767
f 848/848 849/849 767/767
f 850/850 769/769 768/768
f 849/849 850/850 768/768
f 851/851 770/770 769/769
f 850/850 851/851 769/769
f 852/852 771/771 770/770
f 851/851 852/852 770/770
f 853/853 772/772 771/771
f 852/852 853/853 771/771
f 854/854 773/773 772/772
f 853/853 854/854 772/772
f 855/855 774/774 773/773
f 854/854 855/855 773/773
f 856/856 775/775 774/774
f 855/855 856/856 774/774
f 857/857 776/776 775/775
f 856/856 857/857 775/775
f 858/858 777/777 776/776
f 857/857 858/858 776/776
f 859/859 778/778 777/777
f 858/858 859/859 777/777
f 860/860 779/779 778/778
f 859/859 860/860 778/778
f 861/861 780/780 779/779
f 860/860 861/861 779/779
f 862/862 781/781 780/780
f 861/861 862/862 780/780
f 863/863 782/782 781/781
f 862/862 863/863 781/781
f 864/864 783/783 782/782
f 863/863 864/864 782/782
f 865/865 784/784 783/783
f 864/864 865/865 783/783
f 866/866 785/785 784/784
f 865/865 866/866 784/784
f 867/867 786/786 785/785
f 866/866 867/867 785/785
f 868/868 787/787 786/786
f 867/867 868/868 786/786
f 869/869 788/788 787/787
f 868/868 869/869 787/787
f 870/870 789/789 788/788
f 869/869 870/870 788/788
f 871/871 790/790 789/789
f 870/870 871/871 789/789
f 872/872 791/791 790/790
f 871/871 872/872 790/790
f 873/873 792/792 791/791
f 872/872 873/873 791/791
f 874/874 793/793 792/792
f 873/873 874/874 792/792
f 875/875 794/794 793/793
f 874/874 875/875 793/793
f 876/876 795/795 794/794
f 875/875 876/876 794/794
f 877/877 796/796 795/795
f 876/876 877/877 795/795
f 878/878 797/797 796/796
f 877/877 878/878 796/796
f 879/879 798/798 797/797
f 878/878 879/879 797/797
f 880/880 799/799 798/798
f 879/879 880/880 798/798
f 881/881 800/800 799/799
f 880/880 881/881 799/799
f 882/882 801/801 800/800
f 881/881 882/882 800/800
f 883/883 802/802 801/801
f 882/882 883/883 801/801
f 884/884 803/803 802/802
f 883/883 884/884 802/802
f 885/885 804/804 803/803
f 884/884 885/885 803/803
f 886/886 805/805 804/804
f 885/885 886/886 804/804
f 887/887 806/806 805/805
f 886/886 887/887 805/805
f 888/888 807/807 806/806
f 887/887 888/888 806/806
f 889/889 808/808 807/807
f 888/888 889/889 807/807
f 890/890 809/809 808/808
f 889/889 890/890 808/808
f 891/891 810/810 809/809
f 890/890 891/891 809/809
f 893/893 812/812 811/811
f 892/892 893/893 811/811
f 894/894 813/813 812/812
f 893/893 894/894 812/812
f 895/895 814/814 813/813
f 894/894 895/895 813/813
f 896/896 815/815 814/814
f 895/895 896/896 814/814
f 897/897 816/816 815/815
f 896/896 897/897 815/815
f 898/898 817/817 816/816
f 897/897 898/898 816/816
f 899/899 818/818 817/817
f 898/898 899/899 817/817
f 900/900 819/819 818/818
f 899/899 900/900 818/818
f 901/901 820/820 819/819
f 900/900 901/901 819/819
f 902/902 821/821 820/820
f 901/901 902/902 820/820
f 903/903 822/822 821/821
f 902/902 903/903 821/821
f 904/904 823/823 822/822
f 903/903 904/904 822/822
f 905/905 824/824 823/823
f 904/904 905/905 823/823
f 906/906 825/825 824/824
f 905/905 906/906 824/824
f 907/907 826/826 825/825
f 906/906 907/907 825/825
f 908/908 827/827 826/826
f 907/907 908/908 826/826
f 909/909 828/828 827/827
f 908/908 909/909 827/827
f 910/910 829/829 828/828
f 909/909 910/910 828/828
f 911/911 830/830 829/829
f 910/910 911/911 829/829
f 912/912 831/831 830/830
f 911/911 912/912 830/830
f 913/913 832/832 831/831
f 912/912 913/913 831/831
f 914/914 833/833 832/832
f 913/913 914/914 832/832
f 915/915 834/834 833/833
f 914/914 915/915 833/833
f 916/916 835/835 834/834
f 915/915 916/916 834/834
f 917/917 836/836 835/835
f 916/916 917/917 835/835
f 918/918 837/837 836/836
f 917/917 918/918 836/836
f 919/919 838/838 837/837
f 918/918 919/919 837/837
f 920/920 839/839 838/838
f 919/919 920/920 838/838
f 921/921 840/840 839/839
f 920/920 921/921 839/839
f 922/922 841/841 840/840
f 921/921 922/922 840/840
f 923/923 842/842 841/841
f 922/922 923/923 841/841
f 924/924 843/843 842/842
f 923/923 924/924 842/842
f 925/925 844/844 843/843
f 924/924 925/925 843/843
f 926/926 845/845 844/844
f 925/925 926/926 844/844
f 927/927 846/846 845/845
f 926/926 927/927 845/845
f 928/928 847/847 846/846
f 927/927 928/928 846/846
f 929/929 848/848 847/847
f 928/928 929/929 847/847
f 930/930 849/849 848/848
f 929/929 930/930 848/848
f 931/931 850/850 849/849
f 930/930 931/931 849/849
f 932/932 851/851 850/850
f 931/931 932/932 850/850
f 933/933 852/852 851/851
f 932/932 933/933 851/851
f 934/934 853/853 852/852
f 933/933 934/934 852/852
f 935/935 854/854 853/853
f 934/934 935/935 853/853
f 936/936 855/855 854/854
f 935/935 936/936 854/854
f 937/937 856/856 855/855
f 936/936 937/937 855/855
f 938/938 857/857 856/856
f 937/937 938/938 856/856
f 939/939 858/858 857/857
f 938/938 939/939 857/857
f 940/940 859/859 858/858
f 939/939 940/940 858/858
f 941/941 860/860 859/859
f 940/940 941/941 859/859
f 942/942 861/861 860/860
f 941/941 942/942 860/860
f 943/943 862/862 861/861
f 942/942 943/943 861/861
f 944/944 863/863 862/862
f 943/943 944/944 862/862
f 945/945 864/864 863/863
f 944/944 945/945 863/863
f 946/946 865/865 864/864
f 945/945 946/946 864/864
f 947/947 866/866 865/865
f 946/946 947/947 865/865
f 948/948 867/867 866/866
f 947/947 948/948 866/866
f 949/949 868/868 867/867
f 948/948 949/949 867/867
f 950/950 869/869 868/868
f 949/949 950/950 868/868
f 951/951 870/870 869/869
f 950/950 951/951 869/869
f 952/952 871/871 870/870
f 951/951 952/952 870/870
f 953/953 872/872 871/871
f 952/952 953/953 871/871
f 954/954 873/873 872/872
f 953/953 954/954 872/872
f 955/955 874/874 873/873
f 954/954 955/955 873/873
f 956/956 875/875 874/874
f 955/955 956/956 874/874
f 957/957 876/876 875/875
f 956/956 957/957 875/875
f 958/958 877/877 876/876
f 957/957 958/958 876/876
f 959/959 878/878 877/877
f 958/958 959/959 877/877
f 960/960 879/879 878/878
f 959/959 960/960 878/878
f 961/961 880/880 879/879
f 960/960 961/961 879/879
f 962/962 881/881 880/880
f 961/961 962/962 880/880
f 963/963 882/882 881/881
f 962/962 963/963 881/881
f 964/964 883/883 882/882
f 963/963 964/964 882/882
f 965/965 884/884 883/883
f 964/964 965/965 883/883
f 966/966 885/885 884/884
f 965/965 966/966 884/884
f 967/967 886/886 885/885
f 966/966 967/967 885/885
f 968/968 887/887 886/886
f 967/967 968/968 886/886
f 969/969 888/888 887/887
f 968/968 969/969 887/887
f 970/970 889/889 888/888
f 969/969 970/970 888/888
f 971/971 890/890 889/889
f 970/970 971/971 889/889
f 972/972 891/891 890/890
f 971/971 972/972 890/890
f 974/974 893/893 892/892
f 973/973 974/974 892/892
f 975/975 894/894 893/893
f 974/974 975/975 893/893
f 976/976 895/895 894/894
f 975/975 976/976 894/894
f 977/977 896/896 895/895
f 976/976 977/977 895/895
f 978/978 897/897 896/896
f 977/977 978/978 896/896
f 979/979 898/898 897/897
f 978/978 979/979 897/897
f 980/980 899/899 898/898
f 979/979 980/980 898/898
f 981/981 900/900 899/899
f 980/980 981/981 899/899
f 982/982 901/901 900/900
f 981/981 982/982 900/900
f 983/983 902/902 901/901
f 982/982 983/983 901/901
f 984/984 903/903 902/902
f 983/983 984/984 902/902
f 985/985 904/904 903/903
f 984/984 985/985 903/903
f 986/986 905/905 904/904
f 985/985 986/986 904/904
f 987/987 906/906 905/905
f 986/986 987/987 905/905
f 988/988 907/907 906/906
f 987/987 988/988 906/906
f 989/989 908/908 907/907
f 988/988 989/989 907/907
f 990/990 909/909 908/908
f 989/989 990/990 908/908
f 991/991 910/910 909/909
f 990/990 991/991 909/909
f 992/992 911/911 910/910
f 991/991 992/992 910/910
f 993/993 912/912 911/911
f 992/992 993/993 911/911
f 994/994 913/913 912/912
f 993/993 994/994 912/912
f 995/995 914/914 913/913
f 994/994 995/995 913/913
f 996/996 915/915 914/914
f 995/995 996/996 914/914
f 997/997 916/916 915/915
f 996/996 997/997 915/915
f 998/998 917/917 916/916
f 997/997 998/998 916/916
f 999/999 918/918 917/917
f 998/998 999/999 917/917
f 1000/1000 919/919 918/918
f 999/999 1000/1000 918/918
f 1001/1001 920/920 919/919
f 1000/1000 1001/1001 919/919
f 1002/1002 921/921 920/920
f 1001/1001 1002/1002 920/920
f 1003/1003 922/922 921/921
f 1002/1002 1003/1003 921/921
f 1004/1004 923/923 922/922
f 1003/1003 1004/1004 922/922
f 1005/1005 924/924 923/923
f 1004/1004 1005/1005 923/923
f 1006/1006 925/925 924/924
f 1005/1005 1006/1006 924/924
f 1007/1007 926/926 925/925
f 1006/1006 1007/1007 925/925
f 1008/1008 927/927 926/926
f 1007/1007 1008/1008 926/926
f 1009/1009 928/928 927/927
f 1008/1008 1009/1009 927/927
f 1010/1010 929/929 928/928
f 1009/1009 1010/1010 928/928
f 1011/1011 930/930 929/929
f 1010/1010 1011/1011 929/929
f 1012/1012 931/931 930/930
f 1011/1011 1012/1012 930/930
f 1013/1013 932/932 931/931
f 1012/1012 1013/1013 931/931
f 1014/1014 933/933 932/932
f 1013/1013 1014/1014 932/932
f 1015/1015 934/934 933/933
f 1014/1014 1015/1015 933/933
f 1016/1016 935/935 934/934
f 1015/1015 1016/1016 934/934
f 1017/1017 936/936 935/935
f 1016/1016 1017/1017 935/935
f 1018/1018 937/937 936/936
f 1017/1017 1018/1018 936/936
f 1019/1019 938/938 937/937
f 1018/1018 1019/1019 937/937
f 1020/1020 939/939 938/938
f 1019/1019 1020/1020 938/938
f 1021/1021 940/940 939/939
f 1020/1020 1021/1021 939/939
f 1022/1022 941/941 940/940
f 1021/1021 1022/1022 940/940
f 1023/1023 942/942 941/941
f 1022/1022 1023/1023 941/941
f 1024/1024 943/943 942/942
f 1023/1023 1024/1024 942/942
f 1025/1025 944/944 943/943
f 1024/1024 1025/1025 943/943
f 1026/1026 945/945 944/944
f 1025/1025 1026/1026 944/944
f 1027/1027 946/946 945/945
f 1026/1026 1027/1027 945/945
f 1028/1028 947/947 946/946
f 1027/1027 1028/1028 946/946
f 1029/1029 948/948 947/947
f 1028/1028 1029/1029 947/947
f 1030/1030 949/949 948/948
f 1029/1029 1030/1030 948/948
f 1031/1031 950/950 949/949
f 1030/1030 1031/1031 949/949
f 1032/1032 951/951 950/950
f 1031/1031 1032/1032 950/950
f 1033/1033 952/952 951/951
f 1032/1032 1033/1033 951/951
f 1034/1034 953/953 952/952
f 1033/1033 1034/1034 952/952
f 1035/1035 954/954 953/953
f 1034/1034 1035/1035 953/953
f 1036/1036 955/955 954/954
f 1035/1035 1036/1036 954/954
f 1037/1037 956/956 955/955
f 1036/1036 1037/1037 955/955
f 1038/1038 957/957 956/956
f 1037/1037 1038/1038 956/956
f 1039/1039 958/958 957/957
f 1038/1038 1039/1039 957/957
f 1040/1040 959/959 958/958
f 1039/1039 1040/1040 958/958
f 1041/1041 960/960 959/959
f 1040/1040 1041/1041 959/959
f 1042/1042 961/961 960/960
f 1041/1041 1042/1042 960/960
f 1043/1043 962/962 961/961
f 1042/1042 1043/1043 961/961
f 1044/1044 963/963 962/962
f 1043/1043 1044/1044 962/962
f 1045/1045 964/964 963/963
f 1044/1044 1045/1045 963/963
f 1046/1046 965/965 964/964
f 1045/1045 1046/1046 964/964
f 1047/1047 966/966 965/965
f 1046/1046 1047/1047 965/965
f 1048/1048 967/967 966/966
f 1047/1047 1048/1048 966/966
f 1049/1049 968/968 967/967
f 1048/1048 1049/1049 967/967
f 1050/1050 969/969 968/968
f 1049/1049 1050/1050 968/968
f 1051/1051 970/970 969/969
f 1050/1050 1051/1051 969/969
f 1052/1052 971/971 970/970
f 1051/1051 1052/1052 970/970
f 1053/1053 972/972 971/971
f 1052/1052 1053/1053 971/971
f 1055/1055 974/974 973/973
f 1054/1054 1055/1055 973/973
f 1056/1056 975/975 974/974
f 1055/1055 1056/1056 974/974
f 1057/1057 976/976 975/975
f 1056/1056 1057/1057 975/975
f 1058/1058 977/977 976/976
f 1057/1057 1058/1058 976/976
f 1059/1059 978/978 977/977
f 1058/1058 1059/1059 977/977
f 1060/1060 979/979 978/978
f 1059/1059 1060/1060 978/978
f 1061/1061 980/980 979/979
f 1060/1060 1061/1061 979/979
f 1062/1062 981/981 980/980
f 1061/1061 1062/1062 980/980
f 1063/1063 982/982 981/981
f 1062/1062 1063/1063 981/981
f 1064/1064 983/983 982/982
f 1063/1063 1064/1064 982/982
f 1065/1065 984/984 983/983
f 1064/1064 1065/1065 983/983
f 1066/1066 985/985 984/984
f 1065/1065 1066/1066 984/984
f 1067/1067 986/986 985/985
f 1066/1066 1067/1067 985/985
f 1068/1068 987/987 986/986
f 1067/1067 1068/1068 986/986
f 1069/1069 988/988 987/987
f 1068/1068 1069/1069 987/987
f 1070/1070 989/989 988/988
f 1069/1069 1070/1070 988/988
f 1071/1071 990/990 989/989
f 1070/1070 1071/1071 989/989
f 1072/1072 991/991 990/990
f 1071/1071 1072/1072 990/990
f 1073/1073 992/992 991/991
f 1072/1072 1073/1073 991/991
f 1074/1074 993/993 992/992
f 1073/1073 1074/1074 992/992
f 1075/1075 994/994 993/993
f 1074/1074 1075/1075 993/993
f 1076/1076 995/995 994/994
f 1075/1075 1076/1076 994/994
f 1077/1077 996/996 995/995
f 1076/1076 1077/1077 995/995
f 1078/1078 997/997 996/996
f 1077/1077 1078/1078 996/996
f 1079/1079 998/998 997/997
f 1078/1078 1079/1079 997/997
f 1080/1080 999/999 998/998
f 1079/1079 1080/1080 998/998
f 1081/1081 1000/1000 999/999
f 1080/1080 1081/1081 999/999
f 1082/1082 1001/1001 1000/1000
f 1081/1081 1082/1082 1000/1000
f 1083/1083 1002/1002 1001/1001
f 1082/1082 1083/1083 1001/1001
f 1084/1084 1003/1003 1002/1002
f 1083/1083 1084/1084 1002/1002
f 1085/1085 1004/1004 1003/1003
f 1084/1084 1085/1085 1003/1003
f 1086/1086 1005/1005 1004/1004
f 1085/1085 1086/1086 1004/1004
f 1087/1087 1006/1006 1005/1005
f 1086/1086 1087/1087 1005/1005
f 1088/1088 1007/1007 1006/1006
f 1087/1087 1088/1088 1006/1006
f 1089/1089 1008/1008 1007/1007
f 1088/1088 1089/1089 1007/1007
f 1090/1090 1009/1009 1008/1008
f 1089/1089 1090/1090 1008/1008
f 1091/1091 1010/1010 1009/1009
f 1090/1090 1091/1091 1009/1009
f 1092/1092 1011/1011 1010/1010
f 1091/1091 1092/1092 1010/1010
f 1093/1093 1012/1012 1011/1011
f 1092/1092 1093/1093 1011/1011
f 1094/1094 1013/1013 1012/1012
f 1093/1093 1094/1094 1012/1012
f 1095/1095 1014/1014 1013/1013
f 1094/1094 1095/1095 1013/1013
f 1096/1096 1015/1015 1014/1014
f 1095/1095 1096/1096 1014/1014
f 1097/1097 1016/1016 1015/1015
f 1096/1096 1097/1097 1015/1015
f 1098/1098 1017/1017 1016/1016
f 1097/1097 1098/1098 1016/1016
f 1099/1099 1018/1018 1017/1017
f 1098/1098 1099/1099 1017/1017
f 1100/1100 1019/1019 1018/1018
f 1099/1099 1100/1100 1018/1018
f 1101/1101 1020/1020 1019/1019
f 1100/1100 1101/1101 1019/1019
f 1102/1102 1021/1021 1020/1020
f 1101/1101 1102/1102 1020/1020
f 1103/1103 1022/1022 1021/1021
f 1102/1102 1103/1103 1021/1021
f 1104/1104 1023/1023 1022/1022
f 1103/1103 1104/1104 1022/1022
f 1105/1105 1024/1024 1023/1023
f 1104/1104 1105/1105 1023/1023
f 1106/1106 1025/1025 1024/1024
f 1105/1105 1106/1106 1024/1024
f 1107/1107 1026/1026 1025/1025
f 1106/1106 1107/1107 1025/1025
f 1108/1108 1027/1027 1026/1026
f 1107/1107 1108/1108 1026/1026
f 1109/1109 1028/1028 1027/1027
f 1108/1108 1109/1109 1027/1027
f 1110/1110 1029/1029 1028/1028
f 1109/1109 1110/1110 1028/1028
f 1111/1111 1030/1030 1029/1029
f 1110/1110 1111/1111 1029/1029
f 1112/1112 1031/1031 1030/1030
f 1111/1111 1112/1112 1030/1030
f 1113/1113 1032/1032 1031/1031
f 1112/1112 1113/1113 1031/1031
f 1114/1114 1033/1033 1032/1032
f 1113/1113 1114/1114 1032/1032
f 1115/1115 1034/1034 1033/1033
f 1114/1114 1115/1115 1033/1033
f 1116/1116 1035/1035 1034/1034
f 1115/1115 1116/1116 1034/1034
f 1117/1117 1036/1036 1035/1035
f 1116/1116 1117/1117 1035/1035
f 1118/1118 1037/1037 1036/1036
f 1117/1117 1118/1118 1036/1036
f 1119/1119 1038/1038 1037/1037
f 1118/1118 1119/1119 1037/1037
f 1120/1120 1039/1039 1038/1038
f 1119/1119 1120/1120 1038/1038
f 1121/1121 1040/1040 1039/1039
f 1120/1120 1121/1121 1039/1039
f 1122/1122 1041/1041 1040/1040
f 1121/1121 1122/1122 1040/1040
f 1123/1123 1042/1042 1041/1041
f 1122/1122 1123/1123 1041/1041
f 1124/1124 1043/1043 1042/1042
f 1123/1123 1124/1124 1042/1042
f 1125/1125 1044/1044 1043/1043
f 1124/1124 1125/1125 1043/1043
f 1126/1126 1045/1045 1044/1044
f 1125/1125 1126/1126 1044/1044
f 1127/1127 1046/1046 1045/1045
f 1126/1126 1127/1127 1045/1045
f 1128/1128 1047/1047 1046/1046
f 1127/1127 1128/1128 1046/1046
f 1129/1129 1048/1048 1047/1047
f 1128/1128 1129/1129 1047/1047
f 1130/1130 1049/1049 1048/1048
f 1129/1129 1130/1130 1048/1048
f 1131/1131 1050/1050 1049/1049
f 1130/1130 1131/1131 1049/1049
f 1132/1132 1051/1051 1050/1050
f 1131/1131 1132/1132 1050/1050
f 1133/1133 1052/1052 1051/1051
f 1132/1132 1133/1133 1051/1051
f 1134/1134 1053/1053 1052/1052
f 1133/1133 1134/1134 1052/1052
f 1136/1136 1055/1055 1054/1054
f 1135/1135 1136/1136 1054/1054
f 1137/1137 1056/1056 1055/1055
f 1136/1136 1137/1137 1055/1055
f 1138/1138 1057/1057 1056/1056
f 1137/1137 1138/1138 1056/1056
f 1139/1139 1058/1058 1057/1057
f 1138/1138 1139/1139 1057/1057
f 1140/1140 1059/1059 1058/1058
f 1139/1139 1140/1140 1058/1058
f 1141/1141 1060/1060 1059/1059
f 1140/1140 1141/1141 1059/1059
f 1142/1142 1061/1061 1060/1060
f 1141/1141 1142/1142 1060/1060
f 1143/1143 1062/1062 1061/1061
f 1142/1142 1143/1143 1061/1061
f 1144/1144 1063/1063 1062/1062
f 1143/1143 1144/1144 1062/1062
f 1145/1145 1064/1064 1063/1063
f 1144/1144 1145/1145 1063/1063
f 1146/1146 1065/1065 1064/1064
f 1145/1145 1146/1146 1064/1064
f 1147/1147 1066/1066 1065/1065
f 1146/1146 1147/1147 1065/1065
f 1148/1148 1067/1067 1066/1066
f 1147/1147 1148/1148 1066/1066
f 1149/1149 1068/1068 1067/1067
f 1148/1148 1149/1149 1067/1067
f 1150/1150 1069/1069 1068/1068
f 1149/1149 1150/1150 1068/1068
f 1151/1151 1070/1070 1069/1069
f 1150/1150 1151/1151 1069/1069
f 1152/1152 1071/1071 1070/1070
f 1151/1151 1152/1152 1070/1070
f 1153/1153 1072/1072 1071/1071
f 1152/1152 1153/1153 1071/1071
f 1154/1154 1073/1073 1072/1072
f 1153/1153 1154/1154 1072/1072
f 1155/1155 1074/1074 1073/1073
f 1154/1154 1155/1155 1073/1073
f 1156/1156 1075/1075 1074/1074
f 1155/1155 1156/1156 1074/1074
f 1157/1157 1076/1076 1075/1075
f 1156/1156 1157/1157 1075/1075
f 1158/1158 1077/1077 1076/1076
f 1157/1157 1158/1158 1076/1076
f 1159/1159 1078/1078 1077/1077
f 1158/1158 1159/1159 1077/1077
f 1160/1160 1079/1079 1078/1078
f 1159/1159 1160/1160 1078/1078
f 1161/1161 1080/1080 1079/1079
f 1160/1160 1161/1161 1079/1079
f 1162/1162 1081/1081 1080/1080
f 1161/1161 1162/1162 1080/1080
f 1163/1163 1082/1082 1081/1081
f 1162/1162 1163/1163 1081/1081
f 1164/1164 1083/1083 1082/1082
f 1163/1163 1164/1164 1082/1082
f 1165/1165 1084/1084 1083/1083
f 1164/1164 1165/1165 1083/1083
f 1166/1166 1085/1085 1084/1084
f 1165/1165 1166/1166 1084/1084
f 1167/1167 1086/1086 1085/1085
f 1166/1166 1167/1167 1085/1085
f 1168/1168 1087/1087 1086/1086
f 1167/1167 1168/1168 1086/1086
f 1169/1169 1088/1088 1087/1087
f 1168/1168 1169/1169 1087/1087
f 1170/1170 1089/1089 1088/1088
f 1169/1169 1170/1170 1088/1088
f 1171/1171 1090/1090 1089/1089
f 1170/1170 1171/1171 1089/1089
f 1172/1172 1091/1091 1090/1090
f 1171/1171 1172/1172 1090/1090
f 1173/1173 1092/1092 1091/1091
f 1172/1172 1173/1173 1091/1091
f 1174/1174 1093/1093 1092/1092
f 1173/1173 1174/1174 1092/1092
f 1175/1175 1094/1094 1093/1093
f 1174/1174 1175/1175 1093/1093
f 1176/1176 1095/1095 1094/1094
f 1175/1175 1176/1176 1094/1094
f 1177/1177 1096/1096 1095/1095
f 1176/1176 1177/1177 1095/1095
f 1178/1178 1097/1097 1096/1096
f 1177/1177 1178/1178 1096/1096
f 1179/1179 1098/1098 1097/1097
f 1178/1178 1179/1179 1097/1097
f 1180/1180 1099/1099 1098/1098
f 1179/1179 1180/1180 1098/1098
f 1181/1181 1100/1100 1099/1099
f 1180/1180 1181/1181 1099/1099
f 1182/1182 1101/1101 1100/1100
f 1181/1181 1182/1182 1100/1100
f 1183/1183 1102/1102 1101/1101
f 1182/1182 1183/1183 1101/1101
f 1184/1184 1103/1103 1102/1102
f 1183/1183 1184/1184 1102/1102
f 1185/1185 1104/1104 1103/1103
f 1184/1184 1185/1185 1103/1103
f 1186/1186 1105/1105 1104/1104
f 1185/1185 1186/1186 1104/1104
f 1187/1187 1106/1106 1105/1105
f 1186/1186 1187/1187 1105/1105
f 1188/1188 1107/1107 1106/1106
f 1187/1187 1188/1188 1106/1106
f 1189/1189 1108/1108 1107/1107
f 1188/1188 1189/1189 1107/1107
f 1190/1190 1109/1109 1108/1108
f 1189/1189 1190/1190 1108/1108
f 1191/1191 1110/1110 1109/1109
f 1190/1190 1191/1191 1109/1109
f 1192/1192 1111/1111 1110/1110
f 1191/1191 1192/1192 1110/1110
f 1193/1193 1112/1112 1111/1111
f 1192/1192 1193/1193 1111/1111
f 1194/1194 1113/1113 1112/1112
f 1193/1193 1194/1194 1112/1112
f 1195/1195 1114/1114 1113/1113
f 1194/1194 1195/1195 1113/1113
f 1196/1196 1115/1115 1114/1114
f 1195/1195 1196/1196 1114/1114
f 1197/1197 1116/1116 1115/1115
f 1196/1196 1197/1197 1115/1115
f 1198/1198 1117/1117 1116/1116
f 1197/1197 1198/1198 1116/1116
f 1199/1199 1118/1118 1117/1117
f 1198/1198 1199/1199 1117/1117
f 1200/1200 1119/1119 1118/1118
f 1199/1199 1200/1200 1118/1118
f 1201/1201 1120/1120 1119/1119
f 1200/1200 1201/1201 1119/1119
f 1202/1202 1121/1121 1120/1120
f 1201/1201 1202/1202 1120/1120
f 1203/1203 1122/1122 1121/1121
f 1202/1202 1203/1203 1121/1121
f 1204/1204 1123/1123 1122/1122
f 1203/1203 1204/1204 1122/1122
f 1205/1205 1124/1124 1123/1123
f 1204/1204 1205/1205 1123/1123
f 1206/1206 1125/1125 1124/1124
f 1205/1205 1206/1206 1124/1124
f 1207/1207 1126/1126 1125/1125
f 1206/1206 1207/1207 1125/1125
f 1208/1208 1127/1127 1126/1126
f 1207/1207 1208/1208 1126/1126
f 1209/1209 1128/1128 1127/1127
f 1208/1208 1209/1209 1127/1127
f 1210/1210 1129/1129 1128/1128
f 1209/1209 1210/1210 1128/1128
f 1211/1211 1130/1130 1129/1129
f 1210/1210 1211/1211 1129/1129
f 1212/1212 1131/1131 1130/1130
f 1211/1211 1212/1212 1130/1130
f 1213/1213 1132/1132 1131/1131
f 1212/1212 1213/1213 1131/1131
f 1214/1214 1133/1133 1132/1132
f 1213/1213 1214/1214 1132/1132
f 1215/1215 1134/1134 1133/1133
f 1214/1214 1215/1215 1133/1133
f 1/1 2/2 1216/1216
f 2/2 3/3 1216/1216
f 3/3 4/4 1216/1216
f 4/4 5/5 1216/1216
f 5/5 6/6 1216/1216
f 6/6 7/7 1216/1216
f 7/7 8/8 1216/1216
f 8/8 9/9 1216/1216
f 9/9 10/10 1216/1216
f 10/10 11/11 1216/1216
f 11/11 12/12 1216/1216
f 12/12 13/13 1216/1216
f 13/13 14/14 1216/1216
f 14/14 15/15 1216/1216
f 15/15 16/16 1216/1216
f 16/16 17/17 1216/1216
f 17/17 18/18 1216/1216
f 18/18 19/19 1216/1216
f 19/19 20/20 1216/1216
f 20/20 21/21 1216/1216
f 21/21 22/22 1216/1216
f 22/22 23/23 1216/1216
f 23/23 24/24 1216/1216
f 24/24 25/25 1216/1216
f 25/25 26/26 1216/1216
f 26/26 27/27 1216/1216
f 27/27 28/28 1216/1216
f 28/28 29/29 1216/1216
f 29/29 30/30 1216/1216
f 30/30 31/31 1216/1216
f 31/31 32/32 1216/1216
f 32/32 33/33 1216/1216
f 33/33 34/34 1216/1216
f 34/34 35/35 1216/1216
f 35/35 36/36 1216/1216
f 36/36 37/37 1216/1216
f 37/37 38/38 1216/1216
f 38/38 39/39 1216/1216
f 39/39 40/40 1216/1216
f 40/40 41/41 1216/1216
f 41/41 42/42 1216/1216
f 42/42 43/43 1216/1216
f 43/43 44/44 1216/1216
f 44/44 45/45 1216/1216
f 45/45 46/46 1216/1216
f 46/46 47/47 1216/1216
f 47/47 48/48 1216/1216
f 48/48 49/49 1216/1216
f 49/49 50/50 1216/1216
f 50/50 51/51 1216/1216
f 51/51 52/52 1216/1216
f 52/52 53/53 1216/1216
f 53/53 54/54 1216/1216
f 54/54 55/55 1216/1216
f 55/55 56/56 1216/1216
f 56/56 57/57 1216/1216
f 57/57 58/58 1216/1216
f 58/58 59/59 1216/1216
f 59/59 60/60 1216/1216
f 60/60 61/61 1216/1216
f 61/61 62/62 1216/1216
f 62/62 63/63 1216/1216
f 63/63 64/64 1216/1216
f 64/64 65/65 1216/1216
f 65/65 66/66 1216/1216
f 66/66 67/67 1216/1216
f 67/67 68/68 1216/1216
f 68/68 69/69 1216/1216
f 69/69 70/70 1216/1216
f 70/70 71/71 1216/1216
f 71/71 72/72 1216/1216
f 72/72 73/73 1216/1216
f 73/73 74/74 1216/1216
f 74/74 75/75 1216/1216
f 75/75 76/76 1216/1216
f 76/76 77/77 1216/1216
f 77/77 78/78 1216/1216
f 78/78 79/79 1216/1216
f 79/79 80/80 1216/1216
f 80/80 81/81 1216/1216
f 1136/1136 1135/1135 1217/1217
f 1137/1137 1136/1136 1217/1217
f 1138/1138 1137/1137 1217/1217
f 1139/1139 1138/1138 1217/1217
f 1140/1140 1139/1139 1217/1217
f 1141/1141 1140/1140 1217/1217
f 1142/1142 1141/1141 1217/1217
f 1143/1143 1142/1142 1217/1217
f 1144/1144 1143/1143 1217/1217
f 1145/1145 1144/1144 1217/1217
f 1146/1146 1145/1145 1217/1217
f 1147/1147 1146/1146 1217/1217
f 1148/1148 1147/1147 1217/1217
f 1149/1149 1148/1148 1217/1217
f 1150/1150 1149/1149 1217/1217
f 1151/1151 1150/1150 1217/1217
f 1152/1152 1151/1151 1217/1217
f 1153/1153 1152/1152 1217/1217
f 1154/1154 1153/1153 1217/1217
f 1155/1155 1154/1154 1217/1217
f 1156/1156 1155/1155 1217/1217
f 1157/1157 1156/1156 1217/1217
f 1158/1158 1157/1157 1217/1217
f 1159/1159 1158/1158 1217/1217
f 1160/1160 1159/1159 1217/1217
f 1161/1161 1160/1160 1217/1217
f 1162/1162 1161/1161 1217/1217
f 1163/1163 1162/1162 1217/1217
f 1164/1164 1163/1163 1217/1217
f 1165/1165 1164/1164 1217/1217
f 1166/1166 1165/1165 1217/1217
f 1167/1167 1166/1166 1217/1217
f 1168/1168 1167/1167 1217/1217
f 1169/1169 1168/1168 1217/1217
f 1170/1170 1169/1169 1217/1217
f 1171/1171 1170/1170 1217/1217
f 1172/1172 1171/1171 1217/1217
f 1173/1173 1172/1172 1217/1217
f 1174/1174 1173/1173 1217/1217
f 1175/1175 1174/1174 1217/1217
f 1176/1176 1175/1175 1217/1217
f 1177/1177 1176/1176 1217/1217
f 1178/1178 1177/1177 1217/1217
f 1179/1179 1178/1178 1217/1217
f 1180/1180 1179/1179 1217/1217
f 1181/1181 1180/1180 1217/1217
f 1182/1182 1181/1181 1217/1217
f 1183/1183 1182/1182 1217/1217
f 1184/1184 1183/1183 1217/1217
f 1185/1185 1184/1184 1217/1217
f 1186/1186 1185/1185 1217/1217
f 1187/1187 1186/1186 1217/1217
f 1188/1188 1187/1187 1217/1217
f 1189/1189 1188/1188 1217/1217
f 1190/1190 1189/1189 1217/1217
f 1191/1191 1190/1190 1217/1217
f 1192/1192 1191/1191 1217/1217
f 1193/1193 1192/1192 1217/1217
f 1194/1194 1193/1193 1217/1217
f 1195/1195 1194/1194 1217/1217
f 1196/1196 1195/1195 1217/1217
f 1197/1197 1196/1196 1217/1217
f 1198/1198 1197/1197 1217/1217
f 1199/1199 1198/1198 1217/1217
f 1200/1200 1199/1199 1217/1217
f 1201/1201 1200/1200 1217/1217
f 1202/1202 1201/1201 1217/1217
f 1203/1203 1202/1202 1217/1217
f 1204/1204 1203/1203 1217/1217
f 1205/1205 1204/1204 1217/1217
f 1206/1206 1205/1205 1217/1217
f 1207/1207 1206/1206 1217/1217
f 1208/1208 1207/1207 1217/1217
f 1209/1209 1208/1208 1217/1217
f 1210/1210 1209/1209 1217/1217
f 1211/1211 1210/1210 1217/1217
f 1212/1212 1211/1211 1217/1217
f 1213/1213 1212/1212 1217/1217
f 1214/1214 1213/1213 1217/1217
f 1215/1215 1214/1214 1217/1217
